,902.9647217,909.7512817,916.5380249,923.3247681,930.1116943,936.8986816,943.6858521,950.4731445,957.2606201,964.0482178,970.8359985,977.6239624,984.4121094,991.2005005,997.9890747,1004.777954,1011.567017,1018.356323,1025.145874,1031.935791,1038.725952,1045.516357,1052.307129,1059.098145,1065.889526,1072.681274,1079.473389,1086.265869,1093.058594,1099.851807,1106.645386,1113.439453,1120.233887,1127.028687,1133.823975,1140.619751,1147.416016,1154.212646,1161.009888,1167.807495,1174.605713,1181.404297,1188.203491,1195.003296,1201.803589,1208.604492,1215.405884,1222.207886,1229.010498,1235.813721,1242.617554,1249.421997,1256.227051,1263.032837,1269.839233,1276.646362,1283.454102,1290.262573,1297.071655,1303.881592,1310.692139,1317.503418,1324.315552,1331.128418,1337.942017,1344.756348,1351.571533,1358.387573,1365.204346,1372.021973,1378.840454,1385.65979,1392.479858,1399.300903,1406.122925,1412.945679,1419.769409,1426.593994,1433.419556,1440.246094,1447.073486,1453.901855,1460.731201,1467.561523,1474.392944,1481.22522,1488.058594,1494.892944,1501.728394,1508.564819,1515.402344,1522.240845,1529.080566,1535.921265,1542.763062,1549.606079,1556.450073,1563.295288,1570.141724,1576.989258,1583.837891,1590.687744,1597.538818,1604.390991,1611.244507,1618.099121,1624.955078,1631.812256,1638.670654,1645.530273,1652.391235,1659.25354,1666.117065,1672.981934,1679.848022,1686.715576,1693.584473,1700.45459,1707.326172,1714.199097,1721.073486,1727.949219,1734.826294,1741.704956,1748.584839,1755.466309,1762.349243,1769.233521,1776.119385,1783.006714,1789.895508,1796.785889,1803.677612,1810.571045,1817.465942,1824.362427,1831.260498,1838.160034,1845.061279,1851.963989,1858.868408,1865.774414,1872.682007,1879.591309,1886.502319,1893.414917,1900.329102,1907.245117,1914.16272,1921.082153,1928.003174,1934.926025,1941.850586,1948.776855,1955.704956,1962.634766,1969.566406,1976.499756,1983.434937,1990.37207,1997.310913,2004.251587,2011.194092,2018.13855,2025.084839,2032.032959,2038.983032,2052.888916,2059.844727,2066.80249,2073.762207,2080.723877,2087.6875,2094.653076,SSC (ºBrix)
0,-1.709459305,-1.699417233,-1.714715719,-1.693446755,-1.707248688,-1.697313786,-1.700774431,-1.683440566,-1.689542294,-1.694036961,-1.690470338,-1.694528341,-1.683247685,-1.687289834,-1.692378283,-1.682739258,-1.693425417,-1.694239855,-1.696529269,-1.696839452,-1.696120262,-1.699778438,-1.702558398,-1.697599053,-1.699792624,-1.701086044,-1.696843982,-1.699163318,-1.699658036,-1.697566628,-1.696924925,-1.696776271,-1.69452107,-1.689802527,-1.691377163,-1.683860779,-1.678991199,-1.675245285,-1.677995205,-1.67538023,-1.67239511,-1.674113512,-1.672219515,-1.673220754,-1.669795275,-1.673537016,-1.674405098,-1.675555468,-1.677066445,-1.673219442,-1.676507592,-1.675554037,-1.677187324,-1.67555213,-1.676268935,-1.675492287,-1.673638582,-1.676620364,-1.672361493,-1.671445847,-1.67015326,-1.668138623,-1.663636088,-1.66078949,-1.659346581,-1.656650066,-1.654160857,-1.654590964,-1.652418494,-1.646816492,-1.644954681,-1.637979865,-1.633542061,-1.624803424,-1.6199826,-1.616988063,-1.615537405,-1.613065362,-1.612299204,-1.612325311,-1.60862577,-1.612694144,-1.610833764,-1.611910462,-1.613785505,-1.615672231,-1.61594522,-1.617329717,-1.617641211,-1.621655941,-1.625262856,-1.626089096,-1.625165939,-1.626615286,-1.629773021,-1.633443594,-1.633175254,-1.635185003,-1.637461185,-1.63514626,-1.638260245,-1.639143467,-1.642097116,-1.641306758,-1.643561482,-1.644233584,-1.645401835,-1.646414042,-1.646595359,-1.647070646,-1.647920609,-1.646708012,-1.648604274,-1.648302078,-1.645516992,-1.645653367,-1.64617455,-1.648896337,-1.64820838,-1.647436023,-1.647303343,-1.646111727,-1.646468282,-1.644546509,-1.640211344,-1.643000484,-1.642929912,-1.640394926,-1.642016053,-1.640010595,-1.642018795,-1.642566919,-1.643335819,-1.644481182,-1.643886328,-1.646373391,-1.648117065,-1.643996239,-1.644417882,-1.638085842,-1.638419032,-1.634294868,-1.630744457,-1.625642896,-1.6190207,-1.613447905,-1.609692216,-1.606858373,-1.602880478,-1.599819422,-1.596293926,-1.598382235,-1.601338387,-1.603388548,-1.607683301,-1.608056426,-1.607734084,-1.609511137,-1.611348748,-1.612998605,-1.613301516,-1.61431241,-1.616184473,-1.616325378,-1.621253848,-1.621130705,-1.625462055,-1.632257581,-1.631262898,-1.63352561,-1.636207342,-1.638342738,-1.642238855,-1.644955516,5.5
1,-1.735277653,-1.72053957,-1.738452673,-1.71828115,-1.731084347,-1.722816348,-1.721590281,-1.710031867,-1.715121388,-1.713706017,-1.715236187,-1.715193033,-1.708266139,-1.708554268,-1.714103103,-1.707932591,-1.71542263,-1.717881441,-1.72070694,-1.720962405,-1.719204664,-1.721745491,-1.724402428,-1.720244765,-1.72352457,-1.722791433,-1.720667481,-1.721576214,-1.722132206,-1.718462944,-1.719892025,-1.718842268,-1.716427803,-1.712401748,-1.712710619,-1.706291318,-1.699607015,-1.695736051,-1.698447943,-1.695718765,-1.691806793,-1.694370985,-1.692354441,-1.692065358,-1.690068364,-1.693058133,-1.694211364,-1.694950342,-1.697578788,-1.692766547,-1.6961447,-1.694138288,-1.696299195,-1.694845557,-1.695854664,-1.696659327,-1.692917109,-1.696365476,-1.6921345,-1.690353751,-1.689913869,-1.687315822,-1.683851242,-1.680320382,-1.679486275,-1.677129388,-1.674497247,-1.674928784,-1.673655748,-1.666563034,-1.663466811,-1.656432867,-1.651567101,-1.64362967,-1.639977813,-1.635419607,-1.633909583,-1.630237937,-1.630066514,-1.630885959,-1.626496673,-1.630427718,-1.628855586,-1.630123734,-1.632083774,-1.63437438,-1.635211349,-1.636176229,-1.636179328,-1.640379786,-1.644138217,-1.644975424,-1.645228267,-1.647381186,-1.649654269,-1.652871609,-1.654108405,-1.655572295,-1.656481743,-1.653559089,-1.658032656,-1.65922451,-1.661965132,-1.661238194,-1.663084507,-1.66392529,-1.665832758,-1.666259885,-1.665042877,-1.666178465,-1.668058515,-1.667142391,-1.669534922,-1.667816639,-1.666473985,-1.668026924,-1.667245746,-1.668224812,-1.66752553,-1.668120742,-1.667489767,-1.664564967,-1.665286541,-1.665640354,-1.660162687,-1.661817193,-1.660456181,-1.657557964,-1.660195231,-1.658902407,-1.659173727,-1.659387708,-1.660597086,-1.662832022,-1.662795186,-1.665162086,-1.664451241,-1.660552025,-1.66298604,-1.656880736,-1.656732559,-1.651101947,-1.647136927,-1.643112063,-1.634837627,-1.629004836,-1.622705579,-1.617506266,-1.616572738,-1.614366531,-1.611227512,-1.610816479,-1.612389326,-1.614316821,-1.619044304,-1.621306419,-1.62100172,-1.621001244,-1.621934056,-1.624872446,-1.626846552,-1.628714919,-1.631578088,-1.631139755,-1.63640368,-1.636075616,-1.642974257,-1.647652507,-1.646392584,-1.650214434,-1.653107882,-1.65549612,-1.658275962,-1.662409425,5.5
2,-1.705314636,-1.693294168,-1.689932227,-1.691851616,-1.688066006,-1.694296956,-1.690040708,-1.684383988,-1.688444257,-1.679271698,-1.681583047,-1.685068727,-1.672898889,-1.682011366,-1.680277228,-1.683718681,-1.68472755,-1.680179596,-1.686736584,-1.686151862,-1.682993054,-1.68602109,-1.690279841,-1.689164639,-1.687447309,-1.691319942,-1.687473059,-1.686199069,-1.688242078,-1.68797946,-1.688418746,-1.688468814,-1.690646768,-1.689087868,-1.684909463,-1.682453156,-1.677152157,-1.670071721,-1.672365904,-1.666523099,-1.666687846,-1.663530111,-1.66214931,-1.667293191,-1.663338304,-1.663609266,-1.666117549,-1.660177708,-1.660052657,-1.662886262,-1.665043116,-1.663152218,-1.667011023,-1.66776979,-1.665343642,-1.665302515,-1.664915919,-1.664071679,-1.660323381,-1.661922336,-1.661834478,-1.657931328,-1.655660033,-1.651355743,-1.650750756,-1.647406816,-1.644646406,-1.643853664,-1.642466784,-1.637471199,-1.634398818,-1.625772238,-1.619644403,-1.611030102,-1.605047584,-1.599914074,-1.599181771,-1.597115517,-1.597244263,-1.595261574,-1.592936754,-1.593814254,-1.594332814,-1.594756842,-1.595522881,-1.598535061,-1.597747326,-1.602864504,-1.601157904,-1.604028344,-1.606571794,-1.608332992,-1.606342793,-1.608569622,-1.61226058,-1.615121841,-1.614233375,-1.617164373,-1.619685292,-1.618959427,-1.622981906,-1.625772834,-1.626775265,-1.628572941,-1.627160311,-1.62692678,-1.628932953,-1.62964952,-1.630408764,-1.632050276,-1.635630846,-1.633745193,-1.634811997,-1.634836316,-1.633385062,-1.63228786,-1.634858966,-1.635194421,-1.637195349,-1.635813832,-1.635410428,-1.634417176,-1.636714697,-1.633038402,-1.63426435,-1.632447481,-1.632388949,-1.632371902,-1.633373618,-1.630927444,-1.632925749,-1.633234739,-1.633503556,-1.633000851,-1.638466835,-1.634975314,-1.635044575,-1.633093357,-1.633797526,-1.630056024,-1.62861681,-1.623921394,-1.618546486,-1.611700416,-1.605114102,-1.602312326,-1.596478105,-1.591413975,-1.592093587,-1.589134932,-1.589620113,-1.593463302,-1.592401981,-1.594056845,-1.593186021,-1.593494058,-1.595213771,-1.596012115,-1.596322417,-1.595764041,-1.599307775,-1.601242781,-1.60560286,-1.607584238,-1.604299307,-1.607325912,-1.607428074,-1.60988903,-1.616890192,-1.620448351,-1.624363184,-1.621371627,-1.625119567,-1.631383538,5.6
3,-1.568819642,-1.570393682,-1.564068556,-1.581759334,-1.559518337,-1.561668038,-1.565249324,-1.564999223,-1.554473281,-1.557912111,-1.54701519,-1.548914194,-1.562291503,-1.549613118,-1.549715877,-1.55166018,-1.548929334,-1.560342431,-1.552643776,-1.554660678,-1.554925799,-1.561989188,-1.553799629,-1.559832215,-1.556381941,-1.560497046,-1.554306746,-1.559667587,-1.560616374,-1.553444624,-1.554909825,-1.552783012,-1.556746006,-1.551077485,-1.545510411,-1.542884707,-1.539141536,-1.531495094,-1.532133698,-1.531769753,-1.53276813,-1.529728651,-1.531509876,-1.529237628,-1.527834773,-1.530613542,-1.531442642,-1.529470086,-1.528338671,-1.529597998,-1.530767679,-1.532307386,-1.531484962,-1.530511498,-1.530290842,-1.53176105,-1.528257608,-1.529962063,-1.525581479,-1.528675437,-1.522491693,-1.525497079,-1.520486951,-1.518701315,-1.513686776,-1.513541698,-1.511920691,-1.512125015,-1.510642886,-1.504385591,-1.501551628,-1.494279027,-1.488877416,-1.481163263,-1.476472855,-1.470893383,-1.471440673,-1.468068838,-1.468546152,-1.464083314,-1.463842988,-1.46716392,-1.465765357,-1.463728189,-1.466260433,-1.467705369,-1.469275594,-1.471009254,-1.471732616,-1.47539103,-1.474670887,-1.477146268,-1.47603941,-1.479952216,-1.483073831,-1.48576951,-1.484354019,-1.486325383,-1.48812902,-1.485775471,-1.491313577,-1.492350817,-1.495513558,-1.494390368,-1.496793747,-1.496773481,-1.493470311,-1.494182229,-1.495702863,-1.497164011,-1.499477267,-1.497375846,-1.499137521,-1.497951269,-1.49828434,-1.497451544,-1.500880241,-1.498798013,-1.496899366,-1.497767329,-1.497668028,-1.495740652,-1.497371793,-1.496344209,-1.492820024,-1.494324803,-1.495393395,-1.494383812,-1.492677331,-1.492771149,-1.494496822,-1.492356062,-1.493664384,-1.491459966,-1.495171905,-1.491440654,-1.492257833,-1.491740108,-1.494525909,-1.489411235,-1.489412427,-1.480903506,-1.481603265,-1.47501564,-1.464566708,-1.458440065,-1.454908013,-1.452858686,-1.450000405,-1.447773457,-1.444780231,-1.448764443,-1.449651599,-1.450416088,-1.450171828,-1.450051188,-1.451225877,-1.455267549,-1.454099536,-1.454940557,-1.456262827,-1.459329605,-1.460397005,-1.460950851,-1.463235974,-1.467000961,-1.468058944,-1.469464302,-1.476546168,-1.481374264,-1.479192615,-1.48354578,-1.48847568,-1.491561651,4.9
4,-1.586492777,-1.59122014,-1.585322618,-1.595760465,-1.583483815,-1.57166338,-1.585010171,-1.588598728,-1.574772835,-1.580266118,-1.563546896,-1.567802548,-1.576994181,-1.573626518,-1.57025516,-1.573403001,-1.570104599,-1.581907153,-1.574332476,-1.575715542,-1.57756865,-1.582118154,-1.576268673,-1.58353889,-1.579477429,-1.582262516,-1.577228427,-1.580534697,-1.579439163,-1.575620413,-1.57723248,-1.573581457,-1.578313708,-1.573109746,-1.566403627,-1.564382315,-1.560245514,-1.553426743,-1.551633239,-1.552976966,-1.553863883,-1.550441504,-1.552325487,-1.550669074,-1.54755342,-1.551217318,-1.551432133,-1.549299836,-1.550012469,-1.549968243,-1.552860498,-1.553330898,-1.554158449,-1.552735329,-1.552472234,-1.554957867,-1.549945116,-1.55158627,-1.54721272,-1.550295711,-1.543269873,-1.546117663,-1.540815234,-1.538356543,-1.534728408,-1.533935428,-1.532350063,-1.533150196,-1.530048251,-1.5260185,-1.52422893,-1.518172264,-1.512176514,-1.50540483,-1.501179338,-1.497366428,-1.49723208,-1.494093657,-1.494087219,-1.490536809,-1.488913894,-1.492549062,-1.491443276,-1.48936069,-1.490677476,-1.493018627,-1.495373011,-1.495338798,-1.496235728,-1.499706149,-1.499202967,-1.501274228,-1.499717832,-1.50204587,-1.50465095,-1.507240534,-1.505177379,-1.505653977,-1.508196592,-1.50572288,-1.511033058,-1.510549664,-1.513912082,-1.51269412,-1.513336062,-1.515645266,-1.514053464,-1.512203932,-1.513431668,-1.515500188,-1.519488096,-1.51541245,-1.517902136,-1.516520023,-1.515580177,-1.515221,-1.517911315,-1.519265652,-1.516929388,-1.517358065,-1.516129732,-1.514418602,-1.51606226,-1.515624046,-1.511335254,-1.512370944,-1.515425205,-1.513929009,-1.512533545,-1.514067292,-1.514867902,-1.514255285,-1.51735425,-1.514306426,-1.514880538,-1.512891293,-1.513751745,-1.51313448,-1.515707731,-1.512287617,-1.512469172,-1.503699422,-1.503744364,-1.497148156,-1.490196109,-1.484063506,-1.481272459,-1.479885578,-1.47680068,-1.47497201,-1.471815705,-1.47582972,-1.47533679,-1.476835251,-1.478072762,-1.478957295,-1.47890532,-1.479242802,-1.4783113,-1.482500196,-1.48218298,-1.48659575,-1.486653924,-1.488060832,-1.490526795,-1.495255113,-1.496165633,-1.495766401,-1.503472805,-1.506672502,-1.506741524,-1.510018349,-1.512927413,-1.51730001,4.8
5,-1.620691538,-1.629351497,-1.630332947,-1.622087479,-1.617235422,-1.630346417,-1.621726751,-1.624000788,-1.612516642,-1.616248012,-1.611210465,-1.621042252,-1.613266826,-1.609250069,-1.605121851,-1.619788766,-1.613796115,-1.612815976,-1.617753625,-1.614387155,-1.620305181,-1.623287559,-1.620020866,-1.620349765,-1.618544221,-1.620773196,-1.62202847,-1.619134784,-1.620532632,-1.620552182,-1.617883444,-1.618981123,-1.620308518,-1.615122318,-1.614732981,-1.610890031,-1.60656321,-1.603991628,-1.601686716,-1.600317836,-1.597432733,-1.602276564,-1.599793553,-1.598320842,-1.595808029,-1.599848747,-1.599260926,-1.596014142,-1.600683093,-1.599560499,-1.600553513,-1.598246455,-1.600877643,-1.600612283,-1.601468325,-1.602047682,-1.598362803,-1.601934195,-1.595308542,-1.597273707,-1.597036481,-1.597423911,-1.593405128,-1.590880752,-1.591695189,-1.588692904,-1.586812615,-1.586562872,-1.586051941,-1.580276847,-1.580882668,-1.575273037,-1.570732594,-1.563126802,-1.558532238,-1.554893255,-1.552906632,-1.552805424,-1.553648472,-1.553017497,-1.550989985,-1.553591609,-1.551854014,-1.548255444,-1.550098896,-1.55411911,-1.553388357,-1.55763483,-1.556106329,-1.561834097,-1.561487675,-1.56156075,-1.560206532,-1.562138557,-1.563886166,-1.564123273,-1.565518856,-1.566733122,-1.56938386,-1.564813614,-1.569228172,-1.570838809,-1.574237227,-1.572366357,-1.573644757,-1.573595405,-1.57327354,-1.573076725,-1.573629975,-1.574710369,-1.57722652,-1.577014565,-1.578927636,-1.579820991,-1.579714894,-1.579191804,-1.578454614,-1.579061508,-1.577467561,-1.577924371,-1.578423381,-1.577689528,-1.577080011,-1.576499939,-1.57673347,-1.576223373,-1.577301264,-1.574216604,-1.577800274,-1.576442122,-1.576626897,-1.577280045,-1.58055532,-1.578609347,-1.577481627,-1.577686191,-1.579610229,-1.576950669,-1.578506947,-1.575454235,-1.57463479,-1.569335341,-1.566525936,-1.565855742,-1.558021665,-1.553494811,-1.54934454,-1.547684669,-1.545879722,-1.544596314,-1.544645429,-1.544673681,-1.545849085,-1.545860529,-1.547109485,-1.548066139,-1.547524452,-1.546179175,-1.550938606,-1.550524354,-1.555203915,-1.553853154,-1.556965113,-1.558105588,-1.562043309,-1.559487343,-1.565031648,-1.56528151,-1.566836476,-1.570731997,-1.574187279,-1.57761848,-1.58014679,-1.582732439,5.4
6,-1.778095245,-1.76967597,-1.768544197,-1.776840687,-1.774218678,-1.764145136,-1.76551652,-1.76721549,-1.755389929,-1.760812879,-1.756815434,-1.760064006,-1.758704782,-1.757302046,-1.757331014,-1.756790161,-1.761393189,-1.762908816,-1.763918757,-1.764114618,-1.765295744,-1.767591596,-1.7672894,-1.767104745,-1.766757727,-1.764723897,-1.767011881,-1.763862252,-1.766399622,-1.761965871,-1.763241291,-1.761875749,-1.761436462,-1.757127166,-1.755535603,-1.747567415,-1.744821548,-1.740318179,-1.735850811,-1.738079548,-1.737262487,-1.736534715,-1.736114264,-1.734746695,-1.735560656,-1.735678077,-1.737161279,-1.73720026,-1.737288594,-1.737683892,-1.739003301,-1.73870945,-1.739628911,-1.738034725,-1.740537167,-1.741164088,-1.738214493,-1.738875151,-1.733147383,-1.734674573,-1.731589556,-1.729975343,-1.726961374,-1.723846197,-1.721973181,-1.720807672,-1.718821526,-1.716492653,-1.714284301,-1.708948016,-1.706435323,-1.697668552,-1.693974495,-1.687658787,-1.683294892,-1.679156423,-1.678977489,-1.675348639,-1.675055623,-1.674114466,-1.673204064,-1.67417419,-1.672341704,-1.671126246,-1.673282743,-1.676500559,-1.677479386,-1.67964828,-1.678855658,-1.682626009,-1.68411243,-1.685181022,-1.6864568,-1.689871788,-1.692085028,-1.692396522,-1.692944407,-1.695549011,-1.697252393,-1.693412185,-1.696721196,-1.697998881,-1.699693561,-1.699669361,-1.70094955,-1.702510715,-1.702089071,-1.704846382,-1.70469296,-1.705835938,-1.705860972,-1.707756877,-1.706976652,-1.706688762,-1.704815149,-1.705520272,-1.705685139,-1.705477357,-1.706295848,-1.706857681,-1.706535339,-1.705263734,-1.705415487,-1.703013897,-1.699004531,-1.700520039,-1.699984789,-1.699128628,-1.70032382,-1.69950819,-1.701771498,-1.698566198,-1.701631665,-1.70002234,-1.700651407,-1.699586511,-1.700947762,-1.700278759,-1.701568723,-1.696747661,-1.694039464,-1.689014554,-1.685763717,-1.68132174,-1.675646424,-1.671731472,-1.668060184,-1.662123322,-1.660075188,-1.658430338,-1.655826688,-1.658141613,-1.657948375,-1.659410596,-1.660140157,-1.662856817,-1.663577795,-1.6647259,-1.666734219,-1.668455839,-1.669310689,-1.674271584,-1.675358891,-1.674358487,-1.676166296,-1.679768562,-1.690897703,-1.694426417,-1.688829303,-1.691492438,-1.692735076,-1.693131685,-1.699758172,-1.703924537,5.8
7,-1.814011335,-1.809223533,-1.805192828,-1.812923908,-1.812692881,-1.80917573,-1.809900999,-1.808637381,-1.800516725,-1.80336535,-1.799550414,-1.803924322,-1.799812555,-1.801613569,-1.799639106,-1.801595449,-1.806865096,-1.806454778,-1.807309985,-1.807032228,-1.807107925,-1.811860323,-1.811084628,-1.809788942,-1.808513522,-1.808202744,-1.810486555,-1.807232618,-1.810278893,-1.806515694,-1.806517124,-1.806196332,-1.805062532,-1.803337336,-1.802584648,-1.795456767,-1.793265581,-1.78980732,-1.785274744,-1.787876844,-1.786294222,-1.786883712,-1.785451174,-1.785304308,-1.784886956,-1.785160899,-1.786966801,-1.786955595,-1.786323428,-1.786742806,-1.78840971,-1.787635088,-1.787949085,-1.787437677,-1.789227247,-1.789216042,-1.786752701,-1.787092924,-1.78228879,-1.783728004,-1.780974388,-1.779470921,-1.776797652,-1.774218082,-1.773332834,-1.771606803,-1.769080997,-1.767344475,-1.765464425,-1.761263371,-1.759939432,-1.751627207,-1.749274254,-1.744645834,-1.73985815,-1.735491037,-1.73515451,-1.733173609,-1.732400775,-1.73124826,-1.730777383,-1.730321407,-1.729524612,-1.728167057,-1.729975581,-1.732741117,-1.734571338,-1.737845778,-1.737917662,-1.74024272,-1.741042614,-1.742168069,-1.742779851,-1.744478106,-1.747033,-1.748097777,-1.748239398,-1.749643803,-1.75083673,-1.748499274,-1.750978351,-1.751517653,-1.752959728,-1.75407517,-1.754602432,-1.754535198,-1.755455375,-1.757774472,-1.756504416,-1.756389737,-1.758203268,-1.758883834,-1.758144975,-1.75971055,-1.757673025,-1.758060575,-1.757753134,-1.758073211,-1.757615805,-1.75821352,-1.758879781,-1.757455826,-1.75747323,-1.755285144,-1.752511024,-1.754839659,-1.754739285,-1.752426863,-1.752267957,-1.753362536,-1.755550861,-1.753232002,-1.754898787,-1.753655791,-1.754526734,-1.754321337,-1.754668474,-1.754090667,-1.755495191,-1.752194166,-1.750670314,-1.745009065,-1.741273999,-1.737432837,-1.733387351,-1.729946971,-1.725623131,-1.720907211,-1.71912086,-1.717131019,-1.716510415,-1.718949318,-1.717717409,-1.719547272,-1.718979001,-1.722752452,-1.723101139,-1.723172188,-1.723290205,-1.727186203,-1.728702545,-1.732725024,-1.733171344,-1.732407331,-1.732881546,-1.736755729,-1.745627403,-1.750860572,-1.746072531,-1.748240113,-1.748342872,-1.748464942,-1.754490614,-1.757508516,5.8
8,-1.710725904,-1.697607994,-1.702138186,-1.704396725,-1.70419836,-1.698726058,-1.698767781,-1.700571179,-1.690260172,-1.695645571,-1.694949865,-1.693622708,-1.69562614,-1.692704558,-1.693638086,-1.69295752,-1.700397968,-1.697962165,-1.700339675,-1.698102117,-1.704959869,-1.70260179,-1.704294801,-1.706664324,-1.703129411,-1.704512954,-1.7072438,-1.705618262,-1.706667542,-1.706277132,-1.706286907,-1.70468843,-1.70538044,-1.701656103,-1.699321032,-1.696130157,-1.691259146,-1.683560133,-1.682311296,-1.684534192,-1.686217546,-1.684408784,-1.686311007,-1.685478091,-1.681018591,-1.687485814,-1.685471654,-1.68580091,-1.684475064,-1.684759855,-1.687924147,-1.685506582,-1.690015793,-1.687545657,-1.686682224,-1.688914895,-1.686676264,-1.687707305,-1.682717443,-1.686133504,-1.682220101,-1.681107879,-1.677098274,-1.674092054,-1.672763586,-1.671219468,-1.669644952,-1.667719245,-1.665085316,-1.662556529,-1.656353951,-1.651898265,-1.645721078,-1.639808416,-1.633398652,-1.630772471,-1.629550219,-1.62646699,-1.624357581,-1.625303984,-1.624952674,-1.623568773,-1.626830935,-1.623925805,-1.627830148,-1.630421638,-1.630493999,-1.632673025,-1.632372141,-1.635443807,-1.637169242,-1.640093565,-1.640619397,-1.64197135,-1.644777656,-1.646034598,-1.646136165,-1.6501683,-1.652759314,-1.651165009,-1.652844667,-1.652678847,-1.656126022,-1.655385017,-1.656704664,-1.658060074,-1.658527493,-1.661065817,-1.662593484,-1.662277102,-1.659788132,-1.662013412,-1.664323092,-1.662433743,-1.664005995,-1.664753914,-1.662807584,-1.664939284,-1.664118528,-1.664403915,-1.663529873,-1.660187364,-1.663505554,-1.662154078,-1.662111759,-1.661344528,-1.660670519,-1.659177184,-1.659586906,-1.66050446,-1.662324905,-1.661164999,-1.66248703,-1.661120653,-1.662256718,-1.662874937,-1.664583921,-1.662195444,-1.662780881,-1.658562183,-1.658263803,-1.653362989,-1.650144815,-1.646486998,-1.640542626,-1.634330034,-1.627374411,-1.62210691,-1.621325016,-1.620600462,-1.616484761,-1.617638826,-1.618631482,-1.620433092,-1.626153827,-1.623908639,-1.626208544,-1.628364921,-1.631850719,-1.634606004,-1.635225773,-1.637016773,-1.640921474,-1.64323926,-1.646234393,-1.644904017,-1.649554729,-1.652291298,-1.656014323,-1.658100843,-1.658582091,-1.658489466,-1.663127899,-1.665642977,6.1
9,-1.795971155,-1.802755356,-1.796160221,-1.788166881,-1.795017958,-1.791826248,-1.795898199,-1.786556721,-1.788165092,-1.791294575,-1.789124608,-1.787000895,-1.792469859,-1.788172722,-1.788318276,-1.792355418,-1.789785147,-1.791994095,-1.793691039,-1.793188572,-1.795204639,-1.79605794,-1.795599818,-1.798200607,-1.797414899,-1.797474861,-1.797015667,-1.797945738,-1.800635576,-1.795259953,-1.796092391,-1.795053601,-1.795673966,-1.791133881,-1.790347934,-1.786766291,-1.785063863,-1.782669306,-1.781046748,-1.781372309,-1.777749181,-1.778678298,-1.779786944,-1.77953124,-1.778800368,-1.779932976,-1.780951977,-1.778843045,-1.779815555,-1.781637311,-1.78200233,-1.780417681,-1.780873299,-1.780887246,-1.782274008,-1.781969905,-1.781459212,-1.781323075,-1.778635144,-1.780057073,-1.776710033,-1.776508093,-1.773592353,-1.772010803,-1.772314191,-1.770236135,-1.769520998,-1.768007874,-1.765523314,-1.764329314,-1.762067437,-1.756683469,-1.753807068,-1.749007106,-1.746559143,-1.742413282,-1.739901543,-1.737864733,-1.737108469,-1.737943649,-1.73818326,-1.738620877,-1.739231825,-1.738074183,-1.739679575,-1.73993969,-1.739917159,-1.741287112,-1.742311478,-1.744330883,-1.746425629,-1.745315671,-1.745941281,-1.748592019,-1.751098275,-1.752304673,-1.751915812,-1.75210011,-1.754581928,-1.752016544,-1.753368974,-1.754832864,-1.757076979,-1.756116152,-1.757675171,-1.75863111,-1.757637739,-1.756485224,-1.757717013,-1.758687139,-1.760469317,-1.759612799,-1.762155652,-1.762255669,-1.763523698,-1.762751222,-1.762283802,-1.762262821,-1.760862708,-1.758678436,-1.759973407,-1.758756876,-1.759801626,-1.759240627,-1.756565094,-1.758383393,-1.757605195,-1.758342981,-1.757330298,-1.757071972,-1.757462263,-1.75684762,-1.755480289,-1.756820321,-1.758301497,-1.758152246,-1.758669019,-1.755630136,-1.756618857,-1.754536629,-1.754310608,-1.752743483,-1.74962461,-1.746723652,-1.741074085,-1.736987352,-1.730549812,-1.728022933,-1.727044463,-1.72781527,-1.727282643,-1.725695968,-1.724603295,-1.726311207,-1.728259921,-1.730606079,-1.729684591,-1.729780793,-1.731444359,-1.733625293,-1.73626709,-1.736226916,-1.73773098,-1.738923311,-1.740640759,-1.742653966,-1.742271423,-1.742392898,-1.746221662,-1.748202205,-1.753303289,-1.750345588,-1.752995014,-1.759798288,5.8
10,-1.795999169,-1.807274818,-1.797666907,-1.794339299,-1.79489243,-1.794103384,-1.797039509,-1.787457943,-1.793568015,-1.793435454,-1.79316783,-1.791731834,-1.797091961,-1.793509126,-1.792087555,-1.795544147,-1.794310451,-1.794908524,-1.797434092,-1.7955091,-1.800302029,-1.79881084,-1.798457861,-1.801379681,-1.801884174,-1.800035954,-1.801163316,-1.799906611,-1.803586483,-1.799113393,-1.800211906,-1.797305584,-1.799552917,-1.795501232,-1.794229627,-1.791068792,-1.790935516,-1.789228082,-1.786951303,-1.787619114,-1.785540104,-1.785669088,-1.787046194,-1.786687016,-1.785565495,-1.787361026,-1.788556218,-1.7862432,-1.787303925,-1.788635373,-1.789588928,-1.788209438,-1.787879705,-1.788264275,-1.789070964,-1.788692117,-1.788170576,-1.788848042,-1.786117911,-1.786832452,-1.784949064,-1.784292817,-1.782806158,-1.78092134,-1.780758619,-1.778709769,-1.778034687,-1.776988506,-1.775325298,-1.775121808,-1.773075819,-1.766881347,-1.764243007,-1.759922266,-1.757586002,-1.752918839,-1.751315594,-1.74973166,-1.748231649,-1.748713136,-1.748657823,-1.749538183,-1.750654697,-1.749403358,-1.750841737,-1.75160861,-1.752200603,-1.753435493,-1.753514767,-1.754372835,-1.756941676,-1.756256938,-1.756421685,-1.758588433,-1.760506034,-1.761707425,-1.761799097,-1.763344169,-1.764986634,-1.763091445,-1.765575886,-1.76559937,-1.768182755,-1.768846631,-1.769746542,-1.769013524,-1.768501282,-1.768574476,-1.77014637,-1.76950717,-1.770925283,-1.770557642,-1.772933483,-1.773094416,-1.775266528,-1.774454355,-1.773433208,-1.773463488,-1.771939635,-1.771936655,-1.774062872,-1.77147615,-1.771680474,-1.771682739,-1.770332813,-1.772247434,-1.770274282,-1.769679904,-1.769452333,-1.76989305,-1.770639777,-1.768795967,-1.769114971,-1.770724893,-1.771727443,-1.771445155,-1.771582603,-1.7687397,-1.769900441,-1.768623233,-1.768667102,-1.7673558,-1.763464451,-1.76098752,-1.756744623,-1.75330627,-1.746965528,-1.744749665,-1.743956923,-1.744116306,-1.742787004,-1.741823673,-1.74244535,-1.743364334,-1.744526386,-1.747512937,-1.745738864,-1.747943521,-1.74931407,-1.751023173,-1.751464725,-1.751286387,-1.75408113,-1.756209373,-1.757666349,-1.758968949,-1.758067966,-1.758903384,-1.761505842,-1.763611674,-1.76702857,-1.763436556,-1.766875982,-1.77224803,5.9
11,-1.774256468,-1.785650134,-1.782112122,-1.767844558,-1.776755214,-1.785553217,-1.773775816,-1.777861953,-1.775448442,-1.776269555,-1.765795231,-1.762851477,-1.770677924,-1.770074487,-1.768631935,-1.771929979,-1.772031188,-1.773311615,-1.775449872,-1.773395777,-1.777714133,-1.77748251,-1.777996182,-1.779930472,-1.778486133,-1.777739763,-1.780382514,-1.776832342,-1.778789401,-1.778147221,-1.779260874,-1.7790519,-1.779356122,-1.776864171,-1.772507548,-1.770269036,-1.765323043,-1.760415077,-1.756668687,-1.758293509,-1.757452846,-1.756715655,-1.757135749,-1.756636858,-1.75649035,-1.756993175,-1.75719893,-1.756262898,-1.757231355,-1.756268978,-1.759339571,-1.757000923,-1.757174373,-1.756500244,-1.758914232,-1.757961273,-1.756456494,-1.757362127,-1.754670501,-1.755269766,-1.754766107,-1.751827717,-1.748871207,-1.748569012,-1.744433165,-1.743849993,-1.740818739,-1.739634871,-1.739223838,-1.735646605,-1.73312068,-1.726158619,-1.720301747,-1.715118647,-1.711625576,-1.707820415,-1.707463861,-1.705803156,-1.70569098,-1.704392552,-1.703000069,-1.705517888,-1.703750134,-1.702993512,-1.704169273,-1.705334306,-1.706283569,-1.708020091,-1.70903933,-1.711191893,-1.711690545,-1.712854505,-1.713319778,-1.714972258,-1.715860724,-1.718165159,-1.719510913,-1.719380379,-1.722025871,-1.721653819,-1.72164607,-1.723808169,-1.726351857,-1.72599268,-1.728858471,-1.730682015,-1.730329275,-1.731883764,-1.731028199,-1.729959607,-1.729438543,-1.73144412,-1.733252645,-1.731422663,-1.732610941,-1.731375217,-1.732093096,-1.730549335,-1.729815602,-1.731755495,-1.734082103,-1.730944514,-1.73102653,-1.731028676,-1.729716182,-1.730411887,-1.728067756,-1.726707578,-1.728410959,-1.728562951,-1.728312731,-1.728930593,-1.731300473,-1.730381012,-1.732059836,-1.731252074,-1.729310393,-1.727487206,-1.729707956,-1.729333758,-1.727174759,-1.725502372,-1.722073317,-1.717693925,-1.7117486,-1.706790328,-1.700604677,-1.695277572,-1.693213344,-1.692674875,-1.693089366,-1.69548285,-1.694467187,-1.693401337,-1.697457194,-1.696619511,-1.697534204,-1.699086189,-1.701849699,-1.702366948,-1.705164671,-1.707357883,-1.707923412,-1.709382772,-1.711197376,-1.710849524,-1.714269638,-1.719780684,-1.719543695,-1.722429395,-1.72704649,-1.725003123,-1.727305651,-1.728149891,5.5
12,-1.787417531,-1.795283318,-1.794003487,-1.779790044,-1.789633274,-1.795186996,-1.78926146,-1.78953135,-1.78767848,-1.787194252,-1.780228257,-1.777040958,-1.783509851,-1.78005743,-1.781340361,-1.78211236,-1.786790013,-1.784673452,-1.787783027,-1.785722852,-1.790180206,-1.789274216,-1.792149663,-1.792715907,-1.793245435,-1.792955637,-1.793698192,-1.791140079,-1.793634176,-1.791444063,-1.793613315,-1.793669105,-1.792947054,-1.790723085,-1.786097407,-1.785710692,-1.780179977,-1.774953604,-1.772666097,-1.773481011,-1.77235496,-1.771855354,-1.772428155,-1.772451878,-1.771533608,-1.772312999,-1.772862792,-1.771348834,-1.773082733,-1.772430301,-1.774755716,-1.773355722,-1.774175763,-1.773028851,-1.775166512,-1.774345994,-1.77324605,-1.773650408,-1.770547986,-1.77162838,-1.771662712,-1.769772649,-1.766577959,-1.765404463,-1.761166453,-1.760620594,-1.758360505,-1.756685853,-1.755521417,-1.753017783,-1.750242949,-1.743554592,-1.738700867,-1.732448816,-1.729098558,-1.725269437,-1.724087954,-1.723163962,-1.722592115,-1.722338676,-1.72149229,-1.722344637,-1.721056342,-1.720148206,-1.721791863,-1.723370314,-1.724962234,-1.725705862,-1.726832628,-1.72885859,-1.729122281,-1.730414152,-1.731353521,-1.733639836,-1.735053658,-1.736573577,-1.738653064,-1.739204288,-1.741622806,-1.74021256,-1.741155148,-1.742804766,-1.744625211,-1.746007323,-1.747905135,-1.748762727,-1.748919845,-1.750550866,-1.75017035,-1.748771191,-1.749107361,-1.750730634,-1.75199008,-1.750726461,-1.751647949,-1.752512932,-1.753059983,-1.750849247,-1.750010967,-1.752056241,-1.753794789,-1.7504251,-1.751643419,-1.751360416,-1.749042153,-1.749340296,-1.747701049,-1.747729659,-1.749758244,-1.749289751,-1.748419166,-1.749074697,-1.75115037,-1.751596808,-1.75308454,-1.752170682,-1.749708652,-1.748179436,-1.750650406,-1.749470592,-1.747543335,-1.745787024,-1.742755771,-1.739080191,-1.733242035,-1.73074019,-1.724463463,-1.720093369,-1.718180537,-1.716529131,-1.715295553,-1.719058752,-1.718423605,-1.717378855,-1.719201088,-1.71788168,-1.721511006,-1.724173546,-1.726172447,-1.72410965,-1.728431463,-1.729545474,-1.730095387,-1.730521202,-1.732833743,-1.732666492,-1.735188246,-1.739936233,-1.740920186,-1.742526889,-1.746862173,-1.74447751,-1.747140765,-1.747963071,5.4
13,-1.655870199,-1.66746664,-1.66373682,-1.649578691,-1.660192251,-1.661497831,-1.6545645,-1.656102657,-1.649919271,-1.650308847,-1.648586392,-1.649030209,-1.647878289,-1.644573569,-1.643863678,-1.64700985,-1.649877906,-1.64752686,-1.654231787,-1.651597738,-1.651981115,-1.653363109,-1.655684233,-1.654836178,-1.65570724,-1.655046105,-1.657442808,-1.655398726,-1.655024052,-1.653591752,-1.653386712,-1.652753711,-1.656069756,-1.650486231,-1.647948503,-1.642081022,-1.637732625,-1.633006096,-1.628010631,-1.632336497,-1.630228043,-1.628546953,-1.628531814,-1.630583405,-1.626395345,-1.629036188,-1.62861979,-1.629504204,-1.62866354,-1.629897237,-1.630440474,-1.630493522,-1.634189367,-1.631204247,-1.635148168,-1.63435638,-1.632277489,-1.633814931,-1.627554655,-1.629589677,-1.626966834,-1.626476169,-1.622343183,-1.620273113,-1.617183208,-1.615601897,-1.613067746,-1.610339046,-1.609554052,-1.603199124,-1.60023582,-1.593169928,-1.587357163,-1.578582406,-1.573928714,-1.568841219,-1.568274975,-1.565345526,-1.56516552,-1.564056635,-1.564270616,-1.564360857,-1.562823534,-1.56342864,-1.565140605,-1.566651344,-1.56793499,-1.571140528,-1.571277976,-1.574729085,-1.578442216,-1.577541232,-1.576034307,-1.580815196,-1.583560228,-1.586492419,-1.586809397,-1.589229703,-1.592245221,-1.588040352,-1.593727112,-1.593460441,-1.595565915,-1.594571948,-1.595004439,-1.597831011,-1.597455502,-1.599630117,-1.601663113,-1.600837588,-1.602437496,-1.600773811,-1.602333426,-1.601254702,-1.60044086,-1.606290936,-1.604479551,-1.603050709,-1.602223158,-1.604621053,-1.60311079,-1.601537347,-1.601617098,-1.599629641,-1.598655939,-1.598114848,-1.600154877,-1.598088861,-1.600289345,-1.599088192,-1.5993402,-1.59764266,-1.600443959,-1.601171732,-1.600682855,-1.601825356,-1.601685643,-1.598341227,-1.599894404,-1.596128702,-1.594690442,-1.592103124,-1.588107347,-1.583608389,-1.577049017,-1.571489096,-1.565334558,-1.561916828,-1.561748743,-1.560793996,-1.557738662,-1.562190056,-1.562757492,-1.565046191,-1.566496134,-1.564531565,-1.565274954,-1.56778574,-1.567116499,-1.571531773,-1.572594047,-1.575667381,-1.576393604,-1.580080152,-1.582012653,-1.582013607,-1.583441854,-1.587326407,-1.590153337,-1.591451883,-1.59439528,-1.599241734,-1.603773117,-1.604189515,5.2
14,-1.722260237,-1.744031906,-1.728419304,-1.731695414,-1.737826705,-1.732403636,-1.726944089,-1.730165243,-1.724745631,-1.722757816,-1.722159505,-1.71784234,-1.720741987,-1.719571114,-1.721122265,-1.725906491,-1.721823454,-1.725316644,-1.727890134,-1.725656748,-1.725788713,-1.730449319,-1.729925156,-1.728667974,-1.731733441,-1.730255604,-1.730484247,-1.730099082,-1.729690671,-1.730765939,-1.727440715,-1.728501797,-1.726742744,-1.725320101,-1.721249342,-1.716680288,-1.709803462,-1.707491279,-1.7035743,-1.704620481,-1.701195955,-1.703102827,-1.702491641,-1.700759172,-1.700073242,-1.702619553,-1.700935245,-1.700435758,-1.702740669,-1.704996586,-1.705140948,-1.704435468,-1.70553875,-1.705886364,-1.707423329,-1.705662131,-1.704345942,-1.705691457,-1.70255053,-1.702022076,-1.699307323,-1.699102402,-1.695592642,-1.692826271,-1.69208622,-1.689765573,-1.686447859,-1.684813023,-1.681574583,-1.677623868,-1.675397754,-1.668168187,-1.663471699,-1.654501438,-1.650135517,-1.64826107,-1.647244453,-1.643646121,-1.645923972,-1.643214345,-1.641820788,-1.642860413,-1.645047188,-1.643288612,-1.644827008,-1.647145748,-1.646069527,-1.647491217,-1.650796056,-1.652181506,-1.653232336,-1.654661775,-1.655034661,-1.656429887,-1.659809232,-1.660348415,-1.662361622,-1.662837744,-1.664782763,-1.663915634,-1.666300297,-1.667119622,-1.669405103,-1.669743061,-1.671971679,-1.671570659,-1.670987129,-1.671209931,-1.673158526,-1.67304492,-1.674745321,-1.674624324,-1.677495122,-1.676566005,-1.675666094,-1.675973177,-1.676328063,-1.675492287,-1.67467308,-1.67644453,-1.676359057,-1.675989985,-1.676375985,-1.673548698,-1.672300339,-1.672757864,-1.672610164,-1.671905637,-1.671303272,-1.670705676,-1.671051621,-1.670358539,-1.670732856,-1.670899987,-1.674094796,-1.67533505,-1.673052907,-1.670424581,-1.673154354,-1.668208599,-1.67070353,-1.667619824,-1.662411094,-1.66202271,-1.652424335,-1.649303198,-1.647958517,-1.642843723,-1.642566323,-1.640471816,-1.640209794,-1.640938163,-1.642656326,-1.642005205,-1.644866228,-1.643541455,-1.645102024,-1.646981716,-1.645257115,-1.64939642,-1.652948141,-1.649170756,-1.6550771,-1.656105995,-1.657756209,-1.658098936,-1.663132787,-1.663541675,-1.664444685,-1.667864323,-1.669773698,-1.6715343,-1.677295327,-1.678113222,5.3
15,-1.691620111,-1.710307956,-1.695437551,-1.699883819,-1.705416322,-1.700650334,-1.689779401,-1.697988153,-1.690317392,-1.688459873,-1.689174175,-1.68685317,-1.685127974,-1.685518622,-1.687993169,-1.690263391,-1.687769771,-1.68834269,-1.69032073,-1.690109134,-1.689805269,-1.695004821,-1.692014813,-1.692188382,-1.695944905,-1.691479921,-1.693125129,-1.692702055,-1.695072651,-1.692444563,-1.691539407,-1.69278717,-1.690612555,-1.689367294,-1.684811115,-1.681520581,-1.673805714,-1.670653343,-1.666789412,-1.668791771,-1.664900899,-1.666243672,-1.665331483,-1.664462328,-1.662762523,-1.665599942,-1.664631486,-1.663123012,-1.663776398,-1.665982366,-1.667636275,-1.666023254,-1.668007255,-1.66936183,-1.670155525,-1.668095469,-1.66636014,-1.667685986,-1.66463697,-1.663169146,-1.661017776,-1.661400914,-1.656767368,-1.653935671,-1.652662158,-1.649233699,-1.647297025,-1.645705223,-1.641910434,-1.637422085,-1.634430051,-1.626212835,-1.620698214,-1.610330582,-1.605704308,-1.602802515,-1.600855112,-1.597277284,-1.599456787,-1.59703064,-1.594217539,-1.596935749,-1.598098874,-1.597187281,-1.598499656,-1.601697206,-1.601025462,-1.602456689,-1.606404901,-1.60689187,-1.610132456,-1.611287713,-1.610745192,-1.612911463,-1.617650986,-1.619086266,-1.619764924,-1.620525837,-1.625062108,-1.622801661,-1.625318766,-1.625872254,-1.629780293,-1.631108046,-1.632619381,-1.632385969,-1.632549286,-1.63311398,-1.633512735,-1.635628581,-1.636740565,-1.636560917,-1.639393806,-1.639065027,-1.63820219,-1.638323069,-1.638031483,-1.637027264,-1.637328625,-1.638286948,-1.637634039,-1.636745811,-1.638574243,-1.636191845,-1.63388288,-1.633398294,-1.633836627,-1.634217858,-1.634396434,-1.632559061,-1.632954955,-1.631226778,-1.632232666,-1.633283138,-1.635535359,-1.636596084,-1.632840633,-1.631524324,-1.634832621,-1.629897594,-1.63243711,-1.627766013,-1.62176156,-1.619006872,-1.609861255,-1.605037093,-1.602169991,-1.59763813,-1.59698236,-1.594248772,-1.593877912,-1.594620585,-1.596810699,-1.596670151,-1.599918842,-1.598330259,-1.600791931,-1.600379586,-1.599349856,-1.602624059,-1.606815338,-1.60558629,-1.61059463,-1.61178112,-1.614721537,-1.616105556,-1.619029164,-1.620572567,-1.622797608,-1.626577735,-1.628009558,-1.630620241,-1.635260463,-1.637757301,5.4
16,-1.726461649,-1.724551678,-1.721779108,-1.713574409,-1.72038877,-1.725237012,-1.719974995,-1.717557907,-1.713469625,-1.716187358,-1.715521574,-1.716137171,-1.716603875,-1.716832638,-1.714707375,-1.716335058,-1.717066765,-1.714116931,-1.71944201,-1.71852994,-1.721030951,-1.722685099,-1.720040679,-1.722711682,-1.721990585,-1.723217487,-1.72360754,-1.72264111,-1.722197771,-1.718866229,-1.716962457,-1.720273733,-1.716821313,-1.715205669,-1.711183548,-1.707737923,-1.704508543,-1.699998617,-1.700381756,-1.698738217,-1.699072719,-1.699408412,-1.696918011,-1.697954416,-1.696757674,-1.698945403,-1.698290825,-1.697493434,-1.697693944,-1.6967628,-1.700502396,-1.69878459,-1.701750994,-1.700659394,-1.699363828,-1.701153517,-1.70138526,-1.701581836,-1.697633624,-1.696626186,-1.694391489,-1.694252968,-1.691922903,-1.687956333,-1.68540895,-1.686139107,-1.683477044,-1.683398604,-1.68108511,-1.677541018,-1.674539447,-1.669978023,-1.664907575,-1.658344388,-1.654017448,-1.65066576,-1.651080966,-1.648200393,-1.647622347,-1.648478389,-1.645002246,-1.64725697,-1.645925045,-1.645887971,-1.646605849,-1.648457885,-1.64983201,-1.651261568,-1.651667476,-1.654727697,-1.654643893,-1.656146407,-1.656627893,-1.660494208,-1.661951661,-1.663275242,-1.66275692,-1.663067102,-1.664682269,-1.663719416,-1.664337873,-1.665317655,-1.668125272,-1.668913722,-1.670657516,-1.674123883,-1.672828078,-1.672442317,-1.673602343,-1.673335433,-1.675332427,-1.673878074,-1.674515247,-1.674004078,-1.675438046,-1.676422715,-1.673638105,-1.671701789,-1.67373538,-1.674285531,-1.674724698,-1.672530174,-1.673433185,-1.672571182,-1.671933055,-1.673552155,-1.672005534,-1.670537114,-1.672198892,-1.67280519,-1.672876596,-1.672642469,-1.673393369,-1.672163367,-1.673461914,-1.675164938,-1.675344586,-1.67544663,-1.677789927,-1.671747804,-1.671360612,-1.668891311,-1.667404294,-1.664975882,-1.658081174,-1.657798052,-1.651061654,-1.648330569,-1.648087621,-1.646820784,-1.645388722,-1.649301529,-1.648065805,-1.647230625,-1.650875807,-1.6490134,-1.649033904,-1.652397633,-1.651414752,-1.655228972,-1.656449556,-1.656868696,-1.659852982,-1.657283783,-1.66183579,-1.663753271,-1.66492939,-1.66644609,-1.668381453,-1.671143532,-1.673635125,-1.670592189,-1.67861259,-1.678519249,5.5
17,-1.672745824,-1.66896534,-1.66828835,-1.660813689,-1.665506482,-1.672437668,-1.660222411,-1.657190084,-1.652071834,-1.654588819,-1.656718135,-1.655613184,-1.658145785,-1.654413104,-1.654245615,-1.658032894,-1.658994079,-1.655792952,-1.661534071,-1.662536502,-1.663295507,-1.666194201,-1.661709547,-1.667031765,-1.664834976,-1.665425181,-1.665107489,-1.665094495,-1.66470778,-1.659974694,-1.659917951,-1.660815954,-1.658502579,-1.6547755,-1.649457812,-1.644615769,-1.637967467,-1.632754326,-1.635919333,-1.631487012,-1.631643295,-1.630682826,-1.628562212,-1.630708098,-1.627533555,-1.62999177,-1.630145669,-1.628801346,-1.630129457,-1.629570723,-1.633081317,-1.631364346,-1.634079456,-1.632937312,-1.631938815,-1.63410759,-1.63326776,-1.633894444,-1.627975821,-1.626992345,-1.623558283,-1.622383237,-1.617004037,-1.612701535,-1.609077334,-1.608722687,-1.605350494,-1.605322003,-1.601075649,-1.594576955,-1.58955574,-1.581139207,-1.572228193,-1.563502908,-1.556540251,-1.550992489,-1.551474929,-1.548155785,-1.54762125,-1.54711616,-1.543595076,-1.546011925,-1.545488477,-1.545850396,-1.547159791,-1.54852128,-1.550841451,-1.552820325,-1.553643465,-1.556364298,-1.557852149,-1.560358524,-1.563042283,-1.567257881,-1.570396423,-1.571282268,-1.573214412,-1.574142337,-1.574156046,-1.572966814,-1.575354934,-1.57653296,-1.581250668,-1.580690026,-1.582510948,-1.585804701,-1.583940625,-1.585613608,-1.587473512,-1.586555362,-1.589663982,-1.588720202,-1.590702534,-1.590118051,-1.589963078,-1.590290546,-1.588277698,-1.587240934,-1.588049889,-1.587934494,-1.58823204,-1.586388469,-1.586652637,-1.586481333,-1.583952069,-1.585175037,-1.583621979,-1.583613396,-1.58274436,-1.582069874,-1.583159208,-1.581737399,-1.584717989,-1.58575666,-1.586817145,-1.586142063,-1.588439465,-1.585652471,-1.585939527,-1.579733014,-1.578752518,-1.574191689,-1.569858074,-1.564293504,-1.556109071,-1.554450512,-1.546645284,-1.542710423,-1.542939544,-1.542015672,-1.538993955,-1.542838216,-1.541372538,-1.540021062,-1.546823502,-1.542669535,-1.544098735,-1.546661496,-1.547106624,-1.551614761,-1.551397681,-1.553533077,-1.556587577,-1.555934072,-1.561349511,-1.563199162,-1.564827323,-1.569603443,-1.569175601,-1.574374676,-1.57928133,-1.575714231,-1.586834431,-1.589064837,5.5
18,-1.661975026,-1.658643723,-1.652421713,-1.64471221,-1.655383229,-1.65731132,-1.645245433,-1.635526419,-1.6440202,-1.636621118,-1.635802627,-1.634424329,-1.635032892,-1.632408738,-1.636245131,-1.640132785,-1.64005208,-1.646302938,-1.645721316,-1.642397881,-1.647701383,-1.648132205,-1.648931623,-1.649942636,-1.650285125,-1.648792028,-1.648857236,-1.648870945,-1.650672197,-1.645958424,-1.645700455,-1.64462173,-1.646120787,-1.64091599,-1.638184071,-1.627608657,-1.625923634,-1.616637468,-1.616774678,-1.613701701,-1.613948584,-1.612611651,-1.612666726,-1.613180041,-1.610676408,-1.61480391,-1.613985658,-1.612817407,-1.616764665,-1.612409234,-1.616516709,-1.616979718,-1.616942883,-1.618766069,-1.618948579,-1.620083928,-1.615895629,-1.619214535,-1.61279726,-1.610748649,-1.610241413,-1.606992006,-1.60515213,-1.598975778,-1.597381473,-1.592342734,-1.589176536,-1.591307998,-1.585415483,-1.580614924,-1.57490015,-1.565223694,-1.557181239,-1.545751214,-1.539499044,-1.531833053,-1.530713677,-1.529580951,-1.529134989,-1.525476933,-1.525192261,-1.526367068,-1.525694132,-1.526141047,-1.525405049,-1.530724764,-1.532293916,-1.535071135,-1.53567946,-1.537871718,-1.541990638,-1.54438889,-1.543922663,-1.550063133,-1.549943805,-1.55390656,-1.555863261,-1.555553675,-1.557984471,-1.555148602,-1.560853243,-1.561059237,-1.56613493,-1.566555977,-1.56920743,-1.570836425,-1.568361998,-1.570746779,-1.570374608,-1.571108222,-1.575853348,-1.575324416,-1.575704575,-1.576132774,-1.574845791,-1.577069998,-1.575910568,-1.574220419,-1.574203491,-1.573240757,-1.574606538,-1.571711898,-1.570253253,-1.571606994,-1.570282817,-1.570925236,-1.570659399,-1.567893505,-1.56722939,-1.56712544,-1.569501281,-1.567592978,-1.568602681,-1.569604635,-1.572249532,-1.571452856,-1.570582509,-1.568391085,-1.568941474,-1.565694451,-1.564586878,-1.560284019,-1.550532937,-1.544993997,-1.538272142,-1.532683492,-1.527724147,-1.520174861,-1.52186811,-1.519132257,-1.519060016,-1.520181417,-1.519939065,-1.521858811,-1.524281859,-1.524379134,-1.526696086,-1.529762983,-1.530233145,-1.534109473,-1.533750057,-1.534442663,-1.537771225,-1.539931774,-1.54386735,-1.54503274,-1.54912734,-1.55018127,-1.552094579,-1.554949403,-1.558055162,-1.562830091,-1.566631913,-1.575220585,5.5
19,-1.673569798,-1.658623815,-1.661223769,-1.660882115,-1.666209221,-1.659174442,-1.663281322,-1.644044161,-1.654178381,-1.641836405,-1.642777443,-1.647846341,-1.643565059,-1.641742468,-1.644413948,-1.64335072,-1.645266652,-1.648298025,-1.649288177,-1.653218746,-1.651662469,-1.65240407,-1.65350008,-1.65536654,-1.654443741,-1.654854298,-1.656756163,-1.653348207,-1.653714776,-1.646751881,-1.651707292,-1.648467064,-1.648394346,-1.644300342,-1.642909884,-1.636072874,-1.631562591,-1.624772787,-1.622320414,-1.619712591,-1.61723125,-1.61956203,-1.617767096,-1.618538976,-1.616271734,-1.618404269,-1.618354082,-1.615862608,-1.618445396,-1.617005587,-1.619385242,-1.619182467,-1.622216702,-1.620477796,-1.623322725,-1.623130441,-1.619457364,-1.619354129,-1.614083648,-1.615932703,-1.611965418,-1.61430645,-1.608256817,-1.604216695,-1.602152228,-1.598915577,-1.59315896,-1.594830513,-1.592505217,-1.587947011,-1.58442235,-1.575479388,-1.569511771,-1.56189394,-1.556448936,-1.55319953,-1.552757978,-1.548803329,-1.551313043,-1.550090551,-1.547899127,-1.548670411,-1.549552321,-1.547808766,-1.549582601,-1.552573323,-1.552729011,-1.554870367,-1.556294441,-1.560181737,-1.560650706,-1.560926557,-1.560620904,-1.565039277,-1.567993879,-1.569217205,-1.570483923,-1.571215987,-1.574606061,-1.572422504,-1.57689786,-1.577021003,-1.580059409,-1.579169393,-1.580119014,-1.580654502,-1.579706192,-1.581026196,-1.582383633,-1.582915187,-1.586507797,-1.585688591,-1.587940335,-1.588280439,-1.586604238,-1.587379575,-1.588408232,-1.588593245,-1.586652398,-1.586147428,-1.587954402,-1.585483551,-1.585051656,-1.58377409,-1.580469728,-1.582891583,-1.581749439,-1.58035934,-1.583059788,-1.582658887,-1.585609198,-1.583031416,-1.583609581,-1.582162023,-1.584463596,-1.584079146,-1.58587265,-1.582532644,-1.585231423,-1.580173492,-1.579343319,-1.576084375,-1.571211815,-1.567640901,-1.561392188,-1.556826115,-1.55205822,-1.549659014,-1.547084689,-1.545258284,-1.543047428,-1.546283245,-1.544246197,-1.544954181,-1.54813683,-1.547410131,-1.548799276,-1.552403688,-1.552852154,-1.552630186,-1.556437731,-1.555938363,-1.561706901,-1.560675979,-1.562024355,-1.56180191,-1.568978071,-1.570852995,-1.567424655,-1.573773146,-1.574917078,-1.576189518,-1.582404971,-1.588988423,5.3
20,-1.693233848,-1.669966817,-1.684286475,-1.67636025,-1.685603619,-1.679309487,-1.67767179,-1.669426799,-1.668370008,-1.663846731,-1.667268872,-1.668857455,-1.665108681,-1.664846063,-1.664355159,-1.667504668,-1.664473891,-1.66885674,-1.671166897,-1.672715187,-1.676598072,-1.672934532,-1.675343394,-1.675906539,-1.67539084,-1.676435113,-1.676929474,-1.674771786,-1.677214146,-1.670676589,-1.673630714,-1.673126221,-1.671016812,-1.666968942,-1.667201161,-1.658325672,-1.654602289,-1.649291396,-1.646179676,-1.644756079,-1.643329263,-1.644328475,-1.643605947,-1.642959952,-1.641703725,-1.644147754,-1.644439697,-1.641154885,-1.644632101,-1.641679287,-1.644904733,-1.644837856,-1.645886064,-1.644747496,-1.64715302,-1.646664143,-1.643863559,-1.644234896,-1.639856219,-1.640317082,-1.63670218,-1.63842845,-1.632228494,-1.628453851,-1.628556013,-1.624068141,-1.620003343,-1.619869828,-1.61709547,-1.612887025,-1.609616995,-1.599378824,-1.594722986,-1.587112069,-1.582004905,-1.578451872,-1.57679081,-1.573217511,-1.574113369,-1.573343873,-1.571106195,-1.573315024,-1.573724627,-1.571582079,-1.573641896,-1.576204896,-1.578242064,-1.580571771,-1.580586195,-1.584749222,-1.584047437,-1.583575368,-1.583535075,-1.587733984,-1.590932369,-1.594029188,-1.594700694,-1.595929503,-1.599582553,-1.596861959,-1.601492047,-1.600745678,-1.603815198,-1.603388667,-1.604491711,-1.608160853,-1.606119037,-1.607512474,-1.607814431,-1.608745813,-1.611015081,-1.611024618,-1.613577724,-1.613465309,-1.611160517,-1.612888336,-1.612651825,-1.613746643,-1.61199379,-1.612758398,-1.613841772,-1.610839725,-1.611491561,-1.611553073,-1.607585907,-1.608371139,-1.607477903,-1.607912898,-1.609059691,-1.607943773,-1.61055994,-1.609466672,-1.609349251,-1.607187629,-1.609606624,-1.6110425,-1.610885382,-1.607252479,-1.609586954,-1.604769111,-1.606359005,-1.601897955,-1.597366929,-1.592759013,-1.586174607,-1.581514239,-1.576937914,-1.574317336,-1.571412563,-1.568904638,-1.566993356,-1.570604324,-1.569263101,-1.569834828,-1.571714282,-1.572399735,-1.574386954,-1.578705788,-1.581462979,-1.579167962,-1.583732367,-1.583275199,-1.585953355,-1.587274671,-1.590216875,-1.588634014,-1.596180081,-1.598838449,-1.597415924,-1.601921916,-1.603593111,-1.60626924,-1.613857985,-1.6185987,5.2
21,-1.689100504,-1.702354193,-1.700113773,-1.69442606,-1.697353005,-1.698279023,-1.687862158,-1.687283993,-1.691323996,-1.685138583,-1.68560338,-1.691259861,-1.692607164,-1.685708761,-1.686314821,-1.686678648,-1.689147949,-1.686446548,-1.686139107,-1.690921903,-1.690770268,-1.693586111,-1.689229608,-1.693074822,-1.694831014,-1.691357374,-1.694705248,-1.688738704,-1.687702894,-1.690468192,-1.691356421,-1.689803481,-1.687707305,-1.685700893,-1.683349609,-1.679082274,-1.673258781,-1.669402003,-1.666344523,-1.669041634,-1.666004777,-1.666270018,-1.664668798,-1.665629268,-1.662855387,-1.665368438,-1.666124225,-1.664910913,-1.66525352,-1.664674282,-1.667993665,-1.666612864,-1.667597294,-1.666476727,-1.667311907,-1.668503165,-1.66452992,-1.666634083,-1.664360166,-1.664803624,-1.660943747,-1.65918541,-1.654901266,-1.651572347,-1.650490761,-1.64915967,-1.647980809,-1.647692919,-1.643829703,-1.639599442,-1.635210037,-1.627954483,-1.620270967,-1.613013744,-1.607182622,-1.602974296,-1.600285172,-1.59585464,-1.597413778,-1.598325729,-1.596190929,-1.596390843,-1.594955206,-1.596311092,-1.595427036,-1.597236753,-1.59800756,-1.600813389,-1.602558494,-1.606682062,-1.608138561,-1.60745883,-1.608184457,-1.611733079,-1.615088105,-1.617369294,-1.616855621,-1.619874239,-1.621129632,-1.620881557,-1.624045491,-1.624795079,-1.628080845,-1.627933741,-1.628731608,-1.630411863,-1.629887938,-1.629816651,-1.630962014,-1.632883787,-1.634325027,-1.635381103,-1.638100982,-1.637030482,-1.634159327,-1.633226275,-1.634869218,-1.635187745,-1.634171963,-1.634179831,-1.634792686,-1.632641196,-1.633912921,-1.63186717,-1.629380226,-1.630260706,-1.629435897,-1.629299402,-1.630308032,-1.627714396,-1.629492044,-1.628864646,-1.63042295,-1.628441572,-1.629869938,-1.630012035,-1.627950549,-1.628751397,-1.629919291,-1.624998331,-1.624194741,-1.619301558,-1.613827586,-1.607439995,-1.598876834,-1.589455724,-1.582877994,-1.575948715,-1.577725887,-1.572795153,-1.569093227,-1.571716309,-1.570399046,-1.575287223,-1.576170206,-1.576654553,-1.577947617,-1.580832005,-1.584907174,-1.589356542,-1.589735627,-1.592447758,-1.597738981,-1.59616828,-1.601790667,-1.601735592,-1.605567098,-1.608595133,-1.608785272,-1.613918662,-1.615810394,-1.617709875,-1.624803424,-1.626993537,5.4
22,-1.679692745,-1.680557728,-1.67667532,-1.684325695,-1.681999207,-1.673606277,-1.670096397,-1.663095117,-1.661499977,-1.670827985,-1.661708355,-1.666654229,-1.656086922,-1.661076069,-1.662604213,-1.672173262,-1.663343787,-1.668715119,-1.663913131,-1.6685642,-1.666626215,-1.669612408,-1.66874671,-1.668646932,-1.668697596,-1.670202971,-1.668768287,-1.669243813,-1.668400168,-1.666325688,-1.665861368,-1.664772511,-1.666233063,-1.66030097,-1.658931494,-1.653656006,-1.651786089,-1.648544788,-1.647708893,-1.644853711,-1.644541621,-1.646369576,-1.641472816,-1.644343495,-1.64216876,-1.647462726,-1.644207358,-1.644696236,-1.646489739,-1.643513441,-1.646728754,-1.645675659,-1.645172596,-1.645366788,-1.647693634,-1.647467256,-1.644275546,-1.648046851,-1.642701983,-1.643221021,-1.640720844,-1.636538625,-1.636559844,-1.631550431,-1.629768014,-1.62957418,-1.625018001,-1.625237346,-1.621338964,-1.619004369,-1.615058064,-1.60934341,-1.603486538,-1.595196009,-1.594119549,-1.588089228,-1.587107778,-1.583192587,-1.583392262,-1.582241535,-1.580043674,-1.582561612,-1.582080603,-1.580260634,-1.583563924,-1.585554004,-1.586206555,-1.590028763,-1.589111447,-1.593862772,-1.59477222,-1.5948838,-1.595339775,-1.598579168,-1.600795746,-1.60454452,-1.603397131,-1.605657458,-1.608161688,-1.604692578,-1.607799768,-1.608604431,-1.614721656,-1.612020493,-1.613134027,-1.613747716,-1.613701463,-1.614403725,-1.616765141,-1.615991592,-1.616816282,-1.616357684,-1.619147301,-1.618514419,-1.61844492,-1.620364785,-1.61829257,-1.618990302,-1.61713922,-1.616980433,-1.61623311,-1.615610242,-1.616906643,-1.617247462,-1.616261601,-1.616200566,-1.614779472,-1.614320874,-1.616557002,-1.614688396,-1.616373897,-1.612877011,-1.617266059,-1.616483927,-1.617641211,-1.615536451,-1.615442157,-1.617338181,-1.618564725,-1.613284588,-1.61291635,-1.609190702,-1.606383801,-1.601596236,-1.595489979,-1.589224696,-1.581130743,-1.574550033,-1.573277235,-1.574107766,-1.572583318,-1.570144057,-1.572487831,-1.572580457,-1.574961066,-1.57602644,-1.576928139,-1.576623797,-1.577088952,-1.587274671,-1.589106441,-1.594095111,-1.592363,-1.591512799,-1.59526825,-1.5963943,-1.602680683,-1.606894255,-1.606241107,-1.60733366,-1.609972358,-1.614916563,-1.61801815,-1.622927547,6
23,-1.710737348,-1.715921998,-1.7084589,-1.712312102,-1.709163666,-1.707165837,-1.702532649,-1.700247884,-1.69841361,-1.697421074,-1.693830371,-1.695458293,-1.69155705,-1.696304917,-1.693208218,-1.705489397,-1.694288135,-1.700744271,-1.700382352,-1.698486567,-1.698312998,-1.702026367,-1.702831745,-1.700829864,-1.70276773,-1.70287025,-1.69918263,-1.702259898,-1.698876739,-1.698570132,-1.698348761,-1.696453929,-1.698380828,-1.692739606,-1.691481233,-1.685356855,-1.685346127,-1.679928899,-1.682049394,-1.678936124,-1.677722573,-1.678731441,-1.674949527,-1.676325083,-1.676100254,-1.680812359,-1.677339077,-1.677623987,-1.679533958,-1.676748157,-1.679858923,-1.678194523,-1.677834034,-1.677842975,-1.679492712,-1.678433657,-1.675912261,-1.678979874,-1.675183058,-1.675084472,-1.673133612,-1.670194507,-1.668778896,-1.664036393,-1.663146973,-1.662842155,-1.659306407,-1.659057856,-1.655323625,-1.651468515,-1.648684621,-1.643516302,-1.638556123,-1.632066488,-1.630158424,-1.62459898,-1.62558341,-1.621488333,-1.620933175,-1.619292617,-1.618473768,-1.619739771,-1.619786382,-1.618753791,-1.621027708,-1.623139381,-1.62554884,-1.626370072,-1.625999928,-1.62909472,-1.630675197,-1.629685521,-1.629619122,-1.631654859,-1.634089947,-1.63736093,-1.63658607,-1.637076855,-1.640054584,-1.636081457,-1.640263319,-1.641164422,-1.645658731,-1.644344091,-1.645163417,-1.644271731,-1.645500183,-1.646928549,-1.64707005,-1.645999432,-1.647157073,-1.646477699,-1.647689819,-1.648481131,-1.649056435,-1.650343537,-1.648263574,-1.647578478,-1.646966577,-1.6469419,-1.647615552,-1.645928741,-1.646861196,-1.645860553,-1.645494223,-1.645341396,-1.64412725,-1.64445591,-1.645976543,-1.643352747,-1.64552319,-1.641886115,-1.646814585,-1.646182418,-1.64573276,-1.644767284,-1.644334316,-1.645785689,-1.647043586,-1.642399788,-1.642952919,-1.639751434,-1.637509346,-1.631685019,-1.627190828,-1.624675989,-1.619040608,-1.613561511,-1.611959457,-1.612637639,-1.610897422,-1.60867703,-1.609711409,-1.612493634,-1.615294337,-1.615522027,-1.615950942,-1.617171288,-1.615876675,-1.624637961,-1.624644279,-1.628029108,-1.627185941,-1.627828956,-1.632015705,-1.632668734,-1.638068199,-1.638347626,-1.639765024,-1.641392469,-1.642780423,-1.646921635,-1.647903562,-1.651792169,6
24,-1.582292318,-1.595764756,-1.583978534,-1.594708323,-1.601752877,-1.575863481,-1.576935649,-1.579823375,-1.589825511,-1.579911351,-1.578381419,-1.582684159,-1.585331798,-1.572244406,-1.578465223,-1.575649142,-1.573467374,-1.579925537,-1.576768637,-1.576747298,-1.580788136,-1.581388235,-1.586263537,-1.581066251,-1.585400939,-1.581013322,-1.589854002,-1.581294179,-1.581183076,-1.583346128,-1.582454205,-1.585590124,-1.584965706,-1.577504635,-1.581032038,-1.571856022,-1.572003722,-1.563466191,-1.569080949,-1.561147094,-1.558025479,-1.561003447,-1.558583856,-1.55840981,-1.556944847,-1.558605909,-1.556280136,-1.555846214,-1.554267764,-1.554272532,-1.555517316,-1.556806087,-1.558290958,-1.557763457,-1.559561491,-1.560442686,-1.55871582,-1.556134582,-1.55233717,-1.5530653,-1.550314546,-1.551293612,-1.547920942,-1.545111656,-1.543486118,-1.543224573,-1.540042281,-1.538960576,-1.53751719,-1.532266259,-1.528407574,-1.518092155,-1.513216376,-1.506013751,-1.496655703,-1.491412401,-1.491780281,-1.487242579,-1.490949392,-1.486509204,-1.486758351,-1.485851884,-1.48566258,-1.483672857,-1.484490991,-1.486201167,-1.490836978,-1.492252111,-1.492471218,-1.49683845,-1.497238517,-1.497512221,-1.501320124,-1.500098944,-1.501127243,-1.506204128,-1.506570101,-1.504869342,-1.51049149,-1.506866097,-1.511045456,-1.513443351,-1.516906261,-1.517706633,-1.520159602,-1.521799564,-1.519586921,-1.51995635,-1.52150619,-1.51995945,-1.523771048,-1.524081349,-1.522939205,-1.521806836,-1.524134994,-1.526329517,-1.527503729,-1.525857806,-1.524965286,-1.5244807,-1.52628684,-1.522972345,-1.521591425,-1.523593903,-1.518445492,-1.520761132,-1.518328547,-1.520539165,-1.519859672,-1.519711733,-1.519846797,-1.519266844,-1.521580219,-1.52329731,-1.526700497,-1.526540875,-1.523223996,-1.523752809,-1.527653098,-1.52264607,-1.517561436,-1.515189648,-1.507444382,-1.502166986,-1.493945241,-1.491034985,-1.49058485,-1.483752847,-1.479948401,-1.478851914,-1.472227812,-1.476464152,-1.473134995,-1.47029233,-1.479556084,-1.481839299,-1.483094335,-1.484964132,-1.486476898,-1.482853889,-1.486246109,-1.489253163,-1.49304533,-1.49674952,-1.499120951,-1.496228933,-1.496341825,-1.505096912,-1.505573034,-1.509796143,-1.513585329,-1.513351202,-1.526467085,-1.519938588,5.3
25,-1.731828332,-1.74016881,-1.741171002,-1.741013765,-1.737696409,-1.734507084,-1.731930256,-1.733896613,-1.728804588,-1.728396058,-1.729038358,-1.721696377,-1.729223132,-1.72077322,-1.723442793,-1.726247549,-1.725496888,-1.723977685,-1.727447629,-1.728702545,-1.731753945,-1.72929585,-1.731743574,-1.728106022,-1.731385946,-1.731120586,-1.732889533,-1.729472995,-1.730989814,-1.728858709,-1.729930401,-1.731395602,-1.730957866,-1.723320603,-1.724725962,-1.720201015,-1.716664553,-1.712296247,-1.713586092,-1.708028078,-1.703870058,-1.707734346,-1.707067728,-1.706427455,-1.703548551,-1.705863118,-1.706839561,-1.70551908,-1.705319643,-1.706892014,-1.705404639,-1.705916166,-1.706101537,-1.706323743,-1.709043622,-1.70799911,-1.707734585,-1.70617044,-1.702137351,-1.702415109,-1.701767683,-1.699624658,-1.697940111,-1.694942594,-1.693601608,-1.69295609,-1.689910173,-1.689441323,-1.688668489,-1.683600903,-1.681324482,-1.674708605,-1.67097652,-1.663915634,-1.658274174,-1.651447892,-1.651251912,-1.648398519,-1.649482489,-1.648383021,-1.646635532,-1.649023652,-1.648055315,-1.647874236,-1.649722934,-1.648873091,-1.651331067,-1.652832985,-1.652544975,-1.657257199,-1.658407927,-1.659514785,-1.661605239,-1.663079739,-1.66332984,-1.665708661,-1.666517615,-1.667398214,-1.67193532,-1.667044759,-1.67045939,-1.671966195,-1.674672008,-1.673749328,-1.675616622,-1.676540971,-1.676326513,-1.677865267,-1.677598357,-1.678631186,-1.679792643,-1.679405928,-1.681267858,-1.680105686,-1.680366874,-1.680473566,-1.681354523,-1.680564284,-1.68061924,-1.679858327,-1.678985238,-1.677188039,-1.676135898,-1.678051114,-1.675225973,-1.675173998,-1.673097372,-1.673615694,-1.674827099,-1.673731446,-1.675148845,-1.674001932,-1.674504995,-1.6743536,-1.67617321,-1.676233292,-1.677210808,-1.673302293,-1.676549196,-1.671832085,-1.670425415,-1.666475892,-1.661230922,-1.656005263,-1.6518718,-1.6473912,-1.643968463,-1.638643503,-1.639226437,-1.637979031,-1.633292198,-1.633970499,-1.632266283,-1.633988976,-1.639378905,-1.639392495,-1.641062856,-1.641502619,-1.646703839,-1.646571517,-1.648565412,-1.647728324,-1.64892447,-1.649895072,-1.655325413,-1.653808594,-1.654465199,-1.659757853,-1.662715554,-1.666650295,-1.669271111,-1.666694641,-1.676518559,-1.677324057,5.3
26,-1.794073701,-1.78956449,-1.795064569,-1.796545863,-1.790246844,-1.787443161,-1.781808138,-1.788509846,-1.78754878,-1.781745195,-1.779390454,-1.783797979,-1.779021502,-1.782400131,-1.784263372,-1.785814404,-1.784879446,-1.787302494,-1.789542198,-1.787131667,-1.789713621,-1.79059732,-1.792348027,-1.791277409,-1.793209791,-1.789666057,-1.791122794,-1.790634513,-1.790439487,-1.787794471,-1.788509846,-1.787053823,-1.786352038,-1.783454657,-1.781331301,-1.775269985,-1.77270472,-1.766009331,-1.767890096,-1.769662619,-1.767902613,-1.766169429,-1.764597535,-1.76787734,-1.764929295,-1.765539885,-1.766219258,-1.766202569,-1.76662159,-1.763466477,-1.767594218,-1.767151833,-1.768362522,-1.76866436,-1.772135139,-1.769528031,-1.767359614,-1.768536687,-1.763798594,-1.763520718,-1.762025952,-1.760494828,-1.757134795,-1.753858924,-1.752925396,-1.750219464,-1.748506546,-1.747117758,-1.745618939,-1.742195129,-1.737640142,-1.731555223,-1.725375175,-1.720404387,-1.714984059,-1.70994544,-1.71059978,-1.708822966,-1.708055973,-1.705973506,-1.705393672,-1.706579566,-1.706917286,-1.706154108,-1.706224322,-1.709573865,-1.709409952,-1.713264346,-1.71427083,-1.716122508,-1.717603564,-1.719597101,-1.720069885,-1.72239852,-1.726020694,-1.725677252,-1.72692883,-1.728971601,-1.730354548,-1.728644371,-1.733025908,-1.733189583,-1.735305786,-1.734677076,-1.735040545,-1.737140656,-1.737995863,-1.739595175,-1.740011454,-1.739243865,-1.740432024,-1.742278457,-1.743396878,-1.742133856,-1.742998719,-1.743524909,-1.742393732,-1.74186182,-1.743279576,-1.742887855,-1.742407203,-1.740783095,-1.74041748,-1.738583326,-1.736645103,-1.737263203,-1.738590002,-1.735680223,-1.735970378,-1.734945655,-1.736133814,-1.735199332,-1.740674734,-1.739180923,-1.737763405,-1.737388015,-1.739446163,-1.736132026,-1.735920548,-1.731669784,-1.730719209,-1.727424026,-1.721629024,-1.719889045,-1.711644173,-1.706145048,-1.703439236,-1.69933176,-1.698840261,-1.698267817,-1.697819233,-1.698149443,-1.697705865,-1.696064234,-1.696446776,-1.69610703,-1.703421593,-1.700714111,-1.701785803,-1.706613898,-1.709092617,-1.709297776,-1.709971309,-1.710624695,-1.714702606,-1.71620822,-1.718379259,-1.719946742,-1.721060634,-1.724157453,-1.726394773,-1.729684472,-1.729994297,-1.735074878,6.2
27,-1.790725589,-1.798444748,-1.794978976,-1.797775269,-1.791977525,-1.802360535,-1.800258636,-1.792965174,-1.78887701,-1.793177962,-1.79026401,-1.785622239,-1.790186167,-1.783245564,-1.790770888,-1.786569595,-1.789877534,-1.792570949,-1.793552756,-1.792038798,-1.793043613,-1.796672702,-1.796936154,-1.796579957,-1.794515729,-1.795863986,-1.795705318,-1.795232058,-1.796906829,-1.797140479,-1.794475913,-1.795026064,-1.794168949,-1.791388154,-1.789075136,-1.785588861,-1.782173753,-1.774479389,-1.776704192,-1.775305748,-1.772803426,-1.773223042,-1.773763061,-1.773784637,-1.772891283,-1.775435925,-1.773904085,-1.773244143,-1.774909973,-1.773556352,-1.775707722,-1.774843812,-1.774630785,-1.77509582,-1.775494218,-1.776593208,-1.775096416,-1.774549723,-1.771258116,-1.771988869,-1.768515468,-1.766847014,-1.763852239,-1.761693716,-1.759798169,-1.757485628,-1.754958034,-1.753736496,-1.750790477,-1.74603498,-1.744051576,-1.737451434,-1.7305305,-1.724923849,-1.718176961,-1.715156555,-1.714610696,-1.712595701,-1.710421324,-1.709802389,-1.707051396,-1.710506678,-1.710339665,-1.708652973,-1.710718036,-1.711577058,-1.71231854,-1.715370297,-1.715540648,-1.718262792,-1.72106564,-1.72253561,-1.724676013,-1.726205945,-1.728192449,-1.729542017,-1.73140049,-1.730508924,-1.7332865,-1.732156515,-1.734333277,-1.735164762,-1.738203764,-1.738479137,-1.742275238,-1.742518663,-1.742734313,-1.743709683,-1.743001103,-1.744828224,-1.744413495,-1.743200898,-1.746067047,-1.746227145,-1.745301962,-1.744286299,-1.745977879,-1.744431257,-1.743814588,-1.744273067,-1.744676948,-1.743961215,-1.742973328,-1.741060138,-1.738462448,-1.741227984,-1.742624521,-1.740891576,-1.739885449,-1.740263104,-1.740645885,-1.739560127,-1.741238952,-1.741958261,-1.743113995,-1.743869543,-1.74214077,-1.741653204,-1.741659641,-1.737698793,-1.73559618,-1.731101513,-1.726440191,-1.722366571,-1.71785903,-1.711672783,-1.708158612,-1.702235103,-1.701522112,-1.698981285,-1.698070645,-1.699157238,-1.701080322,-1.700215578,-1.705025077,-1.705607414,-1.705437899,-1.707340956,-1.706350803,-1.708676338,-1.709804177,-1.712580442,-1.714810491,-1.714885712,-1.717351198,-1.71881187,-1.718486428,-1.722625017,-1.728434324,-1.729729414,-1.73184669,-1.733030081,-1.737840176,-1.741041899,5.5
28,-1.757765055,-1.763264537,-1.764376044,-1.767534733,-1.760397792,-1.766566157,-1.766450167,-1.762830496,-1.754291773,-1.758487821,-1.757424951,-1.753839016,-1.756108284,-1.75136137,-1.755538583,-1.752559304,-1.756806016,-1.758239031,-1.758786798,-1.757841587,-1.757515788,-1.762619257,-1.762447357,-1.762277007,-1.761133909,-1.76257956,-1.76160717,-1.761814117,-1.761507988,-1.762655377,-1.760600448,-1.762639046,-1.760026574,-1.757513404,-1.756238937,-1.752444267,-1.749347687,-1.743901372,-1.745451331,-1.744737029,-1.743216515,-1.743235588,-1.742164969,-1.74400115,-1.741368413,-1.743879318,-1.742752552,-1.741353989,-1.744140267,-1.743077874,-1.743793726,-1.743441343,-1.743100882,-1.743646979,-1.744728565,-1.74529314,-1.74358809,-1.744417429,-1.73920095,-1.741354227,-1.738603592,-1.736825943,-1.733550787,-1.731681108,-1.730432034,-1.729294419,-1.727782965,-1.726630807,-1.723443508,-1.719876647,-1.718857527,-1.712739348,-1.706934094,-1.701261759,-1.695826054,-1.694512844,-1.692862153,-1.68990624,-1.688832521,-1.689485192,-1.685713291,-1.689067125,-1.688759804,-1.687021852,-1.688587785,-1.689849377,-1.691185355,-1.693360329,-1.692699075,-1.695905089,-1.698556066,-1.700148344,-1.700852394,-1.702951431,-1.703620315,-1.704411507,-1.70529449,-1.705608368,-1.708628178,-1.706505179,-1.70836401,-1.708428979,-1.711871743,-1.712802887,-1.716675758,-1.715297699,-1.71571064,-1.716728687,-1.716115952,-1.71819818,-1.719530821,-1.718902946,-1.719614983,-1.719236135,-1.718608618,-1.719326973,-1.720343232,-1.719406247,-1.719035268,-1.721001506,-1.72105062,-1.718790531,-1.71823597,-1.717105865,-1.7163378,-1.717290401,-1.716541886,-1.71562922,-1.716089606,-1.716406465,-1.718197584,-1.718203783,-1.718242884,-1.719593048,-1.718788743,-1.719713807,-1.718970299,-1.718345165,-1.718934059,-1.715069175,-1.715674996,-1.711089611,-1.705417752,-1.69940877,-1.695558429,-1.690331817,-1.686318398,-1.681203246,-1.680466294,-1.678477168,-1.676953793,-1.67789185,-1.681129813,-1.681760669,-1.686027169,-1.685075283,-1.684751391,-1.686271548,-1.686069489,-1.688906789,-1.689709425,-1.691895723,-1.696277261,-1.694859982,-1.699284911,-1.699365854,-1.699303746,-1.702519894,-1.706933379,-1.709847808,-1.711685419,-1.71315074,-1.716041923,-1.718645811,5.6
29,-1.760306954,-1.750545263,-1.755051613,-1.75233829,-1.755503178,-1.748861551,-1.755037904,-1.748376608,-1.753800273,-1.746184707,-1.74926734,-1.742436886,-1.747839928,-1.743794799,-1.74575901,-1.751276255,-1.744768023,-1.750639915,-1.750098109,-1.752415061,-1.751581669,-1.754307151,-1.754963994,-1.755206227,-1.757007122,-1.754742026,-1.756287575,-1.754358768,-1.754648328,-1.751425982,-1.75310719,-1.752409339,-1.751781702,-1.746851325,-1.749005318,-1.742722511,-1.741017818,-1.740082502,-1.7385602,-1.735221028,-1.737438202,-1.737208009,-1.737924576,-1.736137033,-1.734655857,-1.73958838,-1.736957908,-1.738251686,-1.738908291,-1.739340663,-1.738421679,-1.73916018,-1.739092946,-1.739973187,-1.738080978,-1.74062109,-1.738249063,-1.738094926,-1.735033274,-1.736074924,-1.734401464,-1.734203935,-1.731011391,-1.730201006,-1.727433443,-1.725139737,-1.724447012,-1.720842481,-1.720608711,-1.717729688,-1.715832949,-1.710081458,-1.706021309,-1.701657295,-1.696543932,-1.693995953,-1.693538904,-1.691580176,-1.692299247,-1.690794706,-1.690713882,-1.690616727,-1.692253709,-1.691017747,-1.69169724,-1.692504168,-1.692308545,-1.693500757,-1.694893241,-1.698956966,-1.700975299,-1.700388551,-1.700323582,-1.702388048,-1.703931212,-1.706366658,-1.707476377,-1.708632588,-1.711127043,-1.708528876,-1.713082552,-1.713059545,-1.71538806,-1.715319037,-1.717645884,-1.715557456,-1.716911554,-1.718709469,-1.719502211,-1.720666885,-1.72084868,-1.720446706,-1.721673727,-1.722584605,-1.72238791,-1.721878529,-1.721948862,-1.722954273,-1.721749663,-1.722321868,-1.722225785,-1.721073031,-1.721662283,-1.722080112,-1.719072104,-1.718517303,-1.71987474,-1.718446255,-1.718189955,-1.719273686,-1.719957471,-1.717522264,-1.717438102,-1.719454288,-1.719821811,-1.719783545,-1.720627666,-1.720873356,-1.723150015,-1.718950629,-1.718514562,-1.713581681,-1.712741017,-1.710996389,-1.705814838,-1.702153921,-1.699473739,-1.696878314,-1.694978476,-1.695720434,-1.692767739,-1.69293046,-1.694236994,-1.694017529,-1.69575119,-1.696203232,-1.697034836,-1.698738456,-1.701024294,-1.704317212,-1.706566811,-1.706522584,-1.706979394,-1.709573865,-1.708702087,-1.710764408,-1.713986158,-1.714969516,-1.71631074,-1.71816361,-1.72079742,-1.719404817,-1.721678019,-1.724710703,5.6
30,-1.779475331,-1.774945736,-1.774466515,-1.78302753,-1.776367545,-1.773982167,-1.775655985,-1.766974807,-1.761290431,-1.767461777,-1.767331839,-1.764959455,-1.766388535,-1.769402504,-1.76671946,-1.772649765,-1.770721912,-1.769948602,-1.775877833,-1.77258575,-1.774376869,-1.776748538,-1.773748994,-1.777800083,-1.777230024,-1.777735949,-1.777369857,-1.773717523,-1.774486184,-1.773575187,-1.774011731,-1.770595074,-1.773512244,-1.767863631,-1.768049836,-1.760835648,-1.756300688,-1.753963351,-1.752298236,-1.747947931,-1.75057435,-1.749115348,-1.749453068,-1.749021888,-1.746931314,-1.752315164,-1.750355601,-1.750198007,-1.75287962,-1.749486804,-1.752244115,-1.753445745,-1.756420493,-1.754377961,-1.754246831,-1.753101707,-1.752675533,-1.752652645,-1.748871446,-1.747811556,-1.745518446,-1.74659574,-1.741171241,-1.737402558,-1.734429121,-1.733286023,-1.731427789,-1.72878933,-1.726302743,-1.72164619,-1.7178756,-1.710909128,-1.703485131,-1.695850253,-1.69035542,-1.684396744,-1.683505535,-1.681925297,-1.67924726,-1.679826617,-1.678635597,-1.679053664,-1.681424618,-1.680513501,-1.682483554,-1.68398881,-1.685130835,-1.68897593,-1.688076019,-1.692831039,-1.693867326,-1.696604252,-1.695831776,-1.699754477,-1.701369524,-1.703950286,-1.704116106,-1.706373096,-1.709320426,-1.709468842,-1.712598085,-1.712985635,-1.716122389,-1.715422392,-1.717576623,-1.719684839,-1.719630718,-1.719787478,-1.720053434,-1.721091509,-1.722558975,-1.721535325,-1.722628593,-1.722298861,-1.721964478,-1.721666574,-1.72299099,-1.722882986,-1.722858667,-1.722309589,-1.723001599,-1.722327232,-1.720365286,-1.721191168,-1.717766285,-1.718384981,-1.718179703,-1.718493819,-1.716730833,-1.71630466,-1.717945218,-1.716364741,-1.717971325,-1.717683196,-1.719238162,-1.717832804,-1.719525814,-1.717592955,-1.719672918,-1.713987231,-1.715178967,-1.708772421,-1.702509522,-1.69794178,-1.69143343,-1.684676528,-1.680534005,-1.674359202,-1.673419356,-1.6704458,-1.669154763,-1.670508146,-1.67146647,-1.67276144,-1.675628662,-1.675143361,-1.677783728,-1.679483891,-1.680686712,-1.681451201,-1.684721708,-1.687755942,-1.688582778,-1.686084151,-1.693829417,-1.696062446,-1.698441267,-1.703374147,-1.704241753,-1.705346465,-1.709393978,-1.713327885,-1.717159033,-1.720106483,6
31,-1.728091359,-1.724945307,-1.74236834,-1.721395493,-1.724432468,-1.729289532,-1.730383158,-1.724091887,-1.72358489,-1.720757842,-1.718658209,-1.72276938,-1.72242105,-1.721190572,-1.725296259,-1.719982862,-1.722805858,-1.724116802,-1.722857118,-1.723407626,-1.725656986,-1.725759983,-1.726311922,-1.726107836,-1.725805163,-1.726024151,-1.725574255,-1.725958467,-1.724870682,-1.721886039,-1.725076437,-1.724917173,-1.721616864,-1.721089125,-1.718629956,-1.715524316,-1.710278392,-1.7079072,-1.708274364,-1.707134128,-1.708197713,-1.707329035,-1.706714869,-1.706855059,-1.705865741,-1.705756783,-1.706100106,-1.704628229,-1.707855701,-1.707002759,-1.707334876,-1.707059503,-1.70810473,-1.708815217,-1.709013581,-1.709327936,-1.70725441,-1.708594203,-1.705317378,-1.705377102,-1.703882098,-1.702780247,-1.700332999,-1.69750154,-1.695430756,-1.693745971,-1.691769958,-1.690529108,-1.689235568,-1.68607688,-1.682638049,-1.67778492,-1.672547817,-1.665500402,-1.662955999,-1.660227299,-1.659385324,-1.656555533,-1.656736493,-1.653856516,-1.655595183,-1.654113054,-1.65508604,-1.654809713,-1.656627059,-1.657051444,-1.659728289,-1.660485268,-1.660769343,-1.661837578,-1.664888382,-1.66529429,-1.665428281,-1.669999599,-1.671104789,-1.671794891,-1.67209959,-1.673447609,-1.675050974,-1.674754739,-1.676869273,-1.676446795,-1.679674268,-1.678858876,-1.678328276,-1.680473208,-1.681344509,-1.683024645,-1.684121132,-1.68416214,-1.684107542,-1.684311867,-1.686354876,-1.686079979,-1.683650017,-1.685922503,-1.688712239,-1.685886741,-1.686074495,-1.687740088,-1.688341856,-1.684306026,-1.68423593,-1.681975603,-1.682298303,-1.684095621,-1.684678555,-1.68370235,-1.68245542,-1.680844426,-1.683879972,-1.682495594,-1.68285048,-1.683513403,-1.68446064,-1.683709741,-1.684375644,-1.68178606,-1.686025023,-1.68191123,-1.680828094,-1.67612195,-1.673745751,-1.670624852,-1.664197803,-1.659394145,-1.656362057,-1.653270841,-1.65227592,-1.651998997,-1.649565458,-1.649171114,-1.650411367,-1.652048707,-1.653362393,-1.655681133,-1.655080914,-1.655755401,-1.65606451,-1.65974009,-1.660978436,-1.663067579,-1.66349566,-1.663629651,-1.668641686,-1.66886282,-1.673168302,-1.674012661,-1.674476743,-1.673766732,-1.676168203,-1.677004218,-1.684603214,-1.68423152,4.9
32,-1.694222093,-1.692103505,-1.718008041,-1.692352057,-1.696185946,-1.701460123,-1.696213007,-1.698490739,-1.692520261,-1.688640237,-1.687386751,-1.696714401,-1.692803383,-1.691196918,-1.695241332,-1.689800739,-1.696983576,-1.694388509,-1.69651103,-1.694816947,-1.696600318,-1.698877335,-1.697879434,-1.698892355,-1.697933674,-1.698066831,-1.697486877,-1.697623014,-1.696876645,-1.694333196,-1.697724581,-1.697243571,-1.695138335,-1.694123745,-1.691274285,-1.689332008,-1.683698058,-1.68340528,-1.681730747,-1.681580067,-1.681380868,-1.681881189,-1.681440115,-1.681704402,-1.679086208,-1.680626988,-1.680717707,-1.679905057,-1.682858229,-1.679941058,-1.684075952,-1.682471037,-1.68347919,-1.684237361,-1.684158802,-1.685310006,-1.682801604,-1.684412599,-1.681209922,-1.68111062,-1.679988146,-1.678900838,-1.677052736,-1.673546433,-1.673005462,-1.671664357,-1.671215892,-1.670698285,-1.668418765,-1.664583683,-1.661680341,-1.657629728,-1.652491808,-1.648002505,-1.644904137,-1.642322779,-1.643300891,-1.639166713,-1.639092922,-1.636504292,-1.638129473,-1.63819313,-1.637385964,-1.636436462,-1.638253689,-1.639933944,-1.641660213,-1.643665433,-1.642473459,-1.645197034,-1.647495747,-1.648359537,-1.648413539,-1.652031302,-1.654426813,-1.655653,-1.654509425,-1.655466795,-1.657125592,-1.655759335,-1.659201741,-1.658667803,-1.661774158,-1.661836267,-1.660792351,-1.66224575,-1.663045883,-1.663339853,-1.664269328,-1.664612055,-1.664842844,-1.665599942,-1.668010712,-1.66745019,-1.666587949,-1.66614604,-1.668398499,-1.665774703,-1.666599154,-1.66870141,-1.669583678,-1.664710164,-1.66536665,-1.665383458,-1.665183187,-1.666775942,-1.666983724,-1.666965365,-1.665148854,-1.662225127,-1.665540099,-1.664803982,-1.665175676,-1.666342974,-1.666032553,-1.667200089,-1.668528199,-1.663897872,-1.668280602,-1.6645509,-1.664622664,-1.659861207,-1.657182813,-1.654762268,-1.649070263,-1.645222664,-1.642288923,-1.636977553,-1.635913372,-1.635033011,-1.633125424,-1.634472609,-1.636130095,-1.637039065,-1.638820767,-1.640595675,-1.641186357,-1.641884923,-1.643175721,-1.643722415,-1.646457314,-1.648517847,-1.650156856,-1.648371816,-1.651355982,-1.650900483,-1.656202674,-1.659833193,-1.659591436,-1.659053683,-1.662656188,-1.662149668,-1.666691422,-1.667078853,4.8
33,-1.687160611,-1.686589599,-1.683583498,-1.693971872,-1.680912852,-1.684521675,-1.681951642,-1.678548574,-1.683063626,-1.686177969,-1.67655015,-1.678167701,-1.677252531,-1.673275471,-1.678484082,-1.672299147,-1.676496863,-1.680890799,-1.673845291,-1.676146626,-1.680703998,-1.67798996,-1.67972374,-1.679212928,-1.679374218,-1.679775238,-1.681752443,-1.679106355,-1.6803689,-1.676805139,-1.676580906,-1.68022871,-1.678673506,-1.677322268,-1.678137779,-1.670526624,-1.671473145,-1.67004478,-1.665291786,-1.667478919,-1.66413939,-1.664411426,-1.663827777,-1.667457461,-1.663452744,-1.666308284,-1.665808797,-1.665655136,-1.668802619,-1.663118958,-1.668225765,-1.667249084,-1.667315722,-1.667705297,-1.669109464,-1.670578361,-1.668303013,-1.667856455,-1.663224101,-1.665474772,-1.662647724,-1.663587332,-1.659926176,-1.6608181,-1.660713792,-1.658389211,-1.656783938,-1.657645106,-1.654738426,-1.65331018,-1.651516438,-1.646871805,-1.644432545,-1.639462948,-1.636353731,-1.633775711,-1.633444428,-1.631214023,-1.632649422,-1.63242352,-1.630717874,-1.631191611,-1.632812142,-1.630344868,-1.632063985,-1.634774208,-1.632798195,-1.635230184,-1.635183454,-1.636522174,-1.638667583,-1.640865326,-1.638814569,-1.641320229,-1.644155383,-1.645857096,-1.645755291,-1.64834106,-1.648808002,-1.644196868,-1.648381233,-1.648220539,-1.651196718,-1.65135169,-1.651889443,-1.652443409,-1.652008533,-1.65354991,-1.652539849,-1.653463721,-1.656173944,-1.653528214,-1.655943394,-1.654444456,-1.656447172,-1.656747222,-1.657668829,-1.657627702,-1.656371474,-1.657408714,-1.657741666,-1.655902624,-1.658218145,-1.654934764,-1.653061271,-1.654811859,-1.657815099,-1.656252861,-1.656157136,-1.657125354,-1.656744719,-1.656765223,-1.657014608,-1.656255245,-1.658331275,-1.657767892,-1.657649159,-1.657213449,-1.658553362,-1.65471077,-1.65503335,-1.653596401,-1.647625208,-1.646801233,-1.641300917,-1.642462134,-1.640198112,-1.636097908,-1.638530493,-1.636735559,-1.634483218,-1.635867,-1.638560295,-1.639136076,-1.638676524,-1.641550422,-1.64027667,-1.640545726,-1.644749165,-1.645345688,-1.646865368,-1.646808982,-1.647630095,-1.64877975,-1.651922226,-1.651513696,-1.655516386,-1.652621031,-1.656802416,-1.659841776,-1.659429669,-1.658765197,-1.662099242,-1.660693169,5.1
34,-1.757468462,-1.754332066,-1.750041008,-1.751238346,-1.755090475,-1.746741414,-1.751954794,-1.748940825,-1.743939042,-1.739105344,-1.742073655,-1.742659807,-1.741438031,-1.741747737,-1.74439919,-1.744674921,-1.749348164,-1.748092651,-1.748857617,-1.744357347,-1.748649955,-1.748852849,-1.750398636,-1.752049804,-1.748484254,-1.748142362,-1.748868465,-1.751147866,-1.746649861,-1.744750381,-1.746853948,-1.746621251,-1.7425282,-1.743064642,-1.739780903,-1.733573079,-1.73117888,-1.724591613,-1.723848462,-1.724924088,-1.725367069,-1.72276473,-1.723857522,-1.723844171,-1.722260356,-1.725436568,-1.723508716,-1.723940611,-1.724180579,-1.722515106,-1.725931525,-1.725955248,-1.726189017,-1.726676464,-1.728910565,-1.726567507,-1.725151777,-1.725849986,-1.719579101,-1.720416069,-1.718418598,-1.718695402,-1.714911938,-1.712041974,-1.710964918,-1.708911538,-1.707586527,-1.704834223,-1.703680277,-1.699810028,-1.695688367,-1.690898299,-1.685853839,-1.679118514,-1.676508665,-1.672724009,-1.672245145,-1.669957399,-1.668502688,-1.668218851,-1.667696238,-1.667243123,-1.666972995,-1.664750218,-1.666648507,-1.669270754,-1.671135426,-1.672300816,-1.673050523,-1.676027536,-1.675636888,-1.677203774,-1.677110076,-1.680020213,-1.682299495,-1.682963848,-1.684525132,-1.6856637,-1.684825778,-1.683903694,-1.686793327,-1.687722802,-1.689395428,-1.69147253,-1.692649007,-1.694753408,-1.693152428,-1.694356203,-1.694963694,-1.694990873,-1.695485592,-1.696433902,-1.697534561,-1.697082639,-1.695443034,-1.696370959,-1.697036505,-1.694384813,-1.693441272,-1.696031213,-1.69577229,-1.69255352,-1.693495274,-1.692041516,-1.692596316,-1.694295883,-1.692391872,-1.688002586,-1.691635489,-1.691966176,-1.692548394,-1.689813375,-1.691042542,-1.692652106,-1.693989158,-1.692094803,-1.694512725,-1.692013144,-1.693770528,-1.690245628,-1.689965963,-1.685636997,-1.680900455,-1.680829048,-1.67208004,-1.670071125,-1.664417624,-1.658831716,-1.657508492,-1.656674743,-1.656093955,-1.654045701,-1.656253576,-1.655345321,-1.661346674,-1.657905459,-1.660479903,-1.661449313,-1.663925648,-1.664751172,-1.666280985,-1.667437553,-1.670174479,-1.669849396,-1.674931049,-1.674037933,-1.677626967,-1.678636193,-1.682009935,-1.684106231,-1.684997439,-1.68529582,-1.691405654,-1.693891168,5.6
35,-1.740093112,-1.734598279,-1.731553316,-1.73421061,-1.737063527,-1.729113579,-1.732996583,-1.729659796,-1.724038482,-1.721342206,-1.726420641,-1.724854946,-1.719905019,-1.723967314,-1.725112796,-1.726281762,-1.729765415,-1.72713685,-1.729013085,-1.724748731,-1.729034901,-1.728307128,-1.730791926,-1.731759906,-1.728107095,-1.727117777,-1.728113532,-1.731939197,-1.726409793,-1.725760937,-1.726184249,-1.726813674,-1.721891165,-1.723003387,-1.719801426,-1.711696148,-1.711377501,-1.70424974,-1.703079939,-1.703820109,-1.702927351,-1.701571465,-1.702609539,-1.702273011,-1.701855659,-1.704019666,-1.703348756,-1.702605844,-1.702015996,-1.700025797,-1.704120994,-1.704774141,-1.70544374,-1.705561876,-1.707208991,-1.704833031,-1.703157663,-1.70503819,-1.697545171,-1.698962688,-1.69701314,-1.697455406,-1.693724871,-1.690855265,-1.689332962,-1.686939597,-1.685684919,-1.682969689,-1.68114996,-1.677682161,-1.673276663,-1.667679071,-1.662028193,-1.655651569,-1.652435422,-1.647949815,-1.647692204,-1.644888043,-1.642067909,-1.642032504,-1.640974045,-1.641278148,-1.642216086,-1.638608575,-1.640822768,-1.643048525,-1.644752145,-1.645794034,-1.647554278,-1.650265574,-1.650176048,-1.651931047,-1.652176738,-1.655003309,-1.657882333,-1.658806682,-1.659491062,-1.660333872,-1.660336733,-1.657983422,-1.661880136,-1.661743164,-1.664629936,-1.666221619,-1.667567611,-1.670277596,-1.669223189,-1.670555115,-1.669640899,-1.669705033,-1.671371102,-1.670633554,-1.672317147,-1.673489332,-1.671894789,-1.672258377,-1.672875762,-1.66871202,-1.668952107,-1.671350121,-1.670773506,-1.667345762,-1.66855514,-1.668127656,-1.667097092,-1.667055607,-1.665538311,-1.66335988,-1.667217851,-1.664736748,-1.665385365,-1.664363623,-1.664510131,-1.664530158,-1.664865017,-1.664645791,-1.666315913,-1.663878202,-1.665026546,-1.661355853,-1.661651254,-1.657819152,-1.653032422,-1.652808666,-1.642382383,-1.638543725,-1.633427858,-1.629250884,-1.627336383,-1.625725508,-1.625436902,-1.62333858,-1.626491189,-1.625480413,-1.630213976,-1.628945351,-1.63143909,-1.630254388,-1.632787824,-1.636226296,-1.637306213,-1.637677073,-1.64063251,-1.63936758,-1.644874692,-1.646365047,-1.648454905,-1.648239851,-1.652974606,-1.654184461,-1.655403495,-1.656060338,-1.664759159,-1.667917252,5.6
36,-1.686002612,-1.675802708,-1.668835521,-1.684383154,-1.673193336,-1.674945831,-1.671329975,-1.660527468,-1.664365172,-1.657119989,-1.662643433,-1.654235721,-1.655349255,-1.660838842,-1.665910602,-1.657799482,-1.663026452,-1.665061474,-1.663755298,-1.665059209,-1.66677773,-1.668642044,-1.671467304,-1.669068098,-1.671073079,-1.669602156,-1.670295238,-1.666689277,-1.667264938,-1.663601637,-1.662633419,-1.661970139,-1.660637856,-1.655529857,-1.653599024,-1.646019459,-1.639855385,-1.633435011,-1.633298755,-1.632740378,-1.63231349,-1.630029678,-1.625812054,-1.630494237,-1.628219008,-1.63000083,-1.628365517,-1.630482435,-1.631283164,-1.631276488,-1.633992434,-1.634445667,-1.63082993,-1.634268761,-1.633057833,-1.636611462,-1.632166862,-1.633946538,-1.629395604,-1.626247525,-1.625332594,-1.622847319,-1.617180705,-1.614241362,-1.609401345,-1.606371522,-1.602026224,-1.603831768,-1.598473668,-1.593101501,-1.587759852,-1.578973532,-1.570530176,-1.561563969,-1.554795504,-1.550873518,-1.54853189,-1.546895504,-1.544604421,-1.543373585,-1.542493582,-1.543969631,-1.545710802,-1.542335629,-1.545543075,-1.548573852,-1.548478246,-1.552333593,-1.552562952,-1.556162715,-1.556473494,-1.55820775,-1.558826923,-1.563935161,-1.566680431,-1.568206072,-1.569831491,-1.570993066,-1.573259354,-1.570996165,-1.575512648,-1.575142741,-1.578920484,-1.580668926,-1.580636382,-1.583782673,-1.583129644,-1.585659742,-1.585316777,-1.585848808,-1.586939335,-1.587439179,-1.586783886,-1.58813858,-1.587469459,-1.589246988,-1.587781787,-1.584908128,-1.584783077,-1.585435629,-1.584063292,-1.582022429,-1.585105777,-1.584238648,-1.579859972,-1.580345988,-1.579745412,-1.577100635,-1.577812195,-1.577216625,-1.578938127,-1.577612281,-1.577937841,-1.577808619,-1.581017256,-1.580828428,-1.57981801,-1.577204943,-1.579072595,-1.573530912,-1.575915575,-1.566908121,-1.564575315,-1.560726881,-1.553514481,-1.546094894,-1.54225111,-1.535782337,-1.534018278,-1.532498479,-1.528844118,-1.530834913,-1.530896902,-1.532575011,-1.532453179,-1.531615853,-1.536849022,-1.534701347,-1.542448044,-1.542901158,-1.544933677,-1.546314478,-1.550030947,-1.546732306,-1.552408218,-1.555104971,-1.557470679,-1.560990095,-1.566208005,-1.568103671,-1.574090362,-1.578900099,-1.580294371,-1.586415648,6
37,-1.705602884,-1.703795314,-1.695576549,-1.711763978,-1.69828105,-1.702621579,-1.699367523,-1.684504867,-1.693227172,-1.689908028,-1.687547088,-1.681490779,-1.684205055,-1.687840819,-1.69233799,-1.682276487,-1.691544652,-1.691569805,-1.6905123,-1.693694472,-1.693988204,-1.694864392,-1.69837141,-1.695857167,-1.698438168,-1.697049856,-1.69939816,-1.694348574,-1.693157554,-1.691390872,-1.690714598,-1.689589262,-1.687315583,-1.684271336,-1.682678103,-1.674425602,-1.669427037,-1.661898136,-1.662248969,-1.663446784,-1.662034273,-1.660016418,-1.656556249,-1.660118818,-1.657610297,-1.660846353,-1.660466194,-1.660390019,-1.663151264,-1.65966785,-1.663408637,-1.663469434,-1.66162169,-1.663580179,-1.66208601,-1.665398359,-1.661182523,-1.66292417,-1.659213901,-1.65701282,-1.655697823,-1.65378809,-1.648366809,-1.647177458,-1.642516732,-1.639731407,-1.636936665,-1.637607813,-1.633257866,-1.62887454,-1.624264121,-1.617339373,-1.609006166,-1.600386143,-1.595327973,-1.591972351,-1.588962913,-1.58600688,-1.58450079,-1.584351301,-1.581711531,-1.58414495,-1.586570501,-1.583709002,-1.585440874,-1.58670485,-1.588231683,-1.592553496,-1.590907454,-1.594102502,-1.59520936,-1.597730994,-1.5977633,-1.602561474,-1.605477571,-1.607156992,-1.607037783,-1.608648062,-1.612072349,-1.608513951,-1.612732172,-1.612402201,-1.616613984,-1.61928308,-1.619010925,-1.621122956,-1.621602893,-1.623234868,-1.622355103,-1.622932911,-1.625634789,-1.625565767,-1.624806404,-1.626175761,-1.625213742,-1.625798583,-1.625755429,-1.624246955,-1.623528123,-1.625236988,-1.62419486,-1.620839953,-1.624274373,-1.622068524,-1.618007183,-1.619627357,-1.619654536,-1.616338015,-1.618012786,-1.617080927,-1.617601395,-1.618005753,-1.61906898,-1.618769526,-1.620676637,-1.620322108,-1.620155215,-1.618418574,-1.618702292,-1.613688231,-1.616307497,-1.609115839,-1.604584455,-1.602522731,-1.594805002,-1.587754488,-1.58205688,-1.57168591,-1.572231889,-1.569256425,-1.56832552,-1.568220615,-1.569453359,-1.571342111,-1.57124126,-1.571551323,-1.575831532,-1.574843764,-1.580893874,-1.579854727,-1.581478477,-1.584171534,-1.58907342,-1.583729029,-1.59104979,-1.593176126,-1.594737768,-1.597463369,-1.603726387,-1.605774999,-1.610999823,-1.615558267,-1.617230177,-1.622830868,6
38,-1.718034267,-1.721373558,-1.72377646,-1.719270825,-1.719351888,-1.720736146,-1.713730216,-1.720687747,-1.714101672,-1.712948561,-1.70528698,-1.709983706,-1.710204482,-1.70347321,-1.71675849,-1.712939501,-1.71549964,-1.708314776,-1.717835188,-1.717501044,-1.712273955,-1.717882752,-1.718889356,-1.71746242,-1.718587875,-1.717207789,-1.715234876,-1.717800021,-1.71968925,-1.71389854,-1.713981509,-1.714101434,-1.71230185,-1.708758831,-1.708319426,-1.70461154,-1.69705689,-1.696806312,-1.698873162,-1.694447517,-1.69460988,-1.69494617,-1.690818071,-1.693038702,-1.692620754,-1.694147587,-1.695265412,-1.693786502,-1.695142865,-1.695337296,-1.696219802,-1.695600867,-1.697313786,-1.695031285,-1.69628787,-1.69771719,-1.694441557,-1.694699049,-1.691508293,-1.690771818,-1.688806057,-1.68882513,-1.686083436,-1.681991339,-1.679964304,-1.678624153,-1.676925302,-1.675269365,-1.674206734,-1.669875383,-1.667904973,-1.661103725,-1.656042337,-1.652344346,-1.648994446,-1.645801306,-1.646630049,-1.644665718,-1.643777251,-1.644616723,-1.642505527,-1.642567039,-1.642888069,-1.640746593,-1.641674876,-1.64492774,-1.646486759,-1.647117734,-1.648079991,-1.649431229,-1.651509762,-1.651850104,-1.652271867,-1.654531837,-1.655547023,-1.657341957,-1.659577131,-1.66085279,-1.662526131,-1.658860683,-1.660886288,-1.662259698,-1.665738106,-1.665716171,-1.66763413,-1.668882132,-1.668226242,-1.668238521,-1.669270158,-1.669722557,-1.672629118,-1.670012355,-1.672134876,-1.670965075,-1.670964956,-1.670022726,-1.670369148,-1.669873238,-1.667807579,-1.670383692,-1.670222521,-1.666815162,-1.668377638,-1.66746664,-1.668128252,-1.669565201,-1.667952061,-1.665663123,-1.667634487,-1.665952325,-1.665490389,-1.664203882,-1.667305827,-1.666272283,-1.667079568,-1.668432593,-1.668843031,-1.666898489,-1.667117476,-1.664076567,-1.663969874,-1.661744475,-1.656690001,-1.654022813,-1.648665667,-1.647246838,-1.643820047,-1.641238093,-1.639532685,-1.639319181,-1.638410211,-1.637636781,-1.638080359,-1.637023926,-1.639347672,-1.638433933,-1.640465021,-1.642031312,-1.64173913,-1.643583894,-1.646216035,-1.646715999,-1.650282979,-1.649004936,-1.651357412,-1.651929736,-1.656659603,-1.660070419,-1.65937233,-1.661085486,-1.662233233,-1.661285758,-1.669559002,-1.670651317,5.1
39,-1.632158518,-1.641376972,-1.649387121,-1.659527779,-1.641006947,-1.641923785,-1.636070371,-1.636654854,-1.637346983,-1.625051737,-1.641060352,-1.636867404,-1.625387549,-1.62994051,-1.623680592,-1.632545471,-1.629542351,-1.634115219,-1.630963206,-1.635428309,-1.634435177,-1.635372639,-1.635166049,-1.636958838,-1.636278868,-1.638385415,-1.636109948,-1.634801269,-1.632051229,-1.634224415,-1.632893562,-1.634808898,-1.635246038,-1.626439691,-1.625411749,-1.618272781,-1.614745498,-1.606726289,-1.599406481,-1.605592132,-1.603580475,-1.605341077,-1.603924155,-1.605138302,-1.600704312,-1.601928711,-1.599674821,-1.602486968,-1.602818489,-1.601104498,-1.604349256,-1.603648782,-1.605242252,-1.604305148,-1.60542953,-1.604860902,-1.602149487,-1.604705572,-1.598552346,-1.5997293,-1.596335649,-1.594757318,-1.593581915,-1.588633895,-1.588986874,-1.586198688,-1.583848715,-1.582433701,-1.579653621,-1.574219465,-1.570798874,-1.563678026,-1.560156107,-1.551648855,-1.549030542,-1.545511603,-1.545150876,-1.542722106,-1.543628693,-1.54168272,-1.540887594,-1.542127371,-1.541056514,-1.539352775,-1.540428638,-1.544206858,-1.542839766,-1.546263337,-1.546303034,-1.54700315,-1.548658252,-1.549645185,-1.549150944,-1.55342865,-1.555199623,-1.556039333,-1.555827856,-1.554868221,-1.558445573,-1.556740642,-1.558529019,-1.559807181,-1.56276536,-1.56237185,-1.563337326,-1.56389308,-1.563076973,-1.561425328,-1.565534592,-1.564132571,-1.567329526,-1.568053246,-1.568006754,-1.567348838,-1.566892624,-1.568592429,-1.566885471,-1.567772865,-1.564576626,-1.565954924,-1.564476013,-1.564581871,-1.563986778,-1.561962843,-1.561487675,-1.563349366,-1.563217163,-1.560402274,-1.562497139,-1.562621593,-1.563605428,-1.56399107,-1.563218117,-1.56232965,-1.563973308,-1.562367439,-1.559516907,-1.559482217,-1.560890317,-1.556016088,-1.559091091,-1.555575252,-1.551431656,-1.549571514,-1.540680289,-1.535148382,-1.531582355,-1.526982427,-1.527447343,-1.526455045,-1.522398472,-1.526750565,-1.524491072,-1.526990652,-1.529686809,-1.529876113,-1.528825402,-1.532868266,-1.535084844,-1.535602212,-1.535255551,-1.535046816,-1.539505839,-1.536764622,-1.545496464,-1.543876052,-1.543603539,-1.544737458,-1.54891789,-1.555278301,-1.557978272,-1.55670917,-1.564799547,-1.560953498,4.6
40,-1.781483531,-1.779823184,-1.797012806,-1.788795948,-1.793599129,-1.786824346,-1.790171504,-1.783357859,-1.782922864,-1.776669979,-1.780904651,-1.780398726,-1.783013344,-1.777295351,-1.780100822,-1.783561826,-1.776735544,-1.780610919,-1.782743812,-1.782405138,-1.78700161,-1.784315348,-1.786491156,-1.786932588,-1.786979675,-1.785234809,-1.788585782,-1.786124587,-1.785336971,-1.783763409,-1.784075499,-1.781692386,-1.780707598,-1.779170513,-1.778416157,-1.773419023,-1.771052599,-1.771747589,-1.768919587,-1.765975118,-1.766120672,-1.764076233,-1.764480233,-1.763774157,-1.765245438,-1.765065193,-1.764815092,-1.764182448,-1.764960408,-1.764335632,-1.76608932,-1.766832471,-1.768886924,-1.767396808,-1.766879559,-1.766565204,-1.765913367,-1.76789391,-1.763726234,-1.762988925,-1.760610819,-1.75823164,-1.757434964,-1.753399253,-1.75092876,-1.748481989,-1.747016788,-1.747265458,-1.744119048,-1.741289735,-1.73624599,-1.731656313,-1.725332379,-1.718613267,-1.711561203,-1.708840489,-1.708101749,-1.706789613,-1.705226898,-1.706210732,-1.702965617,-1.704022408,-1.705148458,-1.70447576,-1.706386924,-1.707229853,-1.709005713,-1.711273789,-1.713125467,-1.714767933,-1.715175629,-1.717546701,-1.719180822,-1.722111344,-1.722462177,-1.72478354,-1.725320458,-1.72659564,-1.728995442,-1.727205753,-1.730098486,-1.730920076,-1.735186219,-1.734600663,-1.735307217,-1.737060785,-1.737876058,-1.736725688,-1.736959696,-1.737857938,-1.739964724,-1.739479661,-1.741313577,-1.740811825,-1.741233468,-1.74148643,-1.74057126,-1.738738537,-1.738593102,-1.739559889,-1.739138007,-1.736786962,-1.737877488,-1.740413189,-1.737529993,-1.73797977,-1.736585379,-1.734415293,-1.735384822,-1.734483957,-1.735921979,-1.734781146,-1.735238075,-1.734739304,-1.734706163,-1.734796166,-1.736744761,-1.734664798,-1.735020518,-1.733236551,-1.732495666,-1.728393197,-1.722878695,-1.719281435,-1.713285208,-1.709922433,-1.706984758,-1.705716848,-1.704095244,-1.703301549,-1.701610684,-1.701986313,-1.704148054,-1.703952193,-1.708143711,-1.707049847,-1.707290649,-1.707605362,-1.708379984,-1.710137129,-1.709442139,-1.711402059,-1.71487236,-1.716348648,-1.716858149,-1.717433691,-1.723109007,-1.727169633,-1.725138545,-1.72712934,-1.72910893,-1.730822444,-1.734568357,-1.736484051,5.5
41,-1.683847904,-1.689709187,-1.70057106,-1.693074703,-1.699783564,-1.688969254,-1.687769294,-1.680255532,-1.68802011,-1.678098202,-1.680759192,-1.679210782,-1.68405652,-1.678415895,-1.675904632,-1.68453598,-1.676621675,-1.6791538,-1.68511045,-1.684438348,-1.687507391,-1.68748343,-1.686433196,-1.688773632,-1.687907577,-1.685626864,-1.68973124,-1.686284661,-1.684931993,-1.683489561,-1.683824062,-1.681912541,-1.679825902,-1.675781727,-1.674625158,-1.666101694,-1.663178086,-1.663651228,-1.6613065,-1.655722737,-1.654803038,-1.653589606,-1.653456926,-1.652509093,-1.654018879,-1.653821349,-1.653855205,-1.653128982,-1.655065417,-1.653391719,-1.655214906,-1.656821012,-1.658626795,-1.65613699,-1.657033682,-1.656403542,-1.653954506,-1.65692997,-1.650442004,-1.649624825,-1.646662354,-1.643504739,-1.640825033,-1.635724306,-1.631664991,-1.629707217,-1.625973701,-1.626035571,-1.620746851,-1.617096901,-1.6114012,-1.603925467,-1.594509363,-1.586273789,-1.577967644,-1.575168133,-1.57345438,-1.571145654,-1.567572355,-1.570326328,-1.567487955,-1.568972349,-1.568383098,-1.566632748,-1.570314288,-1.572056413,-1.572765231,-1.576211929,-1.577161908,-1.578152657,-1.580720782,-1.584778666,-1.584850311,-1.588859439,-1.58942616,-1.592181325,-1.592553377,-1.5943048,-1.597957253,-1.594316244,-1.59743619,-1.600338817,-1.604662657,-1.603738904,-1.605777025,-1.606964946,-1.60708487,-1.607196569,-1.608062148,-1.609208226,-1.610949636,-1.609704494,-1.612240911,-1.611497998,-1.611162305,-1.612229347,-1.611503482,-1.609062433,-1.610040545,-1.612041831,-1.610684276,-1.60619092,-1.608749509,-1.609494925,-1.60570991,-1.606599569,-1.606447935,-1.604161143,-1.60337913,-1.602586985,-1.604560971,-1.602509856,-1.603153586,-1.602849364,-1.602225542,-1.602539539,-1.605019331,-1.603131771,-1.604506373,-1.599338889,-1.598317027,-1.593241096,-1.586521745,-1.58100605,-1.574167371,-1.569265723,-1.567159295,-1.563604474,-1.562294364,-1.561490655,-1.556884766,-1.557718873,-1.55829215,-1.557742596,-1.564355373,-1.5624367,-1.561491609,-1.564483523,-1.565737367,-1.568339586,-1.56846869,-1.568740249,-1.571942925,-1.573858142,-1.576892018,-1.57514751,-1.585253358,-1.590791702,-1.586074948,-1.590268016,-1.593440771,-1.598274827,-1.601097345,-1.60809207,5.5
42,-1.755117416,-1.759170294,-1.752732515,-1.745167136,-1.752219439,-1.752604485,-1.744501591,-1.748826623,-1.738662362,-1.740055442,-1.734906197,-1.73544085,-1.73890233,-1.7366153,-1.73781085,-1.741219044,-1.742064118,-1.743147254,-1.746689677,-1.744071007,-1.747893095,-1.750453591,-1.749751329,-1.752078652,-1.752440095,-1.750944614,-1.752004385,-1.748856544,-1.748660922,-1.747115254,-1.744141936,-1.745979667,-1.74456799,-1.739883423,-1.738404393,-1.730198979,-1.72548461,-1.716801763,-1.713564157,-1.714643359,-1.714106441,-1.71249342,-1.713639736,-1.713654399,-1.71250248,-1.714254618,-1.712266445,-1.715371251,-1.716473937,-1.714827538,-1.717746019,-1.716809511,-1.71769762,-1.718263507,-1.717326164,-1.715157509,-1.71535933,-1.716666222,-1.709814668,-1.711344481,-1.708069801,-1.704015851,-1.702069759,-1.697061419,-1.69383347,-1.690405846,-1.687952161,-1.685275674,-1.681719422,-1.676537991,-1.67269218,-1.666294217,-1.658129811,-1.649832368,-1.643388748,-1.639695048,-1.63974297,-1.63969636,-1.639173746,-1.636587739,-1.635736942,-1.636593342,-1.636837363,-1.636602044,-1.638368368,-1.640367508,-1.641612053,-1.643663645,-1.644061089,-1.648942351,-1.650345206,-1.653016329,-1.651621342,-1.654687285,-1.657904863,-1.661303759,-1.661705256,-1.662680507,-1.66597116,-1.661703587,-1.666284561,-1.667243004,-1.671923518,-1.672816515,-1.674529433,-1.675343633,-1.675067186,-1.674752355,-1.677132607,-1.676602125,-1.677563667,-1.677438736,-1.679447412,-1.678402066,-1.679187417,-1.678902745,-1.679486156,-1.679387927,-1.679546952,-1.679801941,-1.676973224,-1.674309015,-1.673810124,-1.673727989,-1.671917439,-1.673562288,-1.675492883,-1.672610521,-1.673519611,-1.670790076,-1.670359135,-1.671945214,-1.670771122,-1.669807911,-1.671631694,-1.671018481,-1.671918035,-1.670095682,-1.669864058,-1.666630507,-1.666602969,-1.661736131,-1.65717113,-1.650766253,-1.644933343,-1.642493725,-1.639292717,-1.637083292,-1.63597858,-1.635006547,-1.635359287,-1.635127068,-1.634451985,-1.637117863,-1.638593197,-1.640668392,-1.641756177,-1.640302181,-1.640011072,-1.643040895,-1.642475605,-1.642443419,-1.646980286,-1.643155217,-1.64921391,-1.652693152,-1.653074861,-1.659280777,-1.658952713,-1.662704229,-1.666409492,-1.662938595,-1.669852614,-1.674976707,5.9
43,-1.789688706,-1.793107152,-1.785035491,-1.784975767,-1.790839314,-1.781705856,-1.781257868,-1.781609297,-1.784283876,-1.774119139,-1.778418064,-1.775857687,-1.774460196,-1.785262346,-1.781427264,-1.780633926,-1.781838894,-1.786013603,-1.790647388,-1.785805702,-1.788528442,-1.789429426,-1.794263482,-1.792601228,-1.796217322,-1.795056105,-1.798362851,-1.795141101,-1.792337894,-1.792594671,-1.788731337,-1.79189837,-1.787559152,-1.787204027,-1.782305837,-1.774353981,-1.771027446,-1.765884519,-1.763792515,-1.763931513,-1.763038993,-1.760446191,-1.761875391,-1.760784388,-1.761160254,-1.764288068,-1.764336944,-1.762882829,-1.765268564,-1.764153957,-1.764410853,-1.764841557,-1.7677176,-1.766217709,-1.766818523,-1.768021584,-1.765727282,-1.765645504,-1.762488842,-1.760428786,-1.760826349,-1.756624937,-1.7542454,-1.749603748,-1.747979045,-1.744995713,-1.742396951,-1.739778638,-1.738408685,-1.734127164,-1.729184508,-1.722293615,-1.715497851,-1.709684372,-1.703730464,-1.701047421,-1.699006319,-1.698007226,-1.697119117,-1.696116805,-1.693821311,-1.696087956,-1.696020961,-1.69555819,-1.696993113,-1.700083375,-1.701526523,-1.70227015,-1.703098059,-1.705156922,-1.707435489,-1.710413098,-1.71035552,-1.713503361,-1.71587944,-1.715854049,-1.716353059,-1.719638467,-1.722408414,-1.722685099,-1.725346923,-1.727246046,-1.728103876,-1.727547407,-1.727906346,-1.729687452,-1.731397748,-1.733128309,-1.735525966,-1.734758377,-1.737611651,-1.73739171,-1.73677659,-1.737589598,-1.737457514,-1.738023877,-1.739889383,-1.740460038,-1.740294576,-1.739414692,-1.738618731,-1.738627791,-1.740217328,-1.738931656,-1.738660455,-1.736070037,-1.734545231,-1.734366655,-1.73690474,-1.736140609,-1.735712767,-1.734354854,-1.733667612,-1.734007955,-1.736848474,-1.736199498,-1.735983849,-1.734434247,-1.732601404,-1.731953382,-1.72917676,-1.726831913,-1.723177195,-1.71918118,-1.712522984,-1.70885098,-1.702395797,-1.699754715,-1.698759794,-1.698333979,-1.69702363,-1.696055055,-1.695949316,-1.698297501,-1.699791908,-1.703620315,-1.703683853,-1.702984691,-1.70633769,-1.707658052,-1.708981395,-1.709431291,-1.710528016,-1.712353826,-1.718102217,-1.719425797,-1.721579194,-1.723905325,-1.726562381,-1.729221702,-1.731487036,-1.733635545,-1.73418045,-1.740009308,4.9
44,-1.810100079,-1.807221413,-1.80033493,-1.801918864,-1.802865028,-1.804687262,-1.797880292,-1.795662045,-1.797164083,-1.793925405,-1.794696689,-1.788093448,-1.792807937,-1.794792771,-1.793965101,-1.785264134,-1.794405699,-1.796829343,-1.799948335,-1.800813913,-1.798945546,-1.80193758,-1.803537846,-1.802511454,-1.7996068,-1.801199675,-1.801334977,-1.801153541,-1.80094862,-1.799353957,-1.798673391,-1.796845436,-1.798538327,-1.793956757,-1.790880919,-1.786904454,-1.78225708,-1.778765082,-1.777790904,-1.777121425,-1.775648117,-1.775565743,-1.774854183,-1.774648309,-1.775737643,-1.776196837,-1.776141047,-1.776404381,-1.776950598,-1.775869131,-1.778250813,-1.778504491,-1.77918613,-1.779440045,-1.778636813,-1.778048635,-1.77673173,-1.776681066,-1.772731066,-1.773327589,-1.770734429,-1.77083087,-1.767978787,-1.764612913,-1.762831569,-1.75969398,-1.757683039,-1.756293654,-1.754715919,-1.75036943,-1.746268511,-1.740898252,-1.738081336,-1.72966969,-1.726737618,-1.721930861,-1.721661091,-1.722312331,-1.719219089,-1.716911197,-1.716459394,-1.716942906,-1.716928601,-1.717139959,-1.716409683,-1.718063951,-1.719568849,-1.721048594,-1.721669674,-1.724159598,-1.725815535,-1.726423502,-1.728765965,-1.73034358,-1.7325418,-1.734255075,-1.734032154,-1.734984756,-1.738155365,-1.737906456,-1.739661574,-1.739173651,-1.741541862,-1.742070794,-1.742436528,-1.743585944,-1.744009614,-1.744787455,-1.744832158,-1.744343519,-1.745179176,-1.744362235,-1.745960832,-1.74495554,-1.745561481,-1.746000051,-1.745693564,-1.744723797,-1.745395541,-1.746361017,-1.747103453,-1.745755315,-1.747026801,-1.745103478,-1.744578838,-1.74447763,-1.743593812,-1.743204117,-1.745130062,-1.74333334,-1.74348104,-1.742240429,-1.743905187,-1.743036628,-1.743330002,-1.742535353,-1.742165327,-1.741749525,-1.743107319,-1.737244248,-1.737383604,-1.734489918,-1.731755972,-1.728511333,-1.724897027,-1.72162962,-1.718397379,-1.716652393,-1.713609695,-1.71319747,-1.713664889,-1.712029099,-1.712685704,-1.714460492,-1.718584061,-1.717738748,-1.717383027,-1.718527913,-1.719697595,-1.719548225,-1.720546246,-1.720223904,-1.724534154,-1.722507954,-1.726041317,-1.725529909,-1.728294611,-1.730736256,-1.730320454,-1.73508203,-1.737516046,-1.737532616,-1.741308689,-1.742464781,4.9
45,-1.764590263,-1.759620786,-1.754386783,-1.755588174,-1.756473064,-1.757441759,-1.750189781,-1.747429848,-1.747747302,-1.74495852,-1.745355129,-1.738987207,-1.743227839,-1.743003488,-1.743960023,-1.735060096,-1.74799633,-1.749075294,-1.750054836,-1.75349474,-1.74982667,-1.755511522,-1.754306197,-1.754305005,-1.751506209,-1.754175067,-1.752410889,-1.753546715,-1.751989365,-1.751130223,-1.750121713,-1.749131441,-1.749170899,-1.744996905,-1.741492629,-1.735100031,-1.730317712,-1.726536632,-1.726170897,-1.723454118,-1.721894503,-1.722510695,-1.722313881,-1.721513987,-1.722258687,-1.72360754,-1.724097133,-1.724852204,-1.725906014,-1.724270582,-1.726603866,-1.726952672,-1.729384661,-1.728153467,-1.728365183,-1.727480888,-1.725691915,-1.726587892,-1.721294522,-1.72092545,-1.718449116,-1.717794061,-1.71452868,-1.709917903,-1.708957195,-1.704123974,-1.701949835,-1.700539231,-1.698161721,-1.693089366,-1.690043211,-1.681569815,-1.678282857,-1.667488337,-1.664047837,-1.658268213,-1.656517029,-1.657322884,-1.65615499,-1.65265584,-1.652615666,-1.65349555,-1.653062701,-1.653652549,-1.65311408,-1.655832887,-1.657275796,-1.659542441,-1.659537435,-1.662396193,-1.664729714,-1.666377306,-1.667437077,-1.670161009,-1.672528386,-1.67444551,-1.675814867,-1.677328229,-1.680371642,-1.678877234,-1.681899071,-1.68149972,-1.685092449,-1.686106324,-1.686776638,-1.687969327,-1.689070463,-1.689935446,-1.690430164,-1.690529346,-1.691666961,-1.690023541,-1.691773057,-1.691530943,-1.691622376,-1.691705346,-1.692067027,-1.692360759,-1.691019893,-1.691018224,-1.692840099,-1.69052434,-1.691722751,-1.689462066,-1.689945459,-1.691051841,-1.689677954,-1.685622454,-1.687810183,-1.687107801,-1.687813878,-1.686050177,-1.686918974,-1.686471581,-1.687671781,-1.687938094,-1.686474562,-1.68443203,-1.687814713,-1.682660103,-1.683416009,-1.677389503,-1.673542857,-1.668392181,-1.663782716,-1.658227205,-1.653831244,-1.652788281,-1.649656415,-1.649074435,-1.648060083,-1.648932457,-1.649096012,-1.650848985,-1.654773951,-1.653912425,-1.654020667,-1.652980566,-1.654946208,-1.656701684,-1.65699625,-1.656828642,-1.661230564,-1.661106467,-1.664834976,-1.664168715,-1.668030381,-1.671278715,-1.671836376,-1.675612092,-1.678244352,-1.678249717,-1.683068275,-1.686281204,5
46,-1.705373764,-1.703937769,-1.704196095,-1.707242489,-1.698425889,-1.693711877,-1.696084261,-1.700901866,-1.688001037,-1.692138076,-1.687538505,-1.692165256,-1.686064959,-1.69493258,-1.690024018,-1.69221437,-1.694503546,-1.691756725,-1.693605065,-1.700150132,-1.697253942,-1.698157907,-1.699338317,-1.697807431,-1.700608015,-1.696295381,-1.700838208,-1.695109248,-1.695584178,-1.694328904,-1.696184993,-1.692604899,-1.689640403,-1.688135386,-1.686524272,-1.676387787,-1.672617435,-1.670010209,-1.666372299,-1.667950869,-1.664568543,-1.66561842,-1.664714813,-1.664639235,-1.663572431,-1.663797736,-1.664599776,-1.665071845,-1.666419744,-1.663892984,-1.666520357,-1.667394042,-1.667036176,-1.667114377,-1.669269681,-1.668613195,-1.667220354,-1.666579962,-1.661671042,-1.660594106,-1.658823609,-1.65688467,-1.653224587,-1.650155187,-1.647506118,-1.645305037,-1.642648578,-1.641534805,-1.638645053,-1.633704543,-1.631157279,-1.623615265,-1.616172671,-1.6100806,-1.606039047,-1.601380825,-1.600530744,-1.597095013,-1.59785068,-1.597415924,-1.594531178,-1.59872818,-1.595768809,-1.595115304,-1.596824288,-1.599471927,-1.60116303,-1.600484729,-1.602869749,-1.606978297,-1.608076811,-1.606219172,-1.608069181,-1.611982465,-1.61577177,-1.616237402,-1.617610931,-1.618061304,-1.620623827,-1.618380666,-1.62185204,-1.620741487,-1.624971747,-1.624547005,-1.627170801,-1.628354311,-1.626873016,-1.626728296,-1.628695965,-1.628937244,-1.629973888,-1.628204346,-1.62931931,-1.630817294,-1.630935669,-1.630762815,-1.630249977,-1.628362179,-1.628087163,-1.629617095,-1.628604531,-1.627587199,-1.630111456,-1.628208637,-1.625876307,-1.627354145,-1.624832511,-1.624199986,-1.623749256,-1.622373223,-1.623578429,-1.622734189,-1.622937202,-1.621688604,-1.623069048,-1.623169303,-1.624560118,-1.623458743,-1.623351693,-1.619361401,-1.619460583,-1.616201162,-1.610231519,-1.607530475,-1.598593473,-1.595761061,-1.59220469,-1.587477803,-1.586392641,-1.585451841,-1.585246205,-1.585204005,-1.586090088,-1.582689762,-1.587283611,-1.586292028,-1.587189794,-1.589411736,-1.591794252,-1.591712475,-1.595348358,-1.596682429,-1.600533128,-1.599301577,-1.603327751,-1.6043787,-1.605537772,-1.609643698,-1.610983253,-1.612995505,-1.615668297,-1.617447734,-1.622647882,-1.629205823,5.7
47,-1.73297894,-1.731241584,-1.730358481,-1.731666327,-1.72779417,-1.723331928,-1.723881483,-1.728038669,-1.718686342,-1.717876911,-1.718523026,-1.723222613,-1.715698242,-1.724592686,-1.719520688,-1.721840143,-1.721929908,-1.719991446,-1.720507979,-1.726475716,-1.722919703,-1.725022316,-1.726746559,-1.724672914,-1.724980831,-1.72183609,-1.727040887,-1.722994208,-1.723321676,-1.720036507,-1.723072171,-1.719521642,-1.718579888,-1.715967417,-1.714758039,-1.707250714,-1.704904318,-1.702621579,-1.699870467,-1.700962782,-1.698929429,-1.699905992,-1.698283672,-1.699182868,-1.697732925,-1.699173927,-1.699393153,-1.698547482,-1.700585127,-1.700176835,-1.701136231,-1.701492071,-1.700362921,-1.70176518,-1.702670336,-1.702129722,-1.700938225,-1.701278448,-1.697242856,-1.696053624,-1.694894195,-1.693245292,-1.691614747,-1.688412428,-1.68614161,-1.685057521,-1.682930827,-1.681702852,-1.679865241,-1.675996065,-1.674111247,-1.668671131,-1.662258148,-1.657938123,-1.653923869,-1.650107861,-1.650233865,-1.646897793,-1.647283912,-1.647731185,-1.644538879,-1.647453904,-1.645451784,-1.644331336,-1.647855282,-1.649169445,-1.649037242,-1.648327231,-1.650986671,-1.653494239,-1.65520525,-1.653381348,-1.65458715,-1.657202601,-1.661938429,-1.661285877,-1.661651254,-1.661519647,-1.664048195,-1.662122607,-1.663835645,-1.663814664,-1.667595148,-1.666861415,-1.668251276,-1.669625521,-1.667807817,-1.667197466,-1.67034781,-1.669946551,-1.67012012,-1.669374824,-1.670584798,-1.671636939,-1.67233789,-1.671748161,-1.672308445,-1.670199156,-1.670355558,-1.671633005,-1.670416236,-1.669205308,-1.671934724,-1.670508385,-1.668331265,-1.66917038,-1.666968584,-1.667355299,-1.666651607,-1.664592505,-1.666213155,-1.666588545,-1.667212367,-1.666531801,-1.668090701,-1.667687297,-1.669620991,-1.668611288,-1.668539405,-1.664894462,-1.663888574,-1.66299212,-1.660039067,-1.65902853,-1.650696516,-1.64834404,-1.645712256,-1.643473029,-1.643152237,-1.642425656,-1.640472174,-1.640629053,-1.641495943,-1.639779091,-1.644471526,-1.64224124,-1.642462134,-1.643695712,-1.645558476,-1.645807743,-1.649242043,-1.650996327,-1.653236151,-1.65087688,-1.654086828,-1.653169394,-1.656149507,-1.660007238,-1.659928918,-1.66174233,-1.664227843,-1.666219473,-1.669683218,-1.675248861,5.8
48,-1.732423306,-1.735565424,-1.722558856,-1.7280972,-1.731534839,-1.726385236,-1.728264213,-1.726899505,-1.719894767,-1.709442854,-1.720056176,-1.713551044,-1.716955543,-1.715600371,-1.713590145,-1.715536356,-1.72262907,-1.716766357,-1.720662713,-1.723423719,-1.724989176,-1.725951672,-1.726429343,-1.725181937,-1.727153301,-1.724410653,-1.728851438,-1.723511577,-1.723732233,-1.723242402,-1.722531438,-1.722033858,-1.719849944,-1.716069221,-1.715288162,-1.703700662,-1.701652765,-1.691432834,-1.690163493,-1.689890027,-1.688279986,-1.689165115,-1.689672828,-1.689540863,-1.688267708,-1.688097715,-1.691236377,-1.687807202,-1.689643264,-1.689314246,-1.691862106,-1.691740155,-1.692956328,-1.691246867,-1.690981746,-1.690924883,-1.689775705,-1.690604091,-1.684973598,-1.685201168,-1.680799127,-1.67963016,-1.675895452,-1.67078948,-1.668094516,-1.665519118,-1.662771702,-1.659949422,-1.657063246,-1.651754975,-1.647924781,-1.63862443,-1.631740689,-1.625641108,-1.62234807,-1.617728949,-1.616350174,-1.616182685,-1.614911914,-1.613216877,-1.612284184,-1.614364147,-1.613595009,-1.613888264,-1.615306258,-1.616831541,-1.61589551,-1.618823886,-1.618519664,-1.622986913,-1.623824596,-1.62428844,-1.625436783,-1.627233624,-1.631365299,-1.632446647,-1.633864522,-1.635558367,-1.637363553,-1.634106278,-1.637768626,-1.638515472,-1.642264009,-1.64129746,-1.643159628,-1.642957211,-1.644916534,-1.647717714,-1.648837566,-1.646372318,-1.65018487,-1.646502852,-1.648699403,-1.647848487,-1.648387909,-1.648146272,-1.648486376,-1.650345445,-1.649089098,-1.650030136,-1.649019361,-1.646162868,-1.646430373,-1.646856427,-1.644283414,-1.644128561,-1.643578649,-1.643174887,-1.64343226,-1.644053102,-1.643129706,-1.642932773,-1.64444828,-1.644125104,-1.64464438,-1.646351457,-1.64385426,-1.641748667,-1.644075751,-1.642455697,-1.64089942,-1.637760043,-1.633444309,-1.629184008,-1.621995449,-1.622720838,-1.618224978,-1.619544029,-1.615055442,-1.615470171,-1.614426017,-1.615901947,-1.613574624,-1.613184452,-1.61929369,-1.61578393,-1.618694305,-1.616235495,-1.619058371,-1.62039578,-1.622366071,-1.62155807,-1.625328541,-1.622946024,-1.623373985,-1.628198147,-1.631208897,-1.633807182,-1.63763392,-1.640497327,-1.643722296,-1.647299409,-1.64646256,-1.656174183,4.9
49,-1.700322747,-1.698300719,-1.691392899,-1.696068883,-1.695138812,-1.692905784,-1.693546891,-1.689001083,-1.680314541,-1.675405622,-1.68314302,-1.678850412,-1.679710269,-1.680383205,-1.677082658,-1.676977277,-1.68953681,-1.680933833,-1.684940338,-1.685661435,-1.689990997,-1.69136095,-1.690342665,-1.689528704,-1.690915346,-1.688760877,-1.692228794,-1.686940193,-1.688992262,-1.686273098,-1.687097788,-1.686255336,-1.68399024,-1.681356072,-1.680514812,-1.667607665,-1.666849136,-1.656964421,-1.655573606,-1.655273438,-1.653349042,-1.65342474,-1.654987693,-1.654304266,-1.653700113,-1.653636813,-1.657145262,-1.653337717,-1.654683471,-1.654243112,-1.657844186,-1.65766716,-1.658129811,-1.657067418,-1.65842104,-1.6575526,-1.65593195,-1.657961249,-1.651501298,-1.652338028,-1.647831321,-1.647152424,-1.642404318,-1.636984706,-1.635083318,-1.632142305,-1.629893303,-1.628539324,-1.625365138,-1.620361567,-1.616885424,-1.607942224,-1.602125525,-1.59611392,-1.592345357,-1.588788509,-1.587156653,-1.587419391,-1.585291147,-1.582715988,-1.582431912,-1.585350037,-1.584212303,-1.583543301,-1.584424853,-1.587553978,-1.586768746,-1.588822842,-1.589205623,-1.592299461,-1.592745543,-1.593141556,-1.59512341,-1.5968225,-1.600794911,-1.602125168,-1.601971269,-1.602803349,-1.605510354,-1.60080862,-1.604735017,-1.605691075,-1.609617114,-1.606800675,-1.610903502,-1.61062932,-1.612801671,-1.615273595,-1.615128636,-1.613897562,-1.618493676,-1.614764452,-1.616520762,-1.616248846,-1.616678596,-1.617984295,-1.619364738,-1.620554447,-1.618459702,-1.618824601,-1.617935181,-1.616079926,-1.616208673,-1.616508961,-1.614515662,-1.615390778,-1.615208387,-1.614276767,-1.614381433,-1.615337968,-1.615947127,-1.614624977,-1.615862489,-1.615914583,-1.617267013,-1.617627263,-1.616610765,-1.612613678,-1.614995122,-1.613231421,-1.612807274,-1.610304832,-1.605429649,-1.602082968,-1.593703151,-1.595499992,-1.589372158,-1.59027946,-1.586832643,-1.587200165,-1.585932374,-1.588031769,-1.587467551,-1.586826205,-1.592439651,-1.587709546,-1.591647625,-1.589359283,-1.591889381,-1.594060659,-1.595606327,-1.595831752,-1.599683166,-1.599808931,-1.599291801,-1.602114201,-1.607149482,-1.608374357,-1.60977304,-1.612626791,-1.615553021,-1.619771004,-1.621149063,-1.627899051,4.9
50,-1.679116607,-1.698510766,-1.684633017,-1.680595398,-1.695628047,-1.673825383,-1.687262058,-1.672436357,-1.678069949,-1.66751802,-1.674533963,-1.669990778,-1.669219017,-1.673441291,-1.674167991,-1.674084187,-1.673385739,-1.679520726,-1.682566881,-1.680823565,-1.682756782,-1.685215831,-1.683459997,-1.684246778,-1.685161591,-1.683926105,-1.68551302,-1.684894919,-1.685765147,-1.681307435,-1.681190491,-1.67934525,-1.679632783,-1.673482656,-1.670629382,-1.66582334,-1.659798145,-1.656657934,-1.654410601,-1.654025674,-1.651403904,-1.652624607,-1.65257597,-1.654844642,-1.650521278,-1.652861834,-1.653987765,-1.653992057,-1.656203985,-1.654067159,-1.655892611,-1.656520367,-1.657228589,-1.655197859,-1.657137752,-1.657905698,-1.653663635,-1.657249331,-1.650532603,-1.650388241,-1.647355199,-1.645895123,-1.643249273,-1.638786435,-1.636238098,-1.63302052,-1.631186247,-1.630675316,-1.627721548,-1.624056935,-1.62016809,-1.612284303,-1.607716441,-1.600324273,-1.595122695,-1.591287613,-1.590950131,-1.58937788,-1.589421749,-1.587256074,-1.585894585,-1.589728117,-1.58887434,-1.586165428,-1.589985132,-1.59250176,-1.592456818,-1.593473434,-1.594521642,-1.597236395,-1.598883271,-1.601330876,-1.601805568,-1.603308439,-1.605988503,-1.607817888,-1.60873878,-1.60966301,-1.611872315,-1.609895706,-1.612853765,-1.611605883,-1.617058039,-1.61738658,-1.620661855,-1.622877479,-1.621819377,-1.622075081,-1.621518612,-1.621211529,-1.623481274,-1.623764515,-1.623289227,-1.624352336,-1.624767661,-1.625683308,-1.624684453,-1.622820854,-1.621061683,-1.623946905,-1.625035763,-1.622180104,-1.623964548,-1.622731447,-1.620061755,-1.620899081,-1.620578051,-1.618886232,-1.619470835,-1.617813587,-1.618103862,-1.619960546,-1.620435476,-1.621235967,-1.621550322,-1.622071266,-1.62236619,-1.617673635,-1.620497108,-1.61753428,-1.618590236,-1.613865614,-1.611490846,-1.610125184,-1.599920869,-1.598326087,-1.594955325,-1.593479037,-1.594959736,-1.594883084,-1.591867447,-1.591267109,-1.592605472,-1.592065334,-1.595991969,-1.591729999,-1.593915701,-1.593386412,-1.597586393,-1.597849846,-1.600658655,-1.600925088,-1.603998184,-1.600904584,-1.60505867,-1.606903315,-1.604685426,-1.605155706,-1.613239169,-1.61737287,-1.623406768,-1.620427728,-1.62767446,-1.632905006,4.9
51,-1.646562338,-1.632680058,-1.648308635,-1.632543683,-1.649998546,-1.639413476,-1.641206622,-1.639054894,-1.637201071,-1.63731277,-1.633802891,-1.621869445,-1.63199389,-1.629004359,-1.629244447,-1.629832625,-1.623575687,-1.629929543,-1.63475287,-1.634734273,-1.632847548,-1.633628726,-1.636988163,-1.637539387,-1.635466933,-1.636733413,-1.639210105,-1.633729339,-1.637659073,-1.630724311,-1.636354804,-1.633721232,-1.634192944,-1.630992174,-1.628378391,-1.62515533,-1.616065383,-1.609777808,-1.61346817,-1.609066248,-1.605984807,-1.60524261,-1.604619384,-1.606067181,-1.604092598,-1.604961157,-1.603617311,-1.59860146,-1.605445385,-1.602578163,-1.606613636,-1.604104877,-1.606140733,-1.605718017,-1.606839061,-1.607643723,-1.605518937,-1.608876824,-1.60151732,-1.603580594,-1.600819588,-1.598941922,-1.597362041,-1.593520999,-1.589970827,-1.588432431,-1.586217284,-1.584784865,-1.581484437,-1.57770741,-1.574641347,-1.566958785,-1.562676311,-1.552185297,-1.547455907,-1.542054176,-1.541429281,-1.539877295,-1.539877176,-1.540676594,-1.539972782,-1.540190101,-1.538564563,-1.536077142,-1.540289521,-1.545055628,-1.542783856,-1.546635747,-1.545470715,-1.546247005,-1.548365116,-1.550380468,-1.551757932,-1.554873228,-1.557476878,-1.55912149,-1.559252024,-1.560581684,-1.562879562,-1.557775736,-1.562008023,-1.564399481,-1.56758821,-1.567277312,-1.569241881,-1.571317554,-1.569670081,-1.570820928,-1.570466757,-1.571189642,-1.572987676,-1.572183967,-1.57651186,-1.575023651,-1.574516058,-1.576396704,-1.575261593,-1.574287057,-1.574610472,-1.575059891,-1.575365424,-1.573406816,-1.574463844,-1.572018743,-1.572799444,-1.572650313,-1.571935654,-1.569512367,-1.571997285,-1.570153236,-1.573783278,-1.572498798,-1.57329917,-1.574160695,-1.573357701,-1.573542833,-1.570758462,-1.570243359,-1.575427771,-1.570638537,-1.570203424,-1.566283584,-1.56135416,-1.555906892,-1.549296141,-1.547294855,-1.541090012,-1.537757039,-1.538033843,-1.536367893,-1.537133217,-1.538642526,-1.53780508,-1.539651632,-1.541277885,-1.539417148,-1.538550258,-1.540097475,-1.544302583,-1.545835495,-1.547686815,-1.549262166,-1.55322969,-1.548923612,-1.553709984,-1.556336641,-1.560792923,-1.564636469,-1.563816309,-1.56696105,-1.57162869,-1.57140696,-1.573897719,-1.581376314,4.6
52,-1.679131269,-1.667088628,-1.68077147,-1.667512178,-1.680711985,-1.677554011,-1.670086861,-1.672023773,-1.665627956,-1.668649793,-1.664727449,-1.654763937,-1.659891844,-1.662606716,-1.660273194,-1.661973596,-1.655858636,-1.662758946,-1.663600922,-1.663994908,-1.66296196,-1.66571784,-1.666162252,-1.66857481,-1.665421605,-1.665885091,-1.6699965,-1.663620472,-1.666915298,-1.660348535,-1.665362954,-1.663084149,-1.663793087,-1.660308838,-1.657286882,-1.652519703,-1.645283341,-1.639749169,-1.641465068,-1.638273358,-1.635679483,-1.6349473,-1.634904981,-1.634884834,-1.634009242,-1.634834409,-1.634822369,-1.63020432,-1.635531545,-1.633031487,-1.636994004,-1.634061813,-1.637213469,-1.637333989,-1.635994792,-1.638035297,-1.636063099,-1.639433026,-1.632047057,-1.632806778,-1.630418777,-1.62842679,-1.626679182,-1.622879744,-1.618708372,-1.617251039,-1.616138458,-1.614102006,-1.610383749,-1.607011318,-1.603115916,-1.594954491,-1.589281082,-1.579797149,-1.575202227,-1.569626093,-1.570312858,-1.568000793,-1.567987323,-1.568128347,-1.567507029,-1.56690371,-1.566059589,-1.56464994,-1.567579627,-1.571062565,-1.569099545,-1.5717206,-1.571701765,-1.572347879,-1.575392127,-1.57577765,-1.57720077,-1.582040787,-1.583315969,-1.585169554,-1.584280372,-1.585595489,-1.58799386,-1.583663464,-1.588225722,-1.590437412,-1.59309113,-1.59254241,-1.594809771,-1.596716046,-1.59494102,-1.597152829,-1.595454693,-1.595437527,-1.598971128,-1.598024726,-1.601415038,-1.600509524,-1.601252913,-1.601099372,-1.600138783,-1.600414753,-1.599772573,-1.601113677,-1.600209951,-1.598350048,-1.599786997,-1.597314596,-1.598450065,-1.597429991,-1.596868992,-1.594547033,-1.595793843,-1.594716311,-1.599335432,-1.597460866,-1.598932266,-1.599039912,-1.598657131,-1.598412395,-1.596515059,-1.595747352,-1.600574017,-1.594794393,-1.594622254,-1.590860844,-1.585325241,-1.579764009,-1.575833082,-1.574770689,-1.57032907,-1.567233682,-1.567261577,-1.565948725,-1.566525817,-1.569136143,-1.567821503,-1.56830442,-1.57021296,-1.569122195,-1.567062378,-1.569018483,-1.572501421,-1.574525118,-1.573805332,-1.575613856,-1.5803864,-1.575749755,-1.580935836,-1.584030867,-1.587338328,-1.589305043,-1.590058088,-1.593309164,-1.597102761,-1.597778678,-1.600139022,-1.607834578,4.7
53,-1.72495544,-1.724699736,-1.718655944,-1.711627007,-1.717738628,-1.721485615,-1.716596842,-1.717154503,-1.716420054,-1.715610385,-1.712938666,-1.710619211,-1.709656715,-1.709958434,-1.71156621,-1.715645075,-1.71160686,-1.715280652,-1.715638995,-1.715226889,-1.714097619,-1.718192101,-1.720358372,-1.719235063,-1.72063911,-1.720164418,-1.723697662,-1.720974684,-1.720836043,-1.719650149,-1.719702005,-1.718258381,-1.718694925,-1.71726799,-1.71598053,-1.709839463,-1.707316995,-1.704907298,-1.705646992,-1.703134894,-1.70344305,-1.704522848,-1.702260017,-1.702997088,-1.700454712,-1.703819394,-1.703526735,-1.703164339,-1.705772161,-1.702549338,-1.70402658,-1.704391599,-1.706465483,-1.705439091,-1.705338717,-1.705545902,-1.703271627,-1.707037449,-1.7012676,-1.70505774,-1.702948332,-1.702994585,-1.700396657,-1.696524978,-1.698282599,-1.696056366,-1.695222735,-1.693594694,-1.691246867,-1.689460754,-1.686998248,-1.683577299,-1.679037571,-1.675092101,-1.672245145,-1.670026898,-1.669778109,-1.66753602,-1.668061376,-1.665376306,-1.667657495,-1.66634357,-1.666956306,-1.666185856,-1.668802023,-1.671022534,-1.669291735,-1.670379758,-1.670954108,-1.67342329,-1.67538178,-1.676816225,-1.675729632,-1.676792622,-1.676925778,-1.679952621,-1.682393312,-1.682183027,-1.684546113,-1.683071494,-1.685906053,-1.685659051,-1.688831806,-1.689213157,-1.690758586,-1.690346718,-1.688843131,-1.69012177,-1.690195203,-1.690273881,-1.692148685,-1.69286108,-1.693419218,-1.691024065,-1.692907691,-1.692953229,-1.692989469,-1.692627668,-1.693043947,-1.694917321,-1.695639253,-1.693788886,-1.696022153,-1.695189834,-1.693118572,-1.694510579,-1.692757487,-1.690633178,-1.691408753,-1.692446828,-1.693070054,-1.694646239,-1.694386244,-1.692017317,-1.694967031,-1.695594072,-1.694740176,-1.692339897,-1.695827127,-1.693831325,-1.692979217,-1.689360976,-1.686914802,-1.683000445,-1.680644751,-1.675201416,-1.670000553,-1.665219784,-1.66580534,-1.662809253,-1.663350463,-1.6652354,-1.664120793,-1.663811564,-1.666276932,-1.665988922,-1.667995453,-1.669514894,-1.672474623,-1.674134254,-1.675754905,-1.678411365,-1.681335568,-1.679300427,-1.681526899,-1.683512688,-1.683224916,-1.684742808,-1.686848044,-1.69059515,-1.691461325,-1.690227628,-1.69384253,-1.695429802,5.1
54,-1.683328748,-1.668992639,-1.682253122,-1.676820874,-1.670779586,-1.676344037,-1.672186494,-1.661116123,-1.660654664,-1.661532044,-1.664362073,-1.666561961,-1.660624981,-1.658187866,-1.659886837,-1.667937994,-1.664441109,-1.663586974,-1.667817235,-1.669141412,-1.671208262,-1.67321527,-1.672766566,-1.671963215,-1.672711849,-1.673167348,-1.667673826,-1.672805309,-1.671187639,-1.669671893,-1.670215487,-1.669981599,-1.667275548,-1.667323232,-1.664629817,-1.652089119,-1.655923486,-1.654963493,-1.648044586,-1.650248647,-1.65073359,-1.648367763,-1.648992062,-1.647982836,-1.648702621,-1.648596048,-1.650152206,-1.647849321,-1.650193334,-1.650876045,-1.651308179,-1.651572943,-1.651304841,-1.651607275,-1.651445389,-1.652433157,-1.649996996,-1.651634097,-1.647919178,-1.649857759,-1.646928668,-1.646605253,-1.646369219,-1.640580058,-1.64056623,-1.639121294,-1.637480855,-1.635837674,-1.634896755,-1.629183531,-1.628753424,-1.623018146,-1.6180408,-1.612416387,-1.607261062,-1.60583055,-1.605734468,-1.602770209,-1.604478478,-1.602361441,-1.601232409,-1.60266161,-1.602373004,-1.60050714,-1.603697538,-1.605672121,-1.605019331,-1.60667491,-1.607221246,-1.609206796,-1.611552477,-1.610404968,-1.609720469,-1.614899039,-1.617065787,-1.617738485,-1.618350267,-1.619072556,-1.62341404,-1.621340513,-1.621559501,-1.622011185,-1.624411821,-1.626293421,-1.625624061,-1.62823534,-1.628994942,-1.629365444,-1.629217625,-1.630014896,-1.630712867,-1.630036116,-1.631485701,-1.631981969,-1.630981445,-1.629956841,-1.631178975,-1.632975221,-1.633358955,-1.631579757,-1.632336855,-1.629144669,-1.632516384,-1.630249739,-1.628271222,-1.630635142,-1.629394174,-1.625350237,-1.628593326,-1.627959847,-1.631746411,-1.62994802,-1.629779816,-1.629057765,-1.629639149,-1.628628612,-1.628836751,-1.627464175,-1.630950928,-1.625023484,-1.625641942,-1.625682235,-1.619008064,-1.615473509,-1.607250929,-1.604895473,-1.602175474,-1.599146128,-1.59670341,-1.595432281,-1.593059182,-1.594365001,-1.596027851,-1.594413161,-1.596654773,-1.595327139,-1.598741293,-1.600957751,-1.602785349,-1.60333693,-1.604469895,-1.605054855,-1.606457949,-1.607705712,-1.613328218,-1.613303542,-1.614194274,-1.620763421,-1.617595792,-1.623776555,-1.623998404,-1.625880837,-1.632564425,-1.633091092,5.6
55,-1.692995787,-1.672399402,-1.690185189,-1.690041184,-1.678215384,-1.686049223,-1.680370688,-1.668919802,-1.674277425,-1.67326808,-1.678634882,-1.676707029,-1.672395229,-1.67476511,-1.670873284,-1.681070209,-1.678350687,-1.671123028,-1.678524375,-1.676890016,-1.680660844,-1.679462671,-1.680055261,-1.68053329,-1.680639267,-1.681564093,-1.676145315,-1.680279851,-1.67995894,-1.676835179,-1.678645849,-1.678411126,-1.677797437,-1.676625371,-1.673860073,-1.664874911,-1.667290688,-1.66678381,-1.66277194,-1.664770484,-1.663094044,-1.663601398,-1.663541436,-1.66390717,-1.662266374,-1.663193703,-1.665341377,-1.662800074,-1.663934827,-1.663162112,-1.665362835,-1.665098786,-1.664982557,-1.665297627,-1.665902376,-1.666153073,-1.663681507,-1.665571332,-1.661115766,-1.663593292,-1.66108501,-1.66135931,-1.660185575,-1.655343413,-1.656146646,-1.654698372,-1.653540969,-1.652138472,-1.650585055,-1.646904111,-1.646267414,-1.639982343,-1.636838317,-1.63122189,-1.626506686,-1.624559045,-1.625421405,-1.621493101,-1.622694731,-1.62196207,-1.620257616,-1.621829987,-1.620601177,-1.618868589,-1.623350024,-1.623040199,-1.622622013,-1.625199914,-1.625309348,-1.627372146,-1.628998399,-1.629091263,-1.628651261,-1.632477283,-1.634362936,-1.637327433,-1.637353897,-1.638213873,-1.641298771,-1.637898803,-1.638121486,-1.638892055,-1.640764356,-1.642731547,-1.642009735,-1.643233299,-1.644372106,-1.645463943,-1.644153953,-1.64564085,-1.645647049,-1.645085335,-1.648425817,-1.647000551,-1.646790028,-1.646085143,-1.647053719,-1.648613214,-1.648162723,-1.646505117,-1.647946715,-1.643847227,-1.64794755,-1.644907236,-1.643220305,-1.645884395,-1.643344998,-1.638786793,-1.642399073,-1.641546249,-1.646982551,-1.645463228,-1.645797372,-1.645054698,-1.64542985,-1.64499414,-1.646413803,-1.644282699,-1.648296356,-1.641756058,-1.641793966,-1.641373754,-1.635050535,-1.632913113,-1.62701118,-1.624977469,-1.620324373,-1.618133783,-1.617236972,-1.617591619,-1.614651322,-1.616545081,-1.615932584,-1.616431475,-1.617581844,-1.616710186,-1.620455742,-1.622642636,-1.623667121,-1.623315573,-1.623776197,-1.624546409,-1.627168894,-1.626219511,-1.63088274,-1.632280588,-1.633431435,-1.638342142,-1.635074019,-1.64171958,-1.640892625,-1.641248584,-1.648276567,-1.64729321,5.5
56,-1.640875816,-1.639418125,-1.650520682,-1.64694345,-1.646117687,-1.637461066,-1.632686973,-1.634386778,-1.631643653,-1.631233335,-1.63222158,-1.627969265,-1.632735372,-1.627478242,-1.626184821,-1.635659814,-1.632382512,-1.633649826,-1.631678224,-1.633077979,-1.635615587,-1.633845806,-1.63765347,-1.634975791,-1.638000727,-1.637650251,-1.637674689,-1.633950472,-1.634741545,-1.636672378,-1.633597136,-1.635715961,-1.634719968,-1.630591869,-1.628794551,-1.621882677,-1.623095274,-1.615420938,-1.616111875,-1.614465833,-1.614542365,-1.612646222,-1.613744974,-1.612257957,-1.610058308,-1.611439943,-1.613772392,-1.61088109,-1.614901662,-1.613200903,-1.614588618,-1.613324523,-1.614541411,-1.615480423,-1.616034627,-1.616600871,-1.614342809,-1.615797281,-1.612354398,-1.613169193,-1.610319853,-1.60956037,-1.606442213,-1.603405476,-1.603690028,-1.600035071,-1.59880054,-1.598459959,-1.594685197,-1.590769529,-1.587225795,-1.580353975,-1.574012041,-1.568876266,-1.563945293,-1.560168862,-1.559681416,-1.557690024,-1.555991888,-1.555595994,-1.553604364,-1.555429697,-1.555218458,-1.554611802,-1.554111958,-1.558866024,-1.557915211,-1.560899019,-1.562511802,-1.56235218,-1.568170428,-1.568391681,-1.567979932,-1.572744966,-1.573978424,-1.575918794,-1.576492906,-1.577399254,-1.580407381,-1.577126622,-1.580941439,-1.581178427,-1.584841371,-1.583634734,-1.585659385,-1.585414648,-1.585883617,-1.586741686,-1.586459994,-1.587248445,-1.589459658,-1.590224266,-1.591543674,-1.590158582,-1.590397239,-1.591656566,-1.590186357,-1.59108007,-1.590359569,-1.592764497,-1.592660427,-1.589688897,-1.591088057,-1.588906884,-1.586664438,-1.586920738,-1.587746978,-1.586206794,-1.587837815,-1.584939122,-1.58686316,-1.585098386,-1.587586522,-1.586904764,-1.587925434,-1.588113308,-1.586831927,-1.58389926,-1.589562058,-1.583492279,-1.584250569,-1.578316331,-1.573269129,-1.571627021,-1.562971115,-1.555910349,-1.551962733,-1.546636939,-1.544161797,-1.544510126,-1.542358398,-1.544868112,-1.544320226,-1.545331359,-1.550269485,-1.546582699,-1.54939723,-1.548376799,-1.551495552,-1.553335786,-1.553748965,-1.553085089,-1.558320165,-1.559514761,-1.56135416,-1.567905426,-1.569527268,-1.568826795,-1.573720455,-1.577082634,-1.579279304,-1.579007864,-1.582267165,-1.588528991,5.9
57,-1.67368567,-1.683551192,-1.676634073,-1.684091926,-1.678559422,-1.671982884,-1.67893219,-1.677601099,-1.673252821,-1.666823626,-1.670439839,-1.668862581,-1.665188789,-1.669324994,-1.663253546,-1.669771552,-1.667842269,-1.671231508,-1.672270775,-1.671431422,-1.673278928,-1.672986627,-1.674794316,-1.675332427,-1.675468802,-1.673207402,-1.675436378,-1.67661047,-1.671469688,-1.674630523,-1.674872398,-1.673842072,-1.674111605,-1.670926213,-1.672311544,-1.668177843,-1.667144418,-1.664353013,-1.655431151,-1.659001231,-1.655786157,-1.658485413,-1.660058022,-1.658324122,-1.65850389,-1.658771873,-1.657427311,-1.655104518,-1.655283213,-1.656415343,-1.658485889,-1.658911705,-1.66060102,-1.658192515,-1.65909946,-1.661482334,-1.658133268,-1.659573913,-1.656698465,-1.656577587,-1.655780911,-1.658173919,-1.655219913,-1.654349804,-1.653769732,-1.65130055,-1.649507403,-1.648252249,-1.646115184,-1.644182444,-1.641925573,-1.635470152,-1.632415414,-1.626410604,-1.623490691,-1.620385289,-1.617898464,-1.618862271,-1.618142605,-1.616517663,-1.614615083,-1.616149187,-1.617003798,-1.612412333,-1.61435926,-1.61817956,-1.618981004,-1.620399714,-1.620963335,-1.624009132,-1.625275135,-1.625614166,-1.624559045,-1.626748443,-1.630113959,-1.631423831,-1.630867839,-1.632018924,-1.634531617,-1.631209135,-1.634857178,-1.634884834,-1.635537267,-1.636842012,-1.637457609,-1.638214111,-1.638341308,-1.638924599,-1.639292717,-1.639347076,-1.642841578,-1.641350865,-1.641389966,-1.641414523,-1.641464353,-1.641003728,-1.643145084,-1.643653512,-1.643034816,-1.645143151,-1.645456195,-1.644411922,-1.644141316,-1.643846869,-1.641041398,-1.64169836,-1.641131282,-1.639709353,-1.641565681,-1.640811682,-1.642547965,-1.641946554,-1.641666174,-1.642799616,-1.643040299,-1.643367052,-1.641770959,-1.642672777,-1.643527985,-1.641546607,-1.642118692,-1.637452841,-1.635626197,-1.631796002,-1.624273777,-1.62146318,-1.620375752,-1.61262393,-1.613657117,-1.614133835,-1.612925172,-1.614190578,-1.613034487,-1.612419009,-1.615452051,-1.615318656,-1.616237044,-1.616205812,-1.619089723,-1.618527293,-1.620634913,-1.621787667,-1.626669884,-1.623722076,-1.627125978,-1.626573086,-1.631967306,-1.635675788,-1.637556553,-1.637522578,-1.639238596,-1.640506864,-1.643516302,-1.646752477,5.6
58,-1.637078881,-1.649630547,-1.644385815,-1.64251864,-1.643980503,-1.636184931,-1.638633132,-1.643592,-1.634402037,-1.629343748,-1.63057375,-1.626111865,-1.625190854,-1.62847805,-1.623288274,-1.625905037,-1.626094341,-1.631681681,-1.629536629,-1.631479025,-1.631483436,-1.633405566,-1.633973479,-1.632257819,-1.635273218,-1.63286984,-1.634842873,-1.636303306,-1.628462911,-1.63426125,-1.632710099,-1.632828116,-1.632554054,-1.628662109,-1.630158901,-1.623213649,-1.621397138,-1.617023587,-1.608548284,-1.611221433,-1.608701229,-1.610402465,-1.610720277,-1.610700488,-1.610599756,-1.61066699,-1.609894276,-1.606658816,-1.609333396,-1.608951688,-1.610865831,-1.611516237,-1.614052296,-1.6117239,-1.612810016,-1.614629984,-1.612751603,-1.613319397,-1.609538436,-1.61018455,-1.608263731,-1.610305548,-1.60559094,-1.604413271,-1.603841662,-1.600098491,-1.598923683,-1.596403122,-1.59300983,-1.590061069,-1.586700916,-1.577873111,-1.573203087,-1.565798283,-1.561299801,-1.556053281,-1.55472517,-1.554175377,-1.552911401,-1.5503757,-1.549743056,-1.550991058,-1.55214417,-1.547710061,-1.551298976,-1.553563476,-1.554481745,-1.556061506,-1.5553478,-1.559284687,-1.561450481,-1.561049223,-1.563483834,-1.56434536,-1.568472266,-1.569957495,-1.569098234,-1.57142055,-1.57448554,-1.570600867,-1.57490766,-1.575685024,-1.576420307,-1.578849554,-1.579108,-1.579248905,-1.577623606,-1.580464244,-1.581540942,-1.582309723,-1.585380197,-1.584038258,-1.584989667,-1.583920717,-1.583993077,-1.583977699,-1.586631894,-1.585781813,-1.584548116,-1.587378025,-1.587933421,-1.585574389,-1.585968852,-1.58508575,-1.583076596,-1.582599759,-1.582077861,-1.580839992,-1.582406282,-1.58193624,-1.584866285,-1.584982634,-1.583356023,-1.583104253,-1.583485961,-1.586097479,-1.58452034,-1.585645676,-1.583883524,-1.581710339,-1.582903504,-1.577084303,-1.573569655,-1.569096327,-1.561697364,-1.558804035,-1.557671666,-1.54809773,-1.548925996,-1.549534082,-1.547157288,-1.549374223,-1.549046636,-1.547955394,-1.549718857,-1.548937559,-1.550221205,-1.550376415,-1.554856539,-1.554120064,-1.556523442,-1.558333755,-1.562140942,-1.560302973,-1.56693542,-1.563799262,-1.567866445,-1.572782993,-1.575069427,-1.577116847,-1.57769382,-1.580810308,-1.583075404,-1.589984775,5.5
59,-1.602501154,-1.606406331,-1.604230404,-1.606045246,-1.598676682,-1.578347564,-1.594707251,-1.599306345,-1.588069558,-1.591601372,-1.576943398,-1.587359667,-1.582983136,-1.590559006,-1.584236979,-1.587394476,-1.589350581,-1.586568952,-1.589361668,-1.594605803,-1.595784545,-1.59662354,-1.597076774,-1.599525452,-1.59416306,-1.591824651,-1.596650124,-1.598407745,-1.595125556,-1.592310786,-1.587804317,-1.591724992,-1.589413166,-1.582134724,-1.5828408,-1.571828365,-1.569528103,-1.566671252,-1.565669894,-1.564086199,-1.561189294,-1.56092155,-1.562103868,-1.564272761,-1.561955214,-1.561504841,-1.564309716,-1.565822005,-1.563970804,-1.563305378,-1.565648556,-1.565230012,-1.565652132,-1.566339135,-1.566327333,-1.567258358,-1.563309431,-1.566790819,-1.560899615,-1.558519363,-1.557190895,-1.555163145,-1.553394914,-1.54847157,-1.546722651,-1.544823885,-1.540291548,-1.537154913,-1.536913633,-1.534542441,-1.528031111,-1.521985173,-1.514289618,-1.506740093,-1.502804637,-1.500399113,-1.496649265,-1.496130466,-1.495407343,-1.497024655,-1.494580984,-1.495244503,-1.494039893,-1.492412567,-1.495820999,-1.497456074,-1.500120759,-1.499407411,-1.503083348,-1.506023526,-1.507464051,-1.508207917,-1.508793116,-1.513854146,-1.516181946,-1.514495969,-1.518508792,-1.520472765,-1.522112489,-1.518437505,-1.521016479,-1.523322582,-1.523964286,-1.523601413,-1.526374817,-1.529481173,-1.525522828,-1.530309081,-1.532196522,-1.531502724,-1.533273935,-1.530083776,-1.533671498,-1.53384006,-1.531854153,-1.530884266,-1.532326341,-1.531198859,-1.530533075,-1.532272935,-1.532344222,-1.531462193,-1.533652663,-1.529888511,-1.527294993,-1.531030416,-1.529034972,-1.526954412,-1.527882457,-1.528702974,-1.527205348,-1.526503205,-1.527858019,-1.528353691,-1.52991879,-1.529113293,-1.529155254,-1.529269338,-1.527788401,-1.52409637,-1.5235883,-1.521582723,-1.516204238,-1.515803218,-1.505540133,-1.502259135,-1.496299863,-1.491083026,-1.490140319,-1.487639427,-1.484724283,-1.488874793,-1.490141034,-1.492165089,-1.492544889,-1.494156241,-1.491184115,-1.494453311,-1.495635509,-1.495808959,-1.49860096,-1.5041641,-1.505488634,-1.507183194,-1.509698987,-1.509456158,-1.518950105,-1.523974061,-1.521323562,-1.526343346,-1.529668331,-1.529065371,-1.530984879,-1.545532584,5.8
60,-1.709536791,-1.71986568,-1.712395549,-1.716447353,-1.709638119,-1.693656206,-1.705510855,-1.711891651,-1.704106808,-1.702031374,-1.693525553,-1.703963637,-1.700148821,-1.705439806,-1.701283455,-1.702476978,-1.704324365,-1.701528907,-1.703494787,-1.705582619,-1.709004641,-1.710944176,-1.707653284,-1.711138606,-1.706664443,-1.707154512,-1.708688617,-1.709038138,-1.707423091,-1.706421256,-1.702254295,-1.705808043,-1.703336835,-1.698830605,-1.700187087,-1.692156792,-1.691674232,-1.688200951,-1.687266469,-1.685857296,-1.684975147,-1.684190631,-1.686305285,-1.687265396,-1.685111046,-1.685007572,-1.687503934,-1.688450933,-1.68761754,-1.686683178,-1.688369513,-1.686846018,-1.687112927,-1.687556267,-1.686909556,-1.688640594,-1.68525517,-1.688061476,-1.683658004,-1.683125854,-1.681623578,-1.680974841,-1.679154634,-1.676051974,-1.674703479,-1.674137235,-1.671442866,-1.669371247,-1.669304729,-1.666944742,-1.662745237,-1.658832788,-1.653416276,-1.648055196,-1.645421505,-1.643358231,-1.640285492,-1.640800953,-1.640473485,-1.64063406,-1.638690114,-1.639529467,-1.639410257,-1.637183428,-1.639439225,-1.641201973,-1.642804742,-1.643296599,-1.645194054,-1.647051454,-1.647983432,-1.648827553,-1.648922682,-1.652286768,-1.653722405,-1.652598739,-1.656022787,-1.656424046,-1.65963304,-1.656505585,-1.65752542,-1.658542156,-1.659778237,-1.659637094,-1.661268473,-1.662667632,-1.659235358,-1.663592219,-1.664726019,-1.664572001,-1.665282369,-1.662334323,-1.664679527,-1.665085673,-1.664057255,-1.663221478,-1.664651275,-1.66315794,-1.663266301,-1.664443612,-1.665605664,-1.664797425,-1.665860534,-1.663499951,-1.661400199,-1.662590265,-1.663516879,-1.663012147,-1.662384987,-1.66179049,-1.660692096,-1.658805609,-1.661461353,-1.662915111,-1.663218141,-1.663101196,-1.663128614,-1.661847472,-1.662823796,-1.659997463,-1.658393025,-1.656927347,-1.653430223,-1.652384996,-1.64599669,-1.642289758,-1.63671279,-1.632450104,-1.632965684,-1.63043344,-1.628913283,-1.631777167,-1.633630514,-1.633983135,-1.637679577,-1.635861516,-1.633592963,-1.635930181,-1.637174726,-1.639240861,-1.642317057,-1.645791411,-1.646045804,-1.646629095,-1.647918582,-1.647385478,-1.654162884,-1.657776713,-1.656166434,-1.65980494,-1.659360528,-1.660475373,-1.66390264,-1.672528267,5.6
61,-1.770663142,-1.768411398,-1.769965172,-1.763168812,-1.761745691,-1.759368658,-1.759198308,-1.748209715,-1.755991459,-1.741003275,-1.743625641,-1.738550186,-1.746634245,-1.747685075,-1.747691393,-1.748461723,-1.747122169,-1.753127575,-1.753504157,-1.755787611,-1.75682497,-1.757857561,-1.760136366,-1.757567883,-1.759056926,-1.759304523,-1.758645654,-1.755744219,-1.757057548,-1.753753424,-1.754735351,-1.752220273,-1.749641418,-1.748019814,-1.745754957,-1.73605597,-1.72797811,-1.723984957,-1.717259288,-1.72055161,-1.716537118,-1.718888402,-1.7197752,-1.718616962,-1.716555834,-1.719319701,-1.720472932,-1.720548749,-1.721101642,-1.719067812,-1.720840693,-1.720622778,-1.72208941,-1.722165108,-1.72182548,-1.722410798,-1.719030738,-1.720108271,-1.715870142,-1.717124343,-1.71364224,-1.711369753,-1.706153989,-1.700774312,-1.698352456,-1.69526422,-1.692790747,-1.691784978,-1.687244773,-1.683214307,-1.678165078,-1.672114372,-1.666048884,-1.6591748,-1.65372324,-1.650164127,-1.648949265,-1.647647738,-1.646697521,-1.646714687,-1.645111203,-1.647491097,-1.647243023,-1.645301938,-1.64694345,-1.64999187,-1.650613427,-1.653088093,-1.652683139,-1.65639472,-1.658518434,-1.660062909,-1.661123276,-1.663502574,-1.665649295,-1.667536259,-1.667508006,-1.66762054,-1.67159915,-1.669032097,-1.674733639,-1.675081491,-1.678370595,-1.677545786,-1.676952124,-1.678623676,-1.68032825,-1.679131269,-1.682458043,-1.683810353,-1.684985161,-1.684600711,-1.685977578,-1.685784698,-1.686784267,-1.686422706,-1.685764074,-1.686239839,-1.684171438,-1.684656262,-1.683325171,-1.681897998,-1.68402648,-1.682744622,-1.678482175,-1.680494905,-1.682196021,-1.68052423,-1.6819942,-1.680297256,-1.682020426,-1.680906296,-1.68260026,-1.681016922,-1.681844354,-1.681023479,-1.679042816,-1.678671122,-1.680008173,-1.67540729,-1.676793575,-1.673505068,-1.667625189,-1.66283524,-1.656084895,-1.652241468,-1.649747849,-1.644320369,-1.644656658,-1.643180847,-1.641014576,-1.640539646,-1.642319918,-1.643127322,-1.645566225,-1.645892978,-1.645672679,-1.648173809,-1.64591229,-1.65134716,-1.651811242,-1.654490471,-1.656594276,-1.656521916,-1.663878202,-1.663102269,-1.676392317,-1.681101561,-1.673675418,-1.675210953,-1.682009697,-1.68265903,-1.687159181,-1.689186096,5.5
62,-1.780920148,-1.770527244,-1.779368043,-1.774937034,-1.76853323,-1.778949499,-1.76354754,-1.766418934,-1.759817004,-1.758274198,-1.76292181,-1.758803725,-1.759556055,-1.761674047,-1.757620811,-1.763579011,-1.760566115,-1.766182899,-1.764437318,-1.769276023,-1.768295288,-1.76881063,-1.769668818,-1.770012379,-1.769445896,-1.771683097,-1.766756654,-1.771518826,-1.765903354,-1.76672554,-1.766628385,-1.766084433,-1.765248656,-1.763733983,-1.759640932,-1.751541972,-1.748808384,-1.744327068,-1.744129658,-1.742348194,-1.73962009,-1.742117405,-1.741547346,-1.741286516,-1.741039157,-1.742875814,-1.742592216,-1.740841389,-1.742219925,-1.743559241,-1.744617939,-1.743622065,-1.74567759,-1.74452889,-1.74402833,-1.744492888,-1.74353838,-1.743136883,-1.73955369,-1.73770988,-1.736475348,-1.735506892,-1.731921554,-1.728466868,-1.726224303,-1.723417997,-1.72029531,-1.721116304,-1.718902349,-1.714766026,-1.710323334,-1.705380082,-1.699638128,-1.69356966,-1.688267469,-1.685149789,-1.684368849,-1.682658911,-1.682490587,-1.680967927,-1.680621982,-1.682881951,-1.683259368,-1.681949735,-1.683042407,-1.685377002,-1.684385061,-1.6860919,-1.685852647,-1.689884186,-1.692318201,-1.693207383,-1.693636537,-1.695192099,-1.698105812,-1.699299216,-1.7007972,-1.701975465,-1.704564095,-1.700640202,-1.705713272,-1.706166863,-1.707862973,-1.709103823,-1.709451795,-1.711181879,-1.711978436,-1.712737799,-1.714117885,-1.715063572,-1.713477492,-1.713317275,-1.715828419,-1.715195298,-1.714113355,-1.715875149,-1.715876341,-1.715612173,-1.714773178,-1.715858936,-1.715164661,-1.713894367,-1.715748429,-1.714066982,-1.712941766,-1.713039517,-1.712787509,-1.71185708,-1.713877678,-1.71157825,-1.712672949,-1.712727189,-1.716150284,-1.713202,-1.714123011,-1.714139223,-1.717792153,-1.713666201,-1.714800954,-1.710016847,-1.710377455,-1.706636786,-1.703660727,-1.699215055,-1.695214391,-1.690467358,-1.686982274,-1.683312297,-1.682816982,-1.680529356,-1.679168582,-1.681131124,-1.681368589,-1.682003736,-1.682312846,-1.683411241,-1.684623003,-1.686279178,-1.688320875,-1.689399004,-1.69113636,-1.692225218,-1.695214748,-1.694088459,-1.699468255,-1.700313091,-1.70277977,-1.700785756,-1.707299471,-1.709837675,-1.710800648,-1.713021874,-1.715499997,-1.717379928,5.8
63,-1.747194409,-1.734423161,-1.75140655,-1.740776777,-1.73557055,-1.744461417,-1.73577857,-1.732692957,-1.726657867,-1.727480888,-1.73133719,-1.724557281,-1.723762751,-1.728055,-1.724474311,-1.731846452,-1.729849935,-1.733929157,-1.733692646,-1.735173941,-1.735065341,-1.735130191,-1.736486077,-1.738154531,-1.736686707,-1.738708615,-1.735095739,-1.737740159,-1.733111858,-1.734767437,-1.733577967,-1.734347343,-1.733695745,-1.730987906,-1.72824645,-1.72157383,-1.717972755,-1.713360548,-1.712101817,-1.711289406,-1.709941268,-1.711413145,-1.711847067,-1.711991072,-1.710980415,-1.713555813,-1.713357568,-1.711329937,-1.712697148,-1.713042378,-1.714374542,-1.713152647,-1.716222882,-1.715255022,-1.714827061,-1.715747595,-1.713992119,-1.713912964,-1.711257339,-1.710006237,-1.707983136,-1.707249522,-1.704164386,-1.700967789,-1.698376298,-1.696470976,-1.693961143,-1.694882154,-1.693291187,-1.689527512,-1.686125159,-1.679859519,-1.675388932,-1.670647264,-1.666013956,-1.662482738,-1.662714362,-1.659897447,-1.660286069,-1.659314156,-1.658415556,-1.660609603,-1.660237193,-1.658657312,-1.66091311,-1.662318349,-1.661718249,-1.66315794,-1.662277222,-1.666465521,-1.669389725,-1.670193315,-1.669590473,-1.670762777,-1.674538732,-1.675395131,-1.676267385,-1.678607821,-1.680351973,-1.676088572,-1.681385875,-1.681797981,-1.682876348,-1.682758808,-1.684370995,-1.687076807,-1.686968207,-1.687522531,-1.688559771,-1.689422369,-1.688728213,-1.688340783,-1.690647006,-1.689490318,-1.688198209,-1.689872265,-1.68900013,-1.688319206,-1.689543366,-1.691594362,-1.690739393,-1.689625382,-1.690710187,-1.688462019,-1.687270522,-1.688361168,-1.687762141,-1.687098384,-1.688035488,-1.685897589,-1.687896371,-1.686299562,-1.689378858,-1.688860774,-1.690208197,-1.688096404,-1.690424681,-1.687788486,-1.690143466,-1.685233116,-1.68650794,-1.681865215,-1.67987287,-1.676242232,-1.671403408,-1.66799891,-1.665182948,-1.662409067,-1.659989238,-1.657063484,-1.655890226,-1.657791018,-1.657737732,-1.65889132,-1.659400582,-1.659278631,-1.660705686,-1.661693454,-1.664709926,-1.664755464,-1.669414043,-1.668050885,-1.670483947,-1.668071628,-1.676506162,-1.676376462,-1.679503083,-1.677491903,-1.682899237,-1.686790109,-1.68558836,-1.687550426,-1.688765526,-1.692672491,5.8
64,-1.755538702,-1.75641799,-1.77308023,-1.762478828,-1.757580638,-1.74159348,-1.758816719,-1.758000255,-1.752285719,-1.750085115,-1.755430698,-1.74944067,-1.752796054,-1.755175591,-1.750249267,-1.752082586,-1.748134136,-1.753757715,-1.754245996,-1.756833553,-1.759702563,-1.757614017,-1.75917232,-1.757379651,-1.755658984,-1.760062099,-1.757756829,-1.755365252,-1.759768963,-1.756343246,-1.756604671,-1.753230453,-1.756755233,-1.753809214,-1.751821399,-1.748621464,-1.746213317,-1.74229455,-1.741093397,-1.74092114,-1.741173744,-1.742331266,-1.740291238,-1.741029024,-1.738938808,-1.741601229,-1.740382314,-1.741412282,-1.740749359,-1.737702012,-1.742510676,-1.742187858,-1.743570685,-1.743157387,-1.742432714,-1.742151976,-1.740950942,-1.742449045,-1.737053394,-1.738276839,-1.736358047,-1.739000559,-1.733986855,-1.733018637,-1.732947111,-1.730262995,-1.730364919,-1.730631709,-1.729625583,-1.728056431,-1.725490689,-1.721827865,-1.718337655,-1.713067532,-1.712433338,-1.710219741,-1.708956957,-1.70730257,-1.709031701,-1.707394481,-1.707204342,-1.70603168,-1.708253026,-1.707580686,-1.707321405,-1.710494637,-1.709872246,-1.711537838,-1.710748076,-1.7157619,-1.717551351,-1.716783166,-1.717448711,-1.717633128,-1.718080163,-1.721289992,-1.720653296,-1.721020222,-1.724244952,-1.720778108,-1.72416532,-1.725736022,-1.726393938,-1.726307988,-1.726856232,-1.72926116,-1.729330063,-1.728389263,-1.729718328,-1.730096936,-1.731067061,-1.731009483,-1.731101513,-1.729447603,-1.730773449,-1.730756402,-1.729443789,-1.730049849,-1.728865266,-1.730733991,-1.731810331,-1.728477359,-1.728811979,-1.730022669,-1.728459477,-1.729759216,-1.729606032,-1.727391362,-1.725077271,-1.726453543,-1.726182222,-1.725888252,-1.728640556,-1.727828383,-1.728982091,-1.730309725,-1.732191205,-1.730143189,-1.730009317,-1.726621985,-1.727282286,-1.723766804,-1.724350095,-1.720171452,-1.712179542,-1.711183906,-1.710101366,-1.707214236,-1.707884908,-1.70489049,-1.70270896,-1.703729272,-1.706005692,-1.707483172,-1.708850622,-1.705039024,-1.70869863,-1.70790422,-1.709719419,-1.711738586,-1.713768005,-1.715052843,-1.715939879,-1.717303038,-1.719318509,-1.719152689,-1.721976757,-1.721705675,-1.7250278,-1.724661469,-1.727998376,-1.726595998,-1.729541898,-1.730482101,5.3
65,-1.758081436,-1.760160446,-1.772594929,-1.766352654,-1.762588024,-1.74958694,-1.762426972,-1.757745266,-1.756758213,-1.755506635,-1.753799677,-1.752865314,-1.753201127,-1.761263728,-1.751630187,-1.755702972,-1.750065327,-1.754725337,-1.754642487,-1.760473847,-1.759543777,-1.758924961,-1.761329412,-1.758320332,-1.757351518,-1.762457132,-1.759680867,-1.758844256,-1.760629892,-1.75743258,-1.758048773,-1.755734682,-1.757637262,-1.755976558,-1.75215745,-1.748278618,-1.743806243,-1.739836931,-1.740168571,-1.739191055,-1.739259124,-1.739971399,-1.738559365,-1.738453746,-1.736979008,-1.74043107,-1.739024282,-1.739864588,-1.740142703,-1.736929655,-1.74123621,-1.740399003,-1.743426085,-1.741787434,-1.741591811,-1.741615653,-1.740844131,-1.741243005,-1.735816121,-1.737054348,-1.734783411,-1.735657334,-1.731175303,-1.728300214,-1.727546215,-1.724277735,-1.723944545,-1.723597646,-1.721713066,-1.719418287,-1.716787696,-1.711354613,-1.707147002,-1.701868892,-1.699912786,-1.697118402,-1.696155667,-1.693858147,-1.694442153,-1.693125725,-1.693681002,-1.692653418,-1.694652677,-1.693766952,-1.694261789,-1.696853757,-1.696519613,-1.69786942,-1.697613001,-1.700926423,-1.704170585,-1.704754829,-1.705734134,-1.706665754,-1.707723975,-1.708294868,-1.707821846,-1.709818006,-1.712472439,-1.709451318,-1.712570429,-1.714440584,-1.715784669,-1.715897679,-1.71672678,-1.718577504,-1.718470216,-1.71905005,-1.719174027,-1.719283581,-1.721032739,-1.721251845,-1.72166419,-1.721139669,-1.720856786,-1.721061826,-1.720197201,-1.722027183,-1.722559214,-1.721489906,-1.72211194,-1.721921563,-1.719792128,-1.721111894,-1.71967423,-1.720980167,-1.719967961,-1.719189525,-1.717653871,-1.717323661,-1.716498375,-1.717435718,-1.719679594,-1.717119098,-1.718865871,-1.720036507,-1.722001791,-1.720760107,-1.719606757,-1.716268659,-1.717163324,-1.712291718,-1.711613178,-1.707629442,-1.699917197,-1.698783875,-1.696770668,-1.69208169,-1.691922307,-1.691277742,-1.689668417,-1.689633012,-1.689799428,-1.689831138,-1.692772865,-1.691058993,-1.694593906,-1.693604231,-1.694498897,-1.697306275,-1.699929953,-1.701057434,-1.703670144,-1.703983903,-1.705930352,-1.706370473,-1.708504915,-1.708824635,-1.712924004,-1.713107705,-1.718105197,-1.716393948,-1.719192505,-1.720497727,5.3
