,902.9647217,909.7512817,916.5380249,923.3247681,930.1116943,936.8986816,943.6858521,950.4731445,957.2606201,964.0482178,970.8359985,977.6239624,984.4121094,991.2005005,997.9890747,1004.777954,1011.567017,1018.356323,1025.145874,1031.935791,1038.725952,1045.516357,1052.307129,1059.098145,1065.889526,1072.681274,1079.473389,1086.265869,1093.058594,1099.851807,1106.645386,1113.439453,1120.233887,1127.028687,1133.823975,1140.619751,1147.416016,1154.212646,1161.009888,1167.807495,1174.605713,1181.404297,1188.203491,1195.003296,1201.803589,1208.604492,1215.405884,1222.207886,1229.010498,1235.813721,1242.617554,1249.421997,1256.227051,1263.032837,1269.839233,1276.646362,1283.454102,1290.262573,1297.071655,1303.881592,1310.692139,1317.503418,1324.315552,1331.128418,1337.942017,1344.756348,1351.571533,1358.387573,1365.204346,1372.021973,1378.840454,1385.65979,1392.479858,1399.300903,1406.122925,1412.945679,1419.769409,1426.593994,1433.419556,1440.246094,1447.073486,1453.901855,1460.731201,1467.561523,1474.392944,1481.22522,1488.058594,1494.892944,1501.728394,1508.564819,1515.402344,1522.240845,1529.080566,1535.921265,1542.763062,1549.606079,1556.450073,1563.295288,1570.141724,1576.989258,1583.837891,1590.687744,1597.538818,1604.390991,1611.244507,1618.099121,1624.955078,1631.812256,1638.670654,1645.530273,1652.391235,1659.25354,1666.117065,1672.981934,1679.848022,1686.715576,1693.584473,1700.45459,1707.326172,1714.199097,1721.073486,1727.949219,1734.826294,1741.704956,1748.584839,1755.466309,1762.349243,1769.233521,1776.119385,1783.006714,1789.895508,1796.785889,1803.677612,1810.571045,1817.465942,1824.362427,1831.260498,1838.160034,1845.061279,1851.963989,1858.868408,1865.774414,1872.682007,1879.591309,1886.502319,1893.414917,1900.329102,1907.245117,1914.16272,1921.082153,1928.003174,1934.926025,1941.850586,1948.776855,1955.704956,1962.634766,1969.566406,1976.499756,1983.434937,1990.37207,1997.310913,2004.251587,2011.194092,2018.13855,2025.084839,2032.032959,2038.983032,2052.888916,2059.844727,2066.80249,2073.762207,2080.723877,2087.6875,2094.653076,SSC (ºBrix)
0,-1.788993955,-1.789001465,-1.793937683,-1.778511524,-1.783371091,-1.786945224,-1.777486682,-1.778079152,-1.766986489,-1.766128421,-1.769595861,-1.770221353,-1.769976974,-1.770574093,-1.7748487,-1.774962068,-1.778992891,-1.780087113,-1.775312543,-1.780367255,-1.78283155,-1.781129599,-1.781682611,-1.784248948,-1.784037352,-1.782578349,-1.784538507,-1.783611774,-1.779080629,-1.777522922,-1.780795813,-1.778563738,-1.777858853,-1.772586226,-1.76812017,-1.76012063,-1.753891349,-1.751161218,-1.749944448,-1.750197649,-1.747285724,-1.747863293,-1.746754646,-1.746874571,-1.7462641,-1.748845458,-1.748394251,-1.750911117,-1.750673771,-1.750975847,-1.751278162,-1.75300014,-1.753202319,-1.755094767,-1.755032182,-1.754253149,-1.753323913,-1.753289223,-1.749225736,-1.749722362,-1.74573946,-1.743382454,-1.739754915,-1.738048315,-1.734076381,-1.730140328,-1.72772193,-1.724348545,-1.722046494,-1.717730165,-1.710136414,-1.70269382,-1.69406271,-1.688002706,-1.682890534,-1.67524159,-1.676286459,-1.673099875,-1.671362162,-1.672903061,-1.67074728,-1.673312783,-1.670764923,-1.671497345,-1.672144651,-1.675052762,-1.676904202,-1.676841378,-1.679917932,-1.684003234,-1.684501052,-1.687279105,-1.689194083,-1.690472841,-1.693113804,-1.695957541,-1.695963621,-1.698471189,-1.702121258,-1.698270679,-1.701921463,-1.703759909,-1.705908418,-1.707033753,-1.70784986,-1.707553267,-1.708726168,-1.712409616,-1.713517189,-1.713823915,-1.713163614,-1.712777972,-1.714915633,-1.713533759,-1.714962482,-1.714955449,-1.714131713,-1.715797544,-1.713175416,-1.715242743,-1.71374011,-1.713699698,-1.712447047,-1.711720347,-1.709411263,-1.709411383,-1.708363533,-1.706888914,-1.709178686,-1.708107829,-1.708922744,-1.708325267,-1.70866847,-1.708959341,-1.7118572,-1.711051941,-1.711573839,-1.707829475,-1.711719751,-1.706543684,-1.703048587,-1.701445937,-1.694654822,-1.689251184,-1.681407571,-1.677210569,-1.668839812,-1.666009188,-1.663015008,-1.661318183,-1.66132164,-1.664699793,-1.663240075,-1.666297436,-1.666096807,-1.668112159,-1.669062734,-1.668717742,-1.669771314,-1.673395634,-1.678103566,-1.677866459,-1.680279374,-1.679396391,-1.682499051,-1.681050658,-1.684015274,-1.683243513,-1.68921423,-1.693456173,-1.695770144,-1.698461294,-1.705673218,-1.711690068,5.2
1,-1.751032591,-1.751630545,-1.747856855,-1.742828012,-1.752588868,-1.739297152,-1.739785552,-1.746004462,-1.724666595,-1.73424387,-1.723650217,-1.731806517,-1.727997541,-1.732183695,-1.722043753,-1.732859731,-1.737256169,-1.733021736,-1.737252355,-1.745155454,-1.739595771,-1.747609138,-1.742012739,-1.742130518,-1.740170836,-1.742792487,-1.745718479,-1.743412495,-1.738751173,-1.740009904,-1.739714265,-1.734431624,-1.735174179,-1.73101151,-1.724858761,-1.72080195,-1.712988019,-1.708703756,-1.706086397,-1.704290032,-1.703204393,-1.703204274,-1.702337503,-1.703436852,-1.703268528,-1.701541305,-1.704728603,-1.702232957,-1.705218196,-1.707196355,-1.705713391,-1.706423163,-1.70939362,-1.707882524,-1.706041694,-1.708094716,-1.705761194,-1.706234097,-1.701818109,-1.701536894,-1.698916316,-1.695738196,-1.690134764,-1.689796448,-1.685874581,-1.682844162,-1.680171609,-1.679068804,-1.675814152,-1.665961146,-1.665964603,-1.655724525,-1.648890495,-1.642176151,-1.638525844,-1.634168506,-1.6330055,-1.631451488,-1.629778028,-1.628484726,-1.626601577,-1.629736781,-1.628456235,-1.629617095,-1.630002499,-1.634746313,-1.636195779,-1.637719035,-1.637039781,-1.639841437,-1.641608834,-1.645994544,-1.643062592,-1.645059586,-1.650421262,-1.651508808,-1.650789261,-1.654635072,-1.656584263,-1.654937148,-1.658254027,-1.657047868,-1.661407232,-1.661179185,-1.662615776,-1.66291678,-1.663494587,-1.664700508,-1.665538669,-1.666043401,-1.665690303,-1.666980982,-1.669650316,-1.669113636,-1.667586565,-1.668473244,-1.666924119,-1.664978147,-1.663920045,-1.665701866,-1.664705038,-1.662816286,-1.663754344,-1.663037181,-1.66204989,-1.658863902,-1.660246968,-1.659114003,-1.661591649,-1.65718317,-1.65905714,-1.656033278,-1.659025431,-1.65701592,-1.659038305,-1.659922719,-1.662424088,-1.657711864,-1.661038399,-1.657235503,-1.651721835,-1.650118828,-1.644389749,-1.637338161,-1.632426143,-1.626368284,-1.625348568,-1.618545413,-1.618451715,-1.619088531,-1.614530563,-1.616342664,-1.615909457,-1.615251184,-1.617729068,-1.617592454,-1.619701266,-1.62316227,-1.622941375,-1.623580456,-1.62716341,-1.628078103,-1.629904389,-1.630834341,-1.633487225,-1.634539604,-1.638088346,-1.640815854,-1.644290209,-1.646528721,-1.64969933,-1.65110147,-1.654272318,-1.66043973,5.7
2,-1.682025909,-1.686572552,-1.681908488,-1.691417217,-1.679449677,-1.67387414,-1.671773672,-1.665369153,-1.666770697,-1.659679174,-1.661628962,-1.663865209,-1.657417774,-1.661171317,-1.668173313,-1.661639452,-1.662259936,-1.666913033,-1.666756868,-1.663363695,-1.66818428,-1.667469263,-1.668990731,-1.668249488,-1.666062951,-1.668055177,-1.670424938,-1.667796373,-1.667549014,-1.663953066,-1.662436962,-1.662407279,-1.658527493,-1.655387521,-1.650741816,-1.643631458,-1.637275696,-1.633866787,-1.631584764,-1.631584167,-1.629602313,-1.629162312,-1.629155993,-1.629732966,-1.624864936,-1.630091667,-1.630592227,-1.629234314,-1.629707456,-1.62852037,-1.630702972,-1.631262541,-1.633259773,-1.631758571,-1.632377625,-1.631750822,-1.628904343,-1.629735112,-1.626384616,-1.623633265,-1.622064233,-1.618100882,-1.614549041,-1.612410307,-1.608874083,-1.604430914,-1.601654649,-1.602995515,-1.599404216,-1.593758821,-1.588080525,-1.582684994,-1.57050848,-1.5660851,-1.559307694,-1.554991126,-1.552693725,-1.549099445,-1.548670292,-1.550274491,-1.545182943,-1.544510484,-1.545859933,-1.545324922,-1.545482874,-1.549725294,-1.550038695,-1.553934932,-1.55336678,-1.554603815,-1.559818029,-1.559599042,-1.562170267,-1.564525127,-1.565579057,-1.565558434,-1.568549514,-1.570747256,-1.5721066,-1.569419742,-1.571074367,-1.573231697,-1.576485515,-1.57698667,-1.580536127,-1.579148889,-1.57804203,-1.58080554,-1.580514789,-1.580329537,-1.58115375,-1.58114922,-1.583790541,-1.585258365,-1.583507538,-1.582282066,-1.584826946,-1.582142949,-1.582051039,-1.582407832,-1.583842516,-1.579156637,-1.580617309,-1.578282952,-1.57697475,-1.577169895,-1.580478907,-1.576992512,-1.578391194,-1.576190829,-1.577467918,-1.575464129,-1.576030731,-1.577208161,-1.578361392,-1.578984976,-1.578745604,-1.578556418,-1.576169014,-1.575572848,-1.573370099,-1.567125559,-1.563605428,-1.557389259,-1.547689319,-1.539310932,-1.536172152,-1.531306267,-1.53092289,-1.529794812,-1.528445005,-1.531811476,-1.528070807,-1.528276324,-1.530648828,-1.533851981,-1.533513427,-1.536257029,-1.538079619,-1.540154815,-1.542883992,-1.544903398,-1.549489737,-1.545094252,-1.548521399,-1.550002456,-1.556996703,-1.560659289,-1.564302444,-1.565419316,-1.569241285,-1.575371742,-1.576797843,-1.588016152,4.1
3,-1.732626915,-1.745380044,-1.739596248,-1.749867558,-1.741540074,-1.740072012,-1.730750084,-1.735111475,-1.735949039,-1.727931976,-1.726154447,-1.726882696,-1.728365541,-1.730557442,-1.722553611,-1.734136581,-1.727607369,-1.733178973,-1.730683804,-1.735256076,-1.731807351,-1.738716125,-1.734630108,-1.733073354,-1.738525033,-1.734129071,-1.734624147,-1.734643579,-1.734436274,-1.730350018,-1.730241299,-1.728650212,-1.729700923,-1.724793553,-1.719474077,-1.713191867,-1.70729351,-1.704312086,-1.701135874,-1.702203631,-1.69958353,-1.700541854,-1.700675011,-1.698456883,-1.69808352,-1.700809121,-1.702991486,-1.700792074,-1.701066136,-1.702268124,-1.703989506,-1.702267289,-1.701432943,-1.70388329,-1.705199003,-1.704314828,-1.700757504,-1.702712893,-1.698932528,-1.697909236,-1.694048285,-1.692552328,-1.689388037,-1.686519265,-1.684356093,-1.680812597,-1.676961899,-1.677830935,-1.674651623,-1.671691418,-1.666180015,-1.658711672,-1.654503822,-1.64707613,-1.643532872,-1.639201403,-1.636401176,-1.634054542,-1.634512186,-1.633327365,-1.632707,-1.633258939,-1.632745743,-1.631050587,-1.632961512,-1.634910107,-1.63682723,-1.637735486,-1.638229132,-1.641335726,-1.643007159,-1.644393921,-1.642820597,-1.645365715,-1.647692084,-1.65068543,-1.651293397,-1.654171824,-1.65434587,-1.652595997,-1.656532288,-1.656670809,-1.659341097,-1.657750726,-1.66081655,-1.659304976,-1.661004305,-1.662187099,-1.663066626,-1.66424942,-1.664934993,-1.663673878,-1.667047024,-1.666311264,-1.667434692,-1.668026209,-1.666911244,-1.666638851,-1.666220665,-1.66706109,-1.666030526,-1.664327025,-1.663361907,-1.664600968,-1.66219914,-1.661993027,-1.661905646,-1.660650969,-1.661150575,-1.662252307,-1.661495805,-1.660065532,-1.662903786,-1.664024472,-1.666151404,-1.664735436,-1.666456342,-1.663190126,-1.663830638,-1.658928037,-1.661510706,-1.653735161,-1.652062058,-1.645451188,-1.642134428,-1.638574243,-1.634387255,-1.629355431,-1.631346941,-1.633668184,-1.62918365,-1.63293457,-1.631162167,-1.630948782,-1.634498954,-1.632892966,-1.635032058,-1.636258483,-1.638296008,-1.63882637,-1.642175317,-1.641151071,-1.644255042,-1.642375946,-1.647200108,-1.651137233,-1.653810859,-1.655285239,-1.655435324,-1.658901811,-1.660923004,-1.663370967,-1.667554379,-1.674687028,4.3
4,-1.867805004,-1.865564704,-1.862516165,-1.86344552,-1.858820558,-1.853602409,-1.84868145,-1.84126389,-1.843721032,-1.831074476,-1.838412285,-1.838853359,-1.838522673,-1.832922459,-1.831211925,-1.834689975,-1.840617657,-1.841811538,-1.8438164,-1.845083475,-1.845985532,-1.847258806,-1.845194459,-1.846057415,-1.847079396,-1.843238473,-1.849273324,-1.845868587,-1.844076633,-1.840378284,-1.843804955,-1.837352276,-1.837909222,-1.830088258,-1.829474807,-1.822597623,-1.812986016,-1.805957675,-1.804777622,-1.806078196,-1.804762721,-1.804691076,-1.805292726,-1.8050915,-1.801466823,-1.804003477,-1.805238247,-1.806782365,-1.809780955,-1.806612611,-1.807924032,-1.80766499,-1.808365345,-1.808503389,-1.810284853,-1.809167027,-1.807038307,-1.806937456,-1.803822041,-1.804282904,-1.798752069,-1.795480371,-1.791955352,-1.789295673,-1.784946918,-1.782784462,-1.778162599,-1.77850163,-1.774624348,-1.769574881,-1.764949441,-1.7556113,-1.7494874,-1.739684582,-1.733897448,-1.732494593,-1.731535554,-1.727202892,-1.728036523,-1.728595495,-1.725687981,-1.727749586,-1.726578355,-1.72528708,-1.72707808,-1.730057716,-1.731352806,-1.73470819,-1.733665586,-1.736395001,-1.740099669,-1.739655495,-1.740626574,-1.743090749,-1.744780898,-1.747442365,-1.748861551,-1.750966668,-1.753890514,-1.751932502,-1.756518006,-1.752853274,-1.757246852,-1.757349253,-1.760034204,-1.759647608,-1.758895278,-1.761698484,-1.762092829,-1.762646556,-1.765982628,-1.763953567,-1.763539076,-1.762804031,-1.763967037,-1.7654109,-1.765571952,-1.764844418,-1.765103221,-1.765244246,-1.764295697,-1.761650324,-1.762164116,-1.762396455,-1.760330439,-1.760896444,-1.760076284,-1.758363008,-1.757962227,-1.754996419,-1.757385969,-1.757617116,-1.757830024,-1.757894039,-1.761993766,-1.761620164,-1.761890054,-1.758618236,-1.75982511,-1.753741741,-1.754042983,-1.748859406,-1.743947744,-1.740568638,-1.733244181,-1.730112553,-1.729445457,-1.72693944,-1.728779078,-1.728092313,-1.724367499,-1.727268934,-1.726038814,-1.724152684,-1.728158593,-1.726928115,-1.726706028,-1.728757262,-1.731591821,-1.730864882,-1.732795,-1.734134436,-1.738902211,-1.738313794,-1.74155581,-1.742368698,-1.742503405,-1.747138143,-1.75081861,-1.753600836,-1.756854415,-1.755328059,-1.764454961,-1.76925087,5.1
5,-1.771079183,-1.777578115,-1.775146246,-1.767145514,-1.763355136,-1.753983498,-1.755307913,-1.743721485,-1.742595792,-1.746276259,-1.74045527,-1.744086266,-1.740531802,-1.734522104,-1.742460728,-1.744898796,-1.748474836,-1.745841026,-1.744075179,-1.751236081,-1.746658683,-1.752487659,-1.752606392,-1.75024116,-1.754376769,-1.751987219,-1.748698115,-1.750231266,-1.74934876,-1.745040298,-1.745402217,-1.74459374,-1.740434527,-1.737253189,-1.729401469,-1.718128443,-1.717139959,-1.706672072,-1.705081105,-1.703181982,-1.704352975,-1.704201818,-1.702326059,-1.703136086,-1.702483892,-1.70234406,-1.704621434,-1.704545021,-1.707866311,-1.702451825,-1.707798004,-1.707335591,-1.709996939,-1.707135797,-1.70873487,-1.706408501,-1.703743815,-1.705750704,-1.700971484,-1.701149344,-1.694972634,-1.692019939,-1.687263727,-1.682903767,-1.679867268,-1.677021623,-1.672348857,-1.669119,-1.66592288,-1.660416603,-1.654501557,-1.643836737,-1.635379314,-1.627019644,-1.620107651,-1.615657687,-1.615909934,-1.612983584,-1.610729575,-1.60939002,-1.607404709,-1.609069586,-1.608872652,-1.608934402,-1.610050321,-1.612877846,-1.612585545,-1.616602421,-1.616722226,-1.619879723,-1.624712229,-1.627010942,-1.626251101,-1.631043911,-1.631516695,-1.634905696,-1.637566805,-1.638263226,-1.64214623,-1.637873173,-1.642466307,-1.642363906,-1.646894932,-1.646433473,-1.649716496,-1.651614785,-1.65183568,-1.652443409,-1.65334022,-1.652199864,-1.653602362,-1.652655125,-1.655128121,-1.654421091,-1.655345917,-1.655606508,-1.655254483,-1.654762387,-1.657337189,-1.654096365,-1.653778672,-1.65079093,-1.651794195,-1.65207386,-1.648605585,-1.649391532,-1.648000956,-1.647939324,-1.647233844,-1.647598982,-1.646528363,-1.645371437,-1.6461519,-1.647974133,-1.646125555,-1.650936246,-1.64872551,-1.648346663,-1.647671342,-1.642488837,-1.640824914,-1.634364963,-1.629553199,-1.624519944,-1.615926623,-1.610558867,-1.607006311,-1.603359699,-1.602259278,-1.60287559,-1.601449847,-1.602783322,-1.602377057,-1.601900697,-1.603262782,-1.605592012,-1.608925343,-1.609205246,-1.61257565,-1.61239922,-1.614647627,-1.614085555,-1.615648627,-1.617736816,-1.625003576,-1.622851968,-1.627755642,-1.633144259,-1.634720683,-1.63794291,-1.641312718,-1.650607347,-1.652020693,-1.661742568,4.6
6,-1.784681559,-1.793810487,-1.79124856,-1.780909777,-1.792619586,-1.783623576,-1.78847611,-1.770358205,-1.768878698,-1.766356707,-1.772749901,-1.767290115,-1.773582578,-1.776100993,-1.773908615,-1.775330186,-1.780377388,-1.778443336,-1.780940533,-1.783738971,-1.784838319,-1.786138177,-1.783780217,-1.783609629,-1.788426518,-1.785800219,-1.787317872,-1.785037518,-1.783905506,-1.78257966,-1.780859828,-1.778303146,-1.778342605,-1.773777485,-1.76672852,-1.760317087,-1.753177762,-1.745515466,-1.743476987,-1.74388063,-1.744163394,-1.744133353,-1.744245172,-1.742596507,-1.742059708,-1.744801044,-1.74188447,-1.744233847,-1.746727586,-1.743114948,-1.749006033,-1.746433258,-1.746872783,-1.747404575,-1.747326136,-1.745202422,-1.744432807,-1.746101856,-1.740296602,-1.740934968,-1.737559199,-1.734958053,-1.729495645,-1.723948359,-1.720812082,-1.716832519,-1.71394372,-1.712621093,-1.708518982,-1.700448275,-1.693188787,-1.68362844,-1.67332983,-1.665073633,-1.658559799,-1.653854012,-1.652801156,-1.65228343,-1.649683952,-1.649436712,-1.646605015,-1.650296688,-1.649978995,-1.648153186,-1.652751446,-1.653555155,-1.655262232,-1.656088591,-1.659778953,-1.662414074,-1.665377498,-1.666969657,-1.667661786,-1.671635032,-1.673735857,-1.676875591,-1.677056909,-1.679481506,-1.682944894,-1.679462433,-1.6854496,-1.686806321,-1.689670205,-1.688671112,-1.688754201,-1.69118917,-1.691155076,-1.692644596,-1.694672585,-1.693864465,-1.697312355,-1.698521495,-1.699313283,-1.699961305,-1.698798299,-1.698374867,-1.698266745,-1.696511269,-1.695055723,-1.697207689,-1.696259141,-1.695894837,-1.696933508,-1.693774223,-1.691144943,-1.692417979,-1.689638972,-1.686071396,-1.688460708,-1.68707037,-1.689664483,-1.686724305,-1.688130498,-1.689397573,-1.6913234,-1.689384699,-1.687138796,-1.687680244,-1.690396786,-1.683041334,-1.682743788,-1.67715466,-1.670465231,-1.662669182,-1.65669179,-1.653033495,-1.64966619,-1.647869468,-1.649011016,-1.645980716,-1.64351368,-1.647586465,-1.645076752,-1.64544785,-1.647769332,-1.648518205,-1.648507953,-1.649337649,-1.650443673,-1.654152155,-1.653573275,-1.655878901,-1.657153487,-1.658025742,-1.658546209,-1.661147237,-1.665382266,-1.66738379,-1.671616197,-1.673442721,-1.678741574,-1.681480527,-1.688288331,-1.695667267,4.4
7,-1.83265388,-1.833035707,-1.827294707,-1.825152874,-1.826035976,-1.824667096,-1.824614406,-1.815151215,-1.807911754,-1.808275104,-1.809072852,-1.815260887,-1.815480471,-1.81393826,-1.819476128,-1.819220304,-1.817532182,-1.819792151,-1.822184086,-1.823551774,-1.824201465,-1.824881792,-1.826678157,-1.828799605,-1.827461481,-1.830316782,-1.829604387,-1.825184226,-1.826633334,-1.824102402,-1.823411822,-1.822849154,-1.819542646,-1.81655407,-1.811236262,-1.803834677,-1.800341129,-1.794680953,-1.792175531,-1.7923311,-1.79352212,-1.789146185,-1.790008545,-1.791496634,-1.789523005,-1.791563272,-1.791290641,-1.79290092,-1.790683985,-1.793614626,-1.79455781,-1.795115352,-1.795900464,-1.796216726,-1.797717094,-1.797325492,-1.79500258,-1.794509768,-1.792348862,-1.789266467,-1.787414908,-1.785092711,-1.78169167,-1.778194189,-1.776201248,-1.772935152,-1.768320322,-1.767226577,-1.764900208,-1.761094928,-1.754401684,-1.746486306,-1.740306497,-1.73202455,-1.727804899,-1.726150393,-1.72388351,-1.721021295,-1.723026037,-1.720288277,-1.719486713,-1.719092488,-1.719975471,-1.716854095,-1.718560219,-1.722948074,-1.72332561,-1.724403381,-1.726204753,-1.728958607,-1.730540514,-1.731255293,-1.731021881,-1.733008265,-1.737203479,-1.739084482,-1.739723802,-1.74145484,-1.741640091,-1.739824295,-1.743820429,-1.744899631,-1.747209787,-1.747143745,-1.749186516,-1.749716043,-1.751252294,-1.751218438,-1.752682686,-1.754185915,-1.752728462,-1.752722979,-1.753638864,-1.754667282,-1.756545305,-1.75611949,-1.754407167,-1.755151868,-1.754049897,-1.754045844,-1.753153205,-1.752668858,-1.75190711,-1.750771046,-1.750834227,-1.747724056,-1.747960091,-1.747032285,-1.747906566,-1.747494102,-1.746112943,-1.746211171,-1.74788034,-1.747517586,-1.748024821,-1.749824882,-1.748666525,-1.746938467,-1.748317599,-1.74482286,-1.743504405,-1.739748716,-1.733822823,-1.725847244,-1.718979955,-1.716443181,-1.711222172,-1.706852078,-1.705322146,-1.705713868,-1.703805447,-1.704202652,-1.704408884,-1.707005024,-1.706411004,-1.708477497,-1.707343221,-1.709486723,-1.712406039,-1.712489128,-1.715577126,-1.716620803,-1.718917608,-1.721217632,-1.724968314,-1.728590608,-1.729564786,-1.729468107,-1.733722568,-1.734013677,-1.738416433,-1.741329432,-1.746778369,-1.75194943,5.8
8,-1.845294356,-1.840898633,-1.841768503,-1.841014624,-1.837902904,-1.833716989,-1.840015531,-1.83111608,-1.829823494,-1.835381389,-1.826695204,-1.830060124,-1.828952432,-1.830076218,-1.832848907,-1.832654357,-1.834283948,-1.837477088,-1.833282471,-1.843210936,-1.838373303,-1.842505693,-1.84207356,-1.844370842,-1.845299721,-1.843276739,-1.846106768,-1.842272043,-1.844163179,-1.83997345,-1.840582967,-1.838267803,-1.838143349,-1.833884835,-1.832649231,-1.82382822,-1.821636319,-1.818156719,-1.817280173,-1.816483617,-1.813939452,-1.813290238,-1.812277794,-1.814364791,-1.810588241,-1.812912345,-1.815256357,-1.812084436,-1.815570354,-1.81623435,-1.815471292,-1.81712091,-1.816762686,-1.816818476,-1.819356084,-1.816137075,-1.81537044,-1.815079689,-1.813183546,-1.810371995,-1.809911847,-1.807776451,-1.804233313,-1.799598932,-1.79695797,-1.794803262,-1.793027282,-1.791220546,-1.790526867,-1.785622001,-1.780050516,-1.771920323,-1.766097665,-1.75743711,-1.753252029,-1.750584841,-1.749369025,-1.747452497,-1.747707009,-1.747577786,-1.746888995,-1.747541785,-1.747600198,-1.747270107,-1.748255372,-1.753554106,-1.752140284,-1.753417611,-1.754207611,-1.756194949,-1.757273078,-1.758994699,-1.760769725,-1.762936115,-1.765893459,-1.764797568,-1.767919064,-1.767079473,-1.769996762,-1.76852119,-1.771894455,-1.772885323,-1.775783181,-1.776370406,-1.776432991,-1.775667548,-1.777335048,-1.778217912,-1.780770779,-1.780519724,-1.782115936,-1.783181667,-1.782594562,-1.779946923,-1.782340169,-1.782954454,-1.781769395,-1.781539321,-1.781709909,-1.783782005,-1.784134984,-1.77872777,-1.78000617,-1.780194879,-1.778918624,-1.777397275,-1.777480483,-1.779215455,-1.779555082,-1.775708199,-1.776296735,-1.775306225,-1.778542757,-1.778375983,-1.779223919,-1.77785778,-1.778835893,-1.776202679,-1.777017117,-1.773491383,-1.771673918,-1.770011902,-1.764754415,-1.758185983,-1.755258441,-1.748515487,-1.745128274,-1.743459702,-1.743180394,-1.744027138,-1.741862535,-1.744078517,-1.743479252,-1.744322538,-1.745985627,-1.746039391,-1.749580741,-1.749074459,-1.749716997,-1.748548031,-1.749813676,-1.752138734,-1.754217744,-1.756355286,-1.759057522,-1.759973288,-1.7638731,-1.767172813,-1.765501499,-1.769422531,-1.770743132,-1.776413798,-1.775758624,-1.782876372,5.4
9,-1.814150333,-1.816128254,-1.803810477,-1.816911817,-1.804315209,-1.800777674,-1.798095465,-1.792083025,-1.784654379,-1.7824893,-1.782809377,-1.786159635,-1.783653855,-1.784255147,-1.789811254,-1.78243649,-1.785708427,-1.790417194,-1.797026992,-1.792577505,-1.799420834,-1.797737002,-1.799675226,-1.80184412,-1.796870112,-1.80174768,-1.792653799,-1.799018741,-1.799166322,-1.796053886,-1.790595531,-1.794196963,-1.790541649,-1.787908554,-1.778953195,-1.771538496,-1.76352632,-1.758571148,-1.756031275,-1.75200057,-1.753335357,-1.756987095,-1.753152966,-1.752663255,-1.753423572,-1.754999638,-1.754109263,-1.754528522,-1.760044456,-1.757839203,-1.758844495,-1.759427786,-1.760188699,-1.759138346,-1.760251284,-1.758193493,-1.758647799,-1.757555246,-1.755477071,-1.752007127,-1.748365164,-1.74511075,-1.739853501,-1.736989617,-1.733902693,-1.732388258,-1.726945639,-1.724780083,-1.721467972,-1.71690309,-1.711964846,-1.703666568,-1.694039702,-1.68631053,-1.68075192,-1.677433133,-1.673191071,-1.671942115,-1.671120882,-1.670431614,-1.66936481,-1.670036435,-1.671058059,-1.66936636,-1.671602368,-1.674692869,-1.673814416,-1.677472949,-1.677693725,-1.679773092,-1.682696223,-1.684303522,-1.686816096,-1.6890769,-1.690163255,-1.692329288,-1.692445278,-1.695912719,-1.698804855,-1.696859002,-1.700224638,-1.700475216,-1.703736424,-1.702719212,-1.704741478,-1.706726432,-1.708117723,-1.70996666,-1.710325599,-1.710509658,-1.710996747,-1.711508632,-1.714705706,-1.712765336,-1.712281227,-1.713541746,-1.714335442,-1.710877538,-1.710776448,-1.713191986,-1.713338971,-1.709173799,-1.710538387,-1.712688088,-1.709843636,-1.709427476,-1.707306623,-1.705196977,-1.706523418,-1.704865932,-1.706393361,-1.705793858,-1.708508134,-1.707718015,-1.708264828,-1.70806396,-1.713902473,-1.70614481,-1.706946015,-1.704361439,-1.703378201,-1.699442625,-1.692976117,-1.686074615,-1.677004933,-1.672824264,-1.670225263,-1.667632103,-1.665564299,-1.664715886,-1.665626884,-1.664149761,-1.665843725,-1.664932489,-1.665595531,-1.667255402,-1.66849339,-1.669354439,-1.669907689,-1.671956658,-1.67400074,-1.678232193,-1.679378033,-1.680304646,-1.682470322,-1.68585515,-1.687241554,-1.691301823,-1.690990686,-1.696775913,-1.699999928,-1.70404768,-1.705673456,-1.718420267,4.8
10,-1.78324151,-1.776270509,-1.778343439,-1.774778724,-1.774671912,-1.770663261,-1.7706424,-1.765541911,-1.762751579,-1.75406611,-1.755994201,-1.764818311,-1.756617427,-1.761899829,-1.76147604,-1.762755752,-1.764511704,-1.764539838,-1.767424822,-1.768507838,-1.769084215,-1.770867348,-1.77198875,-1.775200009,-1.771744013,-1.770171404,-1.776638865,-1.769920111,-1.771105528,-1.769836783,-1.767058015,-1.765949011,-1.764207482,-1.760352612,-1.75956881,-1.7547189,-1.746551394,-1.73990953,-1.73783493,-1.741919637,-1.735320926,-1.736650944,-1.734953284,-1.736963272,-1.732742071,-1.738481522,-1.737951517,-1.736073494,-1.738171339,-1.736378193,-1.740917563,-1.738007665,-1.741172194,-1.741880655,-1.743669629,-1.743282437,-1.740523458,-1.741490245,-1.734636903,-1.735722542,-1.732413769,-1.72870636,-1.726259589,-1.721203804,-1.719639897,-1.716463566,-1.713946939,-1.712778211,-1.70961225,-1.703622341,-1.700222373,-1.688485503,-1.681811571,-1.674489617,-1.666908622,-1.663237214,-1.659811616,-1.658021927,-1.657844186,-1.657599688,-1.654102802,-1.657053828,-1.656994343,-1.656065822,-1.658426046,-1.659652114,-1.661251545,-1.664775968,-1.664208055,-1.667098761,-1.670108318,-1.672291517,-1.671323061,-1.675843954,-1.676881433,-1.679198027,-1.680140972,-1.681089878,-1.6836164,-1.682853937,-1.686817646,-1.688464522,-1.691198587,-1.690967917,-1.691414118,-1.692379832,-1.693132401,-1.693850875,-1.694838881,-1.697262049,-1.698017359,-1.69706893,-1.698272943,-1.698623061,-1.698025107,-1.69811213,-1.697460055,-1.699148655,-1.69780314,-1.696393371,-1.696908355,-1.693544626,-1.693826795,-1.693161726,-1.691273928,-1.693295956,-1.691678643,-1.691533566,-1.691021442,-1.690201044,-1.690995574,-1.688710093,-1.690091372,-1.690408468,-1.693460822,-1.693475962,-1.691293955,-1.692003846,-1.693926573,-1.686100602,-1.686035752,-1.684680343,-1.6757406,-1.673593521,-1.663341522,-1.658216,-1.654466271,-1.650741816,-1.648390412,-1.648564219,-1.64480567,-1.649897575,-1.645880342,-1.649111748,-1.651121855,-1.651251674,-1.652453661,-1.654343724,-1.657812119,-1.659059405,-1.6605618,-1.662502646,-1.664001703,-1.663631916,-1.667197227,-1.668105125,-1.672608495,-1.673439264,-1.67923677,-1.684743643,-1.683670759,-1.690393329,-1.689575315,-1.702755332,5.2
11,-1.728778243,-1.735790372,-1.729829431,-1.711326241,-1.735817075,-1.719619036,-1.721842408,-1.725534797,-1.720801353,-1.715495706,-1.721818328,-1.710505247,-1.713823438,-1.709290147,-1.717983723,-1.722462296,-1.723173738,-1.714461327,-1.720228791,-1.72580862,-1.724658251,-1.728885055,-1.727983475,-1.727140903,-1.728110433,-1.729602337,-1.734357357,-1.727461696,-1.728003383,-1.724440694,-1.725008011,-1.722133994,-1.723164439,-1.715982437,-1.712219119,-1.702971697,-1.697894692,-1.692749262,-1.691205978,-1.68991673,-1.689328551,-1.689568639,-1.688735366,-1.688283205,-1.687190175,-1.690571547,-1.69212079,-1.692043662,-1.692664623,-1.693160772,-1.694735765,-1.69526124,-1.694928169,-1.695345521,-1.696149826,-1.695159674,-1.6926651,-1.69262898,-1.688697815,-1.690661192,-1.686883688,-1.684283733,-1.679308772,-1.676516533,-1.672809124,-1.669059038,-1.665947199,-1.665490746,-1.660760403,-1.657089353,-1.651365519,-1.643234968,-1.636391282,-1.62812078,-1.626019955,-1.619631052,-1.618189692,-1.616120934,-1.616263986,-1.617321849,-1.616989613,-1.614650726,-1.616080761,-1.615641236,-1.614344001,-1.620029449,-1.619534731,-1.623086095,-1.623526216,-1.624226451,-1.62731123,-1.628273964,-1.628489256,-1.63151288,-1.634299994,-1.637314439,-1.637718439,-1.639485836,-1.642354012,-1.640639782,-1.643654943,-1.643016934,-1.644880772,-1.646025896,-1.647839308,-1.647469044,-1.648657203,-1.650258422,-1.649672747,-1.651780367,-1.653134346,-1.650736213,-1.654964566,-1.651890755,-1.652259588,-1.652991176,-1.653263092,-1.652765393,-1.652626038,-1.653686047,-1.653009415,-1.650403976,-1.651218414,-1.649336934,-1.648474336,-1.649194479,-1.648351789,-1.645716071,-1.648534417,-1.646258116,-1.645573854,-1.645903587,-1.647537351,-1.648917556,-1.648778558,-1.648313046,-1.647323966,-1.647156954,-1.648376822,-1.644333482,-1.645120502,-1.638755083,-1.63571763,-1.630048156,-1.62218523,-1.617618322,-1.615776181,-1.610999584,-1.612809539,-1.611391425,-1.610660791,-1.609996438,-1.611996889,-1.612608433,-1.613554358,-1.612739682,-1.615346313,-1.614589095,-1.617098808,-1.617395043,-1.619644523,-1.618788004,-1.62449348,-1.622677445,-1.627171278,-1.632521152,-1.637817502,-1.638666511,-1.636792183,-1.640215755,-1.643334627,-1.644844055,-1.650776982,-1.657131791,5
12,-1.780611992,-1.777865529,-1.776381969,-1.773225665,-1.778400302,-1.759623528,-1.76128757,-1.765399098,-1.756507635,-1.755426288,-1.752872467,-1.758700609,-1.753569126,-1.761600494,-1.760802388,-1.759399056,-1.759271026,-1.765778065,-1.761764169,-1.769426227,-1.770656586,-1.77187252,-1.773386717,-1.773028612,-1.774605989,-1.774495244,-1.777028441,-1.7702353,-1.770480275,-1.769669294,-1.769392133,-1.766099453,-1.766336083,-1.760825276,-1.755039454,-1.75345242,-1.740106225,-1.740103126,-1.73608005,-1.737295508,-1.735773087,-1.732618928,-1.732335687,-1.733328938,-1.733263731,-1.732699513,-1.733442903,-1.734271526,-1.734035015,-1.733876228,-1.738784909,-1.739102483,-1.738572836,-1.740534544,-1.739344716,-1.739132643,-1.736547351,-1.737279534,-1.732842565,-1.733675361,-1.7299757,-1.728475809,-1.7236588,-1.719763398,-1.713070154,-1.713466048,-1.711725116,-1.707708001,-1.706007481,-1.70052743,-1.694926739,-1.687556863,-1.678246617,-1.671483755,-1.667297006,-1.662172437,-1.661286235,-1.658604622,-1.66032052,-1.658349633,-1.656684518,-1.656401634,-1.657656074,-1.658167243,-1.657749414,-1.661265612,-1.66255331,-1.666166663,-1.664756417,-1.66781199,-1.667307138,-1.669085383,-1.67291224,-1.673634052,-1.675581455,-1.678619742,-1.67977047,-1.680930495,-1.683272958,-1.682914138,-1.687236667,-1.686874986,-1.688632011,-1.68895793,-1.688065767,-1.687997103,-1.690383673,-1.692005038,-1.693414569,-1.695864916,-1.694325447,-1.694822669,-1.695392728,-1.697216988,-1.695679545,-1.696854711,-1.695604205,-1.695536613,-1.694615722,-1.697249293,-1.696736932,-1.694698691,-1.694305658,-1.693688273,-1.691867232,-1.690765738,-1.690470457,-1.690011501,-1.691197753,-1.688623071,-1.689296126,-1.69008708,-1.690238118,-1.690217137,-1.692376733,-1.691533566,-1.691880584,-1.688828826,-1.688205004,-1.68527627,-1.686126351,-1.679858088,-1.67700851,-1.669978976,-1.664875269,-1.658807397,-1.653535724,-1.650539994,-1.650609851,-1.648726225,-1.64861083,-1.65154326,-1.651516914,-1.649388909,-1.651200891,-1.654777288,-1.652373433,-1.655412674,-1.657218695,-1.658552647,-1.660297751,-1.660735607,-1.663665652,-1.663187623,-1.663900733,-1.663086772,-1.669727564,-1.670378804,-1.67761898,-1.676687598,-1.683695793,-1.68439579,-1.689734817,-1.69605732,4.9
13,-1.773235321,-1.778989792,-1.773856878,-1.772422194,-1.764405966,-1.763599038,-1.762645125,-1.760087848,-1.757695079,-1.749816418,-1.74588871,-1.754297614,-1.741173744,-1.752160192,-1.754033685,-1.759408355,-1.749093413,-1.751623511,-1.757097244,-1.757831454,-1.760305285,-1.757147074,-1.758963585,-1.760822892,-1.76189661,-1.760124683,-1.759184241,-1.756424427,-1.754273057,-1.752064824,-1.753166676,-1.749470472,-1.747424364,-1.745572686,-1.740228534,-1.736257076,-1.724670291,-1.720790267,-1.717643023,-1.717417717,-1.716725349,-1.717641473,-1.712683439,-1.714132667,-1.712970853,-1.714820266,-1.71424973,-1.713984013,-1.717003226,-1.715644717,-1.716214299,-1.715239406,-1.716661811,-1.718399048,-1.717095852,-1.715219259,-1.713373065,-1.71620357,-1.709887981,-1.710104227,-1.705005765,-1.702567577,-1.700064898,-1.694731832,-1.691564202,-1.688282967,-1.685557127,-1.682021976,-1.681578398,-1.677661896,-1.669893265,-1.659793377,-1.652234793,-1.640411973,-1.634057403,-1.629101753,-1.626079202,-1.622192383,-1.621646881,-1.61983633,-1.61702776,-1.619575143,-1.619602919,-1.617216349,-1.618298292,-1.621933937,-1.62331903,-1.626456738,-1.628129125,-1.631246686,-1.633815765,-1.635582209,-1.635844827,-1.639511108,-1.642645001,-1.643774986,-1.644880414,-1.643993974,-1.649237752,-1.647886276,-1.648344278,-1.65166533,-1.653326154,-1.653547168,-1.653769374,-1.655550003,-1.656167984,-1.65974009,-1.659601808,-1.658326387,-1.6588099,-1.657357454,-1.659883857,-1.661099792,-1.660424471,-1.658814788,-1.659359694,-1.660132408,-1.658125639,-1.659296632,-1.658975244,-1.655759573,-1.657351613,-1.654691815,-1.651777506,-1.653285027,-1.65241015,-1.651597977,-1.651563883,-1.649824262,-1.650245428,-1.649549842,-1.653475165,-1.651588202,-1.651333213,-1.650834084,-1.651332617,-1.64959228,-1.651766419,-1.646112919,-1.646221161,-1.64207375,-1.634306908,-1.622918606,-1.611204863,-1.6017555,-1.596494913,-1.588465214,-1.585630655,-1.58437252,-1.582470059,-1.581953883,-1.579864621,-1.581252933,-1.58585155,-1.587583423,-1.591884255,-1.593188524,-1.594362736,-1.598561525,-1.600059152,-1.600665212,-1.604438782,-1.609341741,-1.613649011,-1.614033937,-1.618303418,-1.62277627,-1.627860069,-1.631342292,-1.635487437,-1.640935063,-1.650112271,-1.657084703,4.4
14,-1.784211159,-1.78565073,-1.771122575,-1.771477461,-1.777397513,-1.764759183,-1.769274354,-1.763777018,-1.758429408,-1.763702631,-1.749864697,-1.760084867,-1.760971546,-1.760673761,-1.756843448,-1.762316227,-1.761650443,-1.764281869,-1.759671688,-1.765339613,-1.763781786,-1.768512726,-1.767199039,-1.767263889,-1.766956329,-1.766389847,-1.765410185,-1.765520692,-1.765140533,-1.763158441,-1.762097359,-1.760382414,-1.757208347,-1.751617551,-1.748357773,-1.738666892,-1.732550621,-1.728247762,-1.72665906,-1.725284457,-1.723075628,-1.725984454,-1.723204613,-1.723212719,-1.722815633,-1.72221899,-1.725293279,-1.723445654,-1.725725174,-1.725741625,-1.727668643,-1.727258325,-1.727671266,-1.726590037,-1.728083014,-1.728883028,-1.727754593,-1.727738976,-1.722050667,-1.722275734,-1.716831326,-1.715554357,-1.710657001,-1.706489921,-1.701567173,-1.698601127,-1.697527885,-1.696465254,-1.691839099,-1.685153723,-1.677978516,-1.666913867,-1.657001972,-1.645186901,-1.638331056,-1.630873442,-1.628532767,-1.624215245,-1.623053908,-1.620842934,-1.620007277,-1.619288683,-1.619899511,-1.618476391,-1.621548891,-1.621734619,-1.624800563,-1.629182577,-1.630106449,-1.635006309,-1.637638688,-1.639294624,-1.642366409,-1.645068645,-1.64665401,-1.649552464,-1.650891423,-1.653178215,-1.658079386,-1.654093742,-1.659963489,-1.660489798,-1.663807034,-1.663698435,-1.665575504,-1.667312384,-1.666825533,-1.669635177,-1.671037912,-1.669055581,-1.672152162,-1.670303464,-1.671659827,-1.673406601,-1.673681974,-1.672287464,-1.674490213,-1.672947884,-1.674116731,-1.674120069,-1.672387242,-1.669534206,-1.669737458,-1.668280959,-1.666391611,-1.666887999,-1.666110873,-1.664616227,-1.664362311,-1.662697911,-1.665599108,-1.66383183,-1.665369868,-1.664829254,-1.666442275,-1.664467335,-1.662961841,-1.66306448,-1.664385319,-1.660474777,-1.657019138,-1.649699092,-1.642409563,-1.633817792,-1.622626066,-1.61300087,-1.601373792,-1.597594738,-1.596874595,-1.595502138,-1.593068242,-1.591218829,-1.593378663,-1.592651248,-1.59555769,-1.597315311,-1.597242117,-1.607028723,-1.604467511,-1.608071923,-1.610254407,-1.609620214,-1.613767743,-1.619702816,-1.622591972,-1.620989561,-1.626832724,-1.630491734,-1.639515519,-1.639745355,-1.643650889,-1.64719367,-1.658234596,-1.667701125,4.4
15,-1.72670114,-1.722004175,-1.712526798,-1.724381328,-1.719315052,-1.712567925,-1.719391465,-1.710720897,-1.70332706,-1.699387312,-1.698918939,-1.700114727,-1.698657274,-1.70173955,-1.701089978,-1.704200983,-1.709788084,-1.71608305,-1.711454749,-1.717040777,-1.716806054,-1.714689255,-1.72230494,-1.717067599,-1.718873024,-1.718961954,-1.72317183,-1.718681216,-1.717576623,-1.715091586,-1.711107373,-1.713222504,-1.709033489,-1.704530716,-1.696870446,-1.689277291,-1.679577827,-1.673825741,-1.670552373,-1.671396971,-1.670826912,-1.66889298,-1.666600585,-1.666183352,-1.664355516,-1.66569984,-1.66613102,-1.667494655,-1.67044425,-1.669960976,-1.672517419,-1.669938207,-1.673798203,-1.670779824,-1.671863675,-1.674752712,-1.670781374,-1.670870066,-1.665926814,-1.666177511,-1.659844995,-1.657522917,-1.652502656,-1.64651382,-1.641527653,-1.638638854,-1.635241866,-1.632071972,-1.628008842,-1.619338751,-1.611421585,-1.597106934,-1.583050251,-1.570713639,-1.556684613,-1.55260396,-1.546458125,-1.540912271,-1.538826108,-1.5395751,-1.529152036,-1.534731627,-1.534716487,-1.536171317,-1.537595749,-1.539976358,-1.543511748,-1.547762632,-1.549061775,-1.555383205,-1.559245706,-1.561525702,-1.562030435,-1.567738175,-1.574578643,-1.575282335,-1.579684615,-1.580251098,-1.582409382,-1.582790017,-1.586804867,-1.589334846,-1.593432546,-1.592620254,-1.593366861,-1.594025373,-1.595984697,-1.59807837,-1.598926663,-1.600607276,-1.599945903,-1.59966886,-1.600568175,-1.602077484,-1.600840807,-1.5977633,-1.602568507,-1.599179983,-1.602343917,-1.599782109,-1.601412177,-1.596451283,-1.599042535,-1.594021797,-1.591759086,-1.592509031,-1.590040565,-1.585396886,-1.589567304,-1.587600112,-1.588965654,-1.586666465,-1.589955568,-1.588553309,-1.587947249,-1.592697382,-1.591181278,-1.58869493,-1.58917737,-1.578897953,-1.577829361,-1.568422079,-1.559618592,-1.547773719,-1.529741287,-1.514701843,-1.505917549,-1.496019244,-1.490599751,-1.484359503,-1.482674122,-1.484159946,-1.483678699,-1.485620379,-1.488827705,-1.487406373,-1.493063688,-1.497440577,-1.500992179,-1.50722146,-1.508821726,-1.513437986,-1.518558145,-1.521401644,-1.524809599,-1.527869701,-1.535063267,-1.546619296,-1.545037985,-1.551858425,-1.559726119,-1.560713887,-1.579936743,-1.588613033,4.5
16,-1.846124649,-1.843717933,-1.844844103,-1.838917732,-1.840628028,-1.838222265,-1.829469085,-1.832987785,-1.828596592,-1.824164271,-1.8266505,-1.829199195,-1.827064633,-1.833823204,-1.831879854,-1.832376003,-1.828406453,-1.832588792,-1.837453485,-1.839220524,-1.837055445,-1.837159514,-1.841018915,-1.840309858,-1.843092918,-1.839170337,-1.838382006,-1.840013146,-1.837059975,-1.838909745,-1.833538413,-1.833007336,-1.832680702,-1.828849316,-1.82409656,-1.813300848,-1.812267065,-1.807618618,-1.805046082,-1.803299308,-1.804189324,-1.805345058,-1.803298473,-1.804919839,-1.803499341,-1.806144714,-1.803226829,-1.805154443,-1.805370331,-1.807105184,-1.808208942,-1.806749701,-1.808419347,-1.809810758,-1.808690906,-1.808979034,-1.808323622,-1.80656445,-1.803144932,-1.802773356,-1.800445795,-1.797415495,-1.793793797,-1.789839387,-1.787838459,-1.786367655,-1.782889843,-1.781259298,-1.778275967,-1.773635149,-1.767683744,-1.759204745,-1.751508117,-1.744987845,-1.739279747,-1.735843182,-1.735538363,-1.732939601,-1.730508566,-1.730967879,-1.730647326,-1.72936976,-1.72982657,-1.730710864,-1.73177886,-1.73189497,-1.734556198,-1.737449408,-1.739010692,-1.740930796,-1.742753267,-1.744752884,-1.744532466,-1.747456908,-1.749445081,-1.751525521,-1.753526211,-1.753804684,-1.756852865,-1.756210208,-1.757452726,-1.758703113,-1.762959242,-1.76143527,-1.762730718,-1.763959289,-1.764735222,-1.765213013,-1.765601039,-1.765376091,-1.766709208,-1.767228484,-1.767169118,-1.769468904,-1.767178416,-1.769061923,-1.76902616,-1.768440008,-1.767079353,-1.76744175,-1.76626873,-1.766285896,-1.767420769,-1.763985753,-1.762492537,-1.761606336,-1.762174606,-1.761223674,-1.761577964,-1.761343956,-1.760174155,-1.759176016,-1.761161804,-1.761469483,-1.761309505,-1.762467623,-1.761698961,-1.76047945,-1.761441708,-1.758071899,-1.753036499,-1.751265883,-1.744676232,-1.739385724,-1.732123494,-1.727013588,-1.724984407,-1.721870184,-1.719624281,-1.718372345,-1.718414307,-1.717794895,-1.720413327,-1.72181201,-1.721183181,-1.721920848,-1.722820997,-1.726021051,-1.727320194,-1.728514552,-1.731042385,-1.730879426,-1.73553586,-1.732438207,-1.737429738,-1.740531683,-1.741303205,-1.744577408,-1.747571826,-1.750058532,-1.752041101,-1.753450394,-1.760152459,-1.766655445,5.3
17,-1.897034168,-1.892257214,-1.889176011,-1.888361573,-1.88822639,-1.879098773,-1.87438643,-1.879174352,-1.872147918,-1.87315762,-1.863564372,-1.864245415,-1.872120023,-1.867675543,-1.873283267,-1.868092537,-1.871093988,-1.871041536,-1.872235298,-1.877985835,-1.877034783,-1.877229333,-1.877209663,-1.877922773,-1.877703786,-1.876457691,-1.876209736,-1.877173781,-1.873366594,-1.872487426,-1.87260747,-1.870548368,-1.870484471,-1.865219951,-1.862613559,-1.857644081,-1.851782322,-1.847244143,-1.847361445,-1.844285131,-1.845122099,-1.842834949,-1.842612982,-1.843492866,-1.843025208,-1.843469501,-1.845029473,-1.841745734,-1.845277905,-1.842816114,-1.845028758,-1.846230268,-1.845430493,-1.846358061,-1.846556902,-1.847626209,-1.844807744,-1.8460747,-1.843068957,-1.842118144,-1.837219357,-1.835529566,-1.832019329,-1.830195189,-1.82725966,-1.825304151,-1.821566343,-1.81976831,-1.81760788,-1.812982321,-1.807986259,-1.798591614,-1.791854858,-1.784636974,-1.780058742,-1.775620222,-1.774353266,-1.772713184,-1.772103548,-1.771121144,-1.773280025,-1.770879388,-1.769824266,-1.770069242,-1.772011757,-1.772586823,-1.774107933,-1.775665164,-1.776590466,-1.78084743,-1.783595204,-1.784195304,-1.785259128,-1.78768599,-1.788384318,-1.790615797,-1.79195559,-1.792642832,-1.795604944,-1.79330802,-1.796735644,-1.797050238,-1.800792933,-1.801823974,-1.802107453,-1.803346157,-1.803102493,-1.802698612,-1.803348184,-1.803402066,-1.80667603,-1.806970119,-1.806137443,-1.807128429,-1.806764126,-1.805643439,-1.807240009,-1.804944515,-1.804306746,-1.80363512,-1.80333972,-1.802227259,-1.802252889,-1.802683234,-1.801445484,-1.803272367,-1.801809669,-1.798757672,-1.799063206,-1.798027992,-1.798110127,-1.797135115,-1.796911836,-1.797425628,-1.799189091,-1.800336957,-1.803155184,-1.79965663,-1.798817635,-1.792939544,-1.791714907,-1.787375569,-1.783903003,-1.778642416,-1.773755193,-1.768322229,-1.765429139,-1.760509729,-1.761432171,-1.759535551,-1.759973407,-1.758888602,-1.761567116,-1.761888981,-1.764284611,-1.764258504,-1.765370607,-1.766947865,-1.767431498,-1.769251823,-1.769425154,-1.771808743,-1.774382472,-1.773436069,-1.776948452,-1.777693868,-1.782162189,-1.784006119,-1.784328461,-1.789789319,-1.789882183,-1.791840553,-1.797155619,-1.803004503,5.3
18,-1.770813346,-1.763552189,-1.760019541,-1.761883259,-1.75464046,-1.75819087,-1.756567478,-1.754778385,-1.737975001,-1.748532891,-1.736872077,-1.738801599,-1.737447381,-1.734349966,-1.742400527,-1.736582041,-1.745974302,-1.741034508,-1.742747664,-1.746600628,-1.750296474,-1.748270631,-1.748733521,-1.748920918,-1.748474002,-1.748380303,-1.748520374,-1.749669552,-1.745267749,-1.742668986,-1.741676331,-1.738816381,-1.73950851,-1.733961821,-1.728341699,-1.722196102,-1.713408113,-1.704944015,-1.707229614,-1.704416633,-1.701525688,-1.70002079,-1.700603127,-1.700313449,-1.698569775,-1.701382399,-1.702640295,-1.700932622,-1.702592731,-1.700509191,-1.703722596,-1.705574155,-1.707630515,-1.705146194,-1.706920266,-1.705615759,-1.702231646,-1.704098821,-1.699774742,-1.697684169,-1.695764422,-1.691846609,-1.686534405,-1.681410074,-1.678876162,-1.677267313,-1.67229104,-1.669054866,-1.666064262,-1.661062598,-1.655570626,-1.643115163,-1.631765485,-1.626349688,-1.616546869,-1.612115026,-1.608428121,-1.606275558,-1.604418159,-1.606402993,-1.601962209,-1.603546262,-1.601882815,-1.602821827,-1.604036212,-1.607281208,-1.607837558,-1.610840917,-1.611865759,-1.61509335,-1.618273616,-1.620812893,-1.622161984,-1.624301672,-1.628561139,-1.628893256,-1.631947041,-1.632709622,-1.636912704,-1.634433627,-1.639478326,-1.638647676,-1.643037677,-1.642639756,-1.642853975,-1.646759272,-1.645435929,-1.6458534,-1.647292852,-1.647531986,-1.650073767,-1.650875449,-1.650741577,-1.651534438,-1.649399161,-1.651429653,-1.649834514,-1.651651621,-1.648012042,-1.649853945,-1.649228692,-1.645319819,-1.648249269,-1.645758867,-1.646233082,-1.645072579,-1.645391583,-1.643328428,-1.64280045,-1.640534759,-1.642827511,-1.64088738,-1.641734481,-1.644154191,-1.644156098,-1.645296454,-1.647148848,-1.64349556,-1.644266486,-1.637267709,-1.637070537,-1.631380916,-1.624949336,-1.616430759,-1.609254003,-1.601874232,-1.599277735,-1.593611002,-1.592059612,-1.589493036,-1.590562224,-1.59078002,-1.592000008,-1.591065288,-1.592104077,-1.593966365,-1.596599817,-1.598860145,-1.598079443,-1.603289127,-1.603876472,-1.602505803,-1.606525779,-1.608712077,-1.61027801,-1.613682032,-1.61565125,-1.624928474,-1.624072552,-1.627081275,-1.634357333,-1.637456536,-1.646792412,-1.652877927,5.9
19,-1.722895741,-1.727028012,-1.732571363,-1.720569134,-1.724942446,-1.724726796,-1.724173427,-1.704599023,-1.711932302,-1.710351706,-1.70910871,-1.705459833,-1.693951964,-1.709157228,-1.703392744,-1.704658985,-1.706302881,-1.713026285,-1.709993243,-1.709583282,-1.712158918,-1.713203073,-1.71874094,-1.709220052,-1.720048666,-1.714721918,-1.722248435,-1.716098189,-1.71283865,-1.71041441,-1.708182693,-1.707452536,-1.706685424,-1.701475739,-1.695075035,-1.685586452,-1.678564072,-1.674874306,-1.673172235,-1.67074132,-1.670646906,-1.670187712,-1.667966485,-1.667724967,-1.665780544,-1.669242263,-1.669334292,-1.669730544,-1.673061967,-1.67222929,-1.671395183,-1.673398972,-1.673038602,-1.672412515,-1.673793793,-1.67459774,-1.669898152,-1.673584223,-1.665322065,-1.665698886,-1.662515759,-1.660236478,-1.654278755,-1.649172306,-1.64484334,-1.643268347,-1.639378548,-1.636094809,-1.633104086,-1.627909422,-1.619439363,-1.608124614,-1.599112511,-1.588950157,-1.581754208,-1.575258136,-1.574350715,-1.568941951,-1.56943965,-1.569537163,-1.564741135,-1.567094922,-1.565303206,-1.564468741,-1.566997647,-1.570837021,-1.572114825,-1.573719978,-1.576272845,-1.580432653,-1.583939791,-1.58697927,-1.586474895,-1.587915897,-1.593448639,-1.594660044,-1.594945192,-1.59821701,-1.602713704,-1.599619985,-1.602710485,-1.606150866,-1.610750198,-1.607435346,-1.609937549,-1.612318158,-1.611434817,-1.614009261,-1.613693357,-1.615690231,-1.614754915,-1.614632487,-1.618490934,-1.616513848,-1.61684835,-1.617551804,-1.618073583,-1.615781188,-1.617173553,-1.617016673,-1.616660595,-1.613775849,-1.615360379,-1.614480019,-1.612129927,-1.612059832,-1.61151731,-1.607756257,-1.610966206,-1.609192133,-1.608281255,-1.608775377,-1.610228419,-1.612500668,-1.613616824,-1.613200903,-1.61457479,-1.609147191,-1.610274792,-1.606452584,-1.604102731,-1.601104617,-1.589622259,-1.586710334,-1.574196219,-1.565448642,-1.558289409,-1.550932884,-1.548806906,-1.550791621,-1.544126272,-1.546334147,-1.547944188,-1.550190091,-1.552053928,-1.550064564,-1.552286983,-1.556705475,-1.560768604,-1.563149214,-1.566679835,-1.566316247,-1.570733786,-1.569223881,-1.575466514,-1.578981757,-1.583330035,-1.585235953,-1.589493513,-1.596442461,-1.599788547,-1.606595516,-1.612273693,-1.618206024,5.9
20,-1.786369443,-1.79189384,-1.786682129,-1.794475198,-1.789699316,-1.778828382,-1.778124332,-1.779695868,-1.775252581,-1.768779159,-1.777842164,-1.776955605,-1.778248429,-1.772956133,-1.773905635,-1.778561473,-1.773708463,-1.77740109,-1.781465769,-1.785480738,-1.782366395,-1.78419888,-1.785737991,-1.786149621,-1.785103083,-1.787143826,-1.785842299,-1.785216212,-1.78612709,-1.781372428,-1.779048324,-1.778467059,-1.777165413,-1.774689198,-1.767826676,-1.763145924,-1.76262331,-1.759988666,-1.755101681,-1.75820899,-1.752629519,-1.754193425,-1.7537359,-1.755780935,-1.751144052,-1.755544186,-1.756306767,-1.75710535,-1.757508636,-1.757738471,-1.759869337,-1.759053826,-1.761026263,-1.76053226,-1.757954001,-1.760341406,-1.757256985,-1.758585572,-1.755314589,-1.754289985,-1.75116384,-1.751208663,-1.746717453,-1.744084477,-1.744714379,-1.740757823,-1.738616824,-1.7384094,-1.734639525,-1.732662201,-1.727699399,-1.723098159,-1.71828866,-1.71317184,-1.709678769,-1.707285881,-1.708487272,-1.705952764,-1.705610871,-1.705654383,-1.704853296,-1.703770041,-1.704296708,-1.702105641,-1.7041049,-1.705859542,-1.706027985,-1.707129359,-1.708755612,-1.71152401,-1.71337235,-1.712925911,-1.713280797,-1.714441061,-1.715297937,-1.718887448,-1.720136285,-1.719247818,-1.721372128,-1.719665885,-1.720654249,-1.722591996,-1.724010348,-1.723597527,-1.725522041,-1.726623058,-1.725576997,-1.72786665,-1.726855278,-1.726414204,-1.727073312,-1.728238583,-1.729102254,-1.728409886,-1.728103042,-1.727607608,-1.730244756,-1.730938792,-1.731253743,-1.729529262,-1.728340268,-1.726295829,-1.726519465,-1.726045847,-1.72448194,-1.724773526,-1.724359274,-1.722426295,-1.724084854,-1.724385619,-1.724455595,-1.723534107,-1.725405097,-1.72424233,-1.725658894,-1.726589561,-1.726656914,-1.724817634,-1.723608136,-1.72115624,-1.719489932,-1.718871593,-1.715063214,-1.711089849,-1.707460523,-1.704190493,-1.701722622,-1.701972723,-1.700945377,-1.700003386,-1.700534225,-1.699565291,-1.699518204,-1.699524999,-1.701723337,-1.702889442,-1.701066136,-1.702599525,-1.704160094,-1.706101537,-1.707227588,-1.704504132,-1.709215879,-1.711307049,-1.711701751,-1.712371707,-1.715270638,-1.715172887,-1.715675592,-1.723383069,-1.719732285,-1.725174427,-1.729432464,-1.732398152,4.7
21,-1.770675421,-1.761971831,-1.758463264,-1.761123776,-1.765496612,-1.764763832,-1.757275343,-1.750770569,-1.755853772,-1.751920938,-1.75041604,-1.747929454,-1.748968005,-1.748439789,-1.750859976,-1.74362278,-1.754695415,-1.751179695,-1.754432559,-1.754020452,-1.760965109,-1.75913918,-1.757069945,-1.760130882,-1.761395812,-1.75961256,-1.761979222,-1.75672245,-1.762295485,-1.753117561,-1.75514245,-1.752113223,-1.753276348,-1.748170018,-1.744063377,-1.738057017,-1.736305356,-1.727718472,-1.732195497,-1.730118036,-1.730613112,-1.728694081,-1.729293108,-1.728587031,-1.730275154,-1.729351759,-1.731746793,-1.731174231,-1.732100606,-1.732484698,-1.733251572,-1.733343005,-1.734125495,-1.734048247,-1.733915448,-1.735630274,-1.732967973,-1.733963013,-1.730108619,-1.730705142,-1.72855413,-1.727385521,-1.724719167,-1.721081376,-1.71721673,-1.717858553,-1.716110945,-1.713231444,-1.713864923,-1.709204674,-1.705799818,-1.7005651,-1.694468617,-1.691297293,-1.687425613,-1.684504271,-1.683663726,-1.680820227,-1.679147959,-1.679708838,-1.676582336,-1.679469585,-1.680479169,-1.678037643,-1.680314422,-1.68208921,-1.682250381,-1.682327628,-1.685179353,-1.687295198,-1.687807798,-1.688572407,-1.688793421,-1.690644026,-1.692014456,-1.693502903,-1.695715547,-1.696770668,-1.698509812,-1.695311785,-1.699995399,-1.699414015,-1.703953028,-1.702568412,-1.704146504,-1.703248858,-1.701954722,-1.7031883,-1.703726888,-1.704900622,-1.70388329,-1.70572114,-1.707596421,-1.706078053,-1.70659554,-1.70601213,-1.7080158,-1.708605766,-1.707559824,-1.709071994,-1.707607865,-1.706615329,-1.706326008,-1.704898238,-1.702867389,-1.703251004,-1.704170585,-1.703201056,-1.703249693,-1.701839685,-1.702636957,-1.701388478,-1.702343583,-1.703822613,-1.705379605,-1.705382586,-1.706637263,-1.705469131,-1.704879522,-1.700495958,-1.700550675,-1.697245836,-1.694652081,-1.690522313,-1.687457204,-1.682935953,-1.676080346,-1.678211212,-1.676784515,-1.67967701,-1.676467061,-1.678494811,-1.677995563,-1.677068472,-1.679974794,-1.679119825,-1.679900408,-1.680075765,-1.68356812,-1.684058666,-1.685637951,-1.686690807,-1.686059117,-1.687474489,-1.691086173,-1.690361738,-1.690585256,-1.68903017,-1.695323586,-1.698344231,-1.702456117,-1.700758696,-1.707023859,-1.70723331,4.2
22,-1.778941989,-1.790340781,-1.784037828,-1.776704669,-1.781058192,-1.769519806,-1.774270296,-1.771841288,-1.769701958,-1.764424324,-1.761537671,-1.766212106,-1.75639689,-1.762029409,-1.766859531,-1.767050862,-1.763810277,-1.774996161,-1.768865466,-1.773390651,-1.774847269,-1.7790488,-1.779069543,-1.780612707,-1.783401966,-1.777362943,-1.778961658,-1.777665496,-1.777330875,-1.772664547,-1.775444627,-1.770458102,-1.768845916,-1.765833497,-1.760627747,-1.754392862,-1.745660782,-1.741352797,-1.739521503,-1.739008904,-1.739992976,-1.738050222,-1.736592293,-1.737509727,-1.737761974,-1.740447879,-1.739772558,-1.739436746,-1.741119742,-1.739723325,-1.742357135,-1.743084908,-1.744279504,-1.743417501,-1.744738698,-1.743049145,-1.742561102,-1.741764069,-1.738040209,-1.736319423,-1.733865976,-1.732343316,-1.728593111,-1.724166274,-1.720799446,-1.717502475,-1.715154052,-1.7121979,-1.708464503,-1.70645988,-1.699807405,-1.689606547,-1.681216478,-1.673496723,-1.668230414,-1.664510012,-1.664713144,-1.660502553,-1.660312533,-1.657969117,-1.662705779,-1.661321163,-1.659491658,-1.659430385,-1.662161708,-1.663805008,-1.663665652,-1.667158961,-1.666700959,-1.668810844,-1.669542313,-1.672124982,-1.672569156,-1.674857616,-1.678106904,-1.678603172,-1.67836535,-1.681088328,-1.684849024,-1.682646632,-1.685334086,-1.68491745,-1.687649965,-1.68985188,-1.691227913,-1.689195156,-1.691548824,-1.692889333,-1.693180561,-1.693482399,-1.694083452,-1.69401443,-1.695231438,-1.695484996,-1.695501089,-1.694789171,-1.695077896,-1.694640517,-1.694934845,-1.693979621,-1.694904208,-1.692961097,-1.693456173,-1.691301584,-1.688925982,-1.690492153,-1.689973354,-1.686722636,-1.687838793,-1.687428713,-1.687248349,-1.686959028,-1.687222362,-1.687977552,-1.688865781,-1.688565731,-1.687884808,-1.686896801,-1.686091781,-1.682632804,-1.68217361,-1.678332329,-1.672468543,-1.666117907,-1.660799742,-1.659326792,-1.656984448,-1.653401613,-1.653803468,-1.651782393,-1.652378321,-1.651921868,-1.653061509,-1.6534518,-1.652144909,-1.653783679,-1.65508914,-1.656819582,-1.658165336,-1.661401272,-1.664141059,-1.662335515,-1.664986014,-1.665462732,-1.665692806,-1.667069554,-1.666935086,-1.67179358,-1.675185084,-1.679551721,-1.681139588,-1.682307363,-1.689937234,-1.695116758,4.5
23,-1.808740735,-1.798520088,-1.800083995,-1.790017486,-1.796734095,-1.802159786,-1.795419216,-1.782225966,-1.779123068,-1.7832582,-1.774073958,-1.782519221,-1.780896783,-1.785780072,-1.779397726,-1.776300073,-1.790994287,-1.786991239,-1.790589333,-1.792705536,-1.794179082,-1.796082854,-1.799342513,-1.797992587,-1.798693657,-1.798494935,-1.799598932,-1.799712777,-1.794426203,-1.79423666,-1.794613123,-1.791215777,-1.789988518,-1.786556244,-1.781162977,-1.773923993,-1.767082453,-1.76292038,-1.765018463,-1.760727525,-1.758863449,-1.759887457,-1.761276841,-1.759528518,-1.759157777,-1.761294842,-1.761090398,-1.762435079,-1.762551427,-1.762868643,-1.763824582,-1.765132785,-1.765569448,-1.765915871,-1.767133713,-1.766439915,-1.765553474,-1.764236569,-1.760648012,-1.759799123,-1.755810499,-1.755779028,-1.750956655,-1.74717164,-1.744139314,-1.74195075,-1.739882588,-1.73816061,-1.734894633,-1.732408047,-1.725886464,-1.718488455,-1.710821986,-1.702905416,-1.699967861,-1.697253346,-1.696963787,-1.694582462,-1.693850994,-1.692901731,-1.692767739,-1.693366647,-1.690737724,-1.691817403,-1.69201386,-1.693380475,-1.69556284,-1.697468519,-1.70081079,-1.701701999,-1.702755451,-1.70435822,-1.705087781,-1.705973268,-1.708542466,-1.711521983,-1.713336468,-1.714495659,-1.717192888,-1.715133786,-1.717207789,-1.718711734,-1.720163584,-1.720260739,-1.720897317,-1.724223137,-1.723726392,-1.725528598,-1.725881934,-1.726662397,-1.726206303,-1.728551745,-1.727698088,-1.730076194,-1.729557395,-1.729844213,-1.729068756,-1.729313254,-1.729535699,-1.728968024,-1.728881121,-1.727568626,-1.728210211,-1.726033688,-1.724959135,-1.724894762,-1.724955082,-1.722872734,-1.724445343,-1.721945763,-1.72191298,-1.722336411,-1.723420501,-1.725793362,-1.724865437,-1.723681808,-1.722527981,-1.723865628,-1.723134637,-1.720211864,-1.71947515,-1.714129567,-1.709718466,-1.70534575,-1.701917171,-1.695572257,-1.693420649,-1.693494558,-1.689794421,-1.690408468,-1.689727902,-1.691655874,-1.692724705,-1.693705797,-1.693743825,-1.696897268,-1.695465207,-1.699090123,-1.697804332,-1.699296832,-1.701649427,-1.702360988,-1.703462481,-1.704012513,-1.708149791,-1.710237741,-1.709967375,-1.716492176,-1.712813377,-1.72129786,-1.72117579,-1.72202909,-1.731106877,-1.728911877,4.5
24,-1.821460009,-1.82510376,-1.819626689,-1.825869322,-1.817631841,-1.808851719,-1.81069994,-1.797681689,-1.799258232,-1.80200398,-1.799790263,-1.802076936,-1.806776881,-1.801048636,-1.805524707,-1.807635188,-1.807379842,-1.806478858,-1.811182976,-1.813298941,-1.813547254,-1.817697167,-1.820056915,-1.816537976,-1.818282366,-1.818965435,-1.817593336,-1.817216992,-1.815523386,-1.812080979,-1.810377002,-1.810516477,-1.808234453,-1.80387485,-1.797644615,-1.796298742,-1.785501242,-1.780987144,-1.780016422,-1.781641245,-1.777548909,-1.779894352,-1.779991627,-1.778024912,-1.776822448,-1.77800715,-1.779958487,-1.779454231,-1.781449914,-1.78184545,-1.782278657,-1.78161633,-1.782163858,-1.783068895,-1.783993483,-1.782320619,-1.783025622,-1.782510519,-1.77861166,-1.778900027,-1.773440957,-1.772783399,-1.768697262,-1.765328765,-1.763709545,-1.761727571,-1.756415606,-1.75584209,-1.752553821,-1.747640371,-1.743938208,-1.737694621,-1.731200695,-1.724603891,-1.720951915,-1.718766093,-1.717323422,-1.715940595,-1.715521336,-1.715594888,-1.711782575,-1.716160297,-1.715410471,-1.714746475,-1.715779662,-1.718975782,-1.719454169,-1.722282052,-1.722440481,-1.724521995,-1.727044702,-1.726958513,-1.727846146,-1.730430603,-1.73212266,-1.73534739,-1.734916329,-1.737597466,-1.737488627,-1.735231876,-1.738690138,-1.740410447,-1.743462682,-1.743623376,-1.743527412,-1.744235396,-1.745415568,-1.744978428,-1.745387793,-1.746686459,-1.748120904,-1.748341799,-1.749942303,-1.749467492,-1.748767734,-1.748455286,-1.749727368,-1.749746799,-1.748631954,-1.748530149,-1.749554634,-1.746279001,-1.749046326,-1.748497128,-1.747801781,-1.747468829,-1.746710658,-1.746038556,-1.746671319,-1.745207906,-1.74390161,-1.744556189,-1.746121883,-1.743960261,-1.746150732,-1.747527719,-1.750073075,-1.746211529,-1.747299075,-1.741440773,-1.740792513,-1.736644626,-1.734537125,-1.730846405,-1.726482868,-1.721881747,-1.721324563,-1.7181319,-1.717999458,-1.718554497,-1.717116475,-1.717893124,-1.717858672,-1.719831109,-1.720046401,-1.720677495,-1.72227025,-1.721945167,-1.72431314,-1.726827025,-1.725811601,-1.726507187,-1.729171634,-1.728981495,-1.729928374,-1.730038166,-1.729925632,-1.734928966,-1.736555815,-1.741069078,-1.740889788,-1.743023872,-1.748148203,-1.755776167,4.7
25,-1.873479486,-1.874404192,-1.873611093,-1.868075132,-1.874710917,-1.870595574,-1.863077641,-1.86354959,-1.860340476,-1.857753992,-1.859102607,-1.855868816,-1.856583714,-1.86263597,-1.855830431,-1.861203551,-1.86108315,-1.867322445,-1.863746285,-1.869079828,-1.866838217,-1.871299624,-1.870195031,-1.873773813,-1.872007251,-1.873549938,-1.872296453,-1.872373462,-1.870178223,-1.869783521,-1.867201328,-1.865489483,-1.865801215,-1.862178922,-1.858286381,-1.851825595,-1.844011068,-1.842543364,-1.838789821,-1.842263579,-1.839552402,-1.840610266,-1.840254188,-1.838540673,-1.838419795,-1.842416406,-1.842470765,-1.840901375,-1.843592644,-1.844792962,-1.845279098,-1.844304085,-1.845336437,-1.845073104,-1.845236778,-1.844548225,-1.84389174,-1.843653798,-1.841237068,-1.839836121,-1.839000106,-1.834457874,-1.831635833,-1.82772553,-1.825829268,-1.823594689,-1.821152806,-1.818344235,-1.816508412,-1.812319756,-1.805966377,-1.79902637,-1.793068767,-1.786671519,-1.782718658,-1.778663874,-1.775910854,-1.774829388,-1.7730546,-1.772236586,-1.771772504,-1.773561954,-1.773890853,-1.773913026,-1.774879098,-1.776691675,-1.778563142,-1.781829715,-1.781604528,-1.784726858,-1.786099076,-1.788030386,-1.788421988,-1.790183663,-1.791511536,-1.795146585,-1.797563791,-1.800388098,-1.801741481,-1.797901511,-1.801038504,-1.800578833,-1.804101944,-1.803459883,-1.805026174,-1.806057453,-1.807964325,-1.808717608,-1.809780359,-1.808658838,-1.812533975,-1.810684443,-1.812756538,-1.812937737,-1.812495589,-1.810684919,-1.811267018,-1.813194394,-1.811510444,-1.812629819,-1.812232256,-1.810815454,-1.809793949,-1.810239673,-1.808419943,-1.808591127,-1.808353066,-1.806885958,-1.808577895,-1.809179783,-1.807996392,-1.805452943,-1.807801485,-1.807459235,-1.808696032,-1.809291005,-1.810988545,-1.809289575,-1.808265209,-1.803855181,-1.803503633,-1.800386906,-1.796062231,-1.790603399,-1.785719991,-1.780236006,-1.77742362,-1.774250031,-1.774582982,-1.771963358,-1.771819115,-1.771992683,-1.774351478,-1.773971558,-1.776046276,-1.776472092,-1.779636383,-1.780430436,-1.781903386,-1.780092001,-1.784216285,-1.784350872,-1.785871506,-1.786476135,-1.790245771,-1.791015506,-1.79211092,-1.795390964,-1.797313213,-1.800331235,-1.803135753,-1.802583098,-1.809244275,-1.810314417,5.4
26,-1.840575576,-1.849185944,-1.844034791,-1.849745393,-1.843082547,-1.843383908,-1.840186596,-1.832892895,-1.831982732,-1.834951043,-1.830953717,-1.831161976,-1.830914855,-1.830460191,-1.833350182,-1.830861926,-1.838099718,-1.836446881,-1.842107296,-1.842798591,-1.847350478,-1.84465766,-1.845851541,-1.846792221,-1.84625411,-1.848298788,-1.848021626,-1.847224355,-1.841156006,-1.84363699,-1.839828253,-1.838863254,-1.836611986,-1.832503319,-1.828668237,-1.820114374,-1.814512968,-1.811233997,-1.810223937,-1.805740356,-1.809782267,-1.809458375,-1.807985902,-1.806824088,-1.806867838,-1.807506442,-1.808176279,-1.809809923,-1.8102355,-1.80988431,-1.812060595,-1.811719775,-1.812549949,-1.811564207,-1.81233871,-1.81321907,-1.811639309,-1.808364987,-1.80736053,-1.806544542,-1.803772569,-1.800949693,-1.795994759,-1.79237926,-1.789408326,-1.785583019,-1.783211112,-1.781108737,-1.779086471,-1.774900675,-1.768674016,-1.760869741,-1.751506209,-1.746200323,-1.739520907,-1.735957384,-1.734143257,-1.732319593,-1.732035398,-1.730392933,-1.729556561,-1.730212688,-1.729331851,-1.729969501,-1.732311726,-1.734563589,-1.73413837,-1.736011028,-1.737335324,-1.742971539,-1.744298697,-1.743901134,-1.74650836,-1.747241616,-1.751297235,-1.753641844,-1.753314853,-1.756466389,-1.758792043,-1.757911444,-1.761213541,-1.760149479,-1.763679504,-1.764755845,-1.765144706,-1.765013576,-1.765716076,-1.767149925,-1.768266559,-1.770614505,-1.771309495,-1.7710675,-1.771446943,-1.770929217,-1.77054143,-1.771364331,-1.771138787,-1.770282149,-1.769128084,-1.769658685,-1.769922495,-1.769687653,-1.769478559,-1.768414617,-1.768457532,-1.765531301,-1.76608932,-1.765924692,-1.765615582,-1.763399482,-1.764374256,-1.764346719,-1.764153957,-1.767328143,-1.76806438,-1.766928792,-1.766700745,-1.764131427,-1.76490736,-1.760850072,-1.758744836,-1.753108859,-1.749294519,-1.742373109,-1.73497808,-1.730323434,-1.726087928,-1.724513769,-1.724342942,-1.724077702,-1.720894933,-1.721591949,-1.719652057,-1.722665429,-1.723925829,-1.721770883,-1.725871325,-1.726453066,-1.725774527,-1.728782177,-1.729858756,-1.733024359,-1.73596859,-1.735224366,-1.737868786,-1.739058018,-1.738485575,-1.745380402,-1.748632908,-1.752437472,-1.755462527,-1.756845951,-1.762170672,-1.767338991,6.1
27,-1.782835484,-1.776688576,-1.782814026,-1.775781989,-1.781718493,-1.77757895,-1.769853115,-1.767233372,-1.766771078,-1.759349346,-1.757911921,-1.761861801,-1.761826396,-1.765660405,-1.758764982,-1.763270497,-1.76447022,-1.764573693,-1.768070698,-1.768521786,-1.770730376,-1.774322391,-1.774639964,-1.773318291,-1.770589232,-1.772567272,-1.769424677,-1.768717289,-1.769550681,-1.764488935,-1.764803767,-1.764560938,-1.763452291,-1.757539868,-1.754209638,-1.743444562,-1.739314556,-1.731222749,-1.728392959,-1.730856419,-1.725833058,-1.727489471,-1.724820733,-1.727080464,-1.722046018,-1.727049232,-1.726751924,-1.728929758,-1.730052114,-1.726746678,-1.730315328,-1.729414821,-1.730080605,-1.730150938,-1.731909156,-1.729871631,-1.727802396,-1.728307486,-1.723855495,-1.723158717,-1.718460083,-1.715914011,-1.710490704,-1.705367804,-1.700813055,-1.699336529,-1.694901705,-1.694874883,-1.690363288,-1.684514284,-1.678161144,-1.667375684,-1.661059737,-1.65134275,-1.646379471,-1.641123056,-1.64045167,-1.636094332,-1.634979606,-1.637066007,-1.633405089,-1.633716583,-1.63627708,-1.633287311,-1.636383891,-1.638727427,-1.637791038,-1.640401959,-1.642344594,-1.64580524,-1.647010326,-1.651221037,-1.649544716,-1.651331663,-1.656693101,-1.660513043,-1.660432696,-1.661734581,-1.665110469,-1.660726309,-1.665043473,-1.667670012,-1.672450304,-1.669924617,-1.671752095,-1.671926618,-1.673543572,-1.674247742,-1.675372481,-1.674595594,-1.67645216,-1.678285718,-1.679513931,-1.67755568,-1.67857635,-1.677593827,-1.67717433,-1.677670836,-1.675216794,-1.676389337,-1.677363157,-1.675353289,-1.675219178,-1.675111771,-1.671743631,-1.673174024,-1.671529293,-1.668801785,-1.672620058,-1.670234084,-1.670595169,-1.66754365,-1.670587897,-1.670018315,-1.672658205,-1.670073628,-1.672072887,-1.670317769,-1.669868112,-1.666615009,-1.666919947,-1.660994649,-1.65468657,-1.647235751,-1.640342236,-1.631035209,-1.62706995,-1.623428702,-1.624823809,-1.620287895,-1.617780924,-1.621212482,-1.620200753,-1.619454026,-1.622205257,-1.620626092,-1.62311852,-1.627582908,-1.630614877,-1.630574107,-1.632644296,-1.634310961,-1.637230515,-1.63913846,-1.6394279,-1.644847751,-1.648900747,-1.650332928,-1.6545434,-1.659140825,-1.662121773,-1.662337184,-1.675045609,-1.67887342,4.8
28,-1.823766589,-1.82077682,-1.81553793,-1.826860309,-1.817389607,-1.81826818,-1.816447496,-1.8090657,-1.807721138,-1.809390783,-1.798841,-1.806896448,-1.804427028,-1.807970762,-1.806187153,-1.814470649,-1.810480118,-1.812930703,-1.814629912,-1.813724756,-1.814198852,-1.817349911,-1.817768335,-1.819332957,-1.820773482,-1.817779899,-1.819547057,-1.81677258,-1.817447662,-1.815832376,-1.815936446,-1.814786911,-1.81259954,-1.805894256,-1.804773092,-1.797457218,-1.792581677,-1.78666532,-1.790468335,-1.783193231,-1.783023477,-1.782541871,-1.783139348,-1.785578489,-1.782763362,-1.784814,-1.783861756,-1.784807086,-1.787251949,-1.787509203,-1.788498521,-1.78755343,-1.788863182,-1.787299752,-1.787510514,-1.789708495,-1.78815484,-1.786675215,-1.784212708,-1.784262538,-1.780407906,-1.777768731,-1.773267746,-1.768603086,-1.768500924,-1.763990641,-1.761264443,-1.759265065,-1.755527258,-1.750787258,-1.746618509,-1.737873316,-1.730626941,-1.7224859,-1.717183232,-1.712114334,-1.710512996,-1.710529447,-1.710444808,-1.706576228,-1.705361009,-1.706344247,-1.706198335,-1.70601058,-1.707334161,-1.708999395,-1.709982038,-1.712706923,-1.714393139,-1.715895891,-1.718928337,-1.720933318,-1.721607924,-1.725166559,-1.726731896,-1.729693294,-1.73118329,-1.731851697,-1.734378934,-1.733806372,-1.737168908,-1.739786029,-1.739660859,-1.741592765,-1.741548061,-1.743096709,-1.743134737,-1.743015647,-1.744814038,-1.746219158,-1.74657774,-1.748643756,-1.750072122,-1.749152541,-1.748174787,-1.747559428,-1.748169661,-1.749087453,-1.749045491,-1.749920964,-1.749584913,-1.745804906,-1.747699857,-1.744793177,-1.7459867,-1.74468863,-1.74326098,-1.741670609,-1.743420839,-1.740697145,-1.741224647,-1.740950465,-1.744166255,-1.742552161,-1.744039655,-1.745690942,-1.745970488,-1.743621826,-1.740403175,-1.738596082,-1.736445665,-1.730567336,-1.729076743,-1.722455978,-1.715783358,-1.711469173,-1.708434463,-1.704034567,-1.704568624,-1.705023885,-1.701085925,-1.703309894,-1.701094985,-1.70344317,-1.705262065,-1.704637408,-1.706578612,-1.706792831,-1.709371209,-1.711806297,-1.713579535,-1.715088248,-1.719664574,-1.718861818,-1.719077945,-1.724919558,-1.726093411,-1.734265327,-1.73183763,-1.735778213,-1.735906005,-1.739190102,-1.747324824,-1.752659321,5.1
29,-1.619875908,-1.599973917,-1.627484202,-1.608166814,-1.603595972,-1.606672645,-1.60411334,-1.58000958,-1.588932395,-1.582027912,-1.599795222,-1.576557279,-1.571096659,-1.586046457,-1.583782077,-1.58044982,-1.583720446,-1.583591104,-1.586575747,-1.592713952,-1.589443207,-1.586424351,-1.589273095,-1.59252274,-1.585287333,-1.590362191,-1.594392896,-1.588239551,-1.586583257,-1.583593369,-1.581417441,-1.57822597,-1.57450211,-1.565547824,-1.564117074,-1.54791069,-1.538255692,-1.532855749,-1.533961535,-1.534000993,-1.530587316,-1.524364591,-1.524603128,-1.524620652,-1.527023077,-1.524673939,-1.527793288,-1.522435784,-1.53056407,-1.531378627,-1.529628754,-1.530094385,-1.52754271,-1.529756784,-1.529813409,-1.530858755,-1.526239038,-1.525761724,-1.515938878,-1.516367555,-1.511952043,-1.509673595,-1.503589749,-1.495681882,-1.490692258,-1.486907005,-1.48216784,-1.481672525,-1.476825237,-1.467863083,-1.4576056,-1.44387877,-1.432271719,-1.415799379,-1.40885818,-1.398634195,-1.398979068,-1.392300963,-1.38896656,-1.38670063,-1.381625175,-1.385602832,-1.385706425,-1.384138346,-1.38681519,-1.392158031,-1.394794226,-1.395919204,-1.39829731,-1.402259946,-1.40557158,-1.406104922,-1.409399748,-1.410562754,-1.415381074,-1.418504834,-1.421480417,-1.42664957,-1.430910826,-1.424887657,-1.430708289,-1.430832028,-1.435515642,-1.437473059,-1.43867588,-1.441241622,-1.440034509,-1.441500306,-1.443199039,-1.445793629,-1.447195411,-1.444773316,-1.449417114,-1.447066069,-1.44695282,-1.449351668,-1.447129965,-1.448637724,-1.447196841,-1.445536256,-1.448589325,-1.440214515,-1.445158362,-1.440944314,-1.438276649,-1.43713069,-1.438373685,-1.437280774,-1.439136863,-1.436884284,-1.438350201,-1.437201977,-1.437639832,-1.440088391,-1.441775441,-1.440464377,-1.44269228,-1.440937042,-1.439872265,-1.431754947,-1.430183053,-1.422380924,-1.410686493,-1.40231967,-1.387223482,-1.374412656,-1.372461677,-1.355827808,-1.355236053,-1.353902578,-1.349362373,-1.349947572,-1.354657769,-1.351627231,-1.357002497,-1.354669094,-1.357637167,-1.368042827,-1.36402905,-1.370213389,-1.371430039,-1.374314308,-1.378757715,-1.382562876,-1.387905955,-1.388086915,-1.390786886,-1.403153419,-1.402978897,-1.413603783,-1.420790315,-1.424118519,-1.440720797,-1.450378895,4.5
30,-1.676272035,-1.677325964,-1.680477381,-1.674025059,-1.675574064,-1.657923222,-1.663812518,-1.658660889,-1.660152197,-1.638040662,-1.651531458,-1.655389667,-1.646690607,-1.649945259,-1.65207541,-1.653021097,-1.653437853,-1.664526939,-1.660504818,-1.662287235,-1.669413328,-1.667482734,-1.671078444,-1.668674827,-1.667296886,-1.668836117,-1.66833365,-1.666590691,-1.665887713,-1.664941788,-1.6594522,-1.660262585,-1.657382369,-1.650495529,-1.648657203,-1.635706902,-1.626846671,-1.625181079,-1.616256356,-1.618225098,-1.615956426,-1.614191294,-1.613398194,-1.613158941,-1.613376141,-1.61110568,-1.612532377,-1.613695979,-1.61477983,-1.617057681,-1.616418242,-1.615363359,-1.61664021,-1.619262099,-1.618411422,-1.618106484,-1.614619255,-1.615475774,-1.611394167,-1.610330701,-1.604168892,-1.601098418,-1.595759034,-1.589173436,-1.584754705,-1.58080554,-1.578476667,-1.574945688,-1.569718719,-1.563341737,-1.556373239,-1.542342663,-1.530622244,-1.520665765,-1.514859676,-1.507317185,-1.502568841,-1.503671646,-1.499719143,-1.499412417,-1.494696736,-1.49619019,-1.495647907,-1.496997356,-1.495269656,-1.500327349,-1.501051903,-1.505198956,-1.504079819,-1.508297205,-1.51186204,-1.514611244,-1.514995098,-1.519667625,-1.519893885,-1.523761034,-1.526979566,-1.530324578,-1.532839298,-1.529833674,-1.535137415,-1.53584075,-1.540818095,-1.5401963,-1.541901827,-1.542524695,-1.543455362,-1.544744611,-1.546800494,-1.546134233,-1.547046065,-1.546605945,-1.548280478,-1.547006726,-1.549114227,-1.548977852,-1.549474239,-1.549075246,-1.547139049,-1.549194217,-1.548241615,-1.545810223,-1.545834064,-1.543245912,-1.542034745,-1.54463768,-1.545408607,-1.543263197,-1.539953828,-1.539519548,-1.539337873,-1.53802228,-1.540071249,-1.541134834,-1.540367246,-1.540745735,-1.540954709,-1.54186511,-1.542526841,-1.53613174,-1.531491637,-1.524641991,-1.51909101,-1.506182194,-1.50148809,-1.489032149,-1.486640692,-1.481041908,-1.480159283,-1.475730777,-1.477945209,-1.474877,-1.478085637,-1.476459503,-1.47939384,-1.479909658,-1.483543992,-1.483344913,-1.482777357,-1.489151597,-1.492239237,-1.495093346,-1.495226383,-1.496116161,-1.50105083,-1.504740357,-1.508907318,-1.512821078,-1.522099614,-1.519545555,-1.52711153,-1.533141971,-1.54190588,-1.556998014,4.6
31,-1.906401753,-1.903336048,-1.911421537,-1.897181153,-1.909365892,-1.899567008,-1.898806214,-1.898038387,-1.886556268,-1.885414958,-1.893443584,-1.888340831,-1.886554837,-1.890177727,-1.886604428,-1.894737124,-1.89497304,-1.895510793,-1.894991755,-1.898273587,-1.898097038,-1.900734663,-1.903357983,-1.901754379,-1.902571917,-1.902690887,-1.901801944,-1.898454785,-1.897012115,-1.897378206,-1.89543283,-1.893051744,-1.892585278,-1.889858007,-1.886463404,-1.877226591,-1.873980522,-1.868019938,-1.871272564,-1.868507981,-1.867333531,-1.867636919,-1.867001891,-1.868946314,-1.867805004,-1.869010448,-1.870216966,-1.867560744,-1.87040031,-1.870304346,-1.873043656,-1.871036887,-1.873360157,-1.873921275,-1.872540593,-1.873559833,-1.87191844,-1.870353818,-1.867676258,-1.865237951,-1.863816977,-1.861366153,-1.857606173,-1.854346275,-1.851907969,-1.849439025,-1.846604466,-1.844536543,-1.842619896,-1.837093234,-1.830985785,-1.823048115,-1.81728971,-1.80961287,-1.805733442,-1.80187583,-1.800296664,-1.798015475,-1.797909856,-1.797398567,-1.794032812,-1.796071887,-1.793899059,-1.795226216,-1.795928597,-1.798646331,-1.799083352,-1.799956441,-1.802541614,-1.806579947,-1.807231307,-1.808734655,-1.81009841,-1.813534498,-1.814948082,-1.817333102,-1.817986846,-1.818494678,-1.820475101,-1.819872975,-1.823704004,-1.824558616,-1.827353239,-1.825523376,-1.827411056,-1.827955246,-1.827791452,-1.828977585,-1.829440951,-1.831798673,-1.830697417,-1.831467509,-1.833534598,-1.833275318,-1.832996607,-1.832906961,-1.833553672,-1.834987044,-1.833226204,-1.833156586,-1.833404422,-1.831436157,-1.830827832,-1.829902768,-1.826774955,-1.82746613,-1.826700091,-1.825483918,-1.826882482,-1.825681567,-1.826796174,-1.823862076,-1.826505661,-1.825824022,-1.829228044,-1.828449011,-1.828465343,-1.826803207,-1.828400612,-1.824746728,-1.821427822,-1.816235423,-1.809373617,-1.804736733,-1.799023628,-1.79404664,-1.792392492,-1.786835432,-1.788242817,-1.788945675,-1.785317779,-1.788162589,-1.787756562,-1.788077354,-1.78925395,-1.789095521,-1.791546345,-1.793826222,-1.795719385,-1.798071504,-1.798371434,-1.799431801,-1.801771998,-1.799620032,-1.806780219,-1.80521512,-1.809642076,-1.807984114,-1.811996698,-1.814594865,-1.818063378,-1.819805741,-1.824985266,-1.826942086,4.8
32,-1.909139395,-1.914947987,-1.913824439,-1.910626888,-1.912984967,-1.907450557,-1.899796247,-1.906663299,-1.897193193,-1.896008134,-1.897329211,-1.897191882,-1.895239711,-1.898220539,-1.896054983,-1.90126574,-1.894950271,-1.903338671,-1.904277563,-1.903268576,-1.905535936,-1.907969832,-1.909234047,-1.907524943,-1.908362746,-1.908130169,-1.905508757,-1.907002687,-1.90511024,-1.906096578,-1.902526975,-1.902389169,-1.900047183,-1.898118496,-1.89339292,-1.886704683,-1.882099152,-1.877113104,-1.878982663,-1.875542641,-1.875366688,-1.875876307,-1.875098944,-1.875909805,-1.873026133,-1.87587893,-1.875619888,-1.875397205,-1.876697779,-1.877341032,-1.877832651,-1.878574014,-1.878837705,-1.878903389,-1.88115418,-1.880152464,-1.878709197,-1.87751472,-1.875431418,-1.873912334,-1.870893717,-1.869417548,-1.864905477,-1.863545537,-1.859815598,-1.857708216,-1.857355118,-1.855112672,-1.851612568,-1.846280456,-1.840572596,-1.833861709,-1.827871084,-1.820941091,-1.815157413,-1.813116908,-1.809680223,-1.80756104,-1.806851149,-1.805691838,-1.808584094,-1.805755615,-1.805970192,-1.804249406,-1.806664109,-1.807996988,-1.810328841,-1.812944889,-1.813811541,-1.816153765,-1.817321062,-1.817446589,-1.819307804,-1.820864677,-1.823389173,-1.82631135,-1.82826972,-1.828174591,-1.829728127,-1.829535127,-1.830815315,-1.831655383,-1.834153533,-1.835719585,-1.837732434,-1.83753109,-1.838352323,-1.837616086,-1.840977788,-1.8398,-1.840052485,-1.838376284,-1.841221809,-1.841217279,-1.842186332,-1.844374776,-1.842934489,-1.841671586,-1.841773152,-1.841473579,-1.84109056,-1.838254213,-1.839648724,-1.838452935,-1.837628126,-1.836436629,-1.834463596,-1.835964561,-1.837008476,-1.835713148,-1.83671248,-1.835019827,-1.836668611,-1.837384701,-1.838639379,-1.837569952,-1.836283088,-1.835695028,-1.834866047,-1.832157135,-1.828831434,-1.826556921,-1.820882559,-1.815216064,-1.809038281,-1.803157449,-1.800876498,-1.79890728,-1.799154878,-1.799574971,-1.797440052,-1.795812368,-1.797827482,-1.800057054,-1.801534534,-1.799970508,-1.801791668,-1.80215764,-1.804896951,-1.80514586,-1.807317019,-1.808024406,-1.810804605,-1.812119603,-1.812510967,-1.816068888,-1.814971685,-1.822291017,-1.822348595,-1.824275613,-1.823766112,-1.829686999,-1.830415368,-1.838386297,4.5
33,-1.816901326,-1.824289799,-1.818896174,-1.830896974,-1.816278696,-1.818697333,-1.815345883,-1.804660916,-1.805872679,-1.803227186,-1.799518585,-1.809080243,-1.809921145,-1.807835817,-1.812036872,-1.812180877,-1.813881636,-1.814434528,-1.817151308,-1.814044356,-1.817131042,-1.819203377,-1.820534706,-1.82240212,-1.821416378,-1.824690461,-1.826341748,-1.820786476,-1.818630338,-1.820661664,-1.815718174,-1.814937234,-1.814684391,-1.810646653,-1.806276917,-1.80024755,-1.794903398,-1.78848815,-1.788864493,-1.787356496,-1.787334681,-1.786042213,-1.786562443,-1.788342595,-1.7863729,-1.788589001,-1.790947318,-1.790464878,-1.79221034,-1.791732907,-1.792063951,-1.793599844,-1.793756962,-1.793769121,-1.792983055,-1.7940557,-1.791621923,-1.790807486,-1.787525177,-1.787919283,-1.786251426,-1.783430099,-1.780695081,-1.777402997,-1.774493694,-1.77146256,-1.769220829,-1.767228842,-1.764500022,-1.760284424,-1.756443024,-1.749562621,-1.741932988,-1.736056805,-1.729186654,-1.725032449,-1.723014832,-1.72048378,-1.720296264,-1.72271812,-1.71827817,-1.720113158,-1.719047427,-1.720084548,-1.722968817,-1.723401546,-1.725616932,-1.727363706,-1.728124022,-1.73033452,-1.733952165,-1.733601332,-1.734794378,-1.737147808,-1.73933959,-1.739923716,-1.74106729,-1.743556738,-1.746525645,-1.746232033,-1.747815728,-1.748154759,-1.749520779,-1.749532938,-1.748595834,-1.749684811,-1.750989079,-1.753051758,-1.753875375,-1.753121257,-1.753157616,-1.753267169,-1.75495553,-1.757095456,-1.757255673,-1.755851269,-1.756324649,-1.756665707,-1.755605221,-1.75626421,-1.757355452,-1.756380796,-1.755382895,-1.753830433,-1.751346469,-1.752258897,-1.750827551,-1.75105226,-1.751132727,-1.750273228,-1.748535514,-1.749730349,-1.749258757,-1.750756741,-1.752129912,-1.751171947,-1.751908541,-1.74921,-1.749428153,-1.7461375,-1.743503213,-1.739797354,-1.734326124,-1.727064967,-1.721721172,-1.717247128,-1.713158727,-1.710513711,-1.710262179,-1.709290862,-1.710653663,-1.711102009,-1.712501168,-1.712731481,-1.71563375,-1.71282959,-1.71531117,-1.717996597,-1.71595645,-1.717739224,-1.717835426,-1.71923542,-1.721465111,-1.722360373,-1.724286318,-1.727545738,-1.72893405,-1.7353791,-1.734755993,-1.736734867,-1.742133498,-1.741722941,-1.74820435,-1.748014212,5.2
34,-1.850145221,-1.854226828,-1.855285287,-1.846570969,-1.847875476,-1.845912337,-1.843449473,-1.833215594,-1.832151532,-1.832833052,-1.830989838,-1.836337566,-1.832116365,-1.839457631,-1.83329165,-1.831160665,-1.841863394,-1.839160204,-1.842227817,-1.842388988,-1.841904402,-1.844305277,-1.847869873,-1.848474622,-1.845812082,-1.84610343,-1.846568584,-1.843936682,-1.845441699,-1.841246128,-1.840440512,-1.839622736,-1.83775413,-1.833673477,-1.829868436,-1.822279453,-1.818983316,-1.812059999,-1.812254906,-1.810402393,-1.809349298,-1.810642123,-1.810680866,-1.808710098,-1.807725191,-1.809869647,-1.810913086,-1.810512543,-1.81358254,-1.813731432,-1.81377089,-1.812685609,-1.814255953,-1.812546015,-1.815157175,-1.814968824,-1.811622858,-1.812247634,-1.809302688,-1.808701992,-1.804761052,-1.802539349,-1.798486471,-1.795166612,-1.79341507,-1.789468169,-1.787609458,-1.784608006,-1.781596065,-1.777051568,-1.773914337,-1.764483571,-1.758331299,-1.75010848,-1.745549917,-1.7412678,-1.738861322,-1.739228249,-1.735779643,-1.735190272,-1.734657526,-1.737408996,-1.736705422,-1.737362623,-1.738056421,-1.740124702,-1.741405249,-1.742806554,-1.74501574,-1.747230053,-1.748192191,-1.75019753,-1.750397325,-1.753199816,-1.755319953,-1.758043885,-1.757771492,-1.75949657,-1.762675285,-1.761751056,-1.764365435,-1.763546348,-1.767561078,-1.766237378,-1.769429088,-1.770097136,-1.769068122,-1.770543694,-1.772771597,-1.773910761,-1.774801016,-1.772940993,-1.775231361,-1.77421546,-1.775438309,-1.775546312,-1.774764776,-1.775115252,-1.774517059,-1.773987174,-1.774650693,-1.772951841,-1.773095369,-1.771487236,-1.771603584,-1.768927217,-1.769364595,-1.768746495,-1.770255327,-1.768210888,-1.76833427,-1.767732859,-1.769253373,-1.769523382,-1.77065289,-1.769107223,-1.768805742,-1.769348741,-1.76902771,-1.764714479,-1.763426661,-1.759425521,-1.753093243,-1.74683702,-1.74134171,-1.735744357,-1.734109998,-1.728331089,-1.731131792,-1.728530884,-1.728364587,-1.729365826,-1.728362083,-1.728168964,-1.729836583,-1.730375051,-1.732816219,-1.735393047,-1.73572433,-1.73797524,-1.737809062,-1.740824699,-1.74416244,-1.744327903,-1.74805975,-1.745855689,-1.751556158,-1.751925468,-1.755345821,-1.76060164,-1.764541388,-1.763290405,-1.767493725,-1.773591518,5.1
35,-1.868208408,-1.853082538,-1.872784615,-1.865788341,-1.860892296,-1.854063153,-1.8562181,-1.844830394,-1.848530054,-1.846715212,-1.849036932,-1.842571616,-1.845882893,-1.845114231,-1.845051885,-1.844433308,-1.844149351,-1.851241469,-1.844731092,-1.853652835,-1.854177594,-1.853654861,-1.856277347,-1.853727937,-1.857829809,-1.85522759,-1.854034305,-1.852648377,-1.850933433,-1.849896312,-1.848823309,-1.846545339,-1.847789168,-1.842017651,-1.836751223,-1.829948902,-1.825654507,-1.820969105,-1.820396662,-1.817748189,-1.816676378,-1.816799164,-1.8153584,-1.81839025,-1.815671682,-1.815579891,-1.817174077,-1.818626285,-1.82072711,-1.818121672,-1.820846319,-1.821856141,-1.823279381,-1.820899367,-1.823114395,-1.82341826,-1.820165634,-1.820460796,-1.815988421,-1.81527245,-1.812544346,-1.808515787,-1.805501461,-1.801654458,-1.797818303,-1.796146631,-1.79175055,-1.792256355,-1.788315773,-1.782289743,-1.775906205,-1.767093062,-1.758192778,-1.749588132,-1.744455457,-1.740613103,-1.738746285,-1.735537171,-1.736809134,-1.736023426,-1.732700825,-1.733736753,-1.734740376,-1.733442426,-1.734945536,-1.737316012,-1.739156723,-1.74055326,-1.742925286,-1.745478034,-1.748200297,-1.749348044,-1.751369596,-1.75343883,-1.757873297,-1.758830667,-1.759892464,-1.760492206,-1.762578845,-1.762471199,-1.765304923,-1.765987396,-1.769311309,-1.769470334,-1.772265315,-1.772367239,-1.771001339,-1.773003101,-1.773022532,-1.774838448,-1.775595784,-1.773504615,-1.776262283,-1.77669847,-1.774522185,-1.774650335,-1.775664926,-1.776416659,-1.775459886,-1.775440216,-1.77385211,-1.7732687,-1.772085309,-1.773001671,-1.768878937,-1.770177007,-1.769519091,-1.768194675,-1.770027995,-1.768541217,-1.767745972,-1.768438816,-1.767425179,-1.766638517,-1.769333363,-1.769078851,-1.769223571,-1.768297076,-1.768687367,-1.763771296,-1.762326121,-1.757890463,-1.751041293,-1.745494485,-1.736458063,-1.731788278,-1.725963593,-1.721903324,-1.723644853,-1.72086978,-1.720447898,-1.71989584,-1.721241117,-1.72184217,-1.724611044,-1.726464272,-1.724822044,-1.727713704,-1.730785608,-1.732374549,-1.733923435,-1.735932469,-1.740337133,-1.7384969,-1.74133718,-1.742780089,-1.747837543,-1.747263551,-1.750330448,-1.753486156,-1.760558128,-1.761313796,-1.771650195,-1.778437614,5
36,-1.772983432,-1.764514208,-1.762382865,-1.756591201,-1.761372447,-1.763606787,-1.74793005,-1.750072718,-1.748419046,-1.741206765,-1.742691755,-1.741958261,-1.736740112,-1.738105774,-1.736818314,-1.744574547,-1.74607861,-1.746122479,-1.748343468,-1.747485042,-1.750839949,-1.753712893,-1.749681711,-1.753885865,-1.75388217,-1.754441381,-1.751523256,-1.750780344,-1.750939131,-1.748456955,-1.744030595,-1.744244695,-1.741973758,-1.735552311,-1.731321216,-1.719683886,-1.716067076,-1.710899591,-1.711702108,-1.70999825,-1.708984733,-1.707615852,-1.706526518,-1.707863927,-1.707550645,-1.708681107,-1.708007097,-1.70910573,-1.712472081,-1.709937811,-1.711031795,-1.71152699,-1.710329175,-1.712266088,-1.712389827,-1.712409377,-1.710859537,-1.710460186,-1.706129551,-1.703390241,-1.701304317,-1.696903586,-1.695477009,-1.688637495,-1.686891794,-1.684195638,-1.680257678,-1.679389954,-1.675546169,-1.669314742,-1.665099978,-1.653514028,-1.647705197,-1.638931513,-1.632232785,-1.628240108,-1.627913952,-1.623108864,-1.623635292,-1.622676492,-1.620719671,-1.621942282,-1.623081326,-1.622150421,-1.622917056,-1.62777555,-1.626817346,-1.62865448,-1.630181432,-1.634157181,-1.635404348,-1.637063742,-1.638750315,-1.640152216,-1.643249512,-1.646099925,-1.64750123,-1.648950338,-1.650885344,-1.648145199,-1.654164553,-1.654877186,-1.657927394,-1.656973004,-1.658945441,-1.661455393,-1.661779165,-1.66240871,-1.661098719,-1.663537025,-1.66389513,-1.66303432,-1.664963841,-1.666061163,-1.666600585,-1.665813446,-1.666258216,-1.667178392,-1.666725039,-1.665568948,-1.664194584,-1.663941741,-1.663790584,-1.661936045,-1.661214232,-1.660912514,-1.661011457,-1.655789018,-1.656622887,-1.658165693,-1.658001065,-1.658709168,-1.660221577,-1.661076903,-1.660073876,-1.659349442,-1.659790516,-1.659919381,-1.659199357,-1.654555559,-1.65121913,-1.647425175,-1.643551111,-1.637814403,-1.629786253,-1.626208067,-1.624384761,-1.61864686,-1.619498968,-1.620074749,-1.618734121,-1.618600845,-1.619462013,-1.618100762,-1.619138718,-1.621563792,-1.623704314,-1.622257352,-1.626362085,-1.626419306,-1.627453089,-1.627364755,-1.631075501,-1.630798459,-1.638251543,-1.637140036,-1.639390826,-1.647082567,-1.644588828,-1.648276925,-1.654907823,-1.654463053,-1.664377093,-1.669891119,4.8
37,-1.78500104,-1.786349893,-1.785309315,-1.78425169,-1.784569621,-1.778911352,-1.775778174,-1.770440459,-1.76283586,-1.757425189,-1.763131738,-1.760288358,-1.758772612,-1.761975288,-1.76565671,-1.764417052,-1.76234293,-1.768701077,-1.767482877,-1.771219492,-1.771982074,-1.773300052,-1.773961902,-1.772551298,-1.775176883,-1.774751425,-1.771052003,-1.773475409,-1.770218849,-1.769026399,-1.766167879,-1.766906261,-1.765625954,-1.756601453,-1.756189108,-1.748354554,-1.738428593,-1.733410358,-1.732104182,-1.732670665,-1.727702498,-1.732496142,-1.730587363,-1.730881572,-1.72966218,-1.73170948,-1.731059909,-1.732137084,-1.731095433,-1.733231187,-1.732099891,-1.733916521,-1.734999776,-1.733763814,-1.736743093,-1.736017823,-1.73263073,-1.73191452,-1.728974581,-1.726675153,-1.725283027,-1.7237854,-1.716693401,-1.714674592,-1.712850094,-1.709560394,-1.705248475,-1.703794599,-1.699773192,-1.694314957,-1.690462589,-1.682657003,-1.676515341,-1.669616103,-1.666840315,-1.660259485,-1.661793113,-1.657852888,-1.658282638,-1.656721473,-1.654738069,-1.657577157,-1.656857848,-1.655782223,-1.656303883,-1.658214927,-1.659632683,-1.662627816,-1.661598921,-1.6638906,-1.666164756,-1.66906786,-1.667999864,-1.670497894,-1.672441483,-1.673906803,-1.675704002,-1.678021073,-1.680272579,-1.674831271,-1.678106546,-1.679212689,-1.682170749,-1.682983637,-1.685030699,-1.685960054,-1.684145808,-1.686262846,-1.686463475,-1.686517477,-1.687385321,-1.688793778,-1.68990171,-1.690945745,-1.689092994,-1.688402414,-1.688338041,-1.688332438,-1.688205481,-1.687533021,-1.688778281,-1.687642932,-1.688853264,-1.688022614,-1.685903311,-1.687168241,-1.683765054,-1.685865998,-1.68289876,-1.682430148,-1.681225896,-1.682792664,-1.685465217,-1.684165955,-1.68577683,-1.683820486,-1.687284231,-1.681992531,-1.684124351,-1.68171978,-1.678380966,-1.676295757,-1.671562195,-1.667918801,-1.663700938,-1.657866836,-1.653819084,-1.652584791,-1.650965214,-1.651428699,-1.648881674,-1.651497722,-1.652133703,-1.654458642,-1.65429306,-1.653451204,-1.654872775,-1.654718876,-1.654996634,-1.658848166,-1.658253074,-1.659376264,-1.664167404,-1.662887573,-1.664563417,-1.667244315,-1.673285842,-1.678879857,-1.673432827,-1.679276228,-1.68107903,-1.684607625,-1.691459298,-1.694402099,4.7
38,-1.715493321,-1.720443368,-1.724208951,-1.722643137,-1.718731165,-1.71936667,-1.713340163,-1.714060307,-1.711754084,-1.703144193,-1.707545757,-1.700339079,-1.702035904,-1.707371593,-1.702604055,-1.698697567,-1.709288359,-1.707784414,-1.717264295,-1.718289614,-1.716601491,-1.719357848,-1.722707033,-1.72220242,-1.722164631,-1.722918987,-1.720135212,-1.719075084,-1.721898198,-1.714202404,-1.718600869,-1.716268778,-1.712115288,-1.705799341,-1.698875546,-1.690267444,-1.682821631,-1.673770905,-1.676678419,-1.672963858,-1.670449853,-1.671577573,-1.671190262,-1.671281934,-1.667035699,-1.670209765,-1.670605302,-1.669348717,-1.674559355,-1.674125552,-1.677197218,-1.675833344,-1.677415967,-1.67591536,-1.677081585,-1.677074432,-1.674819469,-1.674827099,-1.670740366,-1.667071342,-1.662091494,-1.659094095,-1.655075788,-1.649141073,-1.645431995,-1.6399225,-1.636808634,-1.633429527,-1.631177664,-1.623857975,-1.615413308,-1.60527885,-1.593094945,-1.584986567,-1.576179385,-1.569750786,-1.569173336,-1.56390214,-1.565326929,-1.562639594,-1.555454612,-1.559241176,-1.558960319,-1.560880184,-1.561982512,-1.563982725,-1.564898252,-1.568127036,-1.571157336,-1.573462605,-1.576215267,-1.578855753,-1.580498338,-1.58374536,-1.585582137,-1.59006083,-1.590078712,-1.593951344,-1.596933246,-1.593000174,-1.598433018,-1.59966433,-1.603927493,-1.602957606,-1.605029702,-1.606127858,-1.606011629,-1.608946443,-1.609304547,-1.608131528,-1.61043191,-1.610714555,-1.611886382,-1.613104582,-1.611791968,-1.612235665,-1.613764882,-1.610944152,-1.611519456,-1.611087203,-1.61048162,-1.608591437,-1.611150265,-1.608350992,-1.604714274,-1.606314421,-1.604174852,-1.601738572,-1.601912022,-1.599844575,-1.600617647,-1.601956964,-1.603587985,-1.604159117,-1.604023933,-1.606735349,-1.60838449,-1.602666616,-1.601686954,-1.595031142,-1.595947623,-1.589473963,-1.581849456,-1.574721217,-1.565354466,-1.559365392,-1.553034306,-1.541525364,-1.543615699,-1.544316888,-1.537111282,-1.538384557,-1.536375046,-1.536564469,-1.541830063,-1.541799903,-1.545147657,-1.546551943,-1.547989607,-1.54934001,-1.55374825,-1.55640018,-1.559517026,-1.561164737,-1.56577158,-1.560389519,-1.567752361,-1.566949606,-1.57453537,-1.58346796,-1.584972858,-1.594656587,-1.597894311,-1.610947251,4.5
39,-1.792996883,-1.787189007,-1.776986599,-1.778364658,-1.779238343,-1.778342962,-1.774598241,-1.761309981,-1.770234466,-1.763531327,-1.762199283,-1.762512326,-1.753089905,-1.770566106,-1.760461092,-1.764982581,-1.768895149,-1.760201454,-1.770023227,-1.764668584,-1.772491097,-1.770718575,-1.774048448,-1.772168159,-1.774040461,-1.7712363,-1.771298528,-1.770159841,-1.771595716,-1.767446041,-1.765196323,-1.76775229,-1.760895491,-1.759359121,-1.753785491,-1.747069836,-1.737060905,-1.732213616,-1.735060334,-1.732301593,-1.731313586,-1.731824875,-1.729760528,-1.730943203,-1.72761476,-1.728457451,-1.730538487,-1.733360171,-1.733711123,-1.730857849,-1.734712839,-1.73393023,-1.734730124,-1.733493209,-1.737285495,-1.735541463,-1.731105804,-1.735360503,-1.728302002,-1.728816986,-1.724685431,-1.721292615,-1.7175982,-1.713878274,-1.709888458,-1.70569849,-1.704109073,-1.702479839,-1.697256446,-1.693373203,-1.685820818,-1.677303314,-1.668156147,-1.657991171,-1.652785182,-1.646934867,-1.647765398,-1.641293406,-1.641748428,-1.640484691,-1.638023496,-1.641189933,-1.641256928,-1.638448,-1.640335441,-1.645400763,-1.645861626,-1.649826646,-1.646697283,-1.652686715,-1.654970884,-1.655816913,-1.655601501,-1.658014417,-1.661077857,-1.664643764,-1.666405678,-1.668076396,-1.671018839,-1.667871594,-1.674242258,-1.67338264,-1.676009655,-1.675409555,-1.678370833,-1.679237247,-1.679584384,-1.681175709,-1.68242228,-1.681706429,-1.684838653,-1.681762695,-1.684932351,-1.68714118,-1.686166883,-1.685526371,-1.685274601,-1.683761716,-1.684055924,-1.68371737,-1.686510324,-1.684450269,-1.682527542,-1.681005001,-1.679681659,-1.678152084,-1.678280234,-1.67826426,-1.678228974,-1.676593423,-1.676522136,-1.676480651,-1.677956104,-1.679409623,-1.6825068,-1.679881811,-1.677916884,-1.678063393,-1.680764794,-1.672756433,-1.671273232,-1.667050481,-1.662134647,-1.657448411,-1.649045348,-1.640264034,-1.634629726,-1.629560232,-1.629092693,-1.629073858,-1.62889421,-1.627510071,-1.628291845,-1.629890919,-1.633656979,-1.631107092,-1.635588169,-1.637795568,-1.640069723,-1.642547131,-1.643129468,-1.644523621,-1.645023823,-1.646350145,-1.650904655,-1.652327657,-1.661153674,-1.662370801,-1.661482692,-1.66601181,-1.674578905,-1.677076578,-1.681279182,-1.689490676,5.3
40,-1.7145015,-1.71159482,-1.709181786,-1.69428575,-1.701922417,-1.693956137,-1.681973457,-1.665822148,-1.689143658,-1.684223413,-1.670373559,-1.687747359,-1.676041245,-1.67795527,-1.678565979,-1.681631088,-1.687349796,-1.677550077,-1.682420135,-1.687626839,-1.687739015,-1.688350916,-1.687979937,-1.688879609,-1.691840053,-1.690248728,-1.692199588,-1.687128901,-1.689607263,-1.682183385,-1.684155464,-1.683582902,-1.679997325,-1.677612901,-1.667156696,-1.658964157,-1.653773665,-1.647660851,-1.644885659,-1.645080328,-1.64283967,-1.643152475,-1.643187642,-1.641216159,-1.640885949,-1.641612887,-1.640475273,-1.644479752,-1.643101931,-1.645914555,-1.645664573,-1.644680142,-1.645969033,-1.647329092,-1.644074559,-1.64564085,-1.643827677,-1.643658519,-1.640680075,-1.632723093,-1.636316419,-1.631044745,-1.627227187,-1.62123251,-1.616380572,-1.613136053,-1.608452916,-1.606544018,-1.603569984,-1.597001195,-1.586279035,-1.576634526,-1.565701127,-1.553934813,-1.54771626,-1.539662719,-1.53940165,-1.535500646,-1.531983376,-1.532170177,-1.526050568,-1.529912114,-1.531322956,-1.527991772,-1.533311367,-1.534498334,-1.537330747,-1.541267514,-1.540786624,-1.543863535,-1.548423052,-1.549597144,-1.550868988,-1.55520618,-1.557389379,-1.558892608,-1.561979294,-1.563612223,-1.56802392,-1.564116836,-1.570756435,-1.570057154,-1.574071288,-1.575954437,-1.57713747,-1.577294827,-1.577846169,-1.579986453,-1.58021605,-1.582672954,-1.581989408,-1.584780097,-1.584653974,-1.584535956,-1.585690618,-1.583563566,-1.583673596,-1.584727168,-1.582577586,-1.581804156,-1.582985163,-1.579145432,-1.579906225,-1.579370379,-1.574880719,-1.577153563,-1.573286772,-1.572811961,-1.57412231,-1.57379365,-1.574460149,-1.571425796,-1.573767424,-1.572773814,-1.573054314,-1.571515083,-1.571153283,-1.569606781,-1.570296884,-1.567801356,-1.565879464,-1.557453036,-1.552909851,-1.542688131,-1.535293698,-1.523609757,-1.519345641,-1.518346786,-1.514889717,-1.513755322,-1.513237119,-1.511576533,-1.510277867,-1.510937333,-1.513973475,-1.5185709,-1.515639544,-1.518844128,-1.522898793,-1.525069714,-1.52534318,-1.526689887,-1.529224396,-1.527836204,-1.535085678,-1.538869143,-1.53585577,-1.547790289,-1.550047874,-1.553855658,-1.558946252,-1.566492796,-1.572297931,-1.580732703,5.3
41,-1.650649428,-1.679076433,-1.658543944,-1.659001589,-1.659703612,-1.648992777,-1.652896762,-1.650291681,-1.635678411,-1.63079834,-1.638631344,-1.634373784,-1.632250428,-1.635191441,-1.635155559,-1.641390443,-1.635218859,-1.637442827,-1.644587994,-1.638463616,-1.645085335,-1.648526073,-1.648284078,-1.644753695,-1.646763206,-1.645892739,-1.644204855,-1.645457745,-1.642858505,-1.641570449,-1.637059689,-1.638833761,-1.631818771,-1.627756119,-1.619699597,-1.611250997,-1.601841092,-1.599923611,-1.594604731,-1.590069175,-1.593744993,-1.592349648,-1.590752363,-1.592459559,-1.589343548,-1.590562105,-1.590830922,-1.593384266,-1.592128515,-1.590384126,-1.593733072,-1.591694832,-1.593894124,-1.596037626,-1.595513821,-1.594077945,-1.59360075,-1.591805935,-1.587288857,-1.582337618,-1.57926476,-1.575463533,-1.571051717,-1.566681981,-1.561236143,-1.557881713,-1.555050015,-1.554457188,-1.547626734,-1.539919138,-1.534789562,-1.521424651,-1.510088205,-1.499366999,-1.493592501,-1.481726646,-1.479970813,-1.477450371,-1.474861264,-1.471644163,-1.479536295,-1.475670695,-1.471236229,-1.471081376,-1.472966194,-1.475186467,-1.479158044,-1.48149538,-1.483412027,-1.485167623,-1.48952055,-1.491136432,-1.489015222,-1.497490048,-1.498388529,-1.504033089,-1.506159067,-1.507379651,-1.511404872,-1.507539988,-1.511269093,-1.513291597,-1.515123487,-1.518090367,-1.5175457,-1.520998359,-1.520539641,-1.521061659,-1.523280025,-1.523895502,-1.524696589,-1.526299834,-1.526385546,-1.52841723,-1.525649548,-1.527804732,-1.52649796,-1.527181149,-1.52723968,-1.526103258,-1.526391864,-1.523841619,-1.522669196,-1.523052216,-1.519652963,-1.51700449,-1.519203067,-1.514883041,-1.516165614,-1.514864087,-1.515444756,-1.513366818,-1.518474936,-1.520633221,-1.51655972,-1.520424724,-1.520609021,-1.516754746,-1.517175555,-1.514019489,-1.506252885,-1.502617836,-1.495503426,-1.485156178,-1.474765778,-1.463991046,-1.454508662,-1.45024085,-1.4479568,-1.44828248,-1.445189834,-1.443532467,-1.447315574,-1.443713903,-1.448281288,-1.448654652,-1.45211637,-1.45621109,-1.459238768,-1.45914197,-1.463591695,-1.463264942,-1.468835354,-1.46846652,-1.47520709,-1.481786013,-1.474092126,-1.481446266,-1.490747571,-1.495052695,-1.501695275,-1.506554842,-1.519850969,-1.527374864,5.3
42,-1.656402707,-1.655260801,-1.649139404,-1.639956236,-1.639539123,-1.64744997,-1.641749978,-1.632509828,-1.634931922,-1.61892426,-1.622260451,-1.620989084,-1.617794871,-1.626461387,-1.626098156,-1.628067732,-1.625159621,-1.62221396,-1.635179043,-1.627412677,-1.632025003,-1.633039832,-1.632229686,-1.633040071,-1.636393547,-1.632243037,-1.62848711,-1.633323431,-1.628367901,-1.6259377,-1.62404108,-1.622455239,-1.616816521,-1.61648798,-1.606230855,-1.597844601,-1.588828087,-1.581795692,-1.580684781,-1.577983856,-1.57616353,-1.578811169,-1.576086164,-1.574267745,-1.575526595,-1.574565649,-1.577754378,-1.57682395,-1.58178699,-1.582262158,-1.582259893,-1.581194997,-1.581774831,-1.582508683,-1.578977346,-1.581522584,-1.576322436,-1.579573393,-1.575648427,-1.572712541,-1.569988132,-1.565576673,-1.560297012,-1.552851915,-1.54989326,-1.545621276,-1.540771008,-1.539217234,-1.535954118,-1.527613521,-1.520902634,-1.505506754,-1.493676782,-1.488747358,-1.475887537,-1.470416069,-1.469169736,-1.462933302,-1.462451339,-1.460183024,-1.466540694,-1.459621429,-1.459929824,-1.459360719,-1.461319804,-1.464405656,-1.466024995,-1.468566537,-1.471455216,-1.475669503,-1.475192785,-1.480385303,-1.478722453,-1.485080481,-1.487223268,-1.490705729,-1.492479324,-1.494550109,-1.496958137,-1.494387865,-1.502247334,-1.502215385,-1.504550338,-1.504516363,-1.507568955,-1.508322954,-1.510120988,-1.510529876,-1.509826064,-1.511947393,-1.515545011,-1.512343884,-1.514898419,-1.513462067,-1.515345573,-1.515009165,-1.515112162,-1.513458729,-1.511751056,-1.510917425,-1.511557579,-1.510619402,-1.510600686,-1.510314465,-1.50829792,-1.507911205,-1.507579803,-1.504339457,-1.505876422,-1.503160119,-1.505196095,-1.502762675,-1.505859733,-1.50552702,-1.505554676,-1.507241845,-1.504245639,-1.504809499,-1.505569458,-1.498147488,-1.497662544,-1.491109252,-1.485464931,-1.470573425,-1.463211536,-1.455100656,-1.444745183,-1.440566421,-1.439350367,-1.436792254,-1.433432341,-1.431753159,-1.435036898,-1.434929967,-1.435538769,-1.435240746,-1.439306736,-1.442911863,-1.44600594,-1.448354125,-1.449818969,-1.453141689,-1.45912385,-1.454427242,-1.458178401,-1.466693401,-1.462547183,-1.477332354,-1.478707194,-1.483577251,-1.49083662,-1.491512179,-1.505657077,-1.517923355,5.6
43,-1.831952691,-1.840202451,-1.842512488,-1.842196822,-1.832604527,-1.831780672,-1.831894159,-1.829019666,-1.823441386,-1.826367974,-1.819433331,-1.823129416,-1.821442604,-1.826457977,-1.820594549,-1.824852109,-1.824501753,-1.832077265,-1.830094814,-1.833334446,-1.834005594,-1.835312247,-1.835668206,-1.835446835,-1.836415887,-1.833305001,-1.833667159,-1.834681273,-1.831217051,-1.829726458,-1.833443999,-1.825941443,-1.825130343,-1.823507667,-1.816952586,-1.811040044,-1.804395795,-1.798036695,-1.799633622,-1.794325471,-1.794364452,-1.796818018,-1.793955207,-1.792970538,-1.79295826,-1.794892788,-1.795806527,-1.793888092,-1.796759009,-1.795871615,-1.799391627,-1.798144698,-1.800393581,-1.79940021,-1.800508857,-1.800443411,-1.79735291,-1.797008991,-1.793296218,-1.792630553,-1.790741086,-1.788956165,-1.785421848,-1.780047894,-1.778000832,-1.773487329,-1.771413922,-1.769622207,-1.765744567,-1.761089921,-1.755693316,-1.747712731,-1.738699913,-1.729185104,-1.723406911,-1.718761325,-1.718837142,-1.71308136,-1.713858366,-1.713013649,-1.712389946,-1.712243557,-1.713117242,-1.712440133,-1.714638472,-1.716262579,-1.718077779,-1.719486475,-1.721900225,-1.72536099,-1.727878928,-1.728531837,-1.730208755,-1.733265638,-1.737064004,-1.737926722,-1.738185883,-1.739793301,-1.743014932,-1.741205454,-1.74517405,-1.746154904,-1.751423597,-1.748662829,-1.751421452,-1.751474738,-1.750948191,-1.752161384,-1.754328012,-1.752192616,-1.754318357,-1.755539775,-1.75763762,-1.756780028,-1.757493377,-1.755512118,-1.756582856,-1.758344293,-1.756234765,-1.756579161,-1.755139589,-1.754309058,-1.754568577,-1.752269149,-1.750673652,-1.751094341,-1.751581907,-1.749567747,-1.751107693,-1.74828434,-1.748583913,-1.749386072,-1.751007676,-1.75058639,-1.749795675,-1.74911797,-1.751363754,-1.749099731,-1.746810794,-1.746186972,-1.743846297,-1.736773133,-1.73105073,-1.725058436,-1.71961081,-1.712432384,-1.709561944,-1.70453608,-1.702043533,-1.70208025,-1.701715708,-1.702706695,-1.701024771,-1.703650713,-1.707347631,-1.705176353,-1.708208561,-1.708793879,-1.710458279,-1.711324334,-1.714862347,-1.717181563,-1.718714237,-1.720710635,-1.723055482,-1.726976156,-1.727927804,-1.729121447,-1.736670017,-1.740166783,-1.745853424,-1.748049736,-1.754185438,-1.759068012,5.2
44,-1.859925389,-1.853374004,-1.855694175,-1.859683752,-1.854881763,-1.852558494,-1.841050625,-1.834163427,-1.845388174,-1.83557713,-1.843450069,-1.842577338,-1.838550091,-1.840823889,-1.840666294,-1.847336173,-1.850528121,-1.847090602,-1.848154426,-1.8504498,-1.855901361,-1.853813529,-1.853868961,-1.858736992,-1.858138561,-1.85717845,-1.855312705,-1.854616284,-1.853558302,-1.850418448,-1.852336407,-1.850845695,-1.846918464,-1.845164299,-1.839099765,-1.832674742,-1.825401306,-1.821709394,-1.820858121,-1.818585515,-1.817374229,-1.816221833,-1.818983793,-1.817834854,-1.816974044,-1.817955971,-1.81803453,-1.818285108,-1.821758747,-1.820853472,-1.821627498,-1.821739078,-1.82259059,-1.823048592,-1.822915673,-1.822268963,-1.821340322,-1.819858909,-1.818105817,-1.817487955,-1.813797235,-1.811056376,-1.808408976,-1.804510355,-1.800770044,-1.796582818,-1.794753075,-1.794066429,-1.789177418,-1.785421252,-1.779659748,-1.770162106,-1.760758281,-1.750071406,-1.74463594,-1.741364598,-1.737761974,-1.735806108,-1.73269105,-1.731988668,-1.731660724,-1.732625484,-1.732900739,-1.733550906,-1.735803246,-1.736347914,-1.738780499,-1.740299582,-1.742698073,-1.745416045,-1.747621655,-1.749996424,-1.75150764,-1.753510118,-1.755221963,-1.75655663,-1.75951159,-1.760831356,-1.764632106,-1.763875723,-1.767876506,-1.767434478,-1.770952582,-1.771122336,-1.771426439,-1.772505283,-1.771828413,-1.774604321,-1.774184704,-1.775513411,-1.774058938,-1.776730657,-1.775516987,-1.775741577,-1.77572298,-1.775908828,-1.775481939,-1.774362922,-1.773275018,-1.774379492,-1.775310159,-1.775431752,-1.773655772,-1.771885991,-1.77023387,-1.770219922,-1.770299792,-1.769605756,-1.768002033,-1.765976429,-1.767521024,-1.767688632,-1.769180059,-1.770189047,-1.768314481,-1.767617345,-1.769727468,-1.770012975,-1.767934799,-1.764672995,-1.760374546,-1.756254315,-1.750521779,-1.743056417,-1.732459664,-1.725630164,-1.721295118,-1.716310263,-1.714425802,-1.711749554,-1.711975694,-1.715436935,-1.714386225,-1.713965774,-1.715067387,-1.716444612,-1.718306184,-1.722521544,-1.7234658,-1.727548361,-1.731071591,-1.731286645,-1.732370973,-1.734230042,-1.736329436,-1.737018228,-1.739364266,-1.745604396,-1.751824498,-1.751320362,-1.755768776,-1.758699656,-1.761237264,-1.768123269,5.5
45,-1.797112942,-1.786100626,-1.780908465,-1.781989694,-1.782756686,-1.776557684,-1.787334681,-1.771068573,-1.767814994,-1.767573476,-1.772224903,-1.767980814,-1.769521236,-1.772365451,-1.770944595,-1.775773168,-1.774426818,-1.776572943,-1.77911067,-1.780920625,-1.784808278,-1.783042789,-1.783003211,-1.786129355,-1.78712666,-1.787102222,-1.785116434,-1.783616066,-1.785461187,-1.781811118,-1.779806256,-1.781666875,-1.777281761,-1.772403121,-1.772423267,-1.761657953,-1.75387001,-1.750818491,-1.748832226,-1.749419928,-1.747261882,-1.746619225,-1.745877504,-1.745285511,-1.745941162,-1.746033669,-1.747078657,-1.748264551,-1.749031901,-1.746492982,-1.749783278,-1.751265287,-1.750794053,-1.752444983,-1.753322124,-1.754359722,-1.750672221,-1.750313759,-1.747787833,-1.745353699,-1.741152406,-1.738056183,-1.734863877,-1.730702877,-1.727223873,-1.724630952,-1.721639633,-1.719835401,-1.715315461,-1.71099472,-1.705443859,-1.697309494,-1.690890908,-1.682797194,-1.678173304,-1.67473948,-1.673683882,-1.670480251,-1.670184731,-1.669635296,-1.668037295,-1.670183897,-1.669607639,-1.670401096,-1.672054052,-1.672277331,-1.672509313,-1.674983025,-1.674476385,-1.67874217,-1.68170464,-1.684130788,-1.68610847,-1.688415289,-1.688033342,-1.690183401,-1.692745447,-1.693753362,-1.696837306,-1.695098281,-1.699191928,-1.699982643,-1.702152133,-1.701354504,-1.703486681,-1.705201507,-1.704690814,-1.705900192,-1.706430554,-1.707550287,-1.709160447,-1.708955765,-1.709747076,-1.70974803,-1.709700346,-1.708567262,-1.710328817,-1.711784124,-1.707519412,-1.708526373,-1.710385323,-1.709262848,-1.70680213,-1.706632137,-1.707194328,-1.706542253,-1.703953862,-1.70332253,-1.705656052,-1.702699184,-1.704225779,-1.703760386,-1.703605056,-1.702600241,-1.704500079,-1.704685807,-1.70600915,-1.704338431,-1.703785181,-1.701664209,-1.699186206,-1.69474721,-1.692559123,-1.685811043,-1.679447174,-1.673771024,-1.671461344,-1.67164278,-1.671984911,-1.669168234,-1.668236256,-1.67030859,-1.669000268,-1.669401288,-1.671515942,-1.670923233,-1.672628164,-1.672362328,-1.674385667,-1.67550087,-1.675689459,-1.679168224,-1.682086349,-1.681536674,-1.684436798,-1.687012911,-1.68518579,-1.687609911,-1.692470789,-1.69296515,-1.698319435,-1.698456883,-1.704987288,-1.708704233,4.9
46,-1.80023551,-1.805671096,-1.78736186,-1.798454165,-1.793362021,-1.785486817,-1.791605353,-1.788967371,-1.778432012,-1.783210278,-1.780736804,-1.774665475,-1.777752161,-1.785863161,-1.777525425,-1.783700705,-1.790313244,-1.785941124,-1.792989731,-1.789309382,-1.790600181,-1.79681325,-1.797587752,-1.794804692,-1.799127579,-1.794813752,-1.79183352,-1.793831348,-1.792966247,-1.793896198,-1.789427638,-1.789257288,-1.786225319,-1.784641027,-1.779214263,-1.771010637,-1.765372038,-1.759641409,-1.760377765,-1.756531,-1.758391261,-1.757835507,-1.757148147,-1.756989717,-1.757612228,-1.75874579,-1.76025629,-1.760005355,-1.759892702,-1.762233019,-1.762867093,-1.762973666,-1.763078213,-1.765237093,-1.767485738,-1.765448928,-1.763303161,-1.763171911,-1.759054899,-1.758086562,-1.756334543,-1.751771688,-1.748354316,-1.745084167,-1.741878152,-1.73987329,-1.737525105,-1.734369397,-1.732184649,-1.726365447,-1.720783114,-1.712921858,-1.705852985,-1.700822949,-1.694206715,-1.692839742,-1.68986392,-1.687272072,-1.686012387,-1.684938908,-1.683984399,-1.686912656,-1.686402917,-1.685737491,-1.686766148,-1.689045548,-1.687862396,-1.690475106,-1.692113042,-1.694676399,-1.697387934,-1.698942304,-1.700403571,-1.70247364,-1.704806089,-1.705364585,-1.706655979,-1.708550215,-1.710027814,-1.708493471,-1.711314559,-1.712307692,-1.714571238,-1.716596961,-1.718055487,-1.717914701,-1.718177319,-1.719290137,-1.720335126,-1.721104503,-1.721905231,-1.720876694,-1.722320318,-1.722570419,-1.723950386,-1.723169684,-1.724383235,-1.726883531,-1.724089861,-1.724203467,-1.722431302,-1.721082449,-1.721694112,-1.719841003,-1.719592929,-1.71961236,-1.719478846,-1.717589259,-1.718994379,-1.719942451,-1.719347239,-1.717758775,-1.718038321,-1.717361093,-1.721306801,-1.718999863,-1.719762683,-1.718589067,-1.719887733,-1.716799378,-1.716423631,-1.711410999,-1.705446124,-1.700082421,-1.691875577,-1.687952638,-1.68392241,-1.683582783,-1.684731722,-1.681824327,-1.684806108,-1.681889772,-1.682753444,-1.683201313,-1.686609387,-1.683743834,-1.687482953,-1.686468244,-1.686900973,-1.688671589,-1.691030145,-1.69248414,-1.695451617,-1.69494915,-1.697330236,-1.699641466,-1.700583577,-1.700691462,-1.703800917,-1.70983839,-1.709790945,-1.713356256,-1.720887542,-1.72136867,4.3
47,-1.843718767,-1.845588088,-1.836225986,-1.833586097,-1.832260609,-1.835874915,-1.834722519,-1.823091149,-1.831852198,-1.828756094,-1.825438499,-1.833855867,-1.830393076,-1.829104543,-1.834771872,-1.833672166,-1.833190799,-1.836841583,-1.840171933,-1.837302804,-1.841181874,-1.843189001,-1.842306733,-1.845380068,-1.842801094,-1.846612811,-1.842379689,-1.843170285,-1.842790365,-1.840639472,-1.838626742,-1.839275479,-1.838277817,-1.837203145,-1.831030369,-1.823569059,-1.820278525,-1.817954302,-1.814135909,-1.814147949,-1.81247592,-1.814270854,-1.812244058,-1.813672543,-1.813735604,-1.8130759,-1.814988494,-1.814735651,-1.816659451,-1.817252755,-1.817868114,-1.8183918,-1.81927073,-1.81919086,-1.819248676,-1.820894599,-1.818294287,-1.818843126,-1.814729214,-1.816421628,-1.810852885,-1.81026268,-1.806948304,-1.803519011,-1.797750235,-1.797685146,-1.796865582,-1.795156002,-1.792469025,-1.786702991,-1.781654596,-1.773698688,-1.765731931,-1.759104133,-1.753378749,-1.750435352,-1.748806119,-1.747959614,-1.745990634,-1.744237304,-1.744854331,-1.746588826,-1.74600327,-1.746014595,-1.746484399,-1.748695374,-1.750329971,-1.752514958,-1.753290057,-1.756296635,-1.759436488,-1.761220574,-1.761471152,-1.76251018,-1.764461756,-1.766457915,-1.76777792,-1.769865632,-1.773190498,-1.77107954,-1.774014354,-1.773560882,-1.77651,-1.77666533,-1.777255297,-1.778950453,-1.778591752,-1.781197429,-1.780374885,-1.780632615,-1.784074426,-1.784820437,-1.784150839,-1.784995794,-1.78263545,-1.784152031,-1.784126997,-1.782838583,-1.78231287,-1.783249855,-1.783728242,-1.782825947,-1.781003475,-1.781521678,-1.779760718,-1.779193521,-1.78014338,-1.777496576,-1.777357101,-1.778294921,-1.777696848,-1.776807427,-1.777918935,-1.778471351,-1.778524518,-1.779570341,-1.778734803,-1.779830456,-1.779861212,-1.777072191,-1.775762916,-1.772017956,-1.765815496,-1.760694981,-1.755322218,-1.749290109,-1.746775508,-1.745080471,-1.743287325,-1.742556334,-1.741608858,-1.744751692,-1.7445333,-1.74452579,-1.744757295,-1.744932175,-1.747749448,-1.749137282,-1.748644948,-1.751289248,-1.751692176,-1.753655314,-1.752181768,-1.757779241,-1.757499814,-1.761753321,-1.759417772,-1.765074134,-1.767341852,-1.769539714,-1.771078706,-1.772740126,-1.778383851,-1.782307863,4.3
48,-1.812230229,-1.800632477,-1.809835315,-1.802193284,-1.796468973,-1.802402377,-1.794918895,-1.785839796,-1.789737701,-1.79152441,-1.786205173,-1.790996671,-1.788910985,-1.793896556,-1.788016438,-1.792701364,-1.794548631,-1.794497728,-1.798154235,-1.797262073,-1.800185204,-1.800065517,-1.80342412,-1.803631186,-1.804124236,-1.802360773,-1.805743933,-1.799952865,-1.800727606,-1.798029423,-1.797564983,-1.79943645,-1.796546578,-1.791818023,-1.787808418,-1.780411005,-1.773790359,-1.770750284,-1.767590761,-1.766902924,-1.765269756,-1.76600647,-1.765563726,-1.766384244,-1.766791821,-1.765093327,-1.767683744,-1.767142057,-1.767507315,-1.768990993,-1.769737124,-1.769747138,-1.770904899,-1.772267342,-1.770726323,-1.771608353,-1.769366264,-1.769931793,-1.76478529,-1.766069412,-1.76167798,-1.757697701,-1.755414844,-1.75084281,-1.748282313,-1.743901849,-1.740732431,-1.738345981,-1.736403584,-1.730855703,-1.726269007,-1.716004968,-1.707977891,-1.697813392,-1.694633126,-1.689543128,-1.688075662,-1.684525371,-1.68217957,-1.682460427,-1.683465123,-1.682913661,-1.682520986,-1.680384398,-1.684488893,-1.687995911,-1.689211726,-1.69090724,-1.69452548,-1.694840908,-1.697114706,-1.699695945,-1.699697614,-1.703306437,-1.704841614,-1.709553003,-1.710214257,-1.711061954,-1.713986635,-1.711071134,-1.71615541,-1.717366457,-1.719565153,-1.719537497,-1.72163415,-1.721265554,-1.722339988,-1.724703908,-1.725964785,-1.724715114,-1.727103591,-1.724202752,-1.726793885,-1.727810025,-1.728895783,-1.72901082,-1.727147102,-1.728278995,-1.727675557,-1.726762533,-1.726059079,-1.72244966,-1.723997951,-1.723938346,-1.72143805,-1.721314549,-1.721150041,-1.719227672,-1.719747066,-1.719419837,-1.718610883,-1.715503693,-1.719659567,-1.7193712,-1.720879793,-1.720876813,-1.720342398,-1.720495105,-1.720002055,-1.717214346,-1.71219027,-1.707183003,-1.701608777,-1.693870306,-1.687025189,-1.680855632,-1.673468351,-1.671414495,-1.670605063,-1.672267318,-1.668271661,-1.670024037,-1.66994369,-1.67103219,-1.672123432,-1.671594381,-1.673983097,-1.674913883,-1.678009987,-1.678127885,-1.681485653,-1.685052633,-1.686325431,-1.687191367,-1.690266371,-1.690887332,-1.695370317,-1.697183847,-1.699182391,-1.703377843,-1.70934844,-1.713061571,-1.715668559,-1.723356009,4.7
49,-1.804018617,-1.817039847,-1.802215099,-1.803032875,-1.792088747,-1.794963121,-1.786540031,-1.789404035,-1.789759636,-1.78842783,-1.785174489,-1.781454086,-1.784774899,-1.787054062,-1.780876398,-1.778457403,-1.78972578,-1.793998003,-1.79709959,-1.79508543,-1.797824383,-1.796661019,-1.800097585,-1.797986627,-1.798877239,-1.797059655,-1.802431107,-1.800321579,-1.800084829,-1.796795964,-1.795874715,-1.792016625,-1.79202795,-1.787871122,-1.783968449,-1.777237296,-1.769852042,-1.765123844,-1.764573574,-1.7643224,-1.760238528,-1.761209011,-1.759406447,-1.760288358,-1.761872053,-1.760594249,-1.761835098,-1.760407329,-1.765117049,-1.763544798,-1.766507268,-1.766500115,-1.767773747,-1.765713573,-1.768453598,-1.765395761,-1.766479969,-1.764799118,-1.761499524,-1.759610772,-1.756232142,-1.754052401,-1.750338912,-1.746283531,-1.744799137,-1.739474773,-1.737189174,-1.735862613,-1.734330416,-1.728018403,-1.723759532,-1.713498831,-1.706344128,-1.698719025,-1.692161918,-1.689114928,-1.687601328,-1.683878303,-1.684939742,-1.684751868,-1.682008982,-1.682798743,-1.683411241,-1.682663798,-1.683861971,-1.686466932,-1.68813014,-1.689906597,-1.690806627,-1.692667603,-1.696668625,-1.696360707,-1.698774219,-1.701768398,-1.702830672,-1.706434608,-1.707895279,-1.708566427,-1.7116431,-1.709780335,-1.713168621,-1.71419239,-1.716090441,-1.715179682,-1.716964245,-1.717890859,-1.719656348,-1.720918894,-1.721868992,-1.721292615,-1.721991897,-1.721706033,-1.725082636,-1.723951459,-1.723829389,-1.723672152,-1.72448802,-1.724274635,-1.722622633,-1.723852754,-1.723039865,-1.720324039,-1.722290397,-1.722639203,-1.719304442,-1.71868968,-1.717792749,-1.716737032,-1.718761086,-1.715328455,-1.716836452,-1.716877699,-1.717712402,-1.716308475,-1.718286991,-1.718852401,-1.719889045,-1.716038823,-1.717275739,-1.713443875,-1.711789131,-1.709412456,-1.70526135,-1.698075891,-1.690990448,-1.684078693,-1.682237864,-1.674621224,-1.677554607,-1.673275471,-1.674656391,-1.67701149,-1.67575264,-1.677259803,-1.675426126,-1.679212809,-1.679580092,-1.682969093,-1.680310726,-1.683985114,-1.6851964,-1.68856144,-1.688897133,-1.690834045,-1.692948937,-1.697090268,-1.697716117,-1.698844433,-1.7024405,-1.706532001,-1.709563136,-1.705774784,-1.717902184,-1.717167854,5.9
50,-1.802821517,-1.792541265,-1.792138338,-1.789700747,-1.782340527,-1.786008716,-1.779784918,-1.779011488,-1.769585609,-1.77472353,-1.771561861,-1.770027399,-1.775726199,-1.774739623,-1.780190945,-1.782957554,-1.780305505,-1.776928186,-1.781519413,-1.789216757,-1.788145781,-1.788007259,-1.790333033,-1.788335323,-1.789482474,-1.791870832,-1.790257692,-1.788773298,-1.790282965,-1.7866292,-1.786558628,-1.785054326,-1.785824537,-1.77933991,-1.775362372,-1.76907897,-1.760733008,-1.757244468,-1.751921535,-1.754180193,-1.753107429,-1.752737164,-1.752578259,-1.754598975,-1.751353502,-1.755218267,-1.75480175,-1.756427765,-1.756171584,-1.759949207,-1.758741379,-1.757826567,-1.760182261,-1.761056662,-1.759677172,-1.760162711,-1.757932305,-1.756809235,-1.75246954,-1.753113031,-1.75226295,-1.748958468,-1.744200706,-1.740705252,-1.736183167,-1.73329258,-1.730428696,-1.727436662,-1.725414038,-1.719922543,-1.715309501,-1.706059217,-1.69849205,-1.690562248,-1.684405684,-1.679523468,-1.679292083,-1.67729342,-1.678440332,-1.679677248,-1.676200032,-1.680387497,-1.677616477,-1.677656174,-1.678877711,-1.68289721,-1.683684349,-1.685402989,-1.685608745,-1.686748624,-1.689111471,-1.692404985,-1.693580985,-1.695794582,-1.700313449,-1.700302601,-1.701351166,-1.705002785,-1.707768679,-1.705740809,-1.707079887,-1.708562374,-1.71128428,-1.711886287,-1.712178111,-1.712228179,-1.714260459,-1.716118932,-1.717657924,-1.717767596,-1.719380379,-1.718510032,-1.721341848,-1.71953392,-1.72020483,-1.722816229,-1.720739603,-1.721901774,-1.722089291,-1.721819043,-1.721024752,-1.719852448,-1.719118834,-1.717169404,-1.715816379,-1.714947701,-1.715352535,-1.715072513,-1.714770436,-1.714544058,-1.715284467,-1.715338349,-1.714063287,-1.715483427,-1.715486169,-1.716057181,-1.719006896,-1.715098143,-1.716581941,-1.71339047,-1.710735083,-1.705808163,-1.700540781,-1.695015669,-1.689404845,-1.68690455,-1.684666276,-1.680310249,-1.68110466,-1.680670738,-1.681543589,-1.682684183,-1.681964517,-1.682969809,-1.684760809,-1.684590697,-1.683484674,-1.685839534,-1.684474826,-1.685624123,-1.685773015,-1.690115213,-1.690010667,-1.693141937,-1.69421804,-1.696705818,-1.69662106,-1.701372147,-1.703473449,-1.706655622,-1.707000256,-1.708778262,-1.714667797,-1.721666217,5.2
51,-1.756703854,-1.768276453,-1.764734149,-1.768778563,-1.758164525,-1.765999436,-1.755650997,-1.754199862,-1.747112989,-1.751341701,-1.74298048,-1.760721087,-1.744872451,-1.756846309,-1.751024127,-1.752600789,-1.754179239,-1.754143596,-1.762908697,-1.758521795,-1.768684983,-1.764874697,-1.766082525,-1.767203569,-1.764737129,-1.766674161,-1.76665473,-1.7648561,-1.765385747,-1.764646888,-1.760379434,-1.760352373,-1.758344889,-1.757180452,-1.748702407,-1.741221189,-1.7371521,-1.731695414,-1.729540229,-1.729938745,-1.729890466,-1.730320811,-1.730814219,-1.729845405,-1.728360534,-1.730009913,-1.731276751,-1.730843544,-1.733302474,-1.732918382,-1.732834458,-1.733636379,-1.735176325,-1.734783292,-1.73509562,-1.734611154,-1.733757377,-1.733425617,-1.729991555,-1.727467299,-1.724462986,-1.72178185,-1.719329,-1.716700435,-1.712274432,-1.710590363,-1.706894636,-1.709039807,-1.702305198,-1.698449373,-1.693311453,-1.686840296,-1.682010531,-1.675661325,-1.67137444,-1.667432666,-1.666870236,-1.666582704,-1.665430546,-1.662776709,-1.66395843,-1.6629076,-1.66461432,-1.663775325,-1.667309642,-1.666009545,-1.667834759,-1.667917967,-1.669868827,-1.673086047,-1.675129533,-1.67537415,-1.675750852,-1.678883314,-1.679458618,-1.682971597,-1.68155849,-1.683805585,-1.687735915,-1.684206963,-1.688089967,-1.689002872,-1.692031384,-1.692504048,-1.694155812,-1.693361044,-1.694565773,-1.692719698,-1.694078684,-1.695735097,-1.697318673,-1.695421815,-1.696772814,-1.698597074,-1.697094679,-1.698766708,-1.698523402,-1.698361874,-1.69566381,-1.696952701,-1.694746852,-1.695394754,-1.696217179,-1.694836378,-1.692955256,-1.693201303,-1.692282557,-1.692246199,-1.692371249,-1.692732811,-1.692612052,-1.691811681,-1.693786621,-1.693254232,-1.695067048,-1.694223762,-1.694509864,-1.694690347,-1.691351771,-1.689507723,-1.686825752,-1.686818242,-1.682158232,-1.678860068,-1.674979448,-1.671189189,-1.665270805,-1.663666368,-1.665702462,-1.663272858,-1.664092422,-1.662704706,-1.663850904,-1.661954761,-1.663204432,-1.663870573,-1.665523171,-1.66542232,-1.667273521,-1.668904066,-1.670083523,-1.669778109,-1.673352242,-1.673171997,-1.679329991,-1.680783153,-1.680784225,-1.682385683,-1.68476522,-1.68702805,-1.6876086,-1.693138838,-1.694273233,-1.698363781,4.6
52,-1.85639751,-1.857348204,-1.851213574,-1.84979701,-1.853708506,-1.846040726,-1.854852796,-1.838156819,-1.845484257,-1.840682864,-1.844754696,-1.838723183,-1.844770312,-1.844118118,-1.843776107,-1.840436935,-1.846378803,-1.847144127,-1.84876895,-1.853972793,-1.850728631,-1.852630377,-1.850775003,-1.855042577,-1.85275507,-1.855825901,-1.856342912,-1.853844047,-1.852907062,-1.852261066,-1.850652933,-1.849909782,-1.849768758,-1.845275283,-1.841957331,-1.834086537,-1.826732755,-1.825448513,-1.823617935,-1.823504806,-1.822683811,-1.821540117,-1.821348429,-1.823114991,-1.819415331,-1.82165277,-1.822298408,-1.822712064,-1.825548649,-1.826010466,-1.824914098,-1.826137185,-1.824623466,-1.825516343,-1.826746941,-1.827242494,-1.824508309,-1.822921038,-1.823353529,-1.819489479,-1.817513466,-1.814467549,-1.811198592,-1.808226228,-1.804338098,-1.802310586,-1.798899293,-1.799084783,-1.794770598,-1.791681886,-1.785655499,-1.776097655,-1.770930529,-1.762509704,-1.757989883,-1.753991365,-1.75212574,-1.747963309,-1.74949491,-1.747485995,-1.747707129,-1.746728539,-1.748258948,-1.748306751,-1.74999845,-1.749860168,-1.750950694,-1.753974438,-1.755883574,-1.758701563,-1.761438847,-1.763571143,-1.764471769,-1.765209913,-1.76803565,-1.770358324,-1.771524906,-1.774163842,-1.775028825,-1.775257468,-1.776552916,-1.77726531,-1.780210853,-1.781342506,-1.781840324,-1.781884789,-1.782324553,-1.784812808,-1.786445856,-1.787285805,-1.7882725,-1.787709355,-1.789660692,-1.791485786,-1.788370371,-1.78799212,-1.788479567,-1.788441539,-1.788007617,-1.788377881,-1.789159656,-1.787896395,-1.787840605,-1.785041213,-1.784146428,-1.785022736,-1.78497684,-1.782970786,-1.783399463,-1.782336712,-1.780950665,-1.781516194,-1.782772541,-1.782758117,-1.782927155,-1.782813549,-1.783447146,-1.783235908,-1.783245206,-1.780611157,-1.775942206,-1.77438271,-1.767673731,-1.763229847,-1.755703092,-1.752248526,-1.746031642,-1.743105054,-1.745364547,-1.742389321,-1.74002099,-1.740238905,-1.74035573,-1.740026116,-1.742261887,-1.740924597,-1.742765069,-1.747856617,-1.745850563,-1.750306964,-1.750903726,-1.753938675,-1.752962828,-1.756685853,-1.757965565,-1.75798893,-1.756648898,-1.758051872,-1.765557528,-1.770749092,-1.773342252,-1.772654891,-1.775562763,-1.785466075,5.2
53,-1.843219638,-1.848781228,-1.841093898,-1.842202425,-1.847929001,-1.846105337,-1.843217611,-1.837404609,-1.835112214,-1.831768513,-1.83161974,-1.830216169,-1.829527259,-1.832432032,-1.838231325,-1.836543918,-1.834352136,-1.838947654,-1.84104526,-1.837538481,-1.840617537,-1.84375453,-1.843301058,-1.845529914,-1.846489787,-1.845023394,-1.844257951,-1.84427464,-1.846933603,-1.84333396,-1.841669679,-1.839690566,-1.837330341,-1.834217668,-1.829517245,-1.82121408,-1.815200448,-1.810474873,-1.81333065,-1.808885217,-1.809962273,-1.808109999,-1.807009578,-1.80948174,-1.80845511,-1.81053412,-1.811300159,-1.810727715,-1.812672496,-1.812420249,-1.813632131,-1.81257844,-1.816002607,-1.813770056,-1.816169381,-1.815986037,-1.813105464,-1.811925292,-1.809618115,-1.80950284,-1.807853341,-1.803824067,-1.800044298,-1.794845581,-1.793863773,-1.788588524,-1.786995769,-1.785187602,-1.783355832,-1.778120756,-1.77260983,-1.764379501,-1.757330298,-1.75094974,-1.744287968,-1.739864826,-1.737710834,-1.73611486,-1.736272693,-1.734792352,-1.734723568,-1.734849691,-1.73515594,-1.734876752,-1.737033367,-1.740338802,-1.736720204,-1.741408229,-1.742288709,-1.745374799,-1.748073339,-1.750329256,-1.751337528,-1.752203703,-1.756200194,-1.756897807,-1.759015441,-1.759461641,-1.761946917,-1.762709737,-1.76471591,-1.765966177,-1.766917467,-1.767403364,-1.767830133,-1.76764369,-1.769447565,-1.771965861,-1.771837711,-1.771505356,-1.772621036,-1.772842646,-1.774580836,-1.775093079,-1.774133682,-1.774222493,-1.775434852,-1.776185393,-1.774106622,-1.774999976,-1.773788571,-1.773629069,-1.773626924,-1.771764994,-1.770161748,-1.770533562,-1.769492745,-1.77023828,-1.769783258,-1.769274831,-1.769003153,-1.767594934,-1.769825816,-1.769190907,-1.772601128,-1.771741033,-1.774474621,-1.770473003,-1.771409392,-1.767280579,-1.767005444,-1.761837006,-1.755214691,-1.748046041,-1.742506981,-1.736307859,-1.732878685,-1.729331255,-1.727534533,-1.726713538,-1.727392077,-1.728073001,-1.728711724,-1.728520155,-1.730817318,-1.730661511,-1.731118679,-1.731633067,-1.736022592,-1.738843918,-1.738329172,-1.742457032,-1.742260218,-1.742308497,-1.745984793,-1.743347406,-1.751644373,-1.753215909,-1.753074169,-1.75869298,-1.760002375,-1.765121818,-1.766661406,-1.774487376,4.2
54,-1.771270633,-1.765599847,-1.775599837,-1.763602853,-1.765774012,-1.761354923,-1.764982224,-1.755754352,-1.738915443,-1.748228788,-1.743661284,-1.744138122,-1.74743557,-1.744949818,-1.745871782,-1.753134251,-1.751298904,-1.750680566,-1.753649354,-1.756563067,-1.758701563,-1.757641673,-1.759720564,-1.762391567,-1.760358691,-1.761275053,-1.755965352,-1.759212136,-1.754790545,-1.755459428,-1.754196286,-1.751394987,-1.752172232,-1.744487286,-1.740149975,-1.733014584,-1.719895244,-1.715411782,-1.714237928,-1.713635802,-1.709264636,-1.712760329,-1.710736632,-1.709471703,-1.709701896,-1.708391786,-1.713132262,-1.712043643,-1.712669611,-1.714658022,-1.713991046,-1.715505958,-1.714815855,-1.716997385,-1.715393305,-1.715360284,-1.712840796,-1.715347648,-1.710501075,-1.707756758,-1.702722788,-1.702519417,-1.695769072,-1.690625668,-1.687567234,-1.684330344,-1.680251002,-1.680878997,-1.673468828,-1.668257236,-1.662106991,-1.650194168,-1.640845299,-1.634778142,-1.62648952,-1.62198627,-1.620194674,-1.615854263,-1.615700483,-1.615212917,-1.615296245,-1.615294218,-1.615964293,-1.615572453,-1.617176175,-1.619706869,-1.621621013,-1.625805259,-1.623744965,-1.628627777,-1.629879832,-1.633029342,-1.633202791,-1.635682225,-1.637836814,-1.641769886,-1.641747236,-1.642949104,-1.647333264,-1.643748403,-1.65012157,-1.650669336,-1.652824402,-1.652974725,-1.656543374,-1.657595038,-1.659105182,-1.6602391,-1.660571694,-1.659552574,-1.660842419,-1.662238359,-1.663096905,-1.661803722,-1.661453366,-1.660649061,-1.663404346,-1.662080169,-1.661447763,-1.661946654,-1.660275102,-1.659939051,-1.657957077,-1.658805132,-1.657058477,-1.657054901,-1.656733632,-1.655351996,-1.656562686,-1.655875921,-1.655267835,-1.653812766,-1.65694654,-1.65459919,-1.658094049,-1.657016158,-1.65782702,-1.655949235,-1.655090809,-1.64905858,-1.647570968,-1.643727303,-1.638915658,-1.629047751,-1.626989245,-1.624064565,-1.620171428,-1.616043687,-1.613166571,-1.614156246,-1.615222812,-1.614032984,-1.61507988,-1.61392653,-1.615884781,-1.616666675,-1.619446754,-1.619706988,-1.621279001,-1.622040629,-1.624015093,-1.628178596,-1.62676239,-1.629870772,-1.631572962,-1.633075356,-1.639055371,-1.643216252,-1.646531463,-1.649193525,-1.653986096,-1.658308864,-1.663742065,-1.675673723,4
55,-1.808090448,-1.810671091,-1.806688786,-1.800090671,-1.793801904,-1.806542635,-1.795695662,-1.77918601,-1.789684415,-1.786037087,-1.784137368,-1.784058213,-1.789574862,-1.783068061,-1.791852236,-1.78434515,-1.788204074,-1.792994976,-1.796128273,-1.794831514,-1.798213959,-1.803810954,-1.797889113,-1.800041199,-1.80134356,-1.803814769,-1.802054048,-1.798921108,-1.798015118,-1.795374751,-1.794750452,-1.795406342,-1.791952252,-1.790143847,-1.781322956,-1.772888184,-1.768358707,-1.762310386,-1.75907886,-1.758518934,-1.758671641,-1.757466316,-1.759404182,-1.75864315,-1.756911993,-1.760871172,-1.759649038,-1.759517789,-1.760380387,-1.760617137,-1.762271523,-1.764474154,-1.764243364,-1.763930798,-1.764289975,-1.763748527,-1.760827065,-1.762319088,-1.756158829,-1.758139491,-1.751686931,-1.749774694,-1.747404695,-1.742427945,-1.739647746,-1.735412002,-1.73317349,-1.731074691,-1.72842443,-1.72351253,-1.717998624,-1.707996011,-1.70312202,-1.695441246,-1.691749096,-1.687265992,-1.687462687,-1.684133172,-1.683034897,-1.682854652,-1.682338595,-1.684980869,-1.682828903,-1.683856726,-1.686576605,-1.685481071,-1.688641429,-1.690550447,-1.690676808,-1.693827987,-1.696514726,-1.695444345,-1.697209597,-1.699192762,-1.701121688,-1.703487754,-1.702999234,-1.704937935,-1.708671689,-1.706095099,-1.709113359,-1.709392548,-1.713017941,-1.713178754,-1.715149283,-1.715509176,-1.718441725,-1.72015059,-1.718582392,-1.718153715,-1.718570828,-1.721823573,-1.720834017,-1.722221136,-1.721414328,-1.722100616,-1.723766804,-1.720649242,-1.722003818,-1.721027017,-1.720709682,-1.720822573,-1.720193744,-1.720284104,-1.718312979,-1.718241334,-1.716419458,-1.71602273,-1.716234684,-1.715644598,-1.717147827,-1.715081692,-1.717685819,-1.716367006,-1.71663475,-1.718020082,-1.718211651,-1.716823936,-1.715577245,-1.712963104,-1.713574767,-1.70775032,-1.705555916,-1.698923707,-1.694531798,-1.691058874,-1.686866999,-1.68549788,-1.686625123,-1.684890389,-1.686498046,-1.686413646,-1.685326815,-1.685835242,-1.685707688,-1.690537214,-1.690259457,-1.691020489,-1.693111181,-1.692309976,-1.694374919,-1.695068002,-1.696454048,-1.697882533,-1.701277375,-1.702053308,-1.707094073,-1.710351586,-1.709879279,-1.710609317,-1.71546042,-1.718445539,-1.72191,-1.728572845,4.4
56,-1.815412045,-1.827269435,-1.819377184,-1.817713857,-1.811117887,-1.813454509,-1.811087012,-1.807390928,-1.803087711,-1.79942131,-1.808591485,-1.801850319,-1.80164957,-1.800779462,-1.804766536,-1.803224683,-1.810309768,-1.807596922,-1.809128284,-1.811614037,-1.810151339,-1.812797427,-1.816314936,-1.813520193,-1.814614296,-1.815105557,-1.810664058,-1.81300354,-1.816118717,-1.811642051,-1.811506391,-1.809227943,-1.809317589,-1.806992412,-1.798973799,-1.79400897,-1.788294077,-1.785261035,-1.784129262,-1.781196356,-1.7814399,-1.782285452,-1.781629324,-1.778954864,-1.781186223,-1.777732253,-1.781899095,-1.782526731,-1.783510089,-1.782290697,-1.783847332,-1.784473419,-1.786215544,-1.78613317,-1.788776517,-1.786562681,-1.787034035,-1.785096407,-1.783928871,-1.779965401,-1.777395487,-1.775910139,-1.771141052,-1.768741131,-1.764145017,-1.763889194,-1.761380315,-1.759959102,-1.757142425,-1.752340436,-1.747490048,-1.739786029,-1.732558489,-1.725711584,-1.722242475,-1.716688871,-1.716331959,-1.715185285,-1.71352458,-1.712687373,-1.710637093,-1.714887619,-1.711682439,-1.711670876,-1.714838743,-1.717165709,-1.716830254,-1.717971087,-1.720159173,-1.722994566,-1.724593759,-1.726404667,-1.724810958,-1.729599953,-1.732340693,-1.733808517,-1.734872341,-1.735468626,-1.735614061,-1.735482574,-1.738726974,-1.741674304,-1.741481423,-1.74296546,-1.743163347,-1.744932055,-1.745635271,-1.746795654,-1.748053551,-1.746999145,-1.748177767,-1.748562694,-1.749850392,-1.750114083,-1.748421073,-1.748429894,-1.748829722,-1.748838186,-1.749106288,-1.748349667,-1.747084856,-1.747523308,-1.746950269,-1.745962858,-1.745491862,-1.743691683,-1.741526365,-1.742115498,-1.742535114,-1.743031383,-1.742587447,-1.741459131,-1.742362142,-1.741004825,-1.743083954,-1.74411118,-1.745205879,-1.74233532,-1.740483046,-1.736011386,-1.735184789,-1.731997132,-1.726715326,-1.721737385,-1.716405153,-1.711400032,-1.706124902,-1.700446248,-1.70137012,-1.700248003,-1.700145483,-1.699896574,-1.699343085,-1.699288964,-1.702956676,-1.702404261,-1.704428077,-1.706416249,-1.706800222,-1.70999825,-1.711441875,-1.712048411,-1.715290427,-1.715603232,-1.718702793,-1.720836282,-1.728075624,-1.731739044,-1.730596304,-1.728339791,-1.732441902,-1.736027122,-1.74267149,-1.744623423,4.7
57,-1.821473718,-1.823542833,-1.819368958,-1.80845964,-1.808409095,-1.815708756,-1.794714332,-1.804148793,-1.79921174,-1.798491716,-1.799893975,-1.793700933,-1.793246746,-1.79310286,-1.798582911,-1.791413069,-1.796836853,-1.800325871,-1.80152607,-1.804254055,-1.803274989,-1.803163052,-1.804274321,-1.807679653,-1.808480978,-1.808659077,-1.806135058,-1.805054903,-1.804834723,-1.805641055,-1.802702427,-1.798178434,-1.798811793,-1.792425871,-1.786792636,-1.78198123,-1.772808194,-1.770320892,-1.768876433,-1.766880393,-1.76563859,-1.764425635,-1.765345216,-1.766907454,-1.765749574,-1.765530229,-1.766786456,-1.766478419,-1.768363476,-1.767401338,-1.768833041,-1.769793868,-1.770045519,-1.769654512,-1.76917851,-1.769270062,-1.767298102,-1.765932679,-1.766132236,-1.763732314,-1.759976506,-1.755317807,-1.752363205,-1.749352694,-1.743925929,-1.744855285,-1.740542054,-1.739631295,-1.735403538,-1.731146336,-1.726469636,-1.718460321,-1.711035252,-1.704963326,-1.698830247,-1.695601225,-1.693932295,-1.692027211,-1.689064264,-1.691547632,-1.688670397,-1.691937447,-1.691297412,-1.692633748,-1.695042968,-1.694249272,-1.694457173,-1.697888255,-1.697446227,-1.702491522,-1.703736186,-1.705593467,-1.70399344,-1.707279325,-1.708847523,-1.70911622,-1.711628675,-1.714596272,-1.716479301,-1.716475964,-1.719324231,-1.718975067,-1.720614195,-1.722279668,-1.723104477,-1.723346472,-1.723428369,-1.726467371,-1.724957228,-1.727126122,-1.726740122,-1.727815509,-1.729542494,-1.728333235,-1.729384184,-1.729136705,-1.727814436,-1.72708571,-1.727692246,-1.725867152,-1.725601673,-1.72590816,-1.726615906,-1.724526405,-1.723654389,-1.724825501,-1.723953366,-1.721992135,-1.724124432,-1.723009229,-1.721877813,-1.722047567,-1.724019051,-1.724161386,-1.723522067,-1.725146532,-1.724680662,-1.723221779,-1.72145915,-1.71916163,-1.715154767,-1.712083936,-1.707783341,-1.700220108,-1.694123745,-1.686503053,-1.685366273,-1.680904388,-1.67861104,-1.679726839,-1.67862761,-1.67832303,-1.6794976,-1.682256103,-1.682384133,-1.681788206,-1.68384254,-1.685269594,-1.684821606,-1.691040874,-1.691561341,-1.694274068,-1.693093657,-1.697200537,-1.695023894,-1.699296951,-1.70778048,-1.711855173,-1.708508611,-1.709902883,-1.717710018,-1.71738112,-1.721150637,-1.730816126,4.2
58,-1.765756011,-1.770425439,-1.755367637,-1.766671777,-1.752207041,-1.751460552,-1.760161877,-1.748129368,-1.73579812,-1.747581363,-1.740053296,-1.734340072,-1.736765623,-1.746802926,-1.741090536,-1.743717909,-1.745477319,-1.740920782,-1.746055365,-1.753153801,-1.751098037,-1.754560947,-1.756784081,-1.754206538,-1.758334279,-1.753188491,-1.753709078,-1.753364563,-1.752421379,-1.749472022,-1.751233578,-1.750295997,-1.747449994,-1.741117954,-1.735697269,-1.728608966,-1.725315452,-1.717256904,-1.715987086,-1.716295958,-1.711557031,-1.714179635,-1.715636969,-1.714163661,-1.712230206,-1.715391278,-1.717528224,-1.714972615,-1.720878005,-1.71859622,-1.718388557,-1.719020486,-1.719527006,-1.719925761,-1.721309423,-1.721108556,-1.717020988,-1.718155146,-1.712151527,-1.712612033,-1.709045172,-1.70941031,-1.702275753,-1.701385856,-1.696645737,-1.692176342,-1.691060424,-1.68912375,-1.686904788,-1.680964112,-1.675810933,-1.665316463,-1.659032345,-1.65130794,-1.647997499,-1.642359376,-1.644752741,-1.640371561,-1.642337084,-1.641903877,-1.639288664,-1.638829589,-1.640515685,-1.638164282,-1.640236497,-1.641969323,-1.643945813,-1.646982789,-1.648489237,-1.648177505,-1.650246382,-1.65164578,-1.651753664,-1.655112028,-1.6581074,-1.659145832,-1.658972144,-1.659718156,-1.664660335,-1.660253882,-1.664081454,-1.664299011,-1.668888807,-1.668046474,-1.668510795,-1.670718908,-1.670862436,-1.673595667,-1.67255795,-1.672568798,-1.673892736,-1.675414562,-1.675123334,-1.674524188,-1.672734857,-1.672478914,-1.675282717,-1.676452756,-1.67295289,-1.67533052,-1.674154758,-1.671768427,-1.672901154,-1.671446681,-1.667722225,-1.669981956,-1.665367246,-1.666252971,-1.668092012,-1.666804552,-1.669247031,-1.670233607,-1.672170043,-1.670576215,-1.671732426,-1.668856025,-1.670701981,-1.668651342,-1.669964075,-1.665294528,-1.664120317,-1.662030697,-1.656897306,-1.652824759,-1.647829533,-1.643118262,-1.641066074,-1.638053417,-1.639677286,-1.641148567,-1.638563514,-1.638291478,-1.636220455,-1.638427258,-1.642171502,-1.641468763,-1.645717978,-1.6436131,-1.644512415,-1.645263433,-1.646748424,-1.647061467,-1.649858236,-1.650988698,-1.652824283,-1.654263139,-1.653419495,-1.658431649,-1.662047029,-1.665540695,-1.668508053,-1.666010737,-1.671821594,-1.673912048,4.4
59,-1.705542445,-1.726593256,-1.725320578,-1.702069521,-1.713529825,-1.703637719,-1.70081687,-1.711461544,-1.702518821,-1.689470291,-1.691015124,-1.692537069,-1.694177032,-1.697260499,-1.697084665,-1.695923448,-1.699332595,-1.705726981,-1.700998783,-1.700138569,-1.706787109,-1.706933856,-1.708806634,-1.705581903,-1.70798564,-1.713595152,-1.703672767,-1.707376838,-1.703517199,-1.707634568,-1.702341914,-1.701618552,-1.696305871,-1.695836067,-1.686392546,-1.683414459,-1.675245166,-1.6720649,-1.667623878,-1.665554047,-1.667400837,-1.666356206,-1.665736318,-1.665816426,-1.665136456,-1.66592443,-1.666430116,-1.669435501,-1.66753757,-1.671149135,-1.670301199,-1.671777487,-1.669527769,-1.670336723,-1.669667363,-1.672998667,-1.668640375,-1.669802904,-1.666181803,-1.665544152,-1.660713077,-1.659847498,-1.655006528,-1.65104866,-1.64778769,-1.6445539,-1.641438365,-1.640886545,-1.637531161,-1.631186604,-1.624702811,-1.615860701,-1.609525561,-1.599967837,-1.594277501,-1.591248035,-1.588430643,-1.586298227,-1.587234497,-1.589635968,-1.585559607,-1.586700201,-1.586159587,-1.587020159,-1.588058949,-1.589126587,-1.5916574,-1.592298865,-1.593795538,-1.597847462,-1.599922657,-1.601283193,-1.601402044,-1.60382092,-1.60793829,-1.60805738,-1.611474156,-1.611826539,-1.616046906,-1.612949014,-1.616700172,-1.618783474,-1.620741487,-1.619942188,-1.621223807,-1.623720527,-1.623978376,-1.626390934,-1.626116514,-1.626998663,-1.628386736,-1.628864884,-1.629225612,-1.630164742,-1.630514503,-1.628792644,-1.628412843,-1.628234982,-1.626376271,-1.628934145,-1.629192352,-1.627656937,-1.627405167,-1.627808332,-1.626238942,-1.625422716,-1.62604773,-1.623198986,-1.623671174,-1.624282241,-1.625093937,-1.624877453,-1.625808597,-1.625041008,-1.625464797,-1.627404928,-1.625738978,-1.62103951,-1.62682426,-1.619586349,-1.618407488,-1.615875125,-1.608802557,-1.60215497,-1.59497261,-1.590879679,-1.5895648,-1.58657515,-1.588770986,-1.5874722,-1.585623145,-1.586960673,-1.587772965,-1.586093068,-1.587393999,-1.588002086,-1.590863228,-1.5954566,-1.594254255,-1.597433686,-1.598077297,-1.597292781,-1.598760605,-1.60084033,-1.603380919,-1.604954004,-1.61128211,-1.612103462,-1.613057852,-1.61618197,-1.620974541,-1.621036887,-1.627643347,-1.632393479,3.9
60,-1.773593187,-1.77919817,-1.773583651,-1.790031314,-1.772027493,-1.776449084,-1.768517017,-1.762421727,-1.759038806,-1.757373095,-1.760606289,-1.759899855,-1.763343811,-1.757464409,-1.760921001,-1.759038448,-1.765125751,-1.765713215,-1.764980435,-1.763719916,-1.76995039,-1.771808028,-1.769447446,-1.770890832,-1.771415353,-1.771700501,-1.76525116,-1.770308614,-1.765880704,-1.765337706,-1.764131665,-1.762706995,-1.758528829,-1.758350134,-1.750766277,-1.746372342,-1.739928484,-1.736065269,-1.733823419,-1.734271646,-1.731479883,-1.732131004,-1.729978919,-1.732306361,-1.73019731,-1.731664419,-1.734273076,-1.730899572,-1.736767769,-1.73311758,-1.737008095,-1.735458732,-1.735803246,-1.736482263,-1.735328078,-1.737187147,-1.734402895,-1.733944416,-1.730454803,-1.730551362,-1.726747036,-1.723831654,-1.718633533,-1.716756821,-1.713548183,-1.711221457,-1.708250761,-1.705298066,-1.702913761,-1.697148681,-1.693415284,-1.685262799,-1.678415656,-1.670161366,-1.665820837,-1.661504745,-1.659751654,-1.658582091,-1.657620549,-1.656650543,-1.655150056,-1.653501987,-1.657110214,-1.655405879,-1.658108354,-1.659163475,-1.660781264,-1.664248347,-1.663954258,-1.667045593,-1.668399692,-1.669353008,-1.670915246,-1.671955228,-1.675387979,-1.677269936,-1.679131389,-1.6801368,-1.683336377,-1.681468725,-1.685060143,-1.684026957,-1.688216686,-1.689192176,-1.690063238,-1.689828753,-1.690361857,-1.69192791,-1.692516446,-1.693976164,-1.694839358,-1.693968058,-1.694352984,-1.693252921,-1.694529772,-1.69615221,-1.697154641,-1.69589448,-1.696644306,-1.694756269,-1.695474625,-1.692486763,-1.693840027,-1.691193581,-1.688624024,-1.691418648,-1.689778447,-1.688499093,-1.689555883,-1.688102245,-1.688405871,-1.689080119,-1.688441753,-1.690696716,-1.68989718,-1.689981937,-1.690639138,-1.688793659,-1.690612912,-1.687327266,-1.686987638,-1.680390239,-1.676823139,-1.670801282,-1.665539026,-1.658403635,-1.653012991,-1.653297424,-1.651828289,-1.651555657,-1.651118159,-1.650635958,-1.651722312,-1.652885556,-1.656152129,-1.656927347,-1.654657245,-1.657198548,-1.657310724,-1.659136415,-1.661315203,-1.660992384,-1.663663983,-1.666862011,-1.668515086,-1.670515656,-1.675168157,-1.675207734,-1.676630378,-1.682518363,-1.682656765,-1.686396241,-1.687966228,-1.692749739,4.8
61,-1.826938748,-1.822095394,-1.828150749,-1.823142409,-1.819427371,-1.821849823,-1.822268367,-1.811797023,-1.807201266,-1.801516175,-1.802770138,-1.807459593,-1.808797002,-1.805418253,-1.807911038,-1.817797184,-1.814200997,-1.811741948,-1.813968301,-1.81665206,-1.817254424,-1.82160759,-1.822453737,-1.821460366,-1.822082639,-1.821249843,-1.819060206,-1.820985198,-1.820119023,-1.816649556,-1.817656994,-1.814364195,-1.814587116,-1.809493661,-1.803938985,-1.797290325,-1.793063521,-1.785874128,-1.784990668,-1.783804774,-1.78205955,-1.783244491,-1.784084558,-1.783511043,-1.782109499,-1.78366816,-1.783453822,-1.783852339,-1.787132025,-1.784470558,-1.786043286,-1.786903024,-1.787889957,-1.786617517,-1.789869308,-1.787804484,-1.787713766,-1.786193609,-1.782329202,-1.784022808,-1.778247714,-1.777642846,-1.772630692,-1.769753456,-1.766189218,-1.763661504,-1.759204268,-1.761001706,-1.7557019,-1.749833226,-1.744294047,-1.734416962,-1.727829456,-1.717594504,-1.713870525,-1.708439112,-1.707446694,-1.705096483,-1.704592943,-1.704079747,-1.701923966,-1.70154655,-1.702350855,-1.70216465,-1.703106761,-1.706098557,-1.706136227,-1.711365223,-1.711063385,-1.713552833,-1.716085792,-1.717351317,-1.717947125,-1.72033453,-1.723099589,-1.726724505,-1.726425052,-1.727245212,-1.730228901,-1.727546334,-1.732514501,-1.733354568,-1.736237526,-1.734517932,-1.737439036,-1.737870812,-1.737843394,-1.73996675,-1.741797447,-1.741798759,-1.74326086,-1.742810249,-1.743449092,-1.743525982,-1.744257212,-1.743742108,-1.744782805,-1.74584198,-1.744364738,-1.743954539,-1.743985653,-1.740636826,-1.740842342,-1.738496304,-1.73641932,-1.738714576,-1.738855362,-1.735835433,-1.737020612,-1.735904932,-1.737182736,-1.734415412,-1.738224268,-1.736956,-1.737152576,-1.737272143,-1.738969445,-1.73667264,-1.737202764,-1.733376265,-1.731699347,-1.725575566,-1.722026825,-1.715772033,-1.707287669,-1.701551557,-1.695823431,-1.692899585,-1.692173958,-1.689355969,-1.689971328,-1.690319657,-1.692084193,-1.69290626,-1.695550561,-1.694829345,-1.69746232,-1.699065566,-1.698690057,-1.700694442,-1.698827147,-1.703430891,-1.706497431,-1.704078794,-1.709959507,-1.714741349,-1.718264341,-1.722925425,-1.722207427,-1.724384308,-1.725543976,-1.730381846,-1.731641769,-1.740267515,4.4
62,-1.827154994,-1.823037863,-1.824826717,-1.821154356,-1.823561907,-1.815303326,-1.813749671,-1.813179612,-1.807606578,-1.797995448,-1.801968455,-1.800907135,-1.805549502,-1.807425261,-1.806860089,-1.810587645,-1.809447527,-1.808257818,-1.819013119,-1.814973831,-1.816606164,-1.821476102,-1.820773363,-1.819515347,-1.819984913,-1.820395589,-1.817913771,-1.819894791,-1.817585349,-1.817228675,-1.814368606,-1.813923836,-1.813097477,-1.807156324,-1.801817894,-1.794928908,-1.78807807,-1.782377124,-1.780562401,-1.78051722,-1.776993275,-1.780546665,-1.77909708,-1.779374719,-1.778878689,-1.779170752,-1.781430721,-1.778337002,-1.783115149,-1.781446695,-1.784727097,-1.784093022,-1.785411477,-1.78491056,-1.786423683,-1.783603311,-1.782207608,-1.782160997,-1.780088663,-1.779278398,-1.775255919,-1.771846771,-1.769205093,-1.763648629,-1.762881637,-1.75993979,-1.755922079,-1.75510323,-1.75189352,-1.746503949,-1.74014318,-1.731004596,-1.723806858,-1.717471361,-1.711770892,-1.706628561,-1.705119729,-1.701781869,-1.702430487,-1.702331305,-1.700296879,-1.701835275,-1.701689243,-1.701109409,-1.702410698,-1.706198812,-1.704944134,-1.709476233,-1.709748983,-1.713275671,-1.714110017,-1.717083216,-1.718132377,-1.719735384,-1.722021818,-1.724514961,-1.726740122,-1.726864219,-1.728763342,-1.728727579,-1.731222391,-1.731836557,-1.735444427,-1.735814452,-1.737357855,-1.737885594,-1.738219857,-1.739225626,-1.742434621,-1.742123365,-1.742352724,-1.742048979,-1.744973183,-1.743914962,-1.744005084,-1.743677855,-1.744560957,-1.745316863,-1.745658994,-1.744363308,-1.745058179,-1.742761374,-1.742916107,-1.74330163,-1.740574479,-1.741869211,-1.740646839,-1.739054441,-1.738120794,-1.73753655,-1.737412691,-1.738539934,-1.739278793,-1.740025401,-1.741052985,-1.741672039,-1.741252184,-1.739943624,-1.739271045,-1.735197306,-1.733638644,-1.727174401,-1.725093126,-1.719687223,-1.712171078,-1.707832098,-1.703043103,-1.698777556,-1.699052334,-1.697312593,-1.697709441,-1.698439717,-1.700579524,-1.702827573,-1.702848196,-1.700926423,-1.703765392,-1.706890583,-1.705551744,-1.708078504,-1.708619952,-1.708580375,-1.710247159,-1.71442318,-1.715101361,-1.719609261,-1.723561645,-1.724090338,-1.723994493,-1.728702068,-1.732625365,-1.734538555,-1.74135375,-1.746183872,4
63,-1.801077962,-1.804537058,-1.797367215,-1.798764467,-1.795498371,-1.792721391,-1.78493762,-1.791391373,-1.787648559,-1.786468983,-1.781207442,-1.789578795,-1.788538933,-1.785835028,-1.786336899,-1.792509079,-1.790630579,-1.791781425,-1.796294451,-1.79548502,-1.798614264,-1.796901584,-1.801943064,-1.799275637,-1.798135161,-1.79778862,-1.800911784,-1.79816258,-1.794664741,-1.796714544,-1.794344902,-1.793359399,-1.78982234,-1.787496924,-1.781611204,-1.77752471,-1.769664049,-1.767284989,-1.763292551,-1.764561176,-1.76373601,-1.764220238,-1.762478232,-1.764071822,-1.761338353,-1.765030146,-1.764083982,-1.766124725,-1.767259717,-1.766165376,-1.768284917,-1.76719141,-1.768122673,-1.768591762,-1.76770401,-1.769746661,-1.76638484,-1.766151071,-1.763546824,-1.762586832,-1.75935328,-1.755907059,-1.752971053,-1.748439431,-1.746468425,-1.745097995,-1.741772652,-1.738294244,-1.736859798,-1.73060298,-1.726167202,-1.717979312,-1.712424517,-1.705359101,-1.701008797,-1.698721409,-1.698719025,-1.697050214,-1.697244525,-1.695778012,-1.695759177,-1.697752953,-1.69720602,-1.696579695,-1.697789311,-1.699547887,-1.701267958,-1.702374935,-1.701806545,-1.704444885,-1.7079283,-1.710086107,-1.710700512,-1.712944984,-1.713670969,-1.713995218,-1.715574026,-1.717977166,-1.718843102,-1.716026902,-1.720175505,-1.719951391,-1.723165989,-1.722949028,-1.723878026,-1.72472477,-1.725546837,-1.725217938,-1.726428151,-1.727755785,-1.728499174,-1.728253603,-1.729466081,-1.727368474,-1.728681922,-1.72873044,-1.728185177,-1.727193475,-1.728375196,-1.729016781,-1.728230357,-1.726169229,-1.724503517,-1.724938035,-1.723875642,-1.723742247,-1.722151279,-1.722483277,-1.72159493,-1.721518755,-1.720583558,-1.721173286,-1.721482515,-1.721289873,-1.721853495,-1.721379995,-1.721596956,-1.719182968,-1.720781446,-1.717642307,-1.71769762,-1.712207079,-1.708298087,-1.708724022,-1.696123481,-1.692941785,-1.688643694,-1.684130907,-1.6822716,-1.68254447,-1.679739594,-1.683213949,-1.68299377,-1.684147477,-1.686151743,-1.687316298,-1.689322114,-1.689727068,-1.693258524,-1.694636941,-1.696734309,-1.697125673,-1.69565773,-1.696911097,-1.703959703,-1.701906323,-1.704652071,-1.706112027,-1.711152911,-1.71141398,-1.715390205,-1.716328144,-1.721044421,-1.727374673,5.15
64,-1.738654733,-1.738281131,-1.738101602,-1.731360674,-1.73851347,-1.730630875,-1.721637964,-1.717838764,-1.726798177,-1.720381021,-1.712556362,-1.725457668,-1.721543908,-1.720267296,-1.722518682,-1.721861124,-1.725594282,-1.729054928,-1.735150099,-1.730278969,-1.733567953,-1.729564905,-1.738869905,-1.735916018,-1.730672717,-1.73542726,-1.73775351,-1.734871864,-1.732563257,-1.732436657,-1.730675101,-1.728207231,-1.723558784,-1.722181797,-1.713924408,-1.709653974,-1.701440811,-1.699923277,-1.694587469,-1.696388006,-1.694171071,-1.695779204,-1.694050312,-1.695948124,-1.692645073,-1.696288586,-1.695302963,-1.697874308,-1.697623253,-1.697118759,-1.701048851,-1.698780775,-1.700800538,-1.70090127,-1.700318933,-1.701216578,-1.698357701,-1.698534966,-1.694430113,-1.694294691,-1.689502478,-1.686353207,-1.683850169,-1.679817796,-1.67693758,-1.675700903,-1.672883272,-1.669245601,-1.666974664,-1.658899426,-1.653762937,-1.645671129,-1.640796304,-1.631052613,-1.627417564,-1.622673631,-1.623012424,-1.621852875,-1.620817423,-1.619766712,-1.62079072,-1.622832775,-1.621937156,-1.620324612,-1.623075008,-1.624696136,-1.62625885,-1.62728703,-1.627280235,-1.628924251,-1.633621931,-1.635317564,-1.635990262,-1.638344526,-1.639058352,-1.641334772,-1.643099785,-1.644148111,-1.64665103,-1.643890381,-1.647229433,-1.645472646,-1.652576208,-1.652016163,-1.652704835,-1.653778315,-1.653989553,-1.653385997,-1.654676557,-1.657298684,-1.657776594,-1.656591296,-1.658720732,-1.655853748,-1.656769753,-1.658419728,-1.658041239,-1.657024384,-1.657849789,-1.658382297,-1.65741384,-1.655460596,-1.653048873,-1.653859854,-1.652965426,-1.652453065,-1.650799274,-1.651160717,-1.649846673,-1.649436831,-1.649452448,-1.651983976,-1.649605274,-1.651529312,-1.651317716,-1.649636149,-1.652363896,-1.650144815,-1.651600361,-1.648748875,-1.648318648,-1.639486194,-1.637066126,-1.631709695,-1.622793913,-1.619239688,-1.614177108,-1.611360312,-1.608037114,-1.607786655,-1.606954932,-1.610072255,-1.609755754,-1.61066854,-1.611006498,-1.611868501,-1.615167618,-1.614683986,-1.617249966,-1.621578097,-1.622080922,-1.62370944,-1.621937156,-1.623920083,-1.628838539,-1.625470996,-1.632188797,-1.637339234,-1.642235994,-1.63871026,-1.644863367,-1.647058845,-1.652252197,-1.660143971,5.45
65,-1.819155931,-1.818186402,-1.815084338,-1.814039469,-1.810076118,-1.800569534,-1.808280826,-1.808012128,-1.801671863,-1.797886133,-1.799629688,-1.796494603,-1.798015833,-1.796419024,-1.794603705,-1.79953444,-1.80135262,-1.802303553,-1.800269365,-1.803038239,-1.804464936,-1.805542946,-1.803778172,-1.805724502,-1.805531979,-1.803810358,-1.807793498,-1.803716898,-1.802052855,-1.802224994,-1.800782681,-1.79988873,-1.798074603,-1.794597745,-1.790591359,-1.783671737,-1.778348207,-1.77561307,-1.774961829,-1.773140192,-1.771910429,-1.774223924,-1.771574497,-1.773422003,-1.771521688,-1.773322344,-1.774689794,-1.773654461,-1.774439931,-1.776452303,-1.776099324,-1.775506973,-1.776207566,-1.774860024,-1.776348591,-1.774044156,-1.773778915,-1.773163319,-1.771455765,-1.771607995,-1.766722918,-1.764359474,-1.762210011,-1.759609103,-1.75805676,-1.75409317,-1.752308607,-1.751668692,-1.749703169,-1.746453166,-1.741254091,-1.734892964,-1.72951901,-1.725940347,-1.721753716,-1.718232512,-1.719285488,-1.717463136,-1.716736794,-1.716305375,-1.712487698,-1.715921998,-1.714842558,-1.714880466,-1.716238856,-1.718260884,-1.718352199,-1.71975255,-1.719460249,-1.723789692,-1.725234151,-1.725301147,-1.725220561,-1.729643822,-1.730202675,-1.731155276,-1.732323766,-1.732241631,-1.734228492,-1.732494831,-1.735478163,-1.735312939,-1.736867547,-1.738752723,-1.738234878,-1.738991261,-1.739744663,-1.740364552,-1.739856124,-1.740759015,-1.741678476,-1.740686297,-1.743405938,-1.742185473,-1.742913723,-1.743187428,-1.742264628,-1.741289496,-1.743315816,-1.743035197,-1.744064927,-1.741255522,-1.742691398,-1.741263032,-1.741027474,-1.739707828,-1.739369392,-1.737857461,-1.739556193,-1.739886403,-1.739817023,-1.738827705,-1.739818335,-1.737565517,-1.740354657,-1.740754843,-1.742503643,-1.740297675,-1.739255428,-1.734914899,-1.734707236,-1.731234193,-1.727424026,-1.725763321,-1.717159033,-1.71487999,-1.710439682,-1.708402038,-1.708545208,-1.707898021,-1.705612898,-1.708295107,-1.707856655,-1.709518433,-1.70950079,-1.709470272,-1.711123347,-1.71008575,-1.713637829,-1.714873195,-1.716419935,-1.716359138,-1.719242811,-1.719777822,-1.723081946,-1.7243613,-1.725886464,-1.72946775,-1.730248213,-1.733543158,-1.734772205,-1.738340855,-1.743446112,-1.744063258,4.55
66,-1.834566832,-1.825639129,-1.832286835,-1.829101801,-1.82434094,-1.817887783,-1.820417762,-1.817441344,-1.814659238,-1.813809276,-1.810667276,-1.812252879,-1.810646176,-1.810638905,-1.809574246,-1.812877178,-1.8156147,-1.816099644,-1.814347506,-1.818096399,-1.818527937,-1.819257021,-1.81729269,-1.820294619,-1.818352699,-1.818683505,-1.820277572,-1.816857696,-1.814887047,-1.814773798,-1.814290524,-1.812722921,-1.810608625,-1.805405974,-1.803046465,-1.79303956,-1.787747741,-1.786187768,-1.782845259,-1.781194687,-1.781705856,-1.782301426,-1.780375123,-1.782087922,-1.780852199,-1.782262683,-1.784059882,-1.782406449,-1.78383708,-1.78469336,-1.784845352,-1.784793854,-1.786114693,-1.783833027,-1.784678936,-1.783616662,-1.783198118,-1.782852054,-1.780441642,-1.780491114,-1.775464892,-1.772726178,-1.770158172,-1.767258167,-1.76569128,-1.761122942,-1.75908947,-1.757817984,-1.755055785,-1.752979279,-1.746976972,-1.741752028,-1.734230399,-1.731309652,-1.727728605,-1.722725868,-1.72409308,-1.722837806,-1.722190499,-1.721097469,-1.717512369,-1.721651554,-1.719810605,-1.719451666,-1.720769763,-1.722414255,-1.722683907,-1.72476387,-1.72447145,-1.729369164,-1.73052752,-1.731258392,-1.730076194,-1.734345078,-1.734561801,-1.736343861,-1.736847162,-1.737502456,-1.7388165,-1.737039685,-1.740673304,-1.740717292,-1.742559791,-1.744562268,-1.744019747,-1.744706631,-1.745053649,-1.744711876,-1.744991899,-1.746524692,-1.747358561,-1.746010661,-1.747796297,-1.748134375,-1.747657776,-1.748622656,-1.746813774,-1.74759841,-1.74823904,-1.749002695,-1.749604821,-1.745478153,-1.746507525,-1.745451689,-1.744157791,-1.743135929,-1.742286086,-1.740258813,-1.74242723,-1.743631601,-1.742730498,-1.742010951,-1.741809011,-1.740614533,-1.743105412,-1.743255615,-1.743793845,-1.742942214,-1.742616057,-1.73720324,-1.737028122,-1.734984279,-1.729357958,-1.734306455,-1.720004201,-1.715492368,-1.712011218,-1.710951209,-1.710998178,-1.710844159,-1.708010554,-1.710289598,-1.709330678,-1.709576488,-1.710964799,-1.71259439,-1.713258266,-1.712088466,-1.715512872,-1.716596127,-1.718745351,-1.718909979,-1.720662355,-1.720689535,-1.724978924,-1.728548169,-1.729769349,-1.731391072,-1.732072592,-1.737517834,-1.73587954,-1.742592573,-1.747506976,-1.74832654,4.85
67,-1.797507763,-1.796614885,-1.785326242,-1.79602766,-1.794106245,-1.784940004,-1.780819893,-1.773150921,-1.77970016,-1.7745502,-1.772583246,-1.774749279,-1.779160738,-1.781884432,-1.777722836,-1.794779181,-1.784113646,-1.781337976,-1.784140468,-1.784305334,-1.79144156,-1.787302017,-1.788298249,-1.793714762,-1.791965365,-1.78877306,-1.792513251,-1.78956449,-1.786997795,-1.785268188,-1.782940865,-1.785279751,-1.780601025,-1.776140451,-1.773013353,-1.767747283,-1.761800528,-1.754894257,-1.75562501,-1.750133872,-1.754306674,-1.752028346,-1.755453467,-1.753264666,-1.753675938,-1.752882719,-1.754300594,-1.753270626,-1.756389022,-1.755681276,-1.754801512,-1.756863475,-1.757272363,-1.759752393,-1.756456375,-1.758829713,-1.754229426,-1.754202604,-1.753369331,-1.750136852,-1.746629357,-1.744707108,-1.741737127,-1.737286448,-1.735753298,-1.733530521,-1.729744911,-1.730730891,-1.725773335,-1.721837282,-1.7166816,-1.709603429,-1.703766346,-1.696726918,-1.695763588,-1.692234278,-1.693125963,-1.689192772,-1.688108206,-1.687929511,-1.6878829,-1.688015342,-1.687354088,-1.688350081,-1.688231945,-1.690581203,-1.693004489,-1.693790674,-1.694105506,-1.696049452,-1.698299527,-1.699935675,-1.698927999,-1.701326132,-1.704602242,-1.703640223,-1.706285357,-1.708803296,-1.711776614,-1.707823277,-1.712058663,-1.712053299,-1.71389699,-1.714334846,-1.713777781,-1.714701056,-1.71422863,-1.716951013,-1.717380524,-1.714968562,-1.718317747,-1.71824491,-1.718962789,-1.720138907,-1.72044158,-1.718763828,-1.718770266,-1.719733834,-1.718479633,-1.719358563,-1.719340324,-1.717903733,-1.71935761,-1.718096495,-1.713634253,-1.71499002,-1.713611841,-1.712681174,-1.714278936,-1.714702845,-1.715069532,-1.714092731,-1.715121508,-1.714867711,-1.713528991,-1.714297533,-1.712738633,-1.714205265,-1.713426232,-1.710575342,-1.711244226,-1.705219746,-1.700310111,-1.685022354,-1.691535234,-1.688685536,-1.689893246,-1.686146617,-1.686304092,-1.685700655,-1.682961345,-1.685364723,-1.6830163,-1.684683323,-1.683328271,-1.685039401,-1.68767333,-1.691687584,-1.691874504,-1.691710114,-1.693401933,-1.693011165,-1.694446683,-1.694060564,-1.697532892,-1.699427843,-1.702470303,-1.701372623,-1.704845428,-1.706016898,-1.711218357,-1.709985375,-1.715792537,-1.721883535,4.35
68,-1.80896163,-1.812711239,-1.802124381,-1.806350589,-1.807902932,-1.798190713,-1.796104074,-1.790837765,-1.789357424,-1.786849976,-1.783599019,-1.784972668,-1.795755267,-1.797285676,-1.790157318,-1.805390716,-1.79908669,-1.797362089,-1.796196461,-1.798018813,-1.803837538,-1.801738501,-1.801606417,-1.806808352,-1.806508064,-1.801361442,-1.808497429,-1.803333402,-1.801543236,-1.79893887,-1.796435475,-1.800709844,-1.793776035,-1.789923549,-1.786785841,-1.782060623,-1.773748517,-1.767310977,-1.768015742,-1.762557268,-1.76644671,-1.76429975,-1.768627882,-1.76585412,-1.766432405,-1.765793324,-1.767776608,-1.766494036,-1.77025938,-1.768027186,-1.768369198,-1.769952774,-1.770467758,-1.772032142,-1.769319654,-1.771872044,-1.767140269,-1.766705513,-1.765892625,-1.762586474,-1.75963223,-1.755755186,-1.752896905,-1.748812795,-1.748134613,-1.745467067,-1.741086006,-1.74049139,-1.737449288,-1.732433915,-1.729277849,-1.721871972,-1.716500401,-1.709379077,-1.708002687,-1.704043746,-1.705490708,-1.701816678,-1.700620055,-1.701846719,-1.701544642,-1.699998021,-1.699012518,-1.699939966,-1.700023293,-1.702797532,-1.706347108,-1.704203606,-1.705382824,-1.707269907,-1.709164619,-1.711404085,-1.709981799,-1.712117314,-1.714780807,-1.714978933,-1.717915177,-1.720097423,-1.722672701,-1.719681621,-1.722701192,-1.722278595,-1.724773765,-1.726372242,-1.724715114,-1.725119829,-1.725687385,-1.72683239,-1.727730393,-1.725481629,-1.729573131,-1.728914261,-1.730516076,-1.731318593,-1.730969071,-1.730654955,-1.731691599,-1.732166886,-1.731206656,-1.729864359,-1.730621576,-1.727962613,-1.730003238,-1.729631066,-1.72543335,-1.727029324,-1.726373911,-1.724658251,-1.727645993,-1.72858274,-1.728010893,-1.72638464,-1.72644043,-1.726804495,-1.727172136,-1.727558494,-1.726052761,-1.728526592,-1.727816105,-1.725129247,-1.724888802,-1.720571756,-1.715484142,-1.704570889,-1.707017303,-1.70392704,-1.704239249,-1.70108664,-1.702200413,-1.69966054,-1.697701573,-1.700041175,-1.697244406,-1.700421214,-1.699541569,-1.700702786,-1.703789949,-1.707393289,-1.706159472,-1.709492922,-1.709703565,-1.708894849,-1.710559964,-1.708138585,-1.714278221,-1.714176774,-1.718526125,-1.715838909,-1.719618678,-1.721124053,-1.725240707,-1.724629521,-1.731415391,-1.735774994,4.4
69,-1.784694433,-1.798053622,-1.782184839,-1.794945717,-1.785015583,-1.787355423,-1.775445461,-1.789127946,-1.77590239,-1.770921588,-1.774196267,-1.772897363,-1.782637835,-1.776423454,-1.77572453,-1.769779801,-1.779940009,-1.781077743,-1.787240744,-1.783431292,-1.78506124,-1.786423087,-1.788602114,-1.787218809,-1.787506223,-1.785470724,-1.788197041,-1.784710169,-1.785873413,-1.782602549,-1.782158613,-1.780998826,-1.780793786,-1.775293946,-1.770991564,-1.763437629,-1.757677436,-1.756342769,-1.753603339,-1.756039262,-1.753794193,-1.753885746,-1.752555609,-1.754636407,-1.752221704,-1.754529595,-1.756153345,-1.754550457,-1.75462079,-1.756141424,-1.758176446,-1.756481528,-1.758903265,-1.756572604,-1.756413102,-1.7562747,-1.756080985,-1.756152868,-1.753176332,-1.751122832,-1.749933958,-1.746098042,-1.744453311,-1.741146684,-1.738937736,-1.73616302,-1.734487414,-1.732859135,-1.728435993,-1.727362752,-1.723647952,-1.716385603,-1.712915182,-1.707505941,-1.70539701,-1.702138066,-1.701933146,-1.701390982,-1.698840261,-1.700918794,-1.698667049,-1.700052381,-1.697524905,-1.698336363,-1.700026393,-1.699613929,-1.700745106,-1.702762246,-1.703956366,-1.706791639,-1.705749989,-1.705973387,-1.70567286,-1.707874298,-1.708066344,-1.709944248,-1.7098068,-1.711075664,-1.714798093,-1.711370826,-1.715879321,-1.715281367,-1.717572093,-1.714649677,-1.715507507,-1.716476679,-1.715706706,-1.720248938,-1.719282269,-1.718184352,-1.718470931,-1.718030334,-1.719674349,-1.71867907,-1.71957159,-1.720002055,-1.721616745,-1.719832063,-1.720000267,-1.720856667,-1.720235586,-1.718903661,-1.718122005,-1.718132138,-1.71484828,-1.715937853,-1.715408921,-1.715605021,-1.717378855,-1.715482116,-1.715754986,-1.71467638,-1.71537447,-1.715872526,-1.71578145,-1.717379332,-1.717509747,-1.718028069,-1.718141317,-1.714101791,-1.713715434,-1.710382104,-1.708465815,-1.703327417,-1.697452903,-1.696148992,-1.696880698,-1.693039775,-1.695235133,-1.693724394,-1.695299745,-1.693964601,-1.693765521,-1.692089796,-1.696508288,-1.695198536,-1.696112752,-1.696951389,-1.698411584,-1.697412491,-1.69946301,-1.701763391,-1.704187632,-1.704383373,-1.706428766,-1.711462617,-1.712117434,-1.711502194,-1.7115798,-1.716117024,-1.717822909,-1.719693065,-1.722551465,-1.72385776,4.35
70,-1.805359364,-1.804953098,-1.809979677,-1.80708015,-1.796105742,-1.784676313,-1.801566482,-1.781217933,-1.786211967,-1.78574276,-1.78247714,-1.783494234,-1.791254282,-1.78230238,-1.787148237,-1.788625002,-1.784052849,-1.791963458,-1.789780378,-1.79416275,-1.797406197,-1.794357657,-1.795141935,-1.793764114,-1.797845602,-1.794187784,-1.79221344,-1.795229912,-1.789838672,-1.790495157,-1.790956974,-1.787353992,-1.787310481,-1.779914379,-1.774086118,-1.768314242,-1.760433078,-1.759473443,-1.753179193,-1.752472401,-1.755073071,-1.751682401,-1.751916409,-1.752637506,-1.749384642,-1.753880858,-1.753913641,-1.755125046,-1.755566239,-1.7541008,-1.757427096,-1.757273078,-1.757637024,-1.754820228,-1.760354042,-1.75784862,-1.754087806,-1.754336715,-1.753518939,-1.751889586,-1.746780515,-1.743776441,-1.742338538,-1.736350417,-1.735299468,-1.731928349,-1.72970593,-1.728249311,-1.724041104,-1.719042063,-1.713045239,-1.706613898,-1.698224306,-1.689914584,-1.687138319,-1.686160803,-1.684802055,-1.682381749,-1.680621147,-1.680139184,-1.676897287,-1.678783178,-1.679481745,-1.680205345,-1.679436207,-1.68389523,-1.684879303,-1.685234785,-1.686837792,-1.685455203,-1.69113934,-1.693619132,-1.690898776,-1.695969939,-1.697781444,-1.697913766,-1.699431777,-1.702268839,-1.704592705,-1.702647328,-1.70500946,-1.704327822,-1.70724678,-1.706642151,-1.708021879,-1.70977819,-1.712729812,-1.71138227,-1.710261106,-1.711431503,-1.712875485,-1.714705706,-1.715365529,-1.71506989,-1.71276629,-1.711826324,-1.711936712,-1.711866498,-1.712371707,-1.711036682,-1.712996483,-1.710838675,-1.7108953,-1.711838126,-1.7097646,-1.710653782,-1.708485007,-1.708064437,-1.708296418,-1.705309868,-1.70742631,-1.707501054,-1.709977508,-1.707864046,-1.710387945,-1.709773302,-1.710328698,-1.707164288,-1.709693074,-1.704490066,-1.702601671,-1.697469711,-1.690949082,-1.68258059,-1.680009604,-1.678937078,-1.674623132,-1.671928406,-1.67282939,-1.670083046,-1.668013453,-1.670162916,-1.671887517,-1.672284603,-1.672547102,-1.673671603,-1.67691505,-1.677922487,-1.677838922,-1.67780304,-1.680019617,-1.685796857,-1.685705185,-1.688358665,-1.690165639,-1.6908921,-1.692298174,-1.697768569,-1.699223518,-1.701621771,-1.704420924,-1.710352182,-1.713438392,-1.720484138,4.65
71,-1.795456648,-1.807227135,-1.800460815,-1.799039841,-1.795649886,-1.800312877,-1.78810823,-1.786789656,-1.781916618,-1.784310341,-1.782951951,-1.778809071,-1.781376362,-1.780626059,-1.781383634,-1.771463275,-1.781436563,-1.7836622,-1.785579205,-1.7873528,-1.789525032,-1.790140867,-1.79327786,-1.790879726,-1.791200876,-1.788080335,-1.790614605,-1.787842512,-1.787640214,-1.784907937,-1.783617735,-1.784263849,-1.781650424,-1.776302457,-1.772077441,-1.7605685,-1.757410169,-1.756788373,-1.751439333,-1.750683665,-1.751937985,-1.750858307,-1.751572013,-1.748111486,-1.750023127,-1.751119494,-1.751169801,-1.751128793,-1.754455686,-1.753016114,-1.753576279,-1.754898667,-1.754455328,-1.75316143,-1.753570914,-1.755317688,-1.751541972,-1.752766728,-1.749056101,-1.746033669,-1.742952704,-1.74174428,-1.737291694,-1.733959794,-1.731318951,-1.727057934,-1.726036072,-1.724402785,-1.721820235,-1.715579987,-1.709638953,-1.701721191,-1.696508765,-1.690144897,-1.685547113,-1.680384874,-1.680079818,-1.677652478,-1.677214265,-1.675946832,-1.674438238,-1.674249172,-1.675611019,-1.673667431,-1.678082466,-1.680495858,-1.680261612,-1.683539629,-1.68388617,-1.68710053,-1.689150691,-1.689554453,-1.689612031,-1.694254994,-1.694297314,-1.694434404,-1.697494149,-1.698667526,-1.701470733,-1.700892329,-1.702792406,-1.702638507,-1.705436707,-1.70629251,-1.707256198,-1.707843065,-1.707756758,-1.709276438,-1.71131742,-1.710542202,-1.711589694,-1.711228609,-1.711019039,-1.710700393,-1.709059715,-1.712311745,-1.712913275,-1.711277366,-1.708921909,-1.71006465,-1.710151434,-1.708083391,-1.709700465,-1.707677603,-1.70685935,-1.70589745,-1.704481959,-1.702908874,-1.705747962,-1.70572412,-1.706225514,-1.706738591,-1.705394149,-1.703038096,-1.70645988,-1.706450462,-1.708124399,-1.704296112,-1.708049297,-1.702963114,-1.702822804,-1.69462657,-1.692465901,-1.676693201,-1.680251002,-1.67598784,-1.67164433,-1.667446733,-1.66745615,-1.667028069,-1.666261077,-1.667637706,-1.668048024,-1.667344689,-1.671436667,-1.674091816,-1.673882246,-1.674103975,-1.676986933,-1.678678513,-1.679496527,-1.681440711,-1.68317318,-1.682085633,-1.687580585,-1.687800169,-1.693774939,-1.694467068,-1.697720528,-1.701413989,-1.704099894,-1.707325101,-1.712754488,-1.715770245,5.2
72,-1.742343187,-1.75373137,-1.737185359,-1.739204645,-1.740944624,-1.743673086,-1.72466445,-1.74017632,-1.727954268,-1.720676899,-1.72663188,-1.724110246,-1.734804392,-1.72694242,-1.726061106,-1.725667477,-1.732509136,-1.732063651,-1.733896136,-1.739551187,-1.736170173,-1.738390684,-1.742423534,-1.738196492,-1.740036607,-1.737024307,-1.742846489,-1.736391187,-1.736800909,-1.733968735,-1.73298049,-1.731481671,-1.730615377,-1.723930001,-1.7197752,-1.71291256,-1.705871582,-1.702983737,-1.698400736,-1.700519443,-1.698739171,-1.699065924,-1.697786689,-1.699846864,-1.695745349,-1.699830055,-1.701157808,-1.700202584,-1.701601744,-1.700614333,-1.7037462,-1.701137543,-1.704517365,-1.701331258,-1.70207119,-1.700861096,-1.701005697,-1.701704741,-1.697775722,-1.69507122,-1.693920493,-1.689565539,-1.687219143,-1.68341279,-1.681531072,-1.677784681,-1.675091267,-1.674074054,-1.669174194,-1.665792823,-1.660699606,-1.650719404,-1.646945119,-1.638789415,-1.635159969,-1.630273342,-1.629858971,-1.628566623,-1.62632978,-1.627901316,-1.62421453,-1.62801981,-1.626423717,-1.625349998,-1.628476381,-1.630046725,-1.631049752,-1.632512927,-1.633906722,-1.637057781,-1.637598157,-1.638863087,-1.638520598,-1.642729521,-1.64252758,-1.645330548,-1.645388842,-1.647693276,-1.651100039,-1.647037387,-1.652798891,-1.653098702,-1.654900551,-1.654271603,-1.655292273,-1.656357169,-1.655586481,-1.660493612,-1.660017729,-1.660452008,-1.660128355,-1.659438848,-1.661905766,-1.659569263,-1.65986836,-1.660213113,-1.662516594,-1.660902977,-1.661227584,-1.66162324,-1.660094619,-1.658763885,-1.657795668,-1.657783866,-1.653873682,-1.656802058,-1.656210542,-1.655482292,-1.655943036,-1.654585361,-1.656295419,-1.653705835,-1.65715754,-1.655012131,-1.657492757,-1.658315182,-1.657941222,-1.658664703,-1.656470537,-1.652614951,-1.651380658,-1.646911502,-1.643538952,-1.638420224,-1.628841281,-1.624499917,-1.622997999,-1.615946412,-1.618385792,-1.617487073,-1.617311716,-1.61699307,-1.61693418,-1.616491318,-1.620963097,-1.620653152,-1.622444749,-1.624923587,-1.626388192,-1.626094103,-1.626873374,-1.63219893,-1.633638024,-1.635947227,-1.638783574,-1.64232254,-1.642682672,-1.646057844,-1.644051194,-1.650372386,-1.653544188,-1.656772137,-1.660604596,-1.665452123,5.05
73,-1.762726068,-1.775372148,-1.756955743,-1.766500354,-1.766546965,-1.752358079,-1.751794696,-1.765541315,-1.753952026,-1.746334076,-1.755871534,-1.751261353,-1.762898326,-1.7545892,-1.752268553,-1.755724192,-1.756959796,-1.75664866,-1.762244582,-1.766245484,-1.762868881,-1.765667439,-1.769356012,-1.765265584,-1.767106771,-1.766125083,-1.766692638,-1.76429832,-1.763539314,-1.762538671,-1.760677218,-1.759759903,-1.759223819,-1.752451301,-1.748913765,-1.742616177,-1.73606658,-1.733205438,-1.730075479,-1.732506633,-1.728348374,-1.731074333,-1.728621244,-1.731252789,-1.727834582,-1.733193517,-1.733977675,-1.732555747,-1.734277844,-1.732346535,-1.736991167,-1.734155536,-1.737225413,-1.734099269,-1.735379577,-1.734683156,-1.734737158,-1.734343886,-1.72960484,-1.728706121,-1.727336287,-1.723827481,-1.720085025,-1.717387915,-1.713288188,-1.711529255,-1.708732486,-1.705823183,-1.701852918,-1.699353099,-1.695105076,-1.686107278,-1.681144714,-1.674091458,-1.67032218,-1.665023804,-1.664836764,-1.665039182,-1.661267996,-1.66159761,-1.661023617,-1.663750172,-1.662156343,-1.66125381,-1.66377461,-1.6651057,-1.666849732,-1.668577075,-1.669063807,-1.672273993,-1.673496008,-1.673409343,-1.673020959,-1.677719951,-1.67678225,-1.680408001,-1.679601908,-1.683295012,-1.685878634,-1.681738973,-1.687642694,-1.688620567,-1.690001369,-1.68832922,-1.689300179,-1.691144586,-1.690052152,-1.695086837,-1.693769097,-1.69372499,-1.693896532,-1.69399631,-1.696060658,-1.693889737,-1.694604754,-1.695826173,-1.697008133,-1.696829915,-1.696283221,-1.696206808,-1.695444226,-1.694063187,-1.692501068,-1.693628311,-1.688715339,-1.69217062,-1.690293789,-1.690095067,-1.691912651,-1.689186573,-1.692571521,-1.68867135,-1.692762971,-1.692118406,-1.692687869,-1.694010854,-1.696136594,-1.694666743,-1.695384264,-1.690223455,-1.689806819,-1.685192823,-1.680949688,-1.679897428,-1.667946219,-1.664118409,-1.664596558,-1.656260729,-1.659315109,-1.659106612,-1.657170653,-1.657689452,-1.657237411,-1.65581286,-1.660687923,-1.659587502,-1.659456491,-1.661139965,-1.663505077,-1.664415836,-1.664885879,-1.668345332,-1.670979977,-1.674866557,-1.6755023,-1.682212353,-1.683011174,-1.684416175,-1.680784941,-1.685629845,-1.68708396,-1.692040324,-1.694816351,-1.697716951,4.8
74,-1.73788023,-1.724634409,-1.734007716,-1.729723334,-1.729794502,-1.724236369,-1.721475482,-1.71830833,-1.714461923,-1.708638906,-1.710838914,-1.716918826,-1.716326833,-1.713920951,-1.719213247,-1.717776418,-1.714603901,-1.719637752,-1.721395493,-1.720125556,-1.725712776,-1.725415587,-1.732615352,-1.729872942,-1.726072669,-1.728662968,-1.729789495,-1.725263715,-1.727440834,-1.726885676,-1.723905563,-1.723546624,-1.721942544,-1.718366504,-1.711365581,-1.705633998,-1.701783657,-1.693712115,-1.697007895,-1.69568944,-1.694527388,-1.694716811,-1.69487977,-1.694732547,-1.693579555,-1.695126653,-1.698428869,-1.69719696,-1.697832465,-1.695762873,-1.701144695,-1.696957946,-1.699097276,-1.6974473,-1.700361967,-1.699624062,-1.695404053,-1.69491303,-1.693944216,-1.693429708,-1.690781713,-1.68863821,-1.684877276,-1.682013392,-1.678264856,-1.677256942,-1.673418283,-1.671576381,-1.669005156,-1.664564371,-1.661812663,-1.653681517,-1.648235679,-1.641774416,-1.638738394,-1.634265661,-1.634328723,-1.630235076,-1.63128984,-1.629366875,-1.628612518,-1.631505251,-1.629694462,-1.631060243,-1.634175777,-1.635443449,-1.635035872,-1.637145996,-1.639000297,-1.639024138,-1.641284227,-1.640950084,-1.640262008,-1.643495798,-1.64675045,-1.647930384,-1.648902774,-1.64979279,-1.653254509,-1.651029348,-1.653907657,-1.655048251,-1.658038378,-1.656733155,-1.657446861,-1.65856719,-1.656808972,-1.660201192,-1.661889076,-1.662997007,-1.663870454,-1.661648035,-1.663976431,-1.663927197,-1.663287282,-1.66226244,-1.664030433,-1.665075302,-1.661626339,-1.664210796,-1.665160656,-1.662997246,-1.664677501,-1.663261533,-1.658685446,-1.658312201,-1.65760076,-1.657010436,-1.658759236,-1.658471107,-1.659167528,-1.65840888,-1.660892248,-1.658920169,-1.66141212,-1.661728144,-1.661605954,-1.659238696,-1.661457181,-1.659886718,-1.656212807,-1.653420448,-1.650223017,-1.644792318,-1.638842463,-1.633877873,-1.633261204,-1.627042532,-1.626742363,-1.628783226,-1.624493599,-1.625555038,-1.626456738,-1.629187584,-1.630553961,-1.631600261,-1.632009149,-1.632823586,-1.634299755,-1.635435581,-1.638149142,-1.636988282,-1.63851738,-1.639294147,-1.640149117,-1.6445086,-1.645553827,-1.64754355,-1.649756193,-1.653547287,-1.655252576,-1.656316638,-1.664447784,-1.660823584,4.5
75,-1.705031514,-1.690739989,-1.708764911,-1.696285129,-1.700359702,-1.699160337,-1.694368362,-1.686196208,-1.687604547,-1.686703086,-1.686378598,-1.685693145,-1.690368533,-1.687956572,-1.688750982,-1.689529896,-1.6902982,-1.694403052,-1.696442842,-1.694148421,-1.702279568,-1.701127529,-1.710033536,-1.702465296,-1.702692747,-1.704158187,-1.705906391,-1.699319243,-1.701638699,-1.700792789,-1.699443579,-1.697885394,-1.698288083,-1.693873525,-1.688841939,-1.679997444,-1.678575635,-1.668882966,-1.672037363,-1.672123909,-1.670256138,-1.671288371,-1.669151545,-1.670104265,-1.668144464,-1.670133114,-1.672788858,-1.671452284,-1.674162626,-1.671453953,-1.67751801,-1.672395587,-1.675809383,-1.672453284,-1.676917672,-1.676629901,-1.672191978,-1.671389818,-1.669757128,-1.668494821,-1.665923119,-1.664950609,-1.661612034,-1.659301162,-1.655516744,-1.654998541,-1.651215553,-1.6504035,-1.647759914,-1.643990636,-1.641299605,-1.632348418,-1.628382444,-1.622009635,-1.619139552,-1.615320086,-1.616276264,-1.611697078,-1.613479614,-1.610563159,-1.609087825,-1.612629533,-1.610782146,-1.611763477,-1.615168214,-1.616957903,-1.615923166,-1.618441343,-1.61772573,-1.619951367,-1.621958733,-1.620305896,-1.62086916,-1.623892188,-1.628023863,-1.62932992,-1.629570246,-1.630255461,-1.634652853,-1.631955862,-1.633800626,-1.634862781,-1.638034344,-1.636284113,-1.638281822,-1.638377666,-1.637339115,-1.640041947,-1.641174674,-1.642516136,-1.643618107,-1.641563654,-1.645367622,-1.644420862,-1.642513633,-1.641122341,-1.643450379,-1.645767689,-1.642222404,-1.644963622,-1.646212935,-1.643234491,-1.645267129,-1.643535852,-1.638049603,-1.638510704,-1.638742924,-1.636844873,-1.6389153,-1.639111876,-1.639705539,-1.636770964,-1.640589118,-1.639148951,-1.642617583,-1.642835379,-1.642382741,-1.640209556,-1.640835524,-1.639076948,-1.638381481,-1.635914445,-1.630684137,-1.621093988,-1.620463729,-1.617156506,-1.617061615,-1.611885667,-1.612293124,-1.612776756,-1.607477665,-1.609301567,-1.612210155,-1.613797426,-1.617337942,-1.615394235,-1.615050197,-1.615921617,-1.617168427,-1.618105888,-1.61989522,-1.619525433,-1.624144554,-1.622364283,-1.625198841,-1.62714541,-1.629739046,-1.628911257,-1.633811116,-1.636882186,-1.638615847,-1.639473081,-1.644987583,-1.641165376,4.7
76,-1.839238882,-1.851508975,-1.84611237,-1.839207768,-1.843545914,-1.838577509,-1.83581841,-1.832384944,-1.827639818,-1.830066562,-1.830299258,-1.826678872,-1.827522516,-1.826474667,-1.829665899,-1.826824665,-1.828074574,-1.833884835,-1.832412839,-1.835693717,-1.837059975,-1.83795166,-1.84058702,-1.839062572,-1.839292765,-1.838263869,-1.836500764,-1.836401105,-1.836423516,-1.834317327,-1.832725883,-1.832497954,-1.831738114,-1.824614882,-1.821437359,-1.809473515,-1.80711174,-1.805398822,-1.799395561,-1.800707936,-1.799689889,-1.800089359,-1.800497174,-1.796386123,-1.800511003,-1.799871325,-1.800084472,-1.801209569,-1.8034904,-1.803318381,-1.802702785,-1.803348184,-1.805259109,-1.80200398,-1.802106619,-1.803006649,-1.799952269,-1.801725864,-1.797842503,-1.794101357,-1.79141283,-1.790050745,-1.786834717,-1.781900644,-1.779186964,-1.775357366,-1.774398923,-1.771422029,-1.768549323,-1.762277007,-1.755807161,-1.74719274,-1.739734888,-1.732885838,-1.727438807,-1.722562313,-1.720422506,-1.719573617,-1.717239261,-1.716044784,-1.713205576,-1.714844584,-1.71595788,-1.713613033,-1.71873498,-1.720167994,-1.720807433,-1.723484635,-1.725666642,-1.728616357,-1.730229378,-1.730496764,-1.7312994,-1.735388994,-1.735731483,-1.737059236,-1.739376307,-1.74034512,-1.74401021,-1.743608952,-1.745941877,-1.745214224,-1.747482538,-1.749336481,-1.750756145,-1.751417756,-1.7516886,-1.753211141,-1.755513787,-1.754464388,-1.755213261,-1.754354596,-1.755030632,-1.754283428,-1.754540205,-1.755642414,-1.755083919,-1.755663872,-1.754000664,-1.754013062,-1.754477859,-1.752592087,-1.753181815,-1.750290275,-1.750625968,-1.749080777,-1.748087406,-1.746658564,-1.748532772,-1.74883306,-1.749478936,-1.750310063,-1.747896075,-1.747588158,-1.749324322,-1.749550939,-1.750649095,-1.746315002,-1.750583649,-1.744473219,-1.743239045,-1.736175895,-1.731686711,-1.717882156,-1.718120456,-1.711633682,-1.707674623,-1.704612255,-1.70234704,-1.701109648,-1.701520681,-1.7020123,-1.70338881,-1.704347372,-1.706920505,-1.709610701,-1.70897913,-1.709444165,-1.712449431,-1.714502454,-1.71623075,-1.717773557,-1.717248082,-1.717656732,-1.719859362,-1.723329306,-1.732463717,-1.731459737,-1.735002637,-1.739236712,-1.74150753,-1.743217587,-1.752612829,-1.755949378,4.5
77,-1.791381001,-1.810710073,-1.801442027,-1.790621638,-1.797827721,-1.792211652,-1.792118788,-1.792520404,-1.782009363,-1.787870288,-1.786746144,-1.78107357,-1.782344818,-1.782995939,-1.784813404,-1.779611349,-1.786684871,-1.789194703,-1.786600709,-1.79037714,-1.79024744,-1.792707324,-1.795267463,-1.792401195,-1.792786121,-1.790877819,-1.790096879,-1.79050076,-1.790214896,-1.78846693,-1.786404252,-1.78540194,-1.785559773,-1.778725147,-1.775936723,-1.764979124,-1.761472344,-1.761356235,-1.755747318,-1.755405545,-1.755445838,-1.755519271,-1.755943179,-1.752421618,-1.755298734,-1.754990339,-1.754834533,-1.756324768,-1.757839203,-1.758144379,-1.757448196,-1.75821209,-1.760015488,-1.757203102,-1.758012414,-1.757645488,-1.755435586,-1.7570647,-1.752516031,-1.75026083,-1.747646809,-1.7465837,-1.742644191,-1.738527179,-1.735906124,-1.732855082,-1.73344624,-1.730948806,-1.729127049,-1.721912503,-1.716737866,-1.708882451,-1.703966022,-1.697851658,-1.694970369,-1.689068079,-1.688281536,-1.687120914,-1.686115742,-1.68498528,-1.681967735,-1.684462667,-1.684982657,-1.68234539,-1.686701298,-1.689912438,-1.689247251,-1.692671299,-1.691990972,-1.69562614,-1.697377324,-1.697627068,-1.697341204,-1.70212853,-1.702382207,-1.702890873,-1.705142617,-1.706039071,-1.708507419,-1.708085537,-1.711855054,-1.711436629,-1.713166714,-1.714848757,-1.716100574,-1.716886163,-1.716253281,-1.717699885,-1.719599962,-1.719313383,-1.720092535,-1.719263077,-1.721083641,-1.72068584,-1.719564915,-1.721928358,-1.72059226,-1.721369147,-1.718772531,-1.719724655,-1.720526934,-1.718537688,-1.71939373,-1.717857242,-1.717050076,-1.715415239,-1.714883089,-1.713733435,-1.717144608,-1.71681881,-1.717410088,-1.718291163,-1.715461016,-1.715255618,-1.716846228,-1.716527224,-1.718187213,-1.714654803,-1.718233228,-1.711359262,-1.712281346,-1.705867648,-1.703156829,-1.694298744,-1.690361142,-1.685829282,-1.683074594,-1.679368615,-1.679007053,-1.678842783,-1.67815578,-1.678675532,-1.679757118,-1.679602623,-1.682424307,-1.684042573,-1.685450315,-1.686363578,-1.688020825,-1.691427112,-1.691223502,-1.692712426,-1.692988634,-1.692054868,-1.692101955,-1.696218371,-1.706053853,-1.705213428,-1.708268285,-1.71269989,-1.712745309,-1.716665983,-1.719740152,-1.728706002,4.3
78,-1.836708665,-1.8492378,-1.839964271,-1.831608415,-1.835469484,-1.837923765,-1.829576373,-1.8298105,-1.820347905,-1.824269056,-1.824643493,-1.819633126,-1.822039127,-1.820662737,-1.821341276,-1.809979081,-1.822290778,-1.828310251,-1.825874925,-1.827816844,-1.829092145,-1.829752803,-1.834719896,-1.831246495,-1.831695557,-1.828220367,-1.82863462,-1.828791738,-1.825613141,-1.825183511,-1.823165774,-1.823165536,-1.821362138,-1.815325737,-1.811909556,-1.799618959,-1.796479225,-1.795936465,-1.789986253,-1.78962791,-1.788895488,-1.789025187,-1.789425492,-1.78608048,-1.788919926,-1.788636327,-1.789079547,-1.78880167,-1.792487502,-1.792258382,-1.791883588,-1.79332149,-1.794407368,-1.790598035,-1.792949915,-1.791394353,-1.789569736,-1.791164398,-1.787492394,-1.784361243,-1.780814171,-1.778652668,-1.774852037,-1.770173073,-1.767102718,-1.762820482,-1.762380242,-1.760362148,-1.756654143,-1.749915719,-1.74153173,-1.732664347,-1.725432396,-1.718315005,-1.712762117,-1.706210375,-1.705636621,-1.703616023,-1.701806188,-1.701707602,-1.69805944,-1.699827313,-1.700198054,-1.697942257,-1.702751637,-1.704800844,-1.705584764,-1.709379792,-1.710683584,-1.715294957,-1.716629982,-1.717436671,-1.718092322,-1.723288536,-1.7239604,-1.724329829,-1.725928664,-1.728189707,-1.731605411,-1.731117368,-1.733689666,-1.734033227,-1.735978484,-1.737728953,-1.738270521,-1.739425063,-1.739825249,-1.740244985,-1.742442369,-1.742414474,-1.744013667,-1.744171143,-1.743881583,-1.743577838,-1.743652582,-1.745711207,-1.744545698,-1.744429588,-1.74237597,-1.742617488,-1.743547082,-1.740913749,-1.74183619,-1.739771962,-1.738170266,-1.736866474,-1.735979676,-1.734549284,-1.73676312,-1.737371802,-1.737221241,-1.736936927,-1.734637737,-1.73326993,-1.736111522,-1.736269236,-1.73793745,-1.733289123,-1.737643719,-1.731021285,-1.730947256,-1.722405195,-1.717953324,-1.700461984,-1.703908086,-1.69839859,-1.694905043,-1.692438722,-1.690561771,-1.69199729,-1.690629601,-1.691029191,-1.691789985,-1.691704988,-1.693204641,-1.697131991,-1.69659245,-1.697147369,-1.700176477,-1.702966928,-1.702520132,-1.706879497,-1.705907822,-1.706039548,-1.704471946,-1.711569071,-1.71831429,-1.719553828,-1.725312471,-1.728376269,-1.729729414,-1.733278036,-1.737684727,-1.74914968,4.2
79,-1.831101894,-1.842125058,-1.835080385,-1.842065454,-1.82899785,-1.825078011,-1.820356965,-1.817416787,-1.822914362,-1.818139911,-1.812431693,-1.809536457,-1.818806291,-1.82021153,-1.806799769,-1.818590164,-1.821709752,-1.817914128,-1.824473739,-1.824366331,-1.822577357,-1.826956272,-1.823508978,-1.825598001,-1.822339296,-1.824442387,-1.825901151,-1.82499373,-1.828343034,-1.817385435,-1.818109632,-1.816528082,-1.813993216,-1.808353782,-1.805722594,-1.800423861,-1.794542789,-1.787813187,-1.787008047,-1.787584305,-1.784297466,-1.785112262,-1.784818411,-1.784901381,-1.781950831,-1.783663511,-1.786396742,-1.783517122,-1.790072322,-1.786419988,-1.787816286,-1.787647724,-1.789759636,-1.790318131,-1.788885355,-1.789170742,-1.786134243,-1.787066221,-1.781513572,-1.782406569,-1.77828908,-1.777344942,-1.774039745,-1.76840651,-1.765015841,-1.763096452,-1.761108875,-1.760104537,-1.7557863,-1.753008842,-1.746620655,-1.736860514,-1.733707309,-1.724822998,-1.721357226,-1.718377829,-1.718753576,-1.714275122,-1.715398908,-1.71437943,-1.714113593,-1.71362114,-1.716214538,-1.715913773,-1.714567423,-1.717657804,-1.716915488,-1.719920397,-1.720792651,-1.722213864,-1.726127386,-1.72633791,-1.727995515,-1.729303479,-1.729809165,-1.732105374,-1.733885884,-1.736003637,-1.73739481,-1.731785774,-1.73679316,-1.737659335,-1.739291906,-1.73933804,-1.740978599,-1.741484046,-1.741931796,-1.742993832,-1.742779613,-1.743465424,-1.744562149,-1.745399237,-1.745932817,-1.746756315,-1.747606039,-1.7451334,-1.746730804,-1.745069146,-1.744982839,-1.745414019,-1.745130658,-1.742027164,-1.742819667,-1.742044687,-1.739552855,-1.740552902,-1.741006136,-1.737239242,-1.738005519,-1.738401651,-1.740277648,-1.737882853,-1.738797545,-1.739709496,-1.740429044,-1.739700675,-1.741499305,-1.738511443,-1.739166617,-1.735289931,-1.733634591,-1.729481816,-1.725272775,-1.711872816,-1.714317918,-1.712976456,-1.705293655,-1.704171181,-1.701626301,-1.702021956,-1.70056355,-1.701276064,-1.70335269,-1.702612877,-1.705260754,-1.70546627,-1.708099008,-1.710582495,-1.709067225,-1.713065028,-1.71479857,-1.711461186,-1.713943601,-1.717879772,-1.717699885,-1.721691966,-1.724084139,-1.724957705,-1.72835052,-1.730219245,-1.734332323,-1.736687064,-1.740843296,-1.748865843,5
80,-1.815483093,-1.813229442,-1.818407774,-1.811736465,-1.80180347,-1.80433917,-1.803884029,-1.790364742,-1.793408513,-1.792763352,-1.788597345,-1.791131377,-1.798224568,-1.785979867,-1.793190479,-1.795724511,-1.788990259,-1.794355392,-1.792920828,-1.799432755,-1.798842907,-1.797965765,-1.795815229,-1.796153307,-1.799085498,-1.794625282,-1.792945147,-1.795224071,-1.793495655,-1.791615129,-1.790560246,-1.789258242,-1.787649751,-1.783516884,-1.778009772,-1.771425486,-1.765274286,-1.763444901,-1.759455323,-1.759183288,-1.759765744,-1.758003712,-1.758896828,-1.75754869,-1.754619956,-1.757923245,-1.758569837,-1.757969379,-1.759452105,-1.75727272,-1.760769367,-1.760225654,-1.75943923,-1.757432222,-1.761391044,-1.759773731,-1.755702496,-1.756344557,-1.754402637,-1.75278914,-1.749637961,-1.747180223,-1.744933605,-1.739949107,-1.737969398,-1.736146569,-1.733831167,-1.731409788,-1.72810638,-1.724189997,-1.718940377,-1.714153171,-1.7073915,-1.699338317,-1.697243929,-1.695004582,-1.694455981,-1.691635251,-1.690414667,-1.690677166,-1.68851018,-1.688728452,-1.689490318,-1.690239787,-1.690189242,-1.693174124,-1.692865372,-1.694517016,-1.69470942,-1.693810344,-1.697735786,-1.69988966,-1.698930621,-1.703251481,-1.704338193,-1.705267549,-1.706488252,-1.707735777,-1.709630489,-1.708607435,-1.710466862,-1.709542871,-1.71161592,-1.710633636,-1.712165594,-1.714188099,-1.716546893,-1.714594483,-1.714761734,-1.715517521,-1.717408657,-1.718031764,-1.719560504,-1.71764493,-1.716380835,-1.715458512,-1.716649532,-1.717462778,-1.715547204,-1.714363575,-1.715809226,-1.715193748,-1.715147614,-1.715361357,-1.713061929,-1.714483857,-1.713935733,-1.714341521,-1.712560892,-1.709474921,-1.712495446,-1.712275386,-1.713435173,-1.711599946,-1.714153767,-1.713491678,-1.712931633,-1.712146044,-1.712834239,-1.709823728,-1.707386255,-1.703628182,-1.698213935,-1.683172226,-1.688491344,-1.689069033,-1.684381485,-1.683058977,-1.681799054,-1.679767132,-1.677736282,-1.679250836,-1.680494905,-1.681596279,-1.682030797,-1.681550503,-1.684385777,-1.683576584,-1.684466839,-1.684656739,-1.686657548,-1.691707015,-1.693391919,-1.693149805,-1.695413351,-1.696486473,-1.697789192,-1.702393293,-1.704619527,-1.706794262,-1.708143711,-1.714315176,-1.715599775,-1.72568059,5.05
81,-1.702543259,-1.723420858,-1.727958202,-1.707315683,-1.709614396,-1.712396264,-1.711137414,-1.703971624,-1.69330442,-1.686206818,-1.701504707,-1.692454457,-1.690958858,-1.697915316,-1.688111305,-1.695902228,-1.697407246,-1.701363325,-1.699682236,-1.702952743,-1.700584054,-1.701375008,-1.70410955,-1.701672077,-1.703266859,-1.701506495,-1.708928585,-1.703939676,-1.700517178,-1.69492507,-1.700652122,-1.692613125,-1.695077181,-1.684159636,-1.682600498,-1.665183187,-1.667914629,-1.658732772,-1.662425995,-1.661470771,-1.654312372,-1.660312772,-1.655839682,-1.656792521,-1.652872324,-1.657048345,-1.660557032,-1.656410098,-1.661747098,-1.659463644,-1.664692998,-1.657996416,-1.66102016,-1.661103249,-1.665721536,-1.66427207,-1.655414462,-1.659467578,-1.653834343,-1.655789256,-1.650294185,-1.648390532,-1.645265698,-1.639281988,-1.639468193,-1.632711887,-1.631344438,-1.631360769,-1.628706574,-1.620961905,-1.61388588,-1.604703546,-1.600557327,-1.593775392,-1.587313175,-1.583478808,-1.582173347,-1.581388474,-1.583440185,-1.58046782,-1.580910921,-1.582778931,-1.581383348,-1.579901695,-1.581525564,-1.585703492,-1.585969448,-1.588948369,-1.588042021,-1.590972543,-1.595270276,-1.594538808,-1.594641209,-1.598884344,-1.601282835,-1.603690386,-1.605369806,-1.605180979,-1.610110164,-1.605906129,-1.610795856,-1.611935973,-1.616531849,-1.615145445,-1.615712762,-1.617506623,-1.615512729,-1.618324161,-1.619306564,-1.620926738,-1.621919036,-1.617713332,-1.620348573,-1.620956779,-1.620431423,-1.620315194,-1.620284319,-1.619807959,-1.623082876,-1.622114301,-1.622953892,-1.616737962,-1.620135784,-1.617901683,-1.615382791,-1.616829872,-1.615130305,-1.614516616,-1.617277026,-1.613166094,-1.616300821,-1.612988234,-1.614828587,-1.614054441,-1.615088224,-1.616764188,-1.618949056,-1.612579465,-1.615988374,-1.609636307,-1.610977292,-1.603220105,-1.597812891,-1.580879211,-1.585606575,-1.581807256,-1.573922515,-1.574658394,-1.574150681,-1.574686885,-1.570266843,-1.571008921,-1.568956733,-1.569632292,-1.575091124,-1.574917793,-1.577608824,-1.582250714,-1.580749989,-1.579868555,-1.589252114,-1.587651968,-1.587800384,-1.590305567,-1.595671654,-1.595075727,-1.600595713,-1.600596428,-1.607000351,-1.609567046,-1.615623355,-1.615269065,-1.621959567,-1.63217032,4
82,-1.74806273,-1.751150608,-1.736650467,-1.73933816,-1.74444592,-1.733402729,-1.733833075,-1.721959352,-1.731642485,-1.718962193,-1.717328906,-1.719299555,-1.728490472,-1.72520864,-1.724677682,-1.741233945,-1.729043961,-1.729685187,-1.729116917,-1.734627843,-1.738962889,-1.734409094,-1.735850811,-1.739976764,-1.739571333,-1.735861778,-1.742493153,-1.736854315,-1.735069752,-1.732120156,-1.728938937,-1.731536627,-1.727998734,-1.720569968,-1.71761775,-1.711551905,-1.703660131,-1.694223046,-1.698809385,-1.690939784,-1.695791245,-1.69282341,-1.696853638,-1.694926023,-1.695031047,-1.693894506,-1.696361899,-1.69464004,-1.699175358,-1.696884394,-1.698609471,-1.699445128,-1.700502872,-1.701841235,-1.699225307,-1.701756835,-1.69749105,-1.69724524,-1.695748568,-1.691439867,-1.689487934,-1.686041832,-1.683207035,-1.67837882,-1.676181436,-1.673773646,-1.670140028,-1.668217778,-1.664306998,-1.660182953,-1.65464139,-1.646600008,-1.637847066,-1.628520012,-1.627289534,-1.622385144,-1.623035431,-1.617411137,-1.617576003,-1.615432024,-1.616077781,-1.616145015,-1.616767406,-1.617218614,-1.617740035,-1.621461868,-1.623264194,-1.624943495,-1.625461459,-1.627272248,-1.630307674,-1.632439852,-1.631795526,-1.633807302,-1.638650179,-1.638279676,-1.640956402,-1.643289447,-1.646614432,-1.643360138,-1.646708131,-1.646418333,-1.650089622,-1.651128292,-1.650816679,-1.651378274,-1.652370214,-1.653570056,-1.654934168,-1.65307188,-1.657191873,-1.656160116,-1.657452583,-1.658969879,-1.658693552,-1.657948494,-1.658311129,-1.659636021,-1.658322096,-1.657067418,-1.656758308,-1.654476404,-1.65752852,-1.655735612,-1.651508927,-1.653754711,-1.652341366,-1.651004195,-1.653354406,-1.653101921,-1.65419364,-1.653350592,-1.653413653,-1.65474689,-1.654191971,-1.653810382,-1.653098822,-1.654400826,-1.653985381,-1.649552345,-1.649747372,-1.643359303,-1.638435841,-1.628381729,-1.624810696,-1.61985445,-1.619008064,-1.613938689,-1.611791015,-1.612456441,-1.609634876,-1.611923337,-1.610111356,-1.612236261,-1.611916304,-1.614110231,-1.617747903,-1.620380759,-1.622450233,-1.621299982,-1.623683453,-1.62319994,-1.62768507,-1.624174833,-1.631438136,-1.630898952,-1.63430953,-1.635222435,-1.637291074,-1.642901659,-1.647886395,-1.647827148,-1.653596878,-1.663012385,4.2
83,-1.810660243,-1.807067513,-1.82220602,-1.805828094,-1.812915564,-1.800546169,-1.804101944,-1.806263566,-1.798155427,-1.796318173,-1.794551373,-1.799080491,-1.795919418,-1.793427825,-1.793502688,-1.802914143,-1.799543619,-1.802543521,-1.80230248,-1.80524528,-1.80373621,-1.803263903,-1.806183457,-1.8058635,-1.806555271,-1.804888606,-1.804632306,-1.802701116,-1.802680373,-1.800769687,-1.799374342,-1.800035596,-1.798998713,-1.792380929,-1.789146662,-1.782748699,-1.773700237,-1.769049883,-1.768432021,-1.766485214,-1.765971422,-1.767838001,-1.76465559,-1.766102314,-1.763472438,-1.766963005,-1.768537402,-1.766183853,-1.767873168,-1.768952608,-1.770093918,-1.769863605,-1.770244241,-1.770105243,-1.77022934,-1.769227624,-1.76804316,-1.768165708,-1.763125658,-1.764287353,-1.758786559,-1.757458329,-1.754362106,-1.749441743,-1.746734858,-1.743792772,-1.740574718,-1.739934921,-1.735890985,-1.731884837,-1.724334717,-1.717295647,-1.708878994,-1.70352757,-1.696532607,-1.693694115,-1.694465041,-1.691199541,-1.692464828,-1.690448523,-1.6903373,-1.690299869,-1.690899968,-1.690864563,-1.691862822,-1.69645083,-1.695823669,-1.696672559,-1.696894407,-1.701481223,-1.703392982,-1.704167128,-1.705153704,-1.708070636,-1.707911015,-1.710329294,-1.712082148,-1.71455431,-1.715214014,-1.71212697,-1.715843558,-1.716896415,-1.720439672,-1.72075212,-1.720980048,-1.721534014,-1.720501781,-1.720445752,-1.72208786,-1.72358644,-1.725324869,-1.725523233,-1.725805759,-1.72566402,-1.724475265,-1.725943089,-1.726786137,-1.726983666,-1.725368261,-1.725480556,-1.725349188,-1.723592997,-1.72302115,-1.721233606,-1.718961716,-1.719616532,-1.718950033,-1.718551517,-1.719162583,-1.716610074,-1.718063712,-1.717952728,-1.71993041,-1.719420552,-1.716738939,-1.718377352,-1.716781259,-1.716945767,-1.719394207,-1.714410305,-1.713757396,-1.707547784,-1.700894833,-1.690289378,-1.688741326,-1.686803222,-1.684200525,-1.680517554,-1.680305719,-1.678555012,-1.675058722,-1.677691936,-1.677394509,-1.678401351,-1.678607345,-1.679670215,-1.683032155,-1.685164213,-1.684464455,-1.684808969,-1.688335419,-1.689742446,-1.689857364,-1.69107604,-1.692349315,-1.694425702,-1.695832253,-1.700599074,-1.70068574,-1.707177043,-1.710333109,-1.711011171,-1.720456004,-1.723875761,4.2
84,-1.812737107,-1.817833781,-1.81220746,-1.812723637,-1.814501524,-1.804644823,-1.809737206,-1.800017238,-1.802364707,-1.795691371,-1.80087173,-1.798985958,-1.804105163,-1.797245979,-1.803527832,-1.805297971,-1.806565762,-1.805928707,-1.806986809,-1.81099093,-1.808058381,-1.810320735,-1.81070137,-1.812351227,-1.81254828,-1.811558127,-1.808423281,-1.811178684,-1.808141947,-1.805645943,-1.805312753,-1.805591106,-1.803920031,-1.799259543,-1.794437528,-1.787557364,-1.782317162,-1.778079867,-1.779530168,-1.776009679,-1.776577473,-1.777051449,-1.775319099,-1.777163148,-1.77554214,-1.77798152,-1.777712226,-1.776533961,-1.777835727,-1.777529597,-1.779418945,-1.779932976,-1.779442549,-1.777301788,-1.779137254,-1.781340122,-1.777715445,-1.778351307,-1.772563457,-1.772885203,-1.770828366,-1.768551826,-1.765082717,-1.760867953,-1.759544134,-1.756433368,-1.75383234,-1.751308322,-1.748431921,-1.743633389,-1.738293886,-1.731541395,-1.723919868,-1.71908772,-1.714217186,-1.711881757,-1.713460088,-1.709856033,-1.708407283,-1.707820892,-1.707475424,-1.707180262,-1.707080126,-1.707008243,-1.707927704,-1.710469961,-1.71094954,-1.712303281,-1.713676333,-1.716389775,-1.718419075,-1.719255924,-1.719896555,-1.721988559,-1.723769069,-1.725921988,-1.724668741,-1.726676822,-1.728937507,-1.726338983,-1.729815841,-1.729029536,-1.733145595,-1.734022737,-1.732594013,-1.733571291,-1.733534813,-1.733997822,-1.735744238,-1.735896111,-1.735790491,-1.735092282,-1.737954855,-1.736806273,-1.736120462,-1.737910509,-1.738901019,-1.737576008,-1.736978173,-1.735615373,-1.736003041,-1.733405232,-1.733997941,-1.732865572,-1.733501673,-1.730392933,-1.729723334,-1.728930712,-1.73073113,-1.730705023,-1.73090291,-1.729260921,-1.730585217,-1.731431127,-1.732342005,-1.734041452,-1.730766058,-1.730784774,-1.731037617,-1.728057146,-1.725435853,-1.72102797,-1.715696931,-1.705727935,-1.703768015,-1.701218367,-1.696959734,-1.695327401,-1.694629908,-1.693557024,-1.692245603,-1.693763137,-1.692903399,-1.694065452,-1.693210006,-1.695409179,-1.696613073,-1.697914004,-1.69919157,-1.702194452,-1.705259085,-1.706280947,-1.705068827,-1.70846796,-1.7089113,-1.71152699,-1.71206367,-1.715118885,-1.71821177,-1.720283031,-1.722249508,-1.727356315,-1.730131984,-1.733698368,4.6
85,-1.77317524,-1.78184557,-1.775279045,-1.768767715,-1.765772581,-1.775283217,-1.765541911,-1.768953204,-1.758375764,-1.758609414,-1.750703692,-1.757029653,-1.760695457,-1.762618184,-1.762719274,-1.75146842,-1.768401623,-1.763400912,-1.7661165,-1.76915431,-1.770819068,-1.772178888,-1.771827102,-1.77396214,-1.773548365,-1.775331974,-1.774119616,-1.772745967,-1.77189362,-1.767788649,-1.767886043,-1.767915964,-1.761001348,-1.758464694,-1.750627875,-1.743587732,-1.736476421,-1.729075909,-1.729447126,-1.732734203,-1.72752893,-1.728459239,-1.728449702,-1.727731466,-1.72919333,-1.730622053,-1.732092857,-1.732052445,-1.735120296,-1.734208465,-1.735220551,-1.735359311,-1.73490119,-1.73548317,-1.736249924,-1.733659029,-1.732035875,-1.730266452,-1.729576945,-1.724969506,-1.721758485,-1.71818471,-1.715816855,-1.712046623,-1.709307194,-1.705434084,-1.702869892,-1.700137258,-1.69705081,-1.691939831,-1.687570214,-1.677659273,-1.669817567,-1.661486149,-1.660003185,-1.655385613,-1.656240344,-1.652550578,-1.653483629,-1.652819633,-1.651291609,-1.652796507,-1.653619289,-1.653633595,-1.655103087,-1.656727791,-1.658436894,-1.659682155,-1.6593678,-1.661284208,-1.664004683,-1.664934874,-1.664527178,-1.667639256,-1.670364261,-1.670027971,-1.671057582,-1.673355579,-1.67363131,-1.673186541,-1.676947474,-1.67721653,-1.680611491,-1.680371404,-1.682355404,-1.681889653,-1.683223724,-1.680802464,-1.684152961,-1.686666131,-1.68659699,-1.684135437,-1.685510159,-1.687312007,-1.687290311,-1.686446667,-1.688843966,-1.687520266,-1.688174725,-1.687093973,-1.689360619,-1.686072588,-1.687627912,-1.684524536,-1.683131814,-1.681560755,-1.684116364,-1.678703904,-1.680914283,-1.681420803,-1.681225657,-1.680503368,-1.68166101,-1.681923032,-1.682209134,-1.683822632,-1.687326074,-1.683200121,-1.684788585,-1.681609273,-1.676455736,-1.673601389,-1.670865059,-1.674087167,-1.661632061,-1.65674603,-1.655582428,-1.651592493,-1.650538445,-1.651263595,-1.650102615,-1.651397705,-1.6488415,-1.648322582,-1.648950577,-1.650964856,-1.653191805,-1.65511477,-1.654635906,-1.65627718,-1.65652132,-1.658731461,-1.664745331,-1.662978053,-1.669114113,-1.669112563,-1.671067119,-1.670558572,-1.671213746,-1.675694942,-1.678479791,-1.685667276,-1.687276363,-1.693556905,3.95
86,-1.716302514,-1.728260875,-1.717992902,-1.709767818,-1.706595063,-1.718078613,-1.711485982,-1.705187082,-1.698072314,-1.697551966,-1.692706823,-1.693457603,-1.70233047,-1.700387836,-1.706492186,-1.694677949,-1.708610654,-1.705539942,-1.708325505,-1.710512877,-1.712821722,-1.713452339,-1.714299321,-1.714212179,-1.716231346,-1.71683085,-1.713757992,-1.712911248,-1.713025928,-1.709726095,-1.707025766,-1.708118916,-1.701883912,-1.698322654,-1.690566897,-1.679374695,-1.674073696,-1.664461017,-1.663223863,-1.669488907,-1.662724137,-1.663477063,-1.663088918,-1.663033962,-1.664911032,-1.666375399,-1.668028474,-1.667684078,-1.669783831,-1.670096517,-1.670204997,-1.671637058,-1.670210838,-1.672675967,-1.672008276,-1.67083621,-1.668045402,-1.665863395,-1.665058255,-1.660822868,-1.657858849,-1.65139091,-1.648322821,-1.644234896,-1.641022682,-1.636785507,-1.633973598,-1.631154418,-1.626582861,-1.620198727,-1.615580916,-1.605101347,-1.597026825,-1.588038325,-1.586173415,-1.581537366,-1.581461787,-1.577342153,-1.579523325,-1.579277158,-1.5769068,-1.576748013,-1.578985095,-1.579455495,-1.581377387,-1.583398342,-1.583447933,-1.584425569,-1.585775495,-1.588600516,-1.591758013,-1.591063499,-1.591652513,-1.594372749,-1.598302722,-1.597316265,-1.598688364,-1.60157311,-1.601971507,-1.600332856,-1.604649305,-1.603978515,-1.608875155,-1.608371973,-1.608994484,-1.609591484,-1.611447453,-1.608334303,-1.612192154,-1.614739299,-1.613259912,-1.612506509,-1.613034606,-1.615057588,-1.615846038,-1.613372684,-1.617556214,-1.615444064,-1.614783525,-1.614843845,-1.617294312,-1.615113497,-1.61563766,-1.612601161,-1.611350417,-1.608922601,-1.612439156,-1.605093718,-1.607386231,-1.60828042,-1.608791471,-1.60786581,-1.610252738,-1.609390855,-1.609285712,-1.611161947,-1.614655375,-1.610176325,-1.612692356,-1.607905865,-1.60198462,-1.59909761,-1.597512007,-1.592837334,-1.586432099,-1.5812397,-1.58104682,-1.577483416,-1.575639963,-1.576732159,-1.574993014,-1.578516483,-1.574931979,-1.574994087,-1.575526118,-1.579342365,-1.582645535,-1.581476688,-1.58221209,-1.582774162,-1.584597468,-1.585744143,-1.592321992,-1.591374397,-1.595823884,-1.596891642,-1.598729849,-1.59954083,-1.60237658,-1.606680274,-1.610337377,-1.616690397,-1.616739035,-1.6257025,3.8
87,-1.762944579,-1.782842398,-1.759954333,-1.767722845,-1.75860858,-1.771568775,-1.764970422,-1.762203693,-1.757423639,-1.752345562,-1.746284366,-1.754527688,-1.756424427,-1.755622387,-1.760932088,-1.750720263,-1.763144851,-1.762186289,-1.761951923,-1.765048265,-1.76677525,-1.768233418,-1.768794537,-1.769073009,-1.771808624,-1.770580888,-1.771521211,-1.766594768,-1.767701268,-1.765485168,-1.763703585,-1.763198733,-1.758439064,-1.756136417,-1.749412298,-1.740727186,-1.736224651,-1.728573918,-1.730490088,-1.732024431,-1.727013469,-1.727746725,-1.728053808,-1.728517771,-1.729707956,-1.728855252,-1.732119322,-1.730209589,-1.734471321,-1.733328223,-1.734612823,-1.735301256,-1.733920813,-1.735384583,-1.73535502,-1.734046221,-1.73178947,-1.730516911,-1.729765058,-1.725985289,-1.723443985,-1.718924284,-1.716549277,-1.713000417,-1.710476637,-1.706974506,-1.70496726,-1.703960776,-1.699907422,-1.694481969,-1.690756083,-1.682790279,-1.675542116,-1.667741179,-1.666174889,-1.663123846,-1.663343549,-1.659811974,-1.66125083,-1.661199689,-1.660007715,-1.659234047,-1.661412835,-1.661640644,-1.663296342,-1.664223194,-1.664894342,-1.665838122,-1.6666677,-1.670704246,-1.671699047,-1.671018004,-1.672880411,-1.674837112,-1.678203106,-1.676360369,-1.677952647,-1.679653525,-1.680219769,-1.679904222,-1.682798624,-1.683466434,-1.686487079,-1.685817361,-1.68800509,-1.688153028,-1.68962419,-1.687482238,-1.690473437,-1.691981435,-1.692978501,-1.690036178,-1.691355944,-1.692745566,-1.693238616,-1.690865636,-1.693640351,-1.692480922,-1.692220092,-1.692805886,-1.694951177,-1.692190766,-1.692261219,-1.689546108,-1.688512564,-1.688216567,-1.688132167,-1.684569478,-1.686410666,-1.686066389,-1.687165499,-1.687879682,-1.68918252,-1.687912345,-1.688163757,-1.689244032,-1.693463206,-1.689072251,-1.689789772,-1.686887741,-1.683657408,-1.679822803,-1.678270698,-1.674406886,-1.670540333,-1.664522409,-1.664717436,-1.663178205,-1.660063505,-1.660607696,-1.65893805,-1.660419822,-1.658919215,-1.659211278,-1.658863187,-1.661795974,-1.663349271,-1.66601634,-1.666470408,-1.666843772,-1.666239858,-1.667874932,-1.673913598,-1.67128551,-1.678119063,-1.67644906,-1.678709984,-1.680187702,-1.681117296,-1.682045102,-1.686086893,-1.690833569,-1.691060066,-1.694782734,4.15
88,-1.828727603,-1.829837918,-1.829468369,-1.822153687,-1.817457557,-1.815012455,-1.819865465,-1.815210104,-1.80806756,-1.807740211,-1.806974053,-1.807952404,-1.805343866,-1.804444313,-1.811898351,-1.819855213,-1.810595393,-1.812868953,-1.816815257,-1.81369698,-1.818929076,-1.819698453,-1.823565006,-1.820412517,-1.819328904,-1.819375634,-1.818720579,-1.817305446,-1.81489718,-1.815574169,-1.814198971,-1.814992547,-1.811013818,-1.809051752,-1.802397013,-1.794247627,-1.788462639,-1.785678625,-1.784062028,-1.784615397,-1.783521295,-1.781975269,-1.784188747,-1.784057498,-1.783337712,-1.784263134,-1.787221551,-1.784753561,-1.783616781,-1.783617496,-1.785694599,-1.784674644,-1.787850738,-1.78600347,-1.789814472,-1.787739754,-1.785251737,-1.7833215,-1.780398011,-1.779525995,-1.778525591,-1.776257873,-1.772497058,-1.769549131,-1.767209768,-1.765406609,-1.761634469,-1.759854555,-1.758177996,-1.755144238,-1.748930335,-1.744451761,-1.737666726,-1.731270432,-1.729199648,-1.727226377,-1.727177024,-1.724493504,-1.723269224,-1.724569559,-1.722219586,-1.724257231,-1.72241962,-1.722305655,-1.723329544,-1.725603461,-1.725848317,-1.727399349,-1.727234721,-1.728106499,-1.731848121,-1.733210087,-1.732820988,-1.736649871,-1.738369226,-1.737637758,-1.738027096,-1.737203479,-1.742663503,-1.741087198,-1.743884087,-1.743854046,-1.746583819,-1.747194171,-1.747570992,-1.748781085,-1.746378422,-1.74725306,-1.748479247,-1.74844265,-1.748541594,-1.750374675,-1.751369476,-1.751467347,-1.750691533,-1.750302672,-1.752112746,-1.750652075,-1.750052691,-1.749344349,-1.75119257,-1.749466062,-1.750044823,-1.750563502,-1.749356985,-1.74845624,-1.745931268,-1.744614601,-1.746759534,-1.746128201,-1.74773562,-1.743639469,-1.743735433,-1.74549365,-1.744695544,-1.747833371,-1.748559237,-1.746725917,-1.747044683,-1.74398613,-1.7411865,-1.739914536,-1.733771324,-1.720402956,-1.725791216,-1.721330643,-1.717653632,-1.717643738,-1.716557384,-1.715982318,-1.717150331,-1.718669653,-1.716606617,-1.715204,-1.718142748,-1.721626163,-1.724711061,-1.725093961,-1.723020673,-1.725247502,-1.724813819,-1.726710796,-1.725713611,-1.72901082,-1.730727792,-1.734347105,-1.737562895,-1.737725139,-1.737155914,-1.74306643,-1.744961739,-1.744144559,-1.752089977,-1.757068038,4.05
89,-1.738721848,-1.758936048,-1.749372602,-1.743276238,-1.736697912,-1.748035789,-1.73610568,-1.740617514,-1.72973609,-1.727410913,-1.720870137,-1.723969102,-1.732617259,-1.727592945,-1.733896971,-1.724325061,-1.73855722,-1.734672785,-1.735787749,-1.736131787,-1.739135981,-1.742229819,-1.741182208,-1.741309643,-1.742422462,-1.743362546,-1.742072463,-1.740156651,-1.741196275,-1.736668825,-1.73658812,-1.735526562,-1.731998086,-1.726748347,-1.719852328,-1.712788224,-1.706610203,-1.699034333,-1.699848771,-1.701895356,-1.699200511,-1.697970033,-1.698458552,-1.697784543,-1.698584795,-1.699308872,-1.70265758,-1.700566769,-1.701596856,-1.703436732,-1.70339942,-1.705024481,-1.704362631,-1.704381227,-1.707159162,-1.704126,-1.701616287,-1.701243997,-1.698539376,-1.695320487,-1.692500114,-1.688822389,-1.68704474,-1.683029294,-1.681594968,-1.677428365,-1.674209118,-1.671463132,-1.668505311,-1.663419843,-1.65829587,-1.651219487,-1.643129349,-1.63526535,-1.631778359,-1.62872386,-1.630858183,-1.627035975,-1.628201365,-1.626602173,-1.625178099,-1.627616644,-1.627931952,-1.626632929,-1.629598498,-1.630454421,-1.632019162,-1.633400202,-1.633189201,-1.635423303,-1.638604283,-1.637946486,-1.638960242,-1.641704679,-1.64378202,-1.643897533,-1.644446373,-1.64753747,-1.648984909,-1.645496607,-1.65051651,-1.649803519,-1.653802991,-1.654701114,-1.656571388,-1.655770421,-1.656214833,-1.654245377,-1.655973554,-1.658236384,-1.658694267,-1.657203317,-1.658329606,-1.660191059,-1.660048842,-1.658303261,-1.660668135,-1.659890532,-1.659599304,-1.659498453,-1.662032366,-1.659292102,-1.660637856,-1.65541923,-1.654655576,-1.653909087,-1.654712915,-1.649003386,-1.653048038,-1.652354479,-1.65235126,-1.653127909,-1.65468204,-1.653727174,-1.653256536,-1.655049682,-1.659614325,-1.655378461,-1.655579805,-1.653254271,-1.649034739,-1.645249248,-1.641979337,-1.640741348,-1.631897449,-1.627916098,-1.626913786,-1.623482704,-1.622222781,-1.623269916,-1.622456908,-1.623594642,-1.621658921,-1.620511889,-1.621452928,-1.62522459,-1.626688719,-1.628053904,-1.626027703,-1.628944039,-1.627873182,-1.630567789,-1.63605392,-1.635659456,-1.641966701,-1.642232656,-1.644179106,-1.645853996,-1.646332264,-1.650414944,-1.653330684,-1.659587026,-1.660768747,-1.6659863,4.05
90,-1.721471906,-1.713427186,-1.735036254,-1.716854811,-1.71916604,-1.712809682,-1.709403396,-1.705614328,-1.701510191,-1.694039702,-1.698705673,-1.689466357,-1.69511652,-1.70234561,-1.69363749,-1.696742773,-1.701001525,-1.705449104,-1.700212359,-1.704993963,-1.705282092,-1.704869151,-1.708290696,-1.704818606,-1.70794332,-1.705677867,-1.709851503,-1.707873583,-1.702952147,-1.700004697,-1.700736761,-1.698832393,-1.698792577,-1.686443448,-1.683652282,-1.669409752,-1.667644024,-1.657940269,-1.65872705,-1.657130599,-1.654767394,-1.657214642,-1.657103062,-1.656033397,-1.652785182,-1.656108022,-1.659736156,-1.655688643,-1.659666896,-1.657200217,-1.662187696,-1.657467127,-1.660893321,-1.660399079,-1.663185358,-1.66178453,-1.654414773,-1.656854272,-1.651455641,-1.652833104,-1.646924257,-1.644881129,-1.639016271,-1.634522676,-1.633016467,-1.627258182,-1.624447942,-1.622731805,-1.620570183,-1.612733841,-1.606657386,-1.5970608,-1.592591166,-1.584248304,-1.581738949,-1.577911735,-1.576511264,-1.575049996,-1.576999545,-1.575663209,-1.573956847,-1.577026725,-1.576495171,-1.574590206,-1.576570272,-1.57946074,-1.580040216,-1.582926869,-1.580801368,-1.584724069,-1.587649226,-1.587317348,-1.586912632,-1.591566324,-1.593044996,-1.5962255,-1.595744848,-1.596680641,-1.60118258,-1.598477483,-1.601278067,-1.601883173,-1.606889129,-1.606366158,-1.60656178,-1.609205961,-1.609510422,-1.610091567,-1.610510707,-1.610510707,-1.614077091,-1.609400511,-1.611887932,-1.612390041,-1.612268925,-1.612405777,-1.612304449,-1.612543583,-1.614255905,-1.614185095,-1.614208579,-1.607893229,-1.6110605,-1.608500123,-1.606437206,-1.608602405,-1.608124495,-1.605554342,-1.60720706,-1.603463173,-1.607036233,-1.603736997,-1.605873585,-1.606332898,-1.607098818,-1.608042121,-1.610019207,-1.606346965,-1.606278896,-1.601603031,-1.601377726,-1.595674634,-1.592148304,-1.575085163,-1.582224727,-1.578885317,-1.571818113,-1.572054505,-1.572457194,-1.572431684,-1.569528699,-1.570492625,-1.569240093,-1.568349361,-1.575039625,-1.575129986,-1.574955344,-1.580015063,-1.578574896,-1.577759624,-1.586113334,-1.584434032,-1.586191773,-1.585623741,-1.591472268,-1.592282534,-1.596840382,-1.598315001,-1.602090597,-1.604972363,-1.608493447,-1.60770762,-1.61894846,-1.629371524,4.2
91,-1.728437901,-1.734167337,-1.750108123,-1.727796197,-1.732262969,-1.731215596,-1.728584409,-1.724745035,-1.710771561,-1.70868504,-1.714460254,-1.708475232,-1.707761884,-1.716826797,-1.7098701,-1.723969102,-1.72340548,-1.723011017,-1.719572067,-1.72580862,-1.721576571,-1.722359776,-1.727760553,-1.722851634,-1.726810217,-1.723186493,-1.733644366,-1.725885153,-1.721650362,-1.718420267,-1.721931934,-1.71524334,-1.717717171,-1.705899358,-1.703616381,-1.689044237,-1.686861992,-1.676683903,-1.680663824,-1.678079009,-1.672605276,-1.678403854,-1.67527473,-1.675544739,-1.670347095,-1.674912214,-1.679909706,-1.674361467,-1.679203153,-1.676717758,-1.681973219,-1.676240206,-1.68025136,-1.679730296,-1.683217168,-1.681959987,-1.674260974,-1.676552296,-1.670251966,-1.67351985,-1.6670295,-1.664328098,-1.659015656,-1.653747082,-1.652294636,-1.645478606,-1.642150521,-1.640701532,-1.638249516,-1.629266381,-1.622379899,-1.610200524,-1.605737686,-1.597551465,-1.590334177,-1.586569548,-1.586114168,-1.58475101,-1.586069107,-1.582164407,-1.58259666,-1.585309744,-1.583871484,-1.583088398,-1.584350586,-1.588846564,-1.588905811,-1.591376424,-1.591356158,-1.594667435,-1.597794294,-1.598478913,-1.597929239,-1.602805257,-1.606300831,-1.607953906,-1.6089468,-1.609913111,-1.614362955,-1.610485196,-1.614167333,-1.615845084,-1.622196794,-1.620250225,-1.620899677,-1.62263751,-1.622667551,-1.624725223,-1.623671532,-1.624968648,-1.628109455,-1.622931361,-1.626863956,-1.627883077,-1.62608397,-1.627059817,-1.62618649,-1.62757802,-1.628887653,-1.627679706,-1.628692627,-1.622538328,-1.624363899,-1.621809244,-1.619713783,-1.620216131,-1.618837476,-1.617669582,-1.620654225,-1.615628362,-1.619790554,-1.616548777,-1.618329525,-1.620417833,-1.620052218,-1.621304274,-1.622431159,-1.618200064,-1.619722486,-1.613812089,-1.612449884,-1.605742812,-1.598418832,-1.585867286,-1.587235928,-1.582356572,-1.577189088,-1.576013446,-1.575303555,-1.576464057,-1.571636438,-1.571865678,-1.570547462,-1.56981349,-1.575598001,-1.576013565,-1.577917576,-1.582613349,-1.581554532,-1.580233693,-1.589049101,-1.586445332,-1.589276314,-1.589725971,-1.597288847,-1.597935081,-1.601904154,-1.603439569,-1.609464645,-1.610880494,-1.616063833,-1.616497636,-1.627773881,-1.63539803,3.45
92,-1.746673346,-1.764463186,-1.754319549,-1.753943086,-1.752337694,-1.748088241,-1.744736433,-1.734348059,-1.735703945,-1.736330986,-1.728043556,-1.730671644,-1.735837221,-1.732547164,-1.738582969,-1.736513615,-1.738779306,-1.741081119,-1.738383293,-1.74027133,-1.747203231,-1.742388487,-1.745213032,-1.743711114,-1.744773626,-1.747246385,-1.742221713,-1.744482279,-1.742191672,-1.742596269,-1.741778135,-1.737880468,-1.739038348,-1.732829571,-1.727168202,-1.722205997,-1.713525057,-1.712011576,-1.707810521,-1.708682418,-1.705067754,-1.705119729,-1.706342101,-1.706160545,-1.70625627,-1.709313512,-1.706526399,-1.705104351,-1.709145069,-1.706742167,-1.710694671,-1.708428621,-1.710698009,-1.710939407,-1.711123109,-1.709594131,-1.707969427,-1.708629847,-1.704678416,-1.70466733,-1.700954676,-1.699170947,-1.694514632,-1.691403866,-1.688934565,-1.684782505,-1.683655739,-1.6816324,-1.679647923,-1.67377758,-1.669910073,-1.660066843,-1.653436303,-1.650543094,-1.6426723,-1.639834166,-1.639457464,-1.636914134,-1.637383461,-1.633884549,-1.63358283,-1.634159088,-1.633108616,-1.633325934,-1.635599256,-1.638370156,-1.639378548,-1.640941143,-1.640000463,-1.644438744,-1.646202207,-1.64738667,-1.644908667,-1.650380492,-1.651843905,-1.652643681,-1.654474258,-1.65438056,-1.659038663,-1.655751944,-1.661418319,-1.662277341,-1.663023829,-1.662169814,-1.662851214,-1.664703846,-1.665592313,-1.664863825,-1.667719841,-1.667993784,-1.666781664,-1.665677667,-1.667822123,-1.668066859,-1.668304682,-1.670481205,-1.667858958,-1.667765141,-1.670432806,-1.669455051,-1.669454575,-1.666403532,-1.667308331,-1.666115165,-1.663818479,-1.66375196,-1.66382432,-1.663036942,-1.664903522,-1.661141157,-1.662479877,-1.66326344,-1.662891269,-1.663770676,-1.665938497,-1.665017605,-1.668101549,-1.663633347,-1.663369656,-1.659251094,-1.659190059,-1.652910233,-1.650227904,-1.647946119,-1.636314273,-1.6307652,-1.626321673,-1.62088263,-1.62443459,-1.622246504,-1.62070024,-1.62188518,-1.621409178,-1.622148514,-1.622977972,-1.626209378,-1.625385404,-1.628152609,-1.6302526,-1.631549358,-1.63534081,-1.63610971,-1.636978745,-1.640197396,-1.640172124,-1.643253684,-1.646322131,-1.64766264,-1.650665045,-1.65478456,-1.656553507,-1.662221551,-1.664117813,-1.672820926,3.95
93,-1.697877526,-1.708842635,-1.700219393,-1.701587439,-1.700964689,-1.69968617,-1.690999269,-1.67916584,-1.685049891,-1.680608153,-1.673390508,-1.677506328,-1.681953907,-1.67992115,-1.687699795,-1.685671926,-1.684169054,-1.689317822,-1.683649421,-1.685772061,-1.694809794,-1.690844178,-1.690083623,-1.692124605,-1.691785455,-1.693776011,-1.685650706,-1.690008402,-1.688807726,-1.68797183,-1.685818911,-1.681528926,-1.683576584,-1.677056193,-1.670394897,-1.665860295,-1.655291796,-1.650779128,-1.651319623,-1.648839474,-1.647772193,-1.64501977,-1.648095489,-1.646924376,-1.648417473,-1.650559783,-1.646689057,-1.645924211,-1.649488807,-1.647869468,-1.653496146,-1.648814797,-1.653357506,-1.652432323,-1.651369691,-1.649888873,-1.648862004,-1.65024662,-1.645405293,-1.644791126,-1.640848756,-1.637812734,-1.633077502,-1.628519416,-1.626072526,-1.620157003,-1.61980021,-1.617194057,-1.613431931,-1.605909705,-1.60245502,-1.589515567,-1.58351028,-1.579700232,-1.569947243,-1.568118215,-1.568096995,-1.564753056,-1.564378619,-1.561417103,-1.560144424,-1.558176875,-1.559854984,-1.559408784,-1.563364387,-1.566105962,-1.570114732,-1.568402886,-1.568775058,-1.573150039,-1.575907707,-1.576397419,-1.572876811,-1.580103278,-1.58203578,-1.58024466,-1.583245039,-1.584222317,-1.589509368,-1.584297657,-1.591271281,-1.59213841,-1.592218041,-1.591765046,-1.591773391,-1.595485926,-1.596479416,-1.595541835,-1.597089291,-1.597690821,-1.597778797,-1.596174479,-1.598835588,-1.599131942,-1.600313306,-1.600801945,-1.599050403,-1.598430395,-1.60079813,-1.600760818,-1.601086259,-1.597637415,-1.598026514,-1.598777771,-1.593441963,-1.595453024,-1.593706727,-1.591981649,-1.594529271,-1.592703223,-1.5946455,-1.595846534,-1.596477389,-1.596220493,-1.598482251,-1.597565413,-1.600415826,-1.595076084,-1.594488621,-1.591099024,-1.591083407,-1.586066365,-1.582131267,-1.58035171,-1.566887736,-1.561944723,-1.558153033,-1.554190755,-1.556174517,-1.554330468,-1.553358316,-1.555318713,-1.555239916,-1.554959655,-1.553753018,-1.557959557,-1.557909846,-1.561392307,-1.564517498,-1.564107776,-1.568536639,-1.567418218,-1.568668842,-1.573438168,-1.573360682,-1.576760292,-1.57831502,-1.580215812,-1.58614552,-1.590608597,-1.592141271,-1.598677278,-1.598374486,-1.607720256,3.8499999999999996
94,-1.783824801,-1.785969019,-1.776923299,-1.768565774,-1.766065836,-1.756152749,-1.760287166,-1.752846718,-1.751131535,-1.752116203,-1.751060247,-1.751179099,-1.752934337,-1.75104928,-1.756313324,-1.751397133,-1.75427115,-1.752970934,-1.758008003,-1.756097913,-1.759026289,-1.75854075,-1.761955738,-1.763497829,-1.757074833,-1.762092352,-1.758154035,-1.760416865,-1.757372856,-1.752536297,-1.751427412,-1.75207305,-1.749217868,-1.74447751,-1.740159392,-1.730319381,-1.720497847,-1.718325138,-1.71638763,-1.714403033,-1.714309335,-1.71199584,-1.710215211,-1.7105546,-1.710883021,-1.711410522,-1.712661862,-1.711696982,-1.714157581,-1.714905739,-1.713976145,-1.714837432,-1.71467042,-1.715410709,-1.715842366,-1.713790536,-1.713891983,-1.711221695,-1.708680987,-1.705305457,-1.706221819,-1.701711297,-1.699243307,-1.693585753,-1.687043309,-1.686433673,-1.682727814,-1.680591106,-1.676257849,-1.671316981,-1.665031552,-1.653734088,-1.642666578,-1.634290934,-1.628263235,-1.623081326,-1.620099545,-1.616811991,-1.617346048,-1.616181135,-1.613225937,-1.61854291,-1.615709305,-1.613473177,-1.614835024,-1.616372466,-1.617554307,-1.623378158,-1.623539805,-1.627103806,-1.628875852,-1.630653977,-1.631172538,-1.634386182,-1.635154009,-1.637560368,-1.63997519,-1.643352509,-1.646425843,-1.644456387,-1.648621321,-1.647223592,-1.651302338,-1.651174068,-1.651476383,-1.654361606,-1.657610774,-1.658391118,-1.657689571,-1.657853961,-1.656035781,-1.656408072,-1.658023357,-1.658919215,-1.658363223,-1.659727454,-1.661542058,-1.659284711,-1.658112764,-1.660108328,-1.660924554,-1.657539368,-1.657719493,-1.657428622,-1.653795242,-1.653132915,-1.653897405,-1.652296185,-1.651140332,-1.648696899,-1.651697874,-1.652761459,-1.653128624,-1.649387836,-1.653918743,-1.653507352,-1.653620481,-1.653978109,-1.653484941,-1.648288131,-1.642976761,-1.639766932,-1.630424023,-1.627779961,-1.61079812,-1.606625676,-1.600136042,-1.595741749,-1.594992518,-1.590569735,-1.593293071,-1.594663858,-1.591949701,-1.595990777,-1.594838142,-1.593818188,-1.596664667,-1.599125385,-1.603794336,-1.607083201,-1.606758952,-1.610607147,-1.610694408,-1.615121722,-1.618043661,-1.621605277,-1.62447834,-1.629046202,-1.633056879,-1.634630084,-1.641154766,-1.642852902,-1.653066754,-1.660000801,3.6500000000000004
95,-1.749228954,-1.753237605,-1.736403823,-1.721869707,-1.724774599,-1.714245319,-1.712841153,-1.707482696,-1.704682708,-1.698055029,-1.6972754,-1.699878573,-1.694825411,-1.693967342,-1.7047019,-1.695218801,-1.692985773,-1.696760893,-1.702777505,-1.695919275,-1.696748137,-1.698389053,-1.700677037,-1.705996156,-1.694954634,-1.70129776,-1.691743135,-1.698975682,-1.693717241,-1.689921737,-1.689756751,-1.687449813,-1.684590816,-1.680640936,-1.675747991,-1.662261605,-1.650979519,-1.651391149,-1.649603844,-1.647601485,-1.645615339,-1.642223477,-1.643198252,-1.642219424,-1.645514369,-1.643034339,-1.643423438,-1.644428372,-1.64483285,-1.64872241,-1.645675778,-1.647113442,-1.64558816,-1.646084547,-1.645967722,-1.644474864,-1.644178152,-1.641326427,-1.640042424,-1.635627151,-1.636095643,-1.630071998,-1.628501654,-1.623494506,-1.61515367,-1.614340901,-1.611213803,-1.611608505,-1.60507381,-1.599028587,-1.594504476,-1.583427906,-1.571982026,-1.566285849,-1.558963895,-1.555482268,-1.551279664,-1.549579263,-1.550002933,-1.54771328,-1.546573281,-1.550096989,-1.547725558,-1.546059847,-1.548341274,-1.548619986,-1.550964236,-1.55693531,-1.557270169,-1.559800029,-1.561830521,-1.563208222,-1.564612627,-1.565828443,-1.56779325,-1.569518089,-1.571578145,-1.5734514,-1.575971127,-1.576297283,-1.58078301,-1.579101205,-1.581513286,-1.582452774,-1.582337499,-1.585205317,-1.588716626,-1.588602781,-1.588057756,-1.589203238,-1.587132573,-1.5862782,-1.587727666,-1.588830352,-1.590420485,-1.589882493,-1.591832161,-1.590120435,-1.590588808,-1.592750788,-1.592149019,-1.588891149,-1.589427829,-1.587967992,-1.585057855,-1.5834589,-1.587113976,-1.584851146,-1.583315611,-1.582516432,-1.582196593,-1.584643841,-1.584111929,-1.582687736,-1.587167621,-1.585502028,-1.58836925,-1.588572502,-1.586588502,-1.58186686,-1.576994538,-1.575497985,-1.566778302,-1.560724616,-1.54933989,-1.544007778,-1.536504745,-1.53405273,-1.532501221,-1.528333306,-1.534219027,-1.532116175,-1.533362627,-1.53754425,-1.533709645,-1.533197045,-1.534314752,-1.537040234,-1.541785359,-1.546776295,-1.547977805,-1.549426317,-1.550253749,-1.554075718,-1.558864117,-1.560049653,-1.559081078,-1.569645286,-1.573909283,-1.576810479,-1.584629774,-1.591713428,-1.600621343,-1.608555913,3.9
96,-1.806209326,-1.814050674,-1.789049745,-1.778421402,-1.777270675,-1.766075969,-1.766845107,-1.762691617,-1.762547374,-1.752520442,-1.751648545,-1.756556034,-1.753929615,-1.751381159,-1.759179235,-1.745813847,-1.749921441,-1.7482301,-1.756529331,-1.751216292,-1.754195571,-1.752487063,-1.753849268,-1.759474635,-1.750521064,-1.755284429,-1.748027802,-1.752585173,-1.749605179,-1.74511981,-1.743869781,-1.74309504,-1.739189625,-1.734969616,-1.730755448,-1.717992783,-1.708741546,-1.70817554,-1.709416151,-1.703401566,-1.702730894,-1.700803757,-1.701139569,-1.698019862,-1.702191234,-1.699652195,-1.70154202,-1.700967789,-1.702534437,-1.705607653,-1.703208923,-1.704127312,-1.701900482,-1.703448534,-1.703099132,-1.702768087,-1.701665163,-1.69892621,-1.696798444,-1.693209529,-1.694145083,-1.688423395,-1.685721993,-1.681606054,-1.675630569,-1.674166918,-1.670812845,-1.668600917,-1.666599989,-1.660457253,-1.656530023,-1.646902084,-1.636090517,-1.628712416,-1.62506187,-1.623389482,-1.617999315,-1.616371155,-1.614225507,-1.614327073,-1.611465454,-1.617831588,-1.614496589,-1.614362597,-1.614457011,-1.614284635,-1.616292953,-1.620986938,-1.621587038,-1.625027061,-1.624703884,-1.626930118,-1.627328634,-1.630030274,-1.629560709,-1.630483747,-1.63397646,-1.635368466,-1.639892578,-1.640250564,-1.64186728,-1.640401363,-1.64202559,-1.643999696,-1.643176913,-1.64565897,-1.649614811,-1.649883628,-1.646752715,-1.649335861,-1.645529032,-1.646271944,-1.647443056,-1.648135424,-1.649779797,-1.649771094,-1.65192008,-1.648191094,-1.650287509,-1.650297523,-1.651311994,-1.648585677,-1.647028208,-1.645877838,-1.644439459,-1.645253778,-1.646637201,-1.644622207,-1.64323926,-1.638146877,-1.643706799,-1.645186663,-1.64524436,-1.642720819,-1.646958232,-1.645666718,-1.648321867,-1.647342682,-1.645902872,-1.643628359,-1.638594866,-1.636634469,-1.629444599,-1.633516669,-1.613381028,-1.608171582,-1.601117849,-1.598869324,-1.596494675,-1.593620539,-1.598232985,-1.595894933,-1.597336888,-1.60074544,-1.598186255,-1.595081329,-1.599597454,-1.600083232,-1.605366588,-1.610249758,-1.610682487,-1.61119926,-1.614939928,-1.618341684,-1.619896054,-1.623026967,-1.621952653,-1.633369684,-1.636373401,-1.638319731,-1.643467784,-1.650197387,-1.661637068,-1.668617606,4
97,-1.818001747,-1.818542838,-1.815369844,-1.813543081,-1.802998424,-1.803720355,-1.806952119,-1.803747892,-1.800287843,-1.795596004,-1.794273496,-1.798516512,-1.797513604,-1.795209527,-1.798881412,-1.801012635,-1.797710419,-1.80380249,-1.805607557,-1.805471539,-1.809211373,-1.810075164,-1.812527895,-1.812435627,-1.810727835,-1.811553836,-1.808636069,-1.807188034,-1.80629003,-1.805864096,-1.805141568,-1.804322124,-1.801329494,-1.799270272,-1.792155981,-1.784325123,-1.776928425,-1.774958014,-1.771897078,-1.771887541,-1.771440268,-1.769715786,-1.771246433,-1.771162629,-1.770166636,-1.771942496,-1.774252295,-1.774341822,-1.773571253,-1.771104932,-1.774700403,-1.773583174,-1.776312709,-1.775140405,-1.777707577,-1.776518822,-1.775156736,-1.77262795,-1.769602776,-1.768271923,-1.766204596,-1.763383389,-1.760145545,-1.756565571,-1.753259659,-1.750526786,-1.74778223,-1.745525599,-1.742699981,-1.738390565,-1.732130051,-1.72420454,-1.716001868,-1.708797336,-1.705638289,-1.701814651,-1.701865911,-1.696601033,-1.697204828,-1.698283911,-1.695299506,-1.695463896,-1.695964813,-1.696587324,-1.696283698,-1.700084448,-1.701055527,-1.703204513,-1.702111006,-1.705701947,-1.708372593,-1.710127354,-1.709766388,-1.714161992,-1.715848327,-1.716793656,-1.717222929,-1.717486382,-1.721062779,-1.720319271,-1.724076748,-1.724251509,-1.727326632,-1.727898598,-1.728661776,-1.728894114,-1.728761792,-1.729557991,-1.730665565,-1.731389284,-1.732043028,-1.733497024,-1.73511076,-1.736123681,-1.734416962,-1.734206319,-1.734835982,-1.734897375,-1.73258996,-1.732953787,-1.734376788,-1.732863545,-1.732483864,-1.732398629,-1.730942845,-1.730573773,-1.730281115,-1.72836864,-1.730193973,-1.730316877,-1.730914712,-1.727351427,-1.726930618,-1.729211926,-1.728818178,-1.730841875,-1.731594443,-1.728467941,-1.72962749,-1.72510159,-1.721990824,-1.719627857,-1.714139104,-1.701092362,-1.703407168,-1.698413134,-1.694508076,-1.692511439,-1.693538547,-1.692938447,-1.692043781,-1.693364024,-1.691089272,-1.691374183,-1.693069577,-1.69565773,-1.697251439,-1.700387359,-1.698867083,-1.702166319,-1.702140212,-1.703104734,-1.703309774,-1.706122398,-1.708396435,-1.711352348,-1.713679552,-1.717386007,-1.713933229,-1.720280409,-1.725283027,-1.726144075,-1.732980847,-1.736751437,3.7
98,-1.805645347,-1.815900922,-1.806849241,-1.806136012,-1.795533299,-1.797090292,-1.797219872,-1.789739728,-1.791824579,-1.786745548,-1.785315871,-1.789126992,-1.785435438,-1.787492037,-1.789395571,-1.788708091,-1.791275024,-1.794223309,-1.797769189,-1.795157313,-1.800927401,-1.801344156,-1.804005623,-1.80312705,-1.800167918,-1.802969217,-1.800560236,-1.798638821,-1.797591329,-1.795649409,-1.795853138,-1.793574214,-1.792515397,-1.788879395,-1.783308625,-1.773604274,-1.766343236,-1.764960885,-1.762673378,-1.762019038,-1.760397792,-1.759269953,-1.760207772,-1.760930896,-1.760355353,-1.760219097,-1.763341665,-1.763142705,-1.761685133,-1.761334896,-1.763844848,-1.762615323,-1.765862823,-1.764413238,-1.765756726,-1.765423179,-1.764523506,-1.761941075,-1.75843513,-1.756961346,-1.755761743,-1.752554417,-1.749722242,-1.744961739,-1.742635369,-1.739305019,-1.736348629,-1.733057737,-1.731263876,-1.728075624,-1.720955491,-1.714187026,-1.706208706,-1.69859767,-1.695401788,-1.691382766,-1.691743255,-1.687264919,-1.688599825,-1.688825846,-1.684962869,-1.686593652,-1.685857534,-1.687714696,-1.685766101,-1.689435363,-1.690742731,-1.692350626,-1.691813469,-1.694633603,-1.698213458,-1.700125098,-1.699538231,-1.704229593,-1.706026196,-1.705202341,-1.705900073,-1.705494404,-1.710835814,-1.70872283,-1.712994456,-1.713517427,-1.715480208,-1.715904474,-1.717232227,-1.718151331,-1.717012525,-1.717441201,-1.719564319,-1.719721437,-1.718743086,-1.721494198,-1.722624183,-1.722593546,-1.721673965,-1.721379757,-1.722272635,-1.720742345,-1.720540643,-1.720710397,-1.721302271,-1.720241189,-1.720569015,-1.720622897,-1.719796777,-1.718022704,-1.716832399,-1.71544373,-1.716113448,-1.71555841,-1.718020797,-1.715542436,-1.714702487,-1.716407418,-1.714940786,-1.717622161,-1.717045069,-1.71302259,-1.715578914,-1.712137103,-1.709599257,-1.707163572,-1.700765252,-1.68208468,-1.687108397,-1.68329668,-1.679342866,-1.677169204,-1.675972342,-1.676660895,-1.677415133,-1.677318335,-1.675350428,-1.67621839,-1.679250121,-1.680370688,-1.681579113,-1.686163664,-1.684868574,-1.68658185,-1.685853124,-1.687962413,-1.686971068,-1.69051671,-1.691642523,-1.695302963,-1.697782636,-1.700590611,-1.700145483,-1.707565546,-1.709557176,-1.709666133,-1.719399214,-1.724323273,3.8499999999999996
99,-1.797772646,-1.801033258,-1.79481554,-1.788626313,-1.787837029,-1.787101626,-1.782168627,-1.776212335,-1.76886785,-1.771346211,-1.766983747,-1.767690063,-1.772109866,-1.76709342,-1.769673347,-1.775251389,-1.769956827,-1.775387168,-1.776481986,-1.779044986,-1.779984355,-1.780449629,-1.782151818,-1.78472209,-1.781724572,-1.780251622,-1.783312082,-1.778198361,-1.778882146,-1.775559425,-1.775864482,-1.773860931,-1.773137689,-1.766680837,-1.763030529,-1.755622029,-1.747429729,-1.742818594,-1.742557764,-1.7412889,-1.740537405,-1.740082026,-1.739570737,-1.74156487,-1.738450885,-1.740520358,-1.742798328,-1.742471695,-1.740713477,-1.739357829,-1.744471431,-1.742362738,-1.742789984,-1.743939042,-1.744638801,-1.743913174,-1.742428541,-1.740229845,-1.736947417,-1.736694694,-1.733598113,-1.731316924,-1.727468371,-1.723009825,-1.718148232,-1.718051076,-1.714017987,-1.713394046,-1.709377766,-1.703275919,-1.701241374,-1.69390142,-1.686732411,-1.681423903,-1.677083373,-1.676908612,-1.67622602,-1.671991348,-1.670808196,-1.670476675,-1.670021415,-1.669969201,-1.669938684,-1.670476556,-1.670762658,-1.672330022,-1.672347903,-1.676403761,-1.676946402,-1.679087996,-1.677538633,-1.68006444,-1.680140257,-1.684293032,-1.683955669,-1.685812831,-1.686539888,-1.690305352,-1.691400528,-1.689949751,-1.693320036,-1.692170382,-1.695837259,-1.693157792,-1.695539117,-1.696771979,-1.698053002,-1.697079539,-1.700019836,-1.699446201,-1.700412869,-1.69875443,-1.703611851,-1.702081561,-1.700600982,-1.699579358,-1.701176643,-1.70049274,-1.69859457,-1.701599002,-1.704367161,-1.700732112,-1.701232076,-1.698940873,-1.695628643,-1.695320368,-1.696588635,-1.696211457,-1.696790099,-1.698941231,-1.700238824,-1.697441459,-1.697842479,-1.696748137,-1.697349906,-1.697730422,-1.698431134,-1.697100043,-1.69673121,-1.695850968,-1.693955064,-1.69024539,-1.686951876,-1.681710958,-1.676145554,-1.673581362,-1.670410037,-1.667140007,-1.666353583,-1.663595438,-1.665152788,-1.667825103,-1.668890119,-1.669228077,-1.670701504,-1.668704629,-1.668698668,-1.670346498,-1.670730472,-1.674502611,-1.674100757,-1.676746607,-1.677204967,-1.678575397,-1.681729078,-1.683405399,-1.682180285,-1.688464642,-1.686896086,-1.691634297,-1.69530642,-1.697919607,-1.702865362,-1.710255861,4.05
100,-1.802348375,-1.804773927,-1.794699788,-1.789874911,-1.78515172,-1.781223655,-1.778067112,-1.765406847,-1.76551044,-1.752070308,-1.759800315,-1.758363247,-1.762053609,-1.756363869,-1.759983182,-1.761458397,-1.75762558,-1.759462357,-1.766267419,-1.761183143,-1.76493299,-1.762891889,-1.76551044,-1.769513488,-1.765374899,-1.762457371,-1.764777422,-1.763657928,-1.759724021,-1.75752604,-1.757435203,-1.754247069,-1.751541734,-1.749715924,-1.742322564,-1.735426426,-1.726637244,-1.723579049,-1.719065428,-1.720050335,-1.717698336,-1.717427135,-1.717223406,-1.717151403,-1.716754079,-1.716147304,-1.719569087,-1.721382976,-1.715560198,-1.71712482,-1.71992743,-1.718794823,-1.71945858,-1.722071886,-1.721073747,-1.718964696,-1.720241308,-1.717061639,-1.71474123,-1.714462757,-1.709782243,-1.707360506,-1.703431964,-1.699156404,-1.693678975,-1.693334818,-1.690180779,-1.687545419,-1.683119297,-1.678596854,-1.675214529,-1.66894865,-1.660167575,-1.656606555,-1.651706934,-1.650106549,-1.649462581,-1.645965934,-1.645734549,-1.644132137,-1.644001365,-1.642850399,-1.642929554,-1.643108606,-1.645398021,-1.644801021,-1.642529726,-1.650794983,-1.650397778,-1.654415846,-1.651466727,-1.654279232,-1.65489471,-1.660101652,-1.658586621,-1.660053372,-1.661147952,-1.664655089,-1.666121125,-1.666294217,-1.669320703,-1.669492841,-1.670873404,-1.670515776,-1.671058774,-1.672805548,-1.675277233,-1.672360897,-1.676769137,-1.675918818,-1.676622033,-1.676321983,-1.678690672,-1.678227544,-1.67845881,-1.675392509,-1.67797339,-1.676900148,-1.676625371,-1.678723693,-1.680140853,-1.677719831,-1.678496003,-1.676935911,-1.672877669,-1.672429919,-1.673416138,-1.672329426,-1.673507094,-1.676647305,-1.675519347,-1.673414826,-1.675492406,-1.674945593,-1.674279332,-1.675094366,-1.676681757,-1.67569685,-1.675548434,-1.673131347,-1.671699882,-1.668340921,-1.663344264,-1.654749632,-1.654536843,-1.647971988,-1.645063162,-1.644123435,-1.643247962,-1.63856709,-1.642946124,-1.641916752,-1.645287395,-1.645686388,-1.645439506,-1.645367503,-1.644824743,-1.647489667,-1.648375869,-1.651265264,-1.651608706,-1.65372479,-1.652750731,-1.658643484,-1.661683202,-1.661351323,-1.658375263,-1.668998003,-1.668058515,-1.670286775,-1.679413557,-1.68037641,-1.68706131,-1.694093704,4.3
101,-1.793750286,-1.795694351,-1.798637152,-1.789247394,-1.796003819,-1.781988859,-1.783776522,-1.78069675,-1.776651621,-1.77967608,-1.777051091,-1.775532007,-1.774774909,-1.77593863,-1.777932525,-1.775950074,-1.775700212,-1.7831918,-1.785860419,-1.786942363,-1.79217267,-1.790129662,-1.79103303,-1.794152737,-1.786544681,-1.790136337,-1.793540239,-1.791204453,-1.788037419,-1.78682375,-1.785092592,-1.785398722,-1.78131032,-1.778336048,-1.77143693,-1.767387033,-1.75901866,-1.754940391,-1.753297448,-1.753144026,-1.752921104,-1.751994491,-1.751212358,-1.750600815,-1.750902534,-1.751507521,-1.753582358,-1.754849672,-1.753878832,-1.754026532,-1.757138968,-1.756180406,-1.758865833,-1.756842494,-1.759681582,-1.758381486,-1.755901933,-1.756403208,-1.75234437,-1.7509197,-1.747213125,-1.747951388,-1.741368175,-1.736099124,-1.734164,-1.732506037,-1.731836438,-1.727991104,-1.725050449,-1.721053839,-1.717657804,-1.709167957,-1.704111814,-1.700076103,-1.697537065,-1.694943309,-1.691696167,-1.690927744,-1.690252066,-1.68979311,-1.688607097,-1.689571023,-1.689304829,-1.690480113,-1.690331697,-1.692545295,-1.692945719,-1.697197676,-1.696270943,-1.699644208,-1.698811054,-1.70264852,-1.700946927,-1.703533769,-1.705434918,-1.706736803,-1.706934452,-1.7077986,-1.710210085,-1.710397363,-1.710937858,-1.71077919,-1.714975595,-1.714980364,-1.716608524,-1.717422247,-1.718165398,-1.717963338,-1.720228076,-1.717547059,-1.720206738,-1.719894409,-1.721197009,-1.722029567,-1.721448064,-1.719815135,-1.720995307,-1.72037673,-1.72141242,-1.721635818,-1.72203517,-1.717884302,-1.718699574,-1.71711731,-1.713986874,-1.714238763,-1.715008259,-1.714377046,-1.716729641,-1.715275645,-1.715604186,-1.715216637,-1.715176821,-1.715964556,-1.716887355,-1.713386059,-1.715117455,-1.714342475,-1.716371059,-1.712677836,-1.711805463,-1.708382249,-1.702976465,-1.70122993,-1.694169044,-1.69254458,-1.686774373,-1.686391115,-1.68424058,-1.682146668,-1.679944992,-1.683765769,-1.684540153,-1.684694529,-1.688158512,-1.687400103,-1.687225223,-1.689822555,-1.691810131,-1.688105941,-1.692745924,-1.694843888,-1.696942568,-1.69677949,-1.698677421,-1.701397538,-1.701303005,-1.700789809,-1.704742312,-1.708014727,-1.713827968,-1.715135694,-1.718687415,-1.721265554,4.9
102,-1.784403563,-1.79161191,-1.790954828,-1.784247041,-1.78859818,-1.772439957,-1.778644443,-1.770729423,-1.772136807,-1.768377185,-1.763849974,-1.771034479,-1.765898347,-1.76634407,-1.772042036,-1.770224214,-1.770472288,-1.777257442,-1.777857661,-1.778427482,-1.784031749,-1.78194499,-1.781475306,-1.788802147,-1.778500438,-1.782379389,-1.785015583,-1.783901334,-1.781540155,-1.778806448,-1.777191639,-1.778038859,-1.772121549,-1.771077156,-1.763583541,-1.760676146,-1.751057744,-1.746456265,-1.746143341,-1.743673444,-1.746354342,-1.743426681,-1.744927168,-1.743644714,-1.74379611,-1.743771791,-1.746165156,-1.746375203,-1.746272087,-1.747239232,-1.748437762,-1.748550773,-1.751144052,-1.748676896,-1.750894666,-1.750790715,-1.746939421,-1.748560905,-1.744153619,-1.742234468,-1.738747835,-1.739434004,-1.732913256,-1.728931904,-1.726117969,-1.723812342,-1.724941015,-1.718250394,-1.716979146,-1.713690042,-1.710069895,-1.703363895,-1.698108792,-1.694315195,-1.691672087,-1.689414024,-1.6859622,-1.684455872,-1.68409884,-1.683372855,-1.681774735,-1.683876991,-1.682244897,-1.684099793,-1.682885408,-1.686320543,-1.686830878,-1.6908077,-1.691140532,-1.693434119,-1.693604946,-1.696654916,-1.693866014,-1.697835922,-1.699680567,-1.70168376,-1.700515985,-1.702622294,-1.703603983,-1.702483416,-1.705063343,-1.703858972,-1.708696008,-1.708966613,-1.710419893,-1.711687565,-1.711682796,-1.711669445,-1.713756561,-1.711093068,-1.713811874,-1.713253736,-1.714614868,-1.714968085,-1.713594079,-1.713679075,-1.713973284,-1.71241498,-1.714045525,-1.714888096,-1.715110064,-1.710356832,-1.711684823,-1.709253788,-1.708468914,-1.708254576,-1.707108021,-1.707053065,-1.70896697,-1.707582235,-1.707402468,-1.707367063,-1.705632567,-1.706710458,-1.707818389,-1.705613375,-1.708156943,-1.705934763,-1.707624555,-1.702581644,-1.702446818,-1.699903965,-1.69395256,-1.690233707,-1.68251121,-1.680343986,-1.671940565,-1.670736313,-1.670393705,-1.668532729,-1.666854978,-1.668447256,-1.668649197,-1.669765234,-1.673852444,-1.673819423,-1.674539328,-1.674675822,-1.681048989,-1.678449631,-1.681416512,-1.68266356,-1.685580373,-1.684520841,-1.687549591,-1.689717889,-1.689949989,-1.691649318,-1.695016623,-1.698731661,-1.704465032,-1.708312631,-1.710671544,-1.712055087,4.75
103,-1.719850659,-1.706629634,-1.718455672,-1.715927243,-1.707596779,-1.702463865,-1.703638077,-1.693468809,-1.691422939,-1.696920276,-1.695294261,-1.68291676,-1.688544393,-1.699858546,-1.691116214,-1.69267416,-1.704869747,-1.701445103,-1.702744007,-1.700513482,-1.70290184,-1.706957579,-1.705735922,-1.705203652,-1.705947399,-1.707070947,-1.704410195,-1.702845693,-1.702410579,-1.700671554,-1.703404546,-1.697379589,-1.69683063,-1.692736864,-1.688972354,-1.681386232,-1.673480153,-1.666702032,-1.668003678,-1.669643283,-1.667582631,-1.668646336,-1.667503595,-1.666467905,-1.665094495,-1.668165088,-1.670230269,-1.669302702,-1.670836091,-1.67101872,-1.672098875,-1.670298576,-1.671069145,-1.671688914,-1.67360127,-1.670742631,-1.667529821,-1.668706536,-1.663474202,-1.667980552,-1.662078977,-1.660456181,-1.656910777,-1.651875138,-1.651395559,-1.648095489,-1.644659638,-1.642107725,-1.638665795,-1.636246324,-1.631790519,-1.624258041,-1.6190418,-1.614773393,-1.610272288,-1.606690288,-1.608825564,-1.605011225,-1.606417298,-1.604651809,-1.603706717,-1.607310891,-1.603755951,-1.602951169,-1.604910254,-1.607421041,-1.6089499,-1.610173941,-1.610110879,-1.611740828,-1.616619229,-1.613562226,-1.614211798,-1.615881085,-1.616571903,-1.617951989,-1.62001884,-1.62173152,-1.623467326,-1.619731903,-1.625432372,-1.624649167,-1.627640724,-1.627360463,-1.627011418,-1.62839067,-1.628826141,-1.632158041,-1.630699396,-1.630721092,-1.63154304,-1.631335974,-1.631024122,-1.634159446,-1.632693768,-1.631795645,-1.63396585,-1.633465767,-1.632362366,-1.631618977,-1.633944511,-1.631628513,-1.632339835,-1.629767776,-1.626657724,-1.62921834,-1.628342867,-1.629079342,-1.627665401,-1.627343297,-1.625474691,-1.625154734,-1.62576592,-1.627464771,-1.627467036,-1.628449321,-1.631803036,-1.62796998,-1.629755855,-1.623606324,-1.622320771,-1.619528174,-1.61453712,-1.612728357,-1.606376767,-1.603904247,-1.601280928,-1.599020481,-1.597996235,-1.596026897,-1.593608141,-1.598327875,-1.598214984,-1.599569917,-1.600450397,-1.597910404,-1.601002455,-1.601421237,-1.603451371,-1.604980946,-1.607033968,-1.60921216,-1.609476924,-1.613760829,-1.614787102,-1.613266587,-1.619184256,-1.618807554,-1.622039199,-1.623044968,-1.631236792,-1.626699924,-1.633802056,-1.640923142,4
104,-1.746542215,-1.744275808,-1.749443054,-1.742574334,-1.733246207,-1.722632289,-1.728808641,-1.723967314,-1.72181499,-1.723430514,-1.72320497,-1.706702352,-1.715426326,-1.727043748,-1.71618402,-1.706924677,-1.728593469,-1.725505114,-1.723790526,-1.724671245,-1.726861238,-1.729461551,-1.728168011,-1.726960897,-1.727586627,-1.729462981,-1.724287748,-1.726724029,-1.724995494,-1.721948266,-1.726837039,-1.71927464,-1.718768716,-1.716861725,-1.712241888,-1.705452323,-1.696724296,-1.693321347,-1.690850854,-1.694158435,-1.689966559,-1.691652298,-1.691369653,-1.68976903,-1.689868689,-1.69124043,-1.6938622,-1.692131996,-1.694512367,-1.694450378,-1.695904016,-1.693548679,-1.695301652,-1.694095612,-1.69681716,-1.693780899,-1.691420078,-1.692932248,-1.68823266,-1.69220376,-1.687945127,-1.683764458,-1.680430651,-1.675406694,-1.674643517,-1.670978069,-1.669131875,-1.66443038,-1.663546443,-1.659778476,-1.655959725,-1.646864414,-1.641860366,-1.635903835,-1.633904338,-1.628381252,-1.630286574,-1.626883626,-1.628973246,-1.627918482,-1.626820564,-1.630276918,-1.626606464,-1.625664711,-1.629347444,-1.63091433,-1.63084054,-1.632008076,-1.633553743,-1.634346366,-1.639085412,-1.638188481,-1.63830483,-1.64002049,-1.640951037,-1.641828179,-1.643959165,-1.646967888,-1.647381425,-1.643324256,-1.64880085,-1.648793578,-1.652138591,-1.651942015,-1.652336359,-1.653805614,-1.653271914,-1.656728745,-1.656065583,-1.654617667,-1.655212045,-1.656026959,-1.656326413,-1.658818126,-1.658705711,-1.658757091,-1.659089923,-1.658658385,-1.656964898,-1.657161474,-1.659732938,-1.658401608,-1.65637362,-1.652637362,-1.651649714,-1.653060913,-1.653149128,-1.652030945,-1.653709173,-1.652505636,-1.651509643,-1.651170254,-1.651019573,-1.652015924,-1.65217936,-1.653483152,-1.655551314,-1.652462721,-1.652849555,-1.648761511,-1.6494385,-1.646407127,-1.639601231,-1.646177173,-1.629060864,-1.625887632,-1.626078844,-1.621846914,-1.621436834,-1.620772481,-1.617415547,-1.622154593,-1.621997356,-1.624504805,-1.622500062,-1.62378633,-1.623935461,-1.626352191,-1.626293182,-1.628379345,-1.631934166,-1.632113218,-1.629982233,-1.635499597,-1.635991693,-1.634620547,-1.641521215,-1.639852762,-1.643287778,-1.645972133,-1.656909466,-1.652198792,-1.657025695,-1.665699124,4
105,-1.769567728,-1.754267573,-1.768922925,-1.760989666,-1.751354098,-1.737549067,-1.745614052,-1.746487617,-1.737344146,-1.740540147,-1.739574313,-1.724444389,-1.733566523,-1.743790984,-1.730456829,-1.736405849,-1.74731493,-1.740900636,-1.742321372,-1.740184903,-1.74326551,-1.746282697,-1.744741082,-1.742367983,-1.742943168,-1.745617151,-1.743627071,-1.741412163,-1.73998642,-1.736997247,-1.742945075,-1.736431122,-1.735747457,-1.733402848,-1.727872133,-1.721417308,-1.712797284,-1.709420562,-1.709669709,-1.711740255,-1.70751524,-1.709987283,-1.70866859,-1.7069906,-1.706035256,-1.709708214,-1.71132338,-1.710088491,-1.712956667,-1.712189436,-1.712475419,-1.710821986,-1.712781429,-1.712017417,-1.714544058,-1.711398363,-1.708304167,-1.709813118,-1.705578446,-1.710119605,-1.70528245,-1.702599406,-1.69919467,-1.695228457,-1.693547845,-1.690963268,-1.688164711,-1.684136748,-1.684073925,-1.680181742,-1.676866531,-1.66825819,-1.664684653,-1.658819556,-1.657741904,-1.653261304,-1.654028177,-1.65228641,-1.652758002,-1.650785804,-1.650156975,-1.653409481,-1.649594665,-1.64998126,-1.652182698,-1.653158426,-1.654419661,-1.654974699,-1.656529784,-1.657557011,-1.661375999,-1.659631491,-1.659932375,-1.661751628,-1.662211537,-1.66405201,-1.664472342,-1.666125894,-1.667327762,-1.663120031,-1.669119477,-1.668599486,-1.671654105,-1.671474814,-1.671141624,-1.672631979,-1.671995759,-1.674224734,-1.674230933,-1.672924161,-1.67471242,-1.676632762,-1.674473047,-1.677150846,-1.675945878,-1.677314043,-1.677736878,-1.677060604,-1.676272035,-1.675432444,-1.67762506,-1.675437212,-1.67469883,-1.672028184,-1.669969559,-1.672608256,-1.672527909,-1.6711936,-1.671910286,-1.670786262,-1.671039701,-1.669902086,-1.670350432,-1.670323133,-1.670410514,-1.671845555,-1.674709797,-1.671695352,-1.67247355,-1.667230606,-1.667584538,-1.665269017,-1.659062862,-1.670130372,-1.650743484,-1.6482867,-1.646645665,-1.641496301,-1.641263008,-1.640549302,-1.637779474,-1.640857577,-1.640541553,-1.643947959,-1.642912626,-1.643828154,-1.643848896,-1.646563411,-1.646513343,-1.64768815,-1.650619984,-1.651840687,-1.650483012,-1.654838681,-1.655016661,-1.653913617,-1.65766573,-1.659196615,-1.662082195,-1.663410068,-1.672246218,-1.668820739,-1.677549601,-1.678314447,4.5
106,-1.838269353,-1.85045743,-1.844696879,-1.842516065,-1.843701959,-1.844696999,-1.840445161,-1.842280388,-1.831581473,-1.825801969,-1.837092161,-1.828338027,-1.827024102,-1.829566956,-1.827364326,-1.829298615,-1.830422759,-1.833782673,-1.830567002,-1.835653424,-1.837015033,-1.838155866,-1.838842988,-1.838916063,-1.838695049,-1.836877465,-1.836939692,-1.839105129,-1.835226536,-1.83336854,-1.832444429,-1.830067396,-1.82898581,-1.825764656,-1.822009206,-1.814262033,-1.810324907,-1.806619048,-1.805203319,-1.803848624,-1.8028723,-1.8037045,-1.803430438,-1.803409576,-1.801128149,-1.803332686,-1.803451896,-1.803060412,-1.807743788,-1.803384662,-1.807118893,-1.806112051,-1.807272553,-1.80705452,-1.809159279,-1.805935383,-1.807103515,-1.805615187,-1.801182508,-1.800335288,-1.796599865,-1.79455626,-1.791744351,-1.78993082,-1.789205432,-1.784967661,-1.783361793,-1.78034389,-1.779847026,-1.774566293,-1.768216848,-1.762280226,-1.758597136,-1.753870249,-1.749764204,-1.746933579,-1.74456358,-1.742678881,-1.743010521,-1.742601633,-1.742079973,-1.744859934,-1.742954612,-1.743276477,-1.743592858,-1.746891737,-1.74736619,-1.750064135,-1.749940634,-1.75348866,-1.753987789,-1.754544377,-1.75476253,-1.756570935,-1.759030819,-1.76077652,-1.761228919,-1.763660789,-1.763868213,-1.763583422,-1.766153336,-1.767748713,-1.768440247,-1.7698946,-1.769861817,-1.768973231,-1.769847512,-1.771450162,-1.774092078,-1.774061084,-1.775635481,-1.774732232,-1.775681853,-1.773803234,-1.774282217,-1.774935722,-1.775256395,-1.774118185,-1.774675488,-1.776325107,-1.776486397,-1.774823904,-1.775375962,-1.773127913,-1.772824287,-1.771315813,-1.769689918,-1.768902659,-1.770088315,-1.771081567,-1.77130425,-1.770199656,-1.769590139,-1.770272374,-1.769839048,-1.769987941,-1.772504807,-1.770452142,-1.768659592,-1.766941905,-1.767628908,-1.762341022,-1.760143518,-1.759799242,-1.751657724,-1.746712089,-1.742657661,-1.736385584,-1.735952735,-1.734561205,-1.732542038,-1.734593391,-1.734643936,-1.739095569,-1.741170287,-1.73888278,-1.739831686,-1.740511656,-1.742697597,-1.743252873,-1.745982766,-1.74524796,-1.749709964,-1.747411013,-1.750855923,-1.753169179,-1.755202889,-1.757663846,-1.758522272,-1.762345433,-1.764333367,-1.765019178,-1.771977425,-1.774386883,4.45
107,-1.84508729,-1.852744818,-1.848181725,-1.848143816,-1.842431903,-1.847492456,-1.8422333,-1.841374516,-1.830520034,-1.831269503,-1.838244081,-1.831255198,-1.830941439,-1.827952266,-1.830108166,-1.832347393,-1.832477212,-1.835980415,-1.833691597,-1.839019179,-1.837157726,-1.84145689,-1.838469625,-1.840393305,-1.838840723,-1.838432431,-1.835174918,-1.840275884,-1.837286115,-1.83557868,-1.832860231,-1.831743717,-1.829441547,-1.827068925,-1.823253274,-1.814338446,-1.810627699,-1.805621982,-1.805710077,-1.803266048,-1.802483201,-1.803432465,-1.803110838,-1.803719282,-1.80095458,-1.802594781,-1.803776145,-1.80369401,-1.806687713,-1.803792357,-1.806825757,-1.805736065,-1.807330966,-1.807704329,-1.808833599,-1.806510925,-1.806287527,-1.805257082,-1.80101347,-1.800472617,-1.795520186,-1.794337392,-1.791265368,-1.788818836,-1.786836982,-1.782502174,-1.779745936,-1.777609348,-1.776490092,-1.770092726,-1.764402032,-1.756976962,-1.752521515,-1.748060942,-1.743458867,-1.739946842,-1.737910986,-1.734792233,-1.736096501,-1.73627317,-1.736391306,-1.737936854,-1.734919548,-1.734989047,-1.735699892,-1.737606645,-1.738989711,-1.740836263,-1.742315769,-1.745627046,-1.746699572,-1.746767759,-1.745975137,-1.74840951,-1.749693036,-1.751053214,-1.751232982,-1.754915833,-1.755862832,-1.755261421,-1.757595778,-1.759460449,-1.760472655,-1.762164354,-1.761900783,-1.761312842,-1.762080312,-1.76238966,-1.764984369,-1.764081955,-1.766333461,-1.767276645,-1.768351197,-1.766823053,-1.766929388,-1.76709938,-1.767428637,-1.767794371,-1.766056299,-1.767289162,-1.766969562,-1.766489863,-1.767350435,-1.764722824,-1.763844371,-1.762669086,-1.76090014,-1.760759711,-1.761781693,-1.761921406,-1.762335658,-1.7613132,-1.762426734,-1.762532592,-1.762503028,-1.762761831,-1.764089584,-1.763356924,-1.761890292,-1.758752584,-1.757133842,-1.753627896,-1.751733184,-1.751563668,-1.742375135,-1.738715649,-1.734344602,-1.728582144,-1.728999853,-1.728534341,-1.726008892,-1.729076505,-1.728850603,-1.731790066,-1.734740257,-1.731429577,-1.732846498,-1.734679818,-1.736240864,-1.736714125,-1.738703966,-1.737719893,-1.741786242,-1.740353823,-1.74372685,-1.74727881,-1.749673128,-1.752282619,-1.751487136,-1.751941085,-1.756360412,-1.757722378,-1.765164375,-1.769538999,3.95
108,-1.768244028,-1.762354851,-1.760818005,-1.757526755,-1.752787232,-1.754764676,-1.753531814,-1.759299517,-1.748149753,-1.747769356,-1.749016404,-1.745386362,-1.744387388,-1.740959406,-1.746932745,-1.745311379,-1.749595881,-1.752623796,-1.755644321,-1.754463792,-1.757125139,-1.757918119,-1.759005904,-1.758231044,-1.758874416,-1.756351829,-1.763170838,-1.756665468,-1.755346537,-1.752750874,-1.752583504,-1.750662446,-1.749243617,-1.743994832,-1.738571167,-1.732429743,-1.727704763,-1.723434329,-1.71866262,-1.720096707,-1.718879223,-1.719394922,-1.718668699,-1.719027281,-1.718609452,-1.720628381,-1.720749378,-1.722017884,-1.722156525,-1.719946146,-1.721939683,-1.722874522,-1.723914981,-1.724378228,-1.722714305,-1.72311759,-1.720282555,-1.722476959,-1.71723628,-1.718241215,-1.71442163,-1.712265134,-1.709433794,-1.70520699,-1.702425718,-1.700532198,-1.696985602,-1.695943236,-1.692475915,-1.686949015,-1.681908011,-1.675219178,-1.669222474,-1.661182761,-1.658579946,-1.654463291,-1.65341866,-1.651112676,-1.650688767,-1.651062131,-1.65024507,-1.651016831,-1.650585055,-1.650123596,-1.651876807,-1.651695848,-1.650922298,-1.654620171,-1.655242562,-1.658616543,-1.66025269,-1.661769152,-1.661605239,-1.665173411,-1.666763067,-1.666859388,-1.667192698,-1.670759201,-1.672662377,-1.672366977,-1.675754189,-1.676300526,-1.678180337,-1.675988197,-1.677881241,-1.680276752,-1.679528117,-1.681560159,-1.680591345,-1.68070066,-1.681046844,-1.680986524,-1.681690335,-1.683101296,-1.682427526,-1.683765292,-1.682886481,-1.68316412,-1.685474038,-1.685077786,-1.68495214,-1.682348132,-1.682383657,-1.680234432,-1.679836392,-1.679411888,-1.68017745,-1.677739859,-1.679798961,-1.679005027,-1.680140018,-1.679956317,-1.681481719,-1.681835771,-1.683266401,-1.684095144,-1.6845541,-1.682976961,-1.681853533,-1.679661751,-1.679728031,-1.676003337,-1.669869184,-1.665022969,-1.658204198,-1.654055715,-1.650261998,-1.650188684,-1.649166703,-1.650133729,-1.649044871,-1.647961378,-1.647974372,-1.649048924,-1.648368001,-1.650311232,-1.650495172,-1.65033114,-1.653079391,-1.65246141,-1.655843973,-1.656787038,-1.659810543,-1.661016464,-1.663365126,-1.665366769,-1.66387701,-1.670036554,-1.671042204,-1.676410913,-1.674614549,-1.68019402,-1.682533026,-1.687507033,4.9
109,-1.79986608,-1.787303329,-1.793327451,-1.794010758,-1.785437226,-1.783101916,-1.782240391,-1.79280448,-1.775277257,-1.782508492,-1.777341366,-1.775484562,-1.775104642,-1.775073886,-1.776267529,-1.775677085,-1.783031583,-1.782009482,-1.786495328,-1.787955642,-1.786508322,-1.789323449,-1.789157033,-1.788954377,-1.790132284,-1.787995219,-1.793457508,-1.787985802,-1.788593888,-1.785830021,-1.784158826,-1.782506108,-1.780743241,-1.777327061,-1.773380399,-1.76520431,-1.760053515,-1.754891872,-1.751541376,-1.751567483,-1.752501845,-1.752301097,-1.751597047,-1.751490712,-1.751138449,-1.753963709,-1.753259659,-1.755557656,-1.75445962,-1.752562523,-1.754880905,-1.754080534,-1.756956697,-1.756875873,-1.754736543,-1.756970763,-1.752515912,-1.754809976,-1.749190211,-1.750946522,-1.745735407,-1.744486809,-1.7406106,-1.736605048,-1.733669996,-1.731405377,-1.727268219,-1.727337599,-1.723070383,-1.716973543,-1.711708069,-1.704170108,-1.698192,-1.687298179,-1.686201572,-1.682580829,-1.682728887,-1.679651022,-1.679807544,-1.678699017,-1.678876758,-1.679226637,-1.679159403,-1.678674459,-1.679370165,-1.6813972,-1.680719137,-1.682928085,-1.684635043,-1.688310862,-1.68937993,-1.691834092,-1.69008708,-1.693950653,-1.697490573,-1.697804093,-1.69783628,-1.701118708,-1.7020818,-1.702243686,-1.70519793,-1.706971765,-1.707921743,-1.705875516,-1.707712293,-1.710225582,-1.710629582,-1.71220088,-1.711464763,-1.712470293,-1.712765455,-1.712452054,-1.713722944,-1.715045214,-1.713853598,-1.714822769,-1.714575887,-1.713634849,-1.715345979,-1.716348171,-1.71593523,-1.712610364,-1.711703897,-1.710976481,-1.710155845,-1.709103942,-1.709514976,-1.70705986,-1.709036589,-1.70799315,-1.708613992,-1.708904147,-1.710187912,-1.710565209,-1.710850954,-1.712733269,-1.712465286,-1.711001635,-1.709812164,-1.707536578,-1.707807541,-1.702719092,-1.697100282,-1.692915201,-1.685118556,-1.682997227,-1.677330494,-1.679672599,-1.67712903,-1.679863453,-1.677339315,-1.675593495,-1.677264094,-1.678015947,-1.677295685,-1.67818737,-1.678436875,-1.680322766,-1.683158398,-1.681489587,-1.685048819,-1.686991215,-1.68851459,-1.690337896,-1.693636417,-1.695478082,-1.693480253,-1.699972868,-1.700568318,-1.706293821,-1.706273198,-1.708871961,-1.710120797,-1.717529058,4.35
110,-1.765585065,-1.7588377,-1.769484401,-1.7656883,-1.76018405,-1.75802803,-1.752836227,-1.745874763,-1.746339202,-1.746346593,-1.736687779,-1.747132659,-1.745392323,-1.742800951,-1.749005795,-1.749299645,-1.75095284,-1.755332232,-1.75185585,-1.756459355,-1.757776856,-1.756505132,-1.759892344,-1.757763028,-1.759315729,-1.759668708,-1.756603241,-1.761346102,-1.755754113,-1.754663944,-1.754561305,-1.753303885,-1.75180006,-1.745359421,-1.742196441,-1.732401371,-1.729792953,-1.724769831,-1.722307801,-1.722293019,-1.721249342,-1.722730398,-1.718684316,-1.721846223,-1.720568776,-1.722875714,-1.722871065,-1.72372508,-1.723819971,-1.723792195,-1.723938704,-1.726356745,-1.726641417,-1.725560427,-1.726127863,-1.724410653,-1.725447416,-1.723404408,-1.720666885,-1.718206525,-1.715738058,-1.713596106,-1.712411761,-1.7058357,-1.70405376,-1.702980995,-1.700253963,-1.699312091,-1.695714712,-1.691354275,-1.685488343,-1.679025769,-1.671950817,-1.665598154,-1.662072897,-1.657281995,-1.657682061,-1.656898141,-1.657549739,-1.654114246,-1.653407574,-1.657441139,-1.655781865,-1.655674338,-1.655158162,-1.658131719,-1.658039451,-1.661984205,-1.661625862,-1.664699316,-1.665735722,-1.667632699,-1.668123007,-1.670872211,-1.672672391,-1.673089504,-1.675118685,-1.676822901,-1.677752256,-1.677518725,-1.680948615,-1.679457664,-1.683189034,-1.682787299,-1.684124708,-1.684676409,-1.685183644,-1.687845469,-1.687624454,-1.686906695,-1.688730359,-1.687489152,-1.688995957,-1.688854933,-1.687810898,-1.687747121,-1.68923068,-1.689421058,-1.690025091,-1.689145088,-1.690929055,-1.689001441,-1.689256072,-1.687127352,-1.683748484,-1.685901642,-1.686198354,-1.684299111,-1.683350205,-1.683943272,-1.682692647,-1.682712197,-1.684234381,-1.684438348,-1.685446858,-1.685672641,-1.686752915,-1.683983803,-1.685494781,-1.68137598,-1.681089401,-1.676711559,-1.671964407,-1.671503901,-1.661430001,-1.656522036,-1.651660919,-1.652158022,-1.650611401,-1.649396062,-1.648008466,-1.647602916,-1.650041938,-1.649629951,-1.650585175,-1.649191141,-1.651306868,-1.651297331,-1.652661324,-1.653917789,-1.658049822,-1.660097241,-1.661869645,-1.660209894,-1.661675215,-1.665461183,-1.666808486,-1.670839667,-1.672110796,-1.671233416,-1.674933672,-1.677410722,-1.682327867,-1.689139962,4.75
111,-1.759208322,-1.752298236,-1.759492993,-1.755809188,-1.747262716,-1.743609786,-1.739294171,-1.723632813,-1.73146987,-1.730832934,-1.721082807,-1.731168151,-1.728669047,-1.725433707,-1.73372674,-1.731187224,-1.733160019,-1.740056634,-1.733257413,-1.738437176,-1.740282297,-1.737703562,-1.742947936,-1.740789652,-1.739987135,-1.740786314,-1.737399936,-1.743154287,-1.736815929,-1.734161615,-1.734146357,-1.732843161,-1.731620073,-1.724078059,-1.72130096,-1.711115837,-1.708907604,-1.700499773,-1.700418115,-1.69841063,-1.697237253,-1.699965358,-1.694951296,-1.697685719,-1.696639538,-1.700023174,-1.699369788,-1.70063889,-1.69963038,-1.699150801,-1.699872971,-1.702715397,-1.702729702,-1.701717257,-1.703396082,-1.701277494,-1.700112343,-1.699042678,-1.695409894,-1.694214225,-1.691347599,-1.688720107,-1.686063886,-1.680670142,-1.679253817,-1.67735827,-1.67340529,-1.673903584,-1.669789672,-1.664622784,-1.658640504,-1.65098834,-1.645578504,-1.636785865,-1.633453488,-1.628467679,-1.627737403,-1.628714323,-1.628016591,-1.625489831,-1.622916341,-1.626181245,-1.625840783,-1.626031876,-1.625618219,-1.628136396,-1.628884077,-1.633232355,-1.631579757,-1.635175943,-1.636190057,-1.636558056,-1.637415528,-1.640746951,-1.641547203,-1.642467499,-1.643473864,-1.645883322,-1.646621346,-1.646664739,-1.64943862,-1.648799062,-1.652914524,-1.651538372,-1.653461814,-1.655876398,-1.653941751,-1.658118725,-1.656855941,-1.656412482,-1.658720374,-1.65604496,-1.658591986,-1.65715754,-1.656007171,-1.656794786,-1.658575058,-1.657136917,-1.657493711,-1.657812715,-1.661785722,-1.659093142,-1.657234073,-1.655612588,-1.65231061,-1.653954029,-1.656119585,-1.652166367,-1.652080059,-1.653765321,-1.650122404,-1.649903059,-1.652552366,-1.651892424,-1.65367043,-1.655256271,-1.655227304,-1.650460243,-1.656120658,-1.650703669,-1.6487782,-1.646062374,-1.639246702,-1.638056874,-1.627808571,-1.622574568,-1.616410136,-1.616619349,-1.614438653,-1.612119436,-1.611880898,-1.613237619,-1.614625812,-1.616338015,-1.617496967,-1.614974737,-1.619203448,-1.620560646,-1.619632602,-1.621878147,-1.625488162,-1.628912568,-1.63072598,-1.62923336,-1.630612612,-1.634439826,-1.638670325,-1.63885808,-1.642333508,-1.642464519,-1.646153688,-1.649944544,-1.658577681,-1.661200881,4.4
112,-1.760391712,-1.757656932,-1.746834159,-1.742316842,-1.748229384,-1.75198102,-1.746281505,-1.741259694,-1.744116306,-1.738928437,-1.738319278,-1.73976624,-1.740175247,-1.74185288,-1.742039561,-1.741710544,-1.7440207,-1.750730515,-1.750994086,-1.747401476,-1.74777317,-1.751514316,-1.752862811,-1.753781199,-1.751930475,-1.756783843,-1.750878453,-1.752386093,-1.751726985,-1.749828219,-1.748928308,-1.746572375,-1.743872046,-1.739635706,-1.735946774,-1.730154276,-1.724171281,-1.718319893,-1.718832612,-1.718008995,-1.717202306,-1.717351437,-1.715021014,-1.71598351,-1.715075254,-1.717606425,-1.717454314,-1.717343926,-1.719289303,-1.719671249,-1.722520113,-1.71938467,-1.720737576,-1.722219944,-1.721223116,-1.723369479,-1.720270514,-1.719334126,-1.715967417,-1.71527195,-1.711496592,-1.710857034,-1.706470013,-1.702407241,-1.70012939,-1.699776411,-1.696733475,-1.693412423,-1.690378904,-1.68465209,-1.681118727,-1.674061537,-1.666849732,-1.660318851,-1.65824616,-1.651277423,-1.652127624,-1.64839983,-1.648516774,-1.646727324,-1.646958709,-1.648266554,-1.651266932,-1.649926186,-1.650022149,-1.653539062,-1.65293026,-1.656344533,-1.656204462,-1.656725407,-1.658503056,-1.659814596,-1.661169648,-1.664148569,-1.665441394,-1.666991949,-1.669885755,-1.670454502,-1.673826575,-1.673104167,-1.674085617,-1.677793622,-1.677367687,-1.678604603,-1.679943323,-1.681350946,-1.680529475,-1.680174947,-1.680267453,-1.682456374,-1.680265427,-1.682064176,-1.683659315,-1.684748173,-1.683720231,-1.6826123,-1.683925629,-1.683044076,-1.683560252,-1.686159968,-1.684161544,-1.68293786,-1.680970788,-1.678958178,-1.676574469,-1.67915535,-1.67869091,-1.677587271,-1.678893566,-1.677575469,-1.679707766,-1.678346395,-1.680357218,-1.678430796,-1.681138873,-1.681950569,-1.681375146,-1.680070877,-1.677067876,-1.673904181,-1.673057437,-1.669839978,-1.666136146,-1.658907413,-1.65319252,-1.649894595,-1.647520065,-1.643678904,-1.643968344,-1.639791965,-1.641740918,-1.641769886,-1.640357852,-1.638985872,-1.641556263,-1.6437397,-1.643791199,-1.646638274,-1.64790535,-1.650988817,-1.651665807,-1.654923677,-1.657092929,-1.660312653,-1.662523985,-1.661083698,-1.664593935,-1.668359637,-1.669642568,-1.670447707,-1.674225569,-1.67604053,-1.682934523,-1.681786537,5
113,-1.729525805,-1.73751688,-1.722658396,-1.716465831,-1.728245497,-1.725840211,-1.71982801,-1.714193344,-1.714857221,-1.708752632,-1.7142061,-1.711258292,-1.713829517,-1.718070149,-1.715141058,-1.714740992,-1.717834949,-1.725633264,-1.724898577,-1.725286961,-1.726014733,-1.729211211,-1.72992909,-1.731719971,-1.729477048,-1.732334375,-1.726394296,-1.727457047,-1.72785759,-1.725383878,-1.726759553,-1.72244072,-1.722189426,-1.713471174,-1.7103405,-1.701172352,-1.696619987,-1.687023401,-1.688304305,-1.686978459,-1.686215758,-1.686151385,-1.684506416,-1.685299635,-1.683595657,-1.68741262,-1.686338544,-1.687371731,-1.689679265,-1.687765121,-1.693175673,-1.68870914,-1.691329241,-1.692135453,-1.691528559,-1.693499207,-1.689774752,-1.688505769,-1.683551669,-1.683404803,-1.678143144,-1.67591536,-1.672416687,-1.668254375,-1.664756656,-1.662867665,-1.658751726,-1.653428674,-1.651378632,-1.645071626,-1.637960672,-1.628616095,-1.619275689,-1.610545635,-1.60605669,-1.599447131,-1.599397063,-1.594124675,-1.595420003,-1.593253732,-1.592180133,-1.5945822,-1.597247243,-1.596084476,-1.596694827,-1.600842714,-1.601794839,-1.604373693,-1.604567051,-1.605999827,-1.609989285,-1.611577392,-1.613474846,-1.61668849,-1.618252277,-1.620263696,-1.624405265,-1.624534965,-1.629069567,-1.628563404,-1.629514813,-1.633856177,-1.635370851,-1.636149287,-1.637940526,-1.639201999,-1.637773871,-1.639930964,-1.638281226,-1.641121745,-1.640133619,-1.641952276,-1.644833565,-1.644463897,-1.643154383,-1.641938925,-1.642661095,-1.642143011,-1.642137885,-1.643850803,-1.642660737,-1.641930461,-1.640075326,-1.638146639,-1.634865046,-1.637017131,-1.634201527,-1.635195971,-1.635469794,-1.633807898,-1.636079192,-1.634624481,-1.637380123,-1.636499286,-1.63843739,-1.639992237,-1.638504386,-1.637287259,-1.634083509,-1.630290627,-1.627334356,-1.622578859,-1.617982507,-1.617848635,-1.601261973,-1.594765186,-1.5885396,-1.582805395,-1.583187938,-1.579386115,-1.58249259,-1.581359744,-1.580647111,-1.579014421,-1.582590461,-1.585311651,-1.585703015,-1.587981939,-1.591536522,-1.594831109,-1.594982862,-1.600038886,-1.602253079,-1.605898261,-1.612370372,-1.606982112,-1.610790849,-1.616843581,-1.618899703,-1.622698665,-1.627840161,-1.631524801,-1.639265418,-1.641090155,4.5
114,-1.72657609,-1.725501895,-1.711085796,-1.705968857,-1.711762309,-1.709539413,-1.710306406,-1.709067583,-1.710238457,-1.705550432,-1.707716227,-1.708195448,-1.710123181,-1.713104129,-1.712018609,-1.707117319,-1.714478731,-1.719209194,-1.718040228,-1.715958595,-1.716811895,-1.719974518,-1.722047448,-1.7225281,-1.720414996,-1.722935319,-1.718013525,-1.718900919,-1.719799638,-1.717270374,-1.718706131,-1.715180159,-1.715246677,-1.70611012,-1.706711411,-1.699877024,-1.695627451,-1.689241409,-1.690080643,-1.689522266,-1.688879967,-1.689854026,-1.686130643,-1.688854814,-1.685998082,-1.689342499,-1.688257575,-1.689260721,-1.690357804,-1.689114332,-1.693217516,-1.689068556,-1.691739798,-1.692481637,-1.692565918,-1.694624305,-1.69117415,-1.690699816,-1.686248422,-1.686751842,-1.682317257,-1.681423664,-1.678659678,-1.674188733,-1.67505312,-1.672758222,-1.669517517,-1.667063951,-1.664571881,-1.660650969,-1.65663898,-1.651746988,-1.645437479,-1.640381336,-1.636809587,-1.6318537,-1.632711768,-1.629720688,-1.628994942,-1.628993988,-1.628074646,-1.629518032,-1.632113218,-1.630925775,-1.630747914,-1.635476589,-1.634705186,-1.635843515,-1.636908174,-1.638060212,-1.639270186,-1.640797734,-1.640139699,-1.643175602,-1.643013477,-1.645060897,-1.648129344,-1.648318052,-1.652745366,-1.650255919,-1.65169239,-1.654924393,-1.656009316,-1.655815721,-1.65718317,-1.658987284,-1.656855106,-1.659074068,-1.656349421,-1.660096407,-1.658838987,-1.660709977,-1.662200809,-1.663420558,-1.661490202,-1.660825491,-1.661416054,-1.661711812,-1.662132263,-1.663632989,-1.663153887,-1.661715508,-1.659834146,-1.658731818,-1.655851483,-1.658497214,-1.655997992,-1.656985998,-1.658300996,-1.656939983,-1.659423113,-1.657194853,-1.659914136,-1.659980655,-1.661498904,-1.66160512,-1.66000247,-1.658996344,-1.657699347,-1.655229568,-1.654235721,-1.650930166,-1.648828387,-1.644707918,-1.637768388,-1.632700086,-1.630042434,-1.625243664,-1.628684759,-1.626285434,-1.627427936,-1.628442645,-1.626908541,-1.624879718,-1.627497911,-1.629732251,-1.630612254,-1.632383585,-1.633401752,-1.636209846,-1.635583162,-1.63960886,-1.641676188,-1.643184066,-1.648233533,-1.645266652,-1.64774549,-1.652703285,-1.651819944,-1.655015469,-1.656877279,-1.658904552,-1.663012862,-1.660961986,4.9
115,-1.852261066,-1.862156034,-1.854239225,-1.860294104,-1.846284032,-1.853122592,-1.843629837,-1.848856688,-1.841534615,-1.842502356,-1.839360595,-1.837342858,-1.841727614,-1.845181465,-1.835871696,-1.845562458,-1.844195604,-1.843385339,-1.847933412,-1.849381089,-1.849238515,-1.851434708,-1.852062345,-1.850391626,-1.850355506,-1.850233555,-1.855173349,-1.850041747,-1.850883603,-1.846614599,-1.846096158,-1.844039679,-1.843156457,-1.839567542,-1.836566925,-1.833107591,-1.826784253,-1.822077155,-1.82094419,-1.821327209,-1.820187211,-1.818935752,-1.819125414,-1.819690347,-1.818493724,-1.819550753,-1.820610404,-1.819340825,-1.822552323,-1.821383476,-1.823455691,-1.823928118,-1.823024511,-1.824185133,-1.823889017,-1.823508978,-1.822091818,-1.821473598,-1.816880703,-1.819000721,-1.814818025,-1.814661622,-1.811579585,-1.806523681,-1.804446578,-1.802024722,-1.800333738,-1.800475836,-1.796666145,-1.793113947,-1.788173676,-1.77910614,-1.774400234,-1.767165303,-1.765172005,-1.76076889,-1.7608881,-1.757699728,-1.757523417,-1.756954908,-1.75599277,-1.757701755,-1.757897854,-1.756293297,-1.756500244,-1.758726597,-1.758904338,-1.761732459,-1.763000965,-1.762438655,-1.767745495,-1.769431472,-1.769370437,-1.770817995,-1.771875739,-1.774154663,-1.776175857,-1.777382255,-1.780307889,-1.776024461,-1.780478954,-1.781244397,-1.783730865,-1.783443689,-1.784664631,-1.785400867,-1.785450935,-1.785667062,-1.786374211,-1.787380695,-1.787724137,-1.787836432,-1.789093018,-1.789975882,-1.790811539,-1.790932417,-1.790826559,-1.788424015,-1.789022088,-1.789855957,-1.790543914,-1.787309885,-1.787676573,-1.78630054,-1.78387928,-1.784841895,-1.785543323,-1.782678485,-1.782499552,-1.783057094,-1.783796787,-1.783341885,-1.785551071,-1.786154866,-1.785901189,-1.78469646,-1.785162449,-1.783248305,-1.783316493,-1.780996323,-1.778369069,-1.774791002,-1.770858645,-1.766904712,-1.761087775,-1.757080913,-1.751608729,-1.750261545,-1.748830557,-1.746961951,-1.745966077,-1.748918891,-1.749502063,-1.749751449,-1.750335097,-1.753022671,-1.755041599,-1.756650448,-1.756629467,-1.759699464,-1.760591507,-1.75804615,-1.761604428,-1.763044,-1.766359806,-1.767130852,-1.773030639,-1.774270654,-1.775100231,-1.777586341,-1.777567387,-1.779693842,-1.785164952,-1.787756801,3.8499999999999996
116,-1.81994462,-1.833512545,-1.827531099,-1.828622818,-1.814175844,-1.822257161,-1.812973976,-1.813459039,-1.806686878,-1.808818817,-1.804739952,-1.800416231,-1.806352854,-1.808866739,-1.796183467,-1.807715654,-1.809123993,-1.806725979,-1.809523463,-1.813293815,-1.81182909,-1.816432476,-1.814947844,-1.814113498,-1.813145518,-1.814335585,-1.817751765,-1.812902451,-1.814023733,-1.808410883,-1.809134126,-1.805729985,-1.80419457,-1.798291802,-1.795729876,-1.790933251,-1.781596661,-1.776420832,-1.774935365,-1.774811745,-1.77145505,-1.772827506,-1.77265656,-1.77182281,-1.770607591,-1.771603584,-1.773927569,-1.773192763,-1.778006434,-1.775332212,-1.77797246,-1.777215123,-1.777655363,-1.777371287,-1.777763367,-1.778675914,-1.775317907,-1.775009871,-1.769691586,-1.771051049,-1.765486479,-1.765141606,-1.760853291,-1.754419327,-1.752371788,-1.748997211,-1.746980071,-1.746883869,-1.742308617,-1.738409281,-1.733988166,-1.723692298,-1.71966207,-1.710899949,-1.708701611,-1.703783393,-1.704161286,-1.701020956,-1.700920224,-1.699373364,-1.699523568,-1.701494336,-1.701733947,-1.700591564,-1.699252367,-1.703119278,-1.70313561,-1.705963969,-1.706828952,-1.706295609,-1.712211728,-1.714073777,-1.713828802,-1.71414423,-1.715610385,-1.717865705,-1.71991694,-1.722106457,-1.724824905,-1.719451189,-1.723498225,-1.724782348,-1.727349758,-1.727434397,-1.729066133,-1.729017615,-1.728854537,-1.730270147,-1.730639577,-1.729946852,-1.732382417,-1.731518745,-1.733585715,-1.734224677,-1.734400868,-1.734529257,-1.735152125,-1.732296824,-1.733397126,-1.734012485,-1.733725905,-1.730351567,-1.730801225,-1.72967875,-1.726349711,-1.728426337,-1.728889465,-1.726146936,-1.725171089,-1.726592541,-1.728832841,-1.725773335,-1.728862643,-1.727809668,-1.727844596,-1.726942539,-1.727602124,-1.725391388,-1.726433873,-1.722002506,-1.720701575,-1.716497421,-1.712564468,-1.701925397,-1.700493932,-1.697923303,-1.692644358,-1.68936944,-1.688890576,-1.687089324,-1.684288979,-1.687766314,-1.687761188,-1.687353373,-1.689036608,-1.69288671,-1.693637133,-1.695670247,-1.694869399,-1.699074864,-1.701395512,-1.700046539,-1.702305317,-1.704337001,-1.707328558,-1.709565759,-1.714923382,-1.717475414,-1.716800094,-1.719661355,-1.721218944,-1.72422874,-1.731070518,-1.738265276,4
117,-1.779332757,-1.778782487,-1.778622031,-1.772579551,-1.775738478,-1.767161846,-1.761278391,-1.758820295,-1.75965333,-1.759305,-1.758095264,-1.756186128,-1.758173943,-1.760141015,-1.76020658,-1.769661903,-1.76693666,-1.763713479,-1.76619041,-1.768939495,-1.77074492,-1.774096012,-1.775321603,-1.774715066,-1.771255493,-1.772182941,-1.77207005,-1.770956993,-1.770890951,-1.770129442,-1.766825914,-1.766814947,-1.763469219,-1.760568261,-1.75441885,-1.74838829,-1.743017793,-1.738815784,-1.733748555,-1.73589623,-1.733968019,-1.732698083,-1.734148383,-1.734856129,-1.734332323,-1.735449195,-1.735746026,-1.736272573,-1.738184452,-1.736240625,-1.739776134,-1.739127278,-1.737751245,-1.73973155,-1.742767334,-1.738085628,-1.737690926,-1.736085176,-1.733886719,-1.731771469,-1.729884386,-1.725661993,-1.723214984,-1.717587233,-1.715745568,-1.712133765,-1.710210204,-1.707122922,-1.704230189,-1.699140787,-1.693753839,-1.687569976,-1.679136395,-1.673845053,-1.667455912,-1.664363503,-1.666306734,-1.663636565,-1.661275864,-1.66063261,-1.659335375,-1.65958631,-1.661176801,-1.660401821,-1.662272692,-1.664514184,-1.663845778,-1.666328907,-1.667343974,-1.670775771,-1.672333241,-1.672823906,-1.672680378,-1.676532388,-1.678881407,-1.6786412,-1.679901958,-1.681893706,-1.683721662,-1.68297708,-1.686983109,-1.688190579,-1.690848112,-1.690369606,-1.691482186,-1.692072988,-1.693023324,-1.6949718,-1.693984866,-1.694975138,-1.696020961,-1.695562959,-1.696774602,-1.699103117,-1.697718143,-1.699336171,-1.699183822,-1.698237896,-1.697617054,-1.696220279,-1.695725441,-1.69523716,-1.696100593,-1.695595026,-1.692997456,-1.694000244,-1.690856218,-1.689439774,-1.691570401,-1.691116929,-1.693097472,-1.691320658,-1.692733765,-1.692779303,-1.694011807,-1.693120003,-1.695032477,-1.692350149,-1.693797231,-1.68962872,-1.688349128,-1.685778379,-1.678259134,-1.671584368,-1.666440129,-1.66186142,-1.65923214,-1.655866027,-1.654164076,-1.654859304,-1.654999018,-1.654944181,-1.655429721,-1.657200456,-1.660487175,-1.660138726,-1.659843683,-1.663381696,-1.662876487,-1.66473949,-1.664793134,-1.667773247,-1.670024991,-1.670188427,-1.670650959,-1.674459577,-1.678831697,-1.678390026,-1.682023406,-1.682410836,-1.686209798,-1.690038443,-1.691549659,-1.700885415,4.5
118,-1.81627357,-1.814629555,-1.8132689,-1.803440332,-1.807768464,-1.802304983,-1.797194362,-1.792721391,-1.791607976,-1.793623924,-1.792755127,-1.790123343,-1.796249986,-1.796750188,-1.793717146,-1.810144067,-1.802474141,-1.79720521,-1.801737428,-1.805362701,-1.810193896,-1.809459686,-1.809395075,-1.811361909,-1.804812312,-1.805598378,-1.811613441,-1.806729913,-1.806058288,-1.805203438,-1.799928665,-1.802150965,-1.799971104,-1.794855595,-1.7902354,-1.786067486,-1.779379129,-1.776885271,-1.771959662,-1.774155974,-1.768232822,-1.769103885,-1.771224618,-1.771675229,-1.77159512,-1.773549914,-1.774610162,-1.773205638,-1.776309609,-1.775308013,-1.777897596,-1.776437879,-1.776299953,-1.77808845,-1.779209137,-1.77718544,-1.775590301,-1.775348425,-1.772022724,-1.771623254,-1.769743443,-1.765828848,-1.764116764,-1.758304715,-1.756545901,-1.753148556,-1.752770305,-1.748017073,-1.746810555,-1.7426368,-1.737317324,-1.731048107,-1.723418236,-1.719292521,-1.712972164,-1.71059978,-1.711367607,-1.709216237,-1.708351731,-1.706513047,-1.705600858,-1.705772758,-1.707308888,-1.705851078,-1.707286477,-1.710469484,-1.705989718,-1.711034536,-1.712868929,-1.716280341,-1.717179298,-1.717488289,-1.717214108,-1.720372915,-1.721792817,-1.721004486,-1.723256826,-1.72503829,-1.727751374,-1.725667596,-1.729224205,-1.731483817,-1.733407021,-1.73287499,-1.733815312,-1.73349607,-1.734284043,-1.736655116,-1.736235976,-1.737913728,-1.737620831,-1.737085581,-1.738329768,-1.739601851,-1.739583969,-1.7397331,-1.739353895,-1.738323092,-1.740261793,-1.737805963,-1.73902142,-1.737629771,-1.737765074,-1.736620665,-1.733867884,-1.736013412,-1.732292175,-1.733013391,-1.73419857,-1.732517481,-1.733890414,-1.731421828,-1.734345913,-1.734117389,-1.735661387,-1.734271526,-1.736285567,-1.73303175,-1.736706018,-1.731880069,-1.731650114,-1.728875995,-1.721323848,-1.714524269,-1.711450696,-1.708771586,-1.707084775,-1.70421505,-1.703198552,-1.703424335,-1.703702927,-1.704092979,-1.704940438,-1.70433414,-1.710303903,-1.709240317,-1.709677935,-1.71191752,-1.712175727,-1.71366024,-1.712109447,-1.713976264,-1.716007471,-1.718146443,-1.718271971,-1.724255919,-1.725529671,-1.723452926,-1.725820303,-1.727151871,-1.733186364,-1.734686971,-1.735929847,-1.742301822,4.55
119,-1.842368603,-1.844183922,-1.833930254,-1.835869551,-1.828049779,-1.842017889,-1.828992486,-1.82347393,-1.817970037,-1.818241358,-1.817608476,-1.817770123,-1.816900969,-1.817287445,-1.823857069,-1.819534302,-1.82268393,-1.821986198,-1.830036044,-1.827723265,-1.833500624,-1.830904961,-1.831331372,-1.833550215,-1.833682418,-1.831372142,-1.829774618,-1.832337618,-1.82896781,-1.829872131,-1.825609803,-1.823590875,-1.824805379,-1.821351886,-1.816228747,-1.80892849,-1.805756569,-1.801907063,-1.800830603,-1.799253225,-1.79816246,-1.798853636,-1.79782927,-1.798452854,-1.799307704,-1.798152089,-1.799667716,-1.800310254,-1.799978733,-1.80170989,-1.801701665,-1.799865603,-1.802911878,-1.800424337,-1.800828815,-1.800607324,-1.799322248,-1.79817903,-1.796428561,-1.793992043,-1.792111993,-1.789523125,-1.787332416,-1.78418076,-1.779841304,-1.778134823,-1.776913643,-1.774742842,-1.771969318,-1.767939925,-1.76370132,-1.7568959,-1.753364086,-1.74780345,-1.744758844,-1.74250114,-1.741835475,-1.738075614,-1.737912536,-1.737774134,-1.738033891,-1.740009546,-1.737906694,-1.737956882,-1.738058567,-1.739465952,-1.739769697,-1.740744591,-1.741661429,-1.743402362,-1.746351004,-1.748054504,-1.748084426,-1.748568773,-1.750384808,-1.750511646,-1.753034592,-1.7533319,-1.755659819,-1.753185272,-1.758728266,-1.759235263,-1.759189963,-1.760103226,-1.759691238,-1.760010839,-1.759874821,-1.759647012,-1.762946367,-1.763328671,-1.764678717,-1.763655424,-1.762697339,-1.76325345,-1.764512777,-1.764499784,-1.764080405,-1.764427662,-1.764277935,-1.76419878,-1.76321888,-1.763388634,-1.765274286,-1.763195753,-1.761270642,-1.761262417,-1.762466073,-1.759032607,-1.758947134,-1.759150982,-1.760297298,-1.760702014,-1.761397243,-1.762356997,-1.760322571,-1.759486914,-1.760574937,-1.759951115,-1.761753559,-1.758769393,-1.757841349,-1.751476526,-1.748217583,-1.750840187,-1.741944551,-1.738818884,-1.734728336,-1.733425379,-1.731052399,-1.730848551,-1.728180051,-1.731615067,-1.731042147,-1.731814504,-1.733477712,-1.734877706,-1.734267592,-1.735174656,-1.73642993,-1.737767816,-1.736936212,-1.738670945,-1.743711114,-1.744702935,-1.744282961,-1.748914719,-1.745533109,-1.74867785,-1.753009677,-1.752523661,-1.758355379,-1.76222837,-1.764061213,-1.769305229,4.15
120,-1.852365613,-1.859789133,-1.834417343,-1.847448945,-1.84136188,-1.846263885,-1.833758354,-1.833068132,-1.822894096,-1.822271347,-1.821749568,-1.821488619,-1.818969488,-1.82380116,-1.827820897,-1.813663244,-1.825931787,-1.827892303,-1.830335379,-1.830806017,-1.834875107,-1.832470894,-1.835411906,-1.834793925,-1.836048007,-1.833960056,-1.827902317,-1.835201383,-1.82879889,-1.830949783,-1.825989485,-1.824707389,-1.825096846,-1.822859049,-1.816116095,-1.810305834,-1.80620122,-1.801560283,-1.801115274,-1.799180746,-1.797211051,-1.799011707,-1.797605753,-1.798835754,-1.799541235,-1.798454881,-1.799358964,-1.800691485,-1.801270723,-1.802586079,-1.80217576,-1.800801992,-1.804253221,-1.801411748,-1.801496625,-1.800955415,-1.79960382,-1.799728036,-1.798059821,-1.796023369,-1.79304266,-1.790632963,-1.787839055,-1.784818888,-1.780674815,-1.778585196,-1.777666807,-1.775323391,-1.771472931,-1.768845558,-1.764033794,-1.756512642,-1.753490448,-1.746342063,-1.742637753,-1.741204619,-1.740799904,-1.738113046,-1.737428665,-1.736919045,-1.735862494,-1.738477349,-1.736284375,-1.73757863,-1.738059878,-1.738580942,-1.738139987,-1.74012816,-1.741384387,-1.742962718,-1.745428205,-1.748651505,-1.748404145,-1.748289347,-1.750626206,-1.750660539,-1.754512191,-1.755519867,-1.757160425,-1.755495429,-1.760634184,-1.761429667,-1.761609435,-1.763405323,-1.763946772,-1.763681889,-1.763813615,-1.761922359,-1.764355779,-1.765557885,-1.767607689,-1.766914845,-1.766965151,-1.766861916,-1.766884089,-1.76709938,-1.766462803,-1.767213464,-1.767034411,-1.766745448,-1.7668854,-1.765389085,-1.767205238,-1.765831828,-1.764036417,-1.763657689,-1.763237715,-1.762269616,-1.76228857,-1.761385083,-1.762815237,-1.763128161,-1.765021086,-1.764341116,-1.762311578,-1.763433337,-1.763642788,-1.763060808,-1.765616536,-1.761932611,-1.761476636,-1.756750703,-1.751289725,-1.749873042,-1.741831779,-1.737237215,-1.733824134,-1.732773066,-1.732025146,-1.732117414,-1.729333758,-1.732055187,-1.732483625,-1.734298348,-1.735180736,-1.736081243,-1.736615896,-1.735558391,-1.737386823,-1.738234878,-1.738411903,-1.738885164,-1.742036462,-1.746551514,-1.744529843,-1.750517488,-1.745411277,-1.749854088,-1.754206657,-1.754072785,-1.761100888,-1.763819337,-1.767177343,-1.772076488,4.4
121,-1.778588891,-1.771919966,-1.794273376,-1.778726339,-1.778294802,-1.775256276,-1.778125882,-1.768562436,-1.76714015,-1.767758012,-1.765614986,-1.764734149,-1.766082168,-1.772288084,-1.772091746,-1.773915172,-1.781850934,-1.773198128,-1.777623653,-1.778712153,-1.778226852,-1.782125115,-1.782151222,-1.782783747,-1.781188846,-1.781660557,-1.777652144,-1.779021859,-1.779878736,-1.777418256,-1.777633309,-1.773124695,-1.774746299,-1.769604087,-1.76276958,-1.759572268,-1.750913024,-1.748966336,-1.747417808,-1.747225165,-1.747890711,-1.748108864,-1.746455193,-1.745454073,-1.745154023,-1.746620893,-1.747173548,-1.750004888,-1.749991536,-1.749195814,-1.751048565,-1.751183033,-1.751202106,-1.750576019,-1.753719091,-1.752107143,-1.7501266,-1.750803351,-1.745494723,-1.746013522,-1.741022944,-1.740024447,-1.736603379,-1.731517673,-1.731523037,-1.72776103,-1.725469708,-1.724616647,-1.721335769,-1.716759682,-1.711578369,-1.705752373,-1.701335549,-1.696505308,-1.692795277,-1.689974666,-1.688808918,-1.686307192,-1.687945127,-1.687298656,-1.684879184,-1.68583858,-1.685425401,-1.685393691,-1.685397148,-1.687305689,-1.69009769,-1.691143632,-1.690143585,-1.694298029,-1.695357323,-1.696865559,-1.696210027,-1.698008776,-1.701550364,-1.701840401,-1.702649951,-1.702333689,-1.706577539,-1.703761697,-1.70634079,-1.706536889,-1.7104249,-1.709339261,-1.710480809,-1.712504387,-1.710637331,-1.712536573,-1.711461544,-1.711827874,-1.715816855,-1.715522289,-1.716423035,-1.715932846,-1.716671348,-1.716741323,-1.716104984,-1.714730978,-1.714648485,-1.714653134,-1.71376431,-1.714679122,-1.714799523,-1.713408947,-1.712519526,-1.711493969,-1.710337043,-1.708399057,-1.706680417,-1.706560016,-1.708571434,-1.70980227,-1.708818793,-1.710047364,-1.713209987,-1.712234616,-1.711136937,-1.709900737,-1.709597945,-1.705703259,-1.705226779,-1.702955961,-1.698037982,-1.701200366,-1.686885118,-1.685443997,-1.684236407,-1.681405663,-1.677776098,-1.677551746,-1.677387476,-1.677842617,-1.676632285,-1.676265478,-1.680989861,-1.679621458,-1.680191875,-1.681403637,-1.681563735,-1.684485316,-1.684867859,-1.684617043,-1.687066317,-1.688736558,-1.693082333,-1.69258666,-1.696384072,-1.70257616,-1.699680924,-1.700510263,-1.702941418,-1.705099702,-1.711449027,-1.717878461,3.95
122,-1.758485317,-1.760751367,-1.772256732,-1.765472651,-1.764623165,-1.76152575,-1.761842608,-1.74791491,-1.751842141,-1.747158766,-1.7475456,-1.746323586,-1.746009588,-1.753180265,-1.751927853,-1.754565835,-1.762366295,-1.754730463,-1.756021261,-1.756514311,-1.756969571,-1.759603739,-1.759030104,-1.760930181,-1.759652734,-1.760098934,-1.754362702,-1.756725192,-1.758838177,-1.754063964,-1.758211374,-1.751143456,-1.753359675,-1.746530414,-1.739455342,-1.736875772,-1.72919035,-1.725094914,-1.726939559,-1.723251581,-1.724628448,-1.726321697,-1.72505331,-1.723587036,-1.7219311,-1.724590302,-1.724680662,-1.726202965,-1.727770329,-1.725223899,-1.727712154,-1.727457643,-1.728517652,-1.726945639,-1.729828954,-1.729246497,-1.727797151,-1.726297975,-1.723274469,-1.722132444,-1.718044758,-1.717359185,-1.712516308,-1.708398342,-1.707479358,-1.704041958,-1.701534629,-1.700197458,-1.697387457,-1.693540096,-1.688417435,-1.681493163,-1.67606473,-1.672881246,-1.667490363,-1.664744377,-1.66176331,-1.66030848,-1.661818743,-1.661569238,-1.659347057,-1.659902453,-1.660060525,-1.659663677,-1.660667658,-1.661687613,-1.663735628,-1.665742278,-1.665020227,-1.667211771,-1.669391632,-1.672470808,-1.670227289,-1.672956109,-1.676556826,-1.676598787,-1.67766118,-1.678076506,-1.68204987,-1.678639531,-1.68157053,-1.681843996,-1.684397697,-1.684741855,-1.685944438,-1.688107848,-1.68640554,-1.687373042,-1.686165929,-1.686821938,-1.690194368,-1.689938426,-1.689967394,-1.689527512,-1.690958261,-1.690966129,-1.690369129,-1.689143538,-1.6885885,-1.688764334,-1.687494397,-1.688476563,-1.688896418,-1.687354207,-1.68448627,-1.685196519,-1.682518482,-1.682438374,-1.681560874,-1.682048917,-1.682917356,-1.684914947,-1.683408499,-1.683630586,-1.687354445,-1.68471539,-1.686534405,-1.683509231,-1.683673263,-1.679214597,-1.678645611,-1.676605225,-1.672933817,-1.670803785,-1.659325123,-1.658394814,-1.656169176,-1.653171659,-1.650619626,-1.64861393,-1.650888205,-1.650892615,-1.649448276,-1.6504848,-1.655619621,-1.653588057,-1.655357718,-1.658953071,-1.657722473,-1.661648035,-1.660337687,-1.661560655,-1.662867069,-1.666113973,-1.670341969,-1.669864297,-1.675363302,-1.681780934,-1.67873311,-1.67943275,-1.680647254,-1.685172319,-1.691111445,-1.698937654,4
123,-1.774880767,-1.777199268,-1.795988321,-1.778295159,-1.782094717,-1.78737843,-1.776382327,-1.770057678,-1.770703435,-1.762167335,-1.767627835,-1.765396476,-1.766186237,-1.771215558,-1.771659017,-1.77099216,-1.781881332,-1.773168683,-1.777715325,-1.776352167,-1.780070305,-1.779720068,-1.779002905,-1.780560255,-1.780039549,-1.780545712,-1.779312611,-1.777328849,-1.780027747,-1.775431395,-1.778446913,-1.772833586,-1.77491343,-1.766762853,-1.760197997,-1.758272409,-1.751623988,-1.748300791,-1.748958707,-1.745635986,-1.74729526,-1.746954918,-1.747309804,-1.745596766,-1.74397397,-1.747464776,-1.74659121,-1.748308659,-1.749047995,-1.747059584,-1.75069499,-1.750274658,-1.752185464,-1.749966621,-1.753497005,-1.752903461,-1.751507998,-1.750340939,-1.746755481,-1.745793223,-1.742537498,-1.740564942,-1.73654604,-1.73168695,-1.730186224,-1.727067947,-1.725071669,-1.724029779,-1.720083475,-1.715915203,-1.710908651,-1.704730988,-1.699259043,-1.695605397,-1.691636562,-1.687535167,-1.685223341,-1.683564186,-1.685493588,-1.685355186,-1.68279922,-1.68292284,-1.683703184,-1.683008194,-1.683423162,-1.684458971,-1.6866225,-1.688584208,-1.687956452,-1.690157652,-1.692556977,-1.694270372,-1.692909479,-1.694980502,-1.697072268,-1.698240757,-1.698949575,-1.699113965,-1.703481078,-1.701109409,-1.703184605,-1.704299212,-1.706390142,-1.705972195,-1.70747304,-1.708851695,-1.708408237,-1.7088238,-1.708274245,-1.708263755,-1.711389303,-1.711996675,-1.712844372,-1.712160468,-1.712696791,-1.713123202,-1.712342143,-1.711955786,-1.711386919,-1.711019874,-1.707413197,-1.709578395,-1.710686564,-1.709880233,-1.706540108,-1.706132174,-1.704305291,-1.703392744,-1.702346921,-1.701661587,-1.702702761,-1.705750108,-1.703459501,-1.703912377,-1.707865953,-1.705492973,-1.709599257,-1.70590508,-1.705716848,-1.701345682,-1.698690176,-1.697120309,-1.694369912,-1.701859713,-1.684081435,-1.682883382,-1.680706978,-1.680299163,-1.675295472,-1.674492955,-1.675026417,-1.675896883,-1.674974561,-1.675854802,-1.681246042,-1.679009318,-1.680267096,-1.681674123,-1.680029273,-1.684422255,-1.683250189,-1.682424307,-1.685139775,-1.689786673,-1.691850424,-1.691382885,-1.698633313,-1.701085806,-1.700490952,-1.697944999,-1.700939059,-1.704225898,-1.706501245,-1.716773272,4.1
124,-1.812124848,-1.819039345,-1.805780768,-1.814710855,-1.798088312,-1.807397842,-1.7975775,-1.796729922,-1.790708184,-1.793161035,-1.790202141,-1.783955336,-1.788552761,-1.791343331,-1.793746829,-1.79543066,-1.796935201,-1.799609184,-1.799391389,-1.799139023,-1.798656225,-1.801522136,-1.804679155,-1.805097103,-1.80548346,-1.803175211,-1.806284785,-1.803618908,-1.802010775,-1.798419595,-1.798904777,-1.794979811,-1.791916251,-1.79249835,-1.784958005,-1.779427767,-1.770513296,-1.766959786,-1.767807126,-1.764318943,-1.763499856,-1.762655497,-1.763192058,-1.762210011,-1.762724042,-1.762531042,-1.765239477,-1.76265502,-1.764627337,-1.763646722,-1.767949104,-1.767247438,-1.767819762,-1.7662431,-1.766905427,-1.767533541,-1.763150692,-1.762977123,-1.762196779,-1.760749459,-1.760698438,-1.75531745,-1.750445843,-1.746839762,-1.741278291,-1.741057634,-1.738400817,-1.735800505,-1.733113766,-1.729229808,-1.722733259,-1.714367628,-1.706885219,-1.700297356,-1.698295832,-1.694453239,-1.692291975,-1.688487291,-1.68733108,-1.687229633,-1.687388301,-1.688246965,-1.688898683,-1.687886,-1.689720631,-1.69001925,-1.690137506,-1.693742275,-1.69607532,-1.697970986,-1.700360775,-1.701863289,-1.702068448,-1.703430176,-1.705837369,-1.707790375,-1.708639026,-1.709558129,-1.713057756,-1.71056056,-1.715772867,-1.714678526,-1.717207313,-1.717009902,-1.719601274,-1.719604135,-1.720240355,-1.721028566,-1.721418381,-1.721039414,-1.721185446,-1.720701456,-1.72236979,-1.723124146,-1.720543385,-1.721430898,-1.721004009,-1.720690608,-1.720880866,-1.721562147,-1.719824195,-1.71874702,-1.718057156,-1.717741728,-1.714073181,-1.71632421,-1.715185404,-1.712924838,-1.712803721,-1.714050889,-1.713021636,-1.7120471,-1.714175582,-1.714023352,-1.713260531,-1.714634657,-1.713667512,-1.711232066,-1.712407112,-1.709193587,-1.707481146,-1.701431155,-1.698479414,-1.696586728,-1.684733033,-1.681000829,-1.675356388,-1.674026847,-1.671612859,-1.669530988,-1.669240355,-1.670965195,-1.671282649,-1.672031283,-1.672565222,-1.673594594,-1.675192237,-1.679060698,-1.679016352,-1.680365682,-1.681886196,-1.684732795,-1.685325742,-1.687814832,-1.690889597,-1.692171216,-1.687617779,-1.695018888,-1.700169206,-1.702219486,-1.705557585,-1.713517547,-1.712581396,-1.722462893,3.6
125,-1.883458614,-1.888211966,-1.880338907,-1.88621819,-1.873663068,-1.878594279,-1.875176668,-1.870704293,-1.867552519,-1.867196679,-1.864694238,-1.863448501,-1.863960862,-1.868632078,-1.869401932,-1.874135613,-1.870562434,-1.872347236,-1.873944521,-1.872465253,-1.872583032,-1.874475956,-1.877682567,-1.876781344,-1.876507998,-1.877219677,-1.877901316,-1.875828505,-1.874629021,-1.873194098,-1.871198654,-1.868413806,-1.867234707,-1.8672961,-1.860623837,-1.856564283,-1.849377394,-1.846549273,-1.847630262,-1.843456268,-1.842591643,-1.840954661,-1.844103694,-1.843098879,-1.844025373,-1.842427015,-1.84503901,-1.843263388,-1.843331337,-1.844407439,-1.846662879,-1.845491171,-1.846877456,-1.844204664,-1.844243288,-1.846025825,-1.843501568,-1.842754245,-1.84179318,-1.840498924,-1.8408283,-1.836597323,-1.832177043,-1.829311728,-1.823758602,-1.823412061,-1.822609782,-1.819996476,-1.816671968,-1.813457489,-1.808386922,-1.801278114,-1.794565558,-1.788052082,-1.786047935,-1.783755779,-1.781063557,-1.777224422,-1.77718699,-1.77902317,-1.776782632,-1.777577877,-1.778192401,-1.777935743,-1.777267218,-1.778292179,-1.779603958,-1.782546639,-1.78471458,-1.785907388,-1.787358761,-1.790103316,-1.789547205,-1.79073441,-1.792366028,-1.79403317,-1.795084953,-1.796083689,-1.798037171,-1.796349883,-1.800490737,-1.799052715,-1.801886439,-1.801113129,-1.803312182,-1.802608848,-1.803765178,-1.803856254,-1.804536462,-1.80491519,-1.804077268,-1.802949309,-1.804978371,-1.805104136,-1.803936481,-1.80386126,-1.802784443,-1.802354217,-1.802416086,-1.803480983,-1.803185225,-1.803561687,-1.801488757,-1.801968455,-1.798833013,-1.798820019,-1.798747301,-1.797141194,-1.795371056,-1.797810435,-1.797177196,-1.797159195,-1.797661066,-1.798251629,-1.796909332,-1.797331572,-1.796895981,-1.79600203,-1.795871496,-1.793901205,-1.791095614,-1.786249518,-1.783763409,-1.779176712,-1.772091389,-1.768471718,-1.763137221,-1.760412693,-1.758633375,-1.7579422,-1.757802844,-1.759247303,-1.759452105,-1.760537863,-1.760531783,-1.763267159,-1.764551282,-1.769145966,-1.768364549,-1.769948363,-1.769226193,-1.772246838,-1.772642374,-1.775238872,-1.778761029,-1.780030131,-1.774617195,-1.781179428,-1.785081625,-1.788071871,-1.789750338,-1.796375751,-1.794461727,-1.801298261,3.75
