1104,1116,1128,1140,1152,1164,1176,1188,1200,1212,1224,1236,1248,1260,1272,1284,1296,1308,1320,1332,1344,1356,1368,1380,1392,1404,1416,1428,1440,1452,1464,1476,1488,1500,1512,1524,1536,1548,1560,1572,1584,1596,1608,1620,1632,1644,1656,1668,1680,1692,1704,1716,1728,1740,1752,1764,1776,1788,1800,1812,1824,1836,1848,1860,1872,1884,1896,1908,1920,1932,1944,1956,1968,1980,1992,2004,2016,2028,2040,2052,2064,2076,2088,2100,2112,2124,2136,2148,2160,2172,2184,2196,2208,2220,2232,2244,2256,2268,2280,2292,2304,2316,2328,2340,2352,2364,2376,2388,2400,2412,2424,2436,2448,2460,2472,2484,2496,Glucose (wt %) 
0.1432180106639862,0.14270199835300446,0.14697501063346863,0.157369003,0.1644439995288849,0.17321300506591797,0.18453200161457062,0.1890300065279007,0.18120400607585907,0.170290008,0.16189299523830414,0.15649700164794922,0.15244200825691223,0.15081100165843964,0.15188901126384735,0.15119899809360504,0.14928700029850006,0.14873500168323517,0.1499830037355423,0.15285199880599976,0.15908700227737427,0.16896000504493713,0.178274006,0.1851070076227188,0.19746600091457367,0.2144000083208084,0.22920000553131104,0.23713600635528564,0.24175100028514862,0.2464739978313446,0.2521350085735321,0.26095399260520935,0.2785380184650421,0.2878589928150177,0.2848860025405884,0.2768169939517975,0.2680700123310089,0.25960201025009155,0.25446000695228577,0.2525250017642975,0.24900799989700317,0.2445089966058731,0.24046900868415833,0.23888500034809113,0.23733800649642944,0.2355159968137741,0.2380090057849884,0.2524240016937256,0.2789810001850128,0.30159100890159607,0.30362701416015625,0.30449801683425903,0.31391599774360657,0.31590700149536133,0.30479201674461365,0.29048001766204834,0.2798040211200714,0.276091993,0.2751130163669586,0.27334800362586975,0.27072399854660034,0.2670550048351288,0.2647559940814972,0.26619401574134827,0.27535900473594666,0.30348801612854004,0.35226202,0.40372100472450256,0.44222399592399597,0.4640530049800873,0.46956801414489746,0.46251800656318665,0.4595850110054016,0.4564190208911896,0.44573602080345154,0.4364510178565979,0.4383620023727417,0.45607301592826843,0.48319000005722046,0.5015739798545837,0.4930890202522278,0.4707539975643158,0.45638999342918396,0.45386800169944763,0.45986300706863403,0.473222017,0.4960069954395294,0.5242779850959778,0.5524560213088989,0.5670469999313354,0.5662599802017212,0.557794988,0.5471320152282715,0.5360730290412903,0.5317680239677429,0.5454890131950378,0.5791379809379578,0.6100510358810425,0.6221830248832703,0.628574014,0.6275560259819031,0.620186985,0.6153030395507812,0.6160039901733398,0.611702025,0.6014959812164307,0.5927780270576477,0.5881829857826233,0.5879570245742798,0.5931389927864075,0.6004819869995117,0.6108199954032898,0.6320739984512329,0.6532120108604431,0.6588050127029419,0.651187003,0.6490600109100342,0
0.14334800839424133,0.1426510065793991,0.14667099714279175,0.1568170040845871,0.16392400860786438,0.17275100946426392,0.18416599929332733,0.18895100057125092,0.1813490092754364,0.17081300914287567,0.16283100843429565,0.15759500861167908,0.15380100905895233,0.15222500264644623,0.15311700105667114,0.15237800776958466,0.15040899813175201,0.1496950089931488,0.1508840024471283,0.1538120061159134,0.160180002,0.17027100920677185,0.17960099875926971,0.18637101352214813,0.1986590027809143,0.21548600494861603,0.23044800758361816,0.23920200765132904,0.24531599879264832,0.2520640194416046,0.2599329948425293,0.27052199840545654,0.2882870137691498,0.29724299907684326,0.29431599378585815,0.28665801882743835,0.2782750129699707,0.2701690196990967,0.26540201902389526,0.2638089954853058,0.26042601466178894,0.2553580105304718,0.2505260109901428,0.2480040043592453,0.24551799893379211,0.24296200275421143,0.2446490079164505,0.25763002038002014,0.2824999988079071,0.3041270077228546,0.30560001730918884,0.3064640164375305,0.3156059980392456,0.3173919916152954,0.3064649999141693,0.29270100593566895,0.28254202008247375,0.27859601378440857,0.27719300985336304,0.27528101205825806,0.2726040184497833,0.26871901750564575,0.26633399724960327,0.2677119970321655,0.27671802043914795,0.3046010136604309,0.35318100452423096,0.40432900190353394,0.4427280128002167,0.4647890031337738,0.4710020124912262,0.4649670124053955,0.46289899945259094,0.460176021,0.4496780037879944,0.44068601727485657,0.44287699460983276,0.4606350064277649,0.48776400089263916,0.5065020322799683,0.4997200071811676,0.47874200344085693,0.46464601159095764,0.46198299527168274,0.4673530161380768,0.47968700528144836,0.5007050037384033,0.5267500281333923,0.5530840158462524,0.5666199922561646,0.565388024,0.5568870306015015,0.5463809967041016,0.5355380177497864,0.5313760042190552,0.5449020266532898,0.5785720348358154,0.6099410057067871,0.6218460202217102,0.6280120015144348,0.627219021,0.6205329895019531,0.6158879995346069,0.6156650185585022,0.6117169857025146,0.6029599905014038,0.5948669910430908,0.5902010202407837,0.5900009870529175,0.5959610342979431,0.6042029857635498,0.6155650019645691,0.6378520131111145,0.6610400080680847,0.6675360202789307,0.6599560379981995,0.6583089828491211,4.590000152587891
0.1434450000524521,0.1428849995136261,0.1469459980726242,0.15679600834846497,0.16353900730609894,0.17206500470638275,0.1827320009469986,0.18669800460338593,0.1792300045490265,0.16915000975131989,0.16140200197696686,0.15637800097465515,0.15246300399303436,0.15086700022220612,0.15175200998783112,0.15104100108146667,0.14926201105117798,0.1487870067358017,0.15009000897407532,0.15300001204013824,0.15914300084114075,0.16859100759029388,0.17739400267601013,0.1838269978761673,0.1957090049982071,0.21249499917030334,0.22754500806331635,0.2360680103302002,0.24145300686359406,0.2466520071029663,0.25245100259780884,0.2608080208301544,0.2766750156879425,0.285055012,0.2823610007762909,0.2751010060310364,0.2672730088233948,0.259660006,0.2551169991493225,0.2535470128059387,0.2506360113620758,0.2469239979982376,0.24370500445365906,0.24249200522899628,0.24097900092601776,0.23919101059436798,0.24133999645709991,0.25490301847457886,0.27967801690101624,0.3002200126647949,0.30209600925445557,0.3036240041255951,0.3129819929599762,0.31520000100135803,0.30550500750541687,0.2931240200996399,0.2837370038032532,0.2803809940814972,0.2792760133743286,0.27751901745796204,0.2751210033893585,0.27187201380729675,0.2697940170764923,0.2711170017719269,0.2797960042953491,0.3067049980163574,0.3533239960670471,0.40271300077438354,0.44023600220680237,0.4623570144176483,0.4692070186138153,0.4632419943809509,0.46030399203300476,0.45695799589157104,0.44665199518203735,0.43748602271080017,0.4385240077972412,0.4541189968585968,0.47860801219940186,0.495278001,0.4874480068683624,0.46687301993370056,0.453559011,0.4510450065135956,0.4562380015850067,0.4682300090789795,0.48899102210998535,0.5148829817771912,0.5406990051269531,0.5540550351142883,0.5533410310745239,0.545628011,0.5359259843826294,0.5259699821472168,0.5223110318183899,0.5360850095748901,0.569022,0.597773015,0.6083300113677979,0.616687,0.6158640384674072,0.6075760126113892,0.6026000380516052,0.6026880145072937,0.5988389849662781,0.5894070267677307,0.5817850232124329,0.5781869888305664,0.5789049863815308,0.5846050381660461,0.592739999,0.6039630174636841,0.6247889995574951,0.6446810364723206,0.6506739854812622,0.6439779996871948,0.6416100263595581,0
0.14520201086997986,0.14433400332927704,0.14813300967216492,0.1580820083618164,0.1651500016450882,0.1740490049123764,0.18557401,0.19069400429725647,0.1832990050315857,0.17313100397586823,0.1655300110578537,0.16040600836277008,0.1568470001220703,0.1553020030260086,0.15603400766849518,0.15523099899291992,0.15317299962043762,0.1522510051727295,0.15330399572849274,0.15621700882911682,0.16267500817775726,0.17299100756645203,0.18237200379371643,0.1888120025396347,0.20064200460910797,0.21700400114059448,0.23198799788951874,0.24146300554275513,0.24921000003814697,0.25815701484680176,0.268435001,0.28111499547958374,0.29952600598335266,0.30828601121902466,0.3053860068321228,0.2980780005455017,0.29000401496887207,0.2821750044822693,0.27778199315071106,0.2765270173549652,0.27329400181770325,0.267657995,0.262006015,0.25859901309013367,0.2552260160446167,0.2519330084323883,0.25284600257873535,0.2644599974155426,0.28774601221084595,0.30847999453544617,0.30935800075531006,0.31016799807548523,0.3190460205078125,0.32058101892471313,0.30975601077079773,0.2964320182800293,0.2866560220718384,0.2824530005455017,0.28060200810432434,0.27855899930000305,0.2758370041847229,0.271696001,0.2691839933395386,0.2703530192375183,0.27887701988220215,0.30580899119377136,0.3531090021133423,0.40317001938819885,0.44106101989746094,0.46324801445007324,0.47039100527763367,0.4658600091934204,0.4652920067310333,0.46362102031707764,0.4537059962749481,0.4452570080757141,0.4481390118598938,0.46644601225852966,0.49397599697113037,0.5133010149002075,0.5084739923477173,0.48892199993133545,0.475024015,0.4721899926662445,0.4769740104675293,0.4883330166339874,0.5075399875640869,0.5313560366630554,0.5558519959449768,0.5682500004768372,0.5665249824523926,0.5578939914703369,0.5474849939346313,0.5367479920387268,0.532662034,0.5461289882659912,0.5800139904022217,0.6121799945831299,0.6239150166511536,0.6299430131912231,0.6294060349464417,0.6234080195426941,0.6188350319862366,0.6175140142440796,0.6138620376586914,0.6066240072250366,0.5991080403327942,0.5941160321235657,0.5938479900360107,0.6004469990730286,0.6095889806747437,0.6220279932022095,0.6454370021820068,0.670985997,0.6784830093383789,0.6708700060844421,0.6694110035896301,9.159999847
0.14367800951004028,0.14289000630378723,0.14664900302886963,0.156126007,0.1627650111913681,0.17133601009845734,0.18210600316524506,0.18648500740528107,0.17939500510692596,0.16992400586605072,0.1628130078315735,0.15794099867343903,0.15434899926185608,0.1528180092573166,0.15351200103759766,0.15272299945354462,0.15081700682640076,0.1500770002603531,0.1512099951505661,0.1540829986333847,0.16033901274204254,0.17014099657535553,0.17900501191616058,0.18497700989246368,0.1958720088005066,0.21156100928783417,0.22644899785518646,0.23643900454044342,0.24490299820899963,0.25426802039146423,0.264706016,0.27722400426864624,0.29460400342941284,0.3027240037918091,0.3001610040664673,0.29369300603866577,0.28650400042533875,0.2794850170612335,0.27567800879478455,0.2749180197715759,0.27241501212120056,0.26781100034713745,0.26329901814460754,0.26061001420021057,0.25754401087760925,0.2544589936733246,0.2552420198917389,0.2666209936141968,0.28854700922966003,0.3070549964904785,0.30786699056625366,0.3096579909324646,0.31866300106048584,0.3205900192260742,0.3116390109062195,0.3006490170955658,0.29226499795913696,0.2884780168533325,0.28652000427246094,0.28453201055526733,0.28214702010154724,0.27858200669288635,0.27630001306533813,0.2771359980106354,0.2846180200576782,0.30901601910591125,0.35157302021980286,0.3970850110054016,0.4326670169830322,0.4552830159664154,0.46532201766967773,0.46361401677131653,0.464462012,0.46374499797821045,0.45507699251174927,0.44733500480651855,0.44966500997543335,0.4658139944076538,0.49025002121925354,0.5076640248298645,0.5045700073242188,0.48776400089263916,0.47515401244163513,0.47220301628112793,0.47580400109291077,0.4850560128688812,0.5009099841117859,0.5205380320549011,0.5408070087432861,0.5508800148963928,0.5489910244941711,0.5413950085639954,0.5324530005455017,0.5234259963035583,0.5203920006752014,0.5340570211410522,0.5674580335617065,0.5968639850616455,0.6058059930801392,0.6156110167503357,0.6155990362167358,0.608102024,0.6028919816017151,0.5999780297279358,0.5970860123634338,0.591618001,0.5860610008239746,0.5822380185127258,0.5832329988479614,0.5909560322761536,0.6019130349159241,0.6163970232009888,0.6399829983711243,0.6652780175209045,0.674003005,0.6675040125846863,0.6656360030174255,4.590000152587891
0.14320001006126404,0.1425810009241104,0.14641700685024261,0.15567700564861298,0.16192500293254852,0.1700970083475113,0.18024499714374542,0.18382801115512848,0.1766670048236847,0.16722001135349274,0.1600090116262436,0.155225009,0.15144100785255432,0.14985699951648712,0.1506360024213791,0.1498659998178482,0.1481270045042038,0.14762499928474426,0.14880500733852386,0.15150600671768188,0.15733499825000763,0.16631700098514557,0.17464400827884674,0.18060800433158875,0.19137699902057648,0.20685599744319916,0.22113999724388123,0.22959600389003754,0.23523201048374176,0.24074199795722961,0.24677900969982147,0.2553029954433441,0.2708300054073334,0.27888602018356323,0.2764280140399933,0.26972100138664246,0.2625330090522766,0.2555580139160156,0.2515060007572174,0.2503190040588379,0.2479500025510788,0.24487300217151642,0.2423039972782135,0.24144700169563293,0.2401150017976761,0.23843900859355927,0.24042700231075287,0.253462017,0.27712202072143555,0.2963719964027405,0.2981719970703125,0.30005699396133423,0.3093090057373047,0.3116399943828583,0.30278700590133667,0.2914550006389618,0.28274300694465637,0.2795870006084442,0.27846401929855347,0.27678701281547546,0.274619997,0.2716600000858307,0.26969102025032043,0.27067700028419495,0.2782840132713318,0.3027949929237366,0.34553101658821106,0.3913560211658478,0.4268520176410675,0.4485349953174591,0.4563539922237396,0.45186400413513184,0.450188011,0.447922021,0.4387270212173462,0.4304230213165283,0.4317760169506073,0.4468879997730255,0.47024601697921753,0.4861010015010834,0.47876301407814026,0.45933401584625244,0.4467810094356537,0.44439899921417236,0.44933199882507324,0.46073201298713684,0.4804910123348236,0.5052170157432556,0.5298140048980713,0.5425180196762085,0.5419099926948547,0.5346580147743225,0.525583029,0.5162889957427979,0.513096035,0.5268949866294861,0.5595120191574097,0.5873100161552429,0.596858025,0.606410027,0.6059859991073608,0.5970169901847839,0.5917969942092896,0.591509998,0.5877699851989746,0.5786759853363037,0.5715479850769043,0.5682650208473206,0.5692130327224731,0.5749790072441101,0.5833039879798889,0.5946879982948303,0.6149910092353821,0.6339390277862549,0.6401050090789795,0.6337630152702332,0.6310940384864807,0
0.14706000685691833,0.1459760069847107,0.14945600926876068,0.15909400582313538,0.1661989986896515,0.1751590073108673,0.18672800064086914,0.1921740025281906,0.1850380003452301,0.17533600330352783,0.16821300983428955,0.16324199736118317,0.15994000434875488,0.1584549993276596,0.15900200605392456,0.15814000368118286,0.15601500868797302,0.1549379974603653,0.1559400111436844,0.15891200304031372,0.16551999747753143,0.17606599628925323,0.18545600771903992,0.19160300493240356,0.20322400331497192,0.21952100098133087,0.23483800888061523,0.24531300365924835,0.2547850012779236,0.26594600081443787,0.27857401967048645,0.2930310070514679,0.3116070032119751,0.31994399428367615,0.31708499789237976,0.3102400004863739,0.30253899097442627,0.2950640022754669,0.29100900888442993,0.2900710105895996,0.2869580090045929,0.2807289958000183,0.2742390036582947,0.2698590159416199,0.265516996,0.261447012,0.26148802042007446,0.27151599526405334,0.2927200198173523,0.31212401390075684,0.3123190104961395,0.31308600306510925,0.32157301902770996,0.3228209912776947,0.3123510181903839,0.2998190224170685,0.2907409965991974,0.28629601,0.28394702076911926,0.2817330062389374,0.27894100546836853,0.27458900213241577,0.27198001742362976,0.27307799458503723,0.2813419997692108,0.30775800347328186,0.35415899753570557,0.4033380150794983,0.4406830072402954,0.46298399567604065,0.4710160195827484,0.46787500381469727,0.46835100650787354,0.4672580063343048,0.45773500204086304,0.4496860206127167,0.452796996,0.4708839952945709,0.49799999594688416,0.5175300240516663,0.5150460004806519,0.49750399589538574,0.4840480089187622,0.481005996,0.48494499921798706,0.49484699964523315,0.5115230083465576,0.5320850014686584,0.5538350343704224,0.5647040009498596,0.5625219941139221,0.5540370345115662,0.5440340042114258,0.5337730050086975,0.5298970341682434,0.5429310202598572,0.5762140154838562,0.6084949970245361,0.6197659969329834,0.6254920363426208,0.6252819895744324,0.6203240156173706,0.6159449815750122,0.6135110259056091,0.6104159951210022,0.6051450371742249,0.5986170172691345,0.5935689806938171,0.5932630300521851,0.6007559895515442,0.6109679937362671,0.6246169805526733,0.6490530371665955,0.6770139932632446,0.6854169964790344,0.6780400276184082,0.677295983,13.729999542236328
0.14569900929927826,0.14451000094413757,0.14789600670337677,0.15703000128269196,0.16353701055049896,0.172093004,0.18287400901317596,0.1872740089893341,0.18011699616909027,0.17071999609470367,0.16374801099300385,0.15896600484848022,0.15554800629615784,0.15404100716114044,0.15461499989032745,0.15376999974250793,0.15183000266551971,0.15101000666618347,0.1520719975233078,0.15488900244235992,0.16113600134849548,0.17082500457763672,0.179516003,0.18554000556468964,0.19686700403690338,0.21274200081825256,0.22741399705410004,0.23684000968933105,0.244487002,0.2528589963912964,0.26216399669647217,0.2734740078449249,0.2900950014591217,0.29798901081085205,0.29533901810646057,0.28878000378608704,0.28153499960899353,0.27455100417137146,0.27067101,0.26967599987983704,0.2670060098171234,0.2624730169773102,0.25804999470710754,0.2554579973220825,0.25262001156806946,0.24978400766849518,0.25079,0.26221200823783875,0.2842770218849182,0.303290993,0.30424901843070984,0.30565500259399414,0.3145020008087158,0.3162589967250824,0.3067300021648407,0.29501602053642273,0.28631800413131714,0.28262999653816223,0.2809060215950012,0.2789900004863739,0.27653899788856506,0.2729650139808655,0.2707430124282837,0.27175599336624146,0.2796710133552551,0.3048740029335022,0.3490369915962219,0.3966220021247864,0.43336302042007446,0.4555100202560425,0.46362701058387756,0.4596550166606903,0.458717018,0.4567440152168274,0.4473250210285187,0.43907299637794495,0.44116100668907166,0.4574680030345917,0.4823929965496063,0.499781996,0.4945420026779175,0.47609201073646545,0.463221014,0.4605660140514374,0.4650759994983673,0.47575700283050537,0.49411001801490784,0.5170149803161621,0.54045701,0.5523840188980103,0.5510820150375366,0.5432969927787781,0.533856988,0.524167001,0.5206699967384338,0.5342410206794739,0.5672140121459961,0.596979022,0.6074060201644897,0.615218997,0.6147300004959106,0.6076099872589111,0.6027680039405823,0.6016280055046082,0.5981640219688416,0.5907099843025208,0.5838109850883484,0.5798090100288391,0.5802820324897766,0.5868670344352722,0.5960330367088318,0.6084840297698975,0.6306859850883484,0.6538029909133911,0.6607739925384521,0.653889,0.652176023,9.159999847
0.14468500018119812,0.14359700679779053,0.14702700078487396,0.15585900843143463,0.16203300654888153,0.17028801143169403,0.18038199841976166,0.18407000601291656,0.1770770102739334,0.16808900237083435,0.1613830029964447,0.15677900612354279,0.15326400101184845,0.15175899863243103,0.1523350030183792,0.1515210121870041,0.14975900948047638,0.14913800358772278,0.15031899511814117,0.1531739979982376,0.1592310070991516,0.16837100684642792,0.1766580045223236,0.1823500096797943,0.19314999878406525,0.2089489996433258,0.22392500936985016,0.23360000550746918,0.241007999,0.24858000874519348,0.25672900676727295,0.26673200726509094,0.2820349931716919,0.2894749939441681,0.28703999519348145,0.28078901767730713,0.27400699257850647,0.2674570083618164,0.26380500197410583,0.262935996,0.2606860101222992,0.2571139931678772,0.25384700298309326,0.25214701890945435,0.24991200864315033,0.24754300713539124,0.2488050013780594,0.26060500741004944,0.28246599435806274,0.30042800307273865,0.3015640079975128,0.3036450147628784,0.31271499395370483,0.3148370087146759,0.306441993,0.2960280179977417,0.2880679965019226,0.28481799364089966,0.28323400020599365,0.2813979983329773,0.27922502160072327,0.2761320173740387,0.2741599977016449,0.2751370072364807,0.2827730178833008,0.3072949945926666,0.3498940169811249,0.39594900608062744,0.4319339990615845,0.454336017,0.463468999,0.46010899543762207,0.4588850140571594,0.4567040205001831,0.4474959969520569,0.4392070174217224,0.440420002,0.4550360143184662,0.47790101170539856,0.4937880039215088,0.4882970154285431,0.47055500745773315,0.45834100246429443,0.455718994,0.4598430097103119,0.4698580205440521,0.48732101917266846,0.5092250108718872,0.5314390063285828,0.5427300333976746,0.5416350364685059,0.5344899892807007,0.5257660150527954,0.5169100165367126,0.5139610171318054,0.527754009,0.5605379939079285,0.588346004,0.5973640084266663,0.6074540019035339,0.6072270274162292,0.5987280011177063,0.5935750007629395,0.5920460224151611,0.5888420343399048,0.581512988,0.5754320025444031,0.5722600221633911,0.5735769867897034,0.5804660320281982,0.5901700258255005,0.6032249927520752,0.6248680353164673,0.6462500095367432,0.6533800363540649,0.6473140120506287,0.6450740098953247,4.590000152587891
0.14322800934314728,0.14226700365543365,0.14561700820922852,0.15406100451946259,0.1598690003156662,0.16781499981880188,0.17725400626659393,0.18022900819778442,0.173334002,0.16465900838375092,0.15812700986862183,0.1537020057439804,0.15009500086307526,0.14856800436973572,0.14915800094604492,0.14837999641895294,0.14676401019096375,0.1463630050420761,0.1476140022277832,0.1503560096025467,0.15612100064754486,0.16461800038814545,0.1723880022764206,0.17800500988960266,0.1886730045080185,0.2042500078678131,0.21869800984859467,0.22753500938415527,0.23365600407123566,0.23938600718975067,0.24535399675369263,0.2532550096511841,0.26711201667785645,0.2742069959640503,0.271930993,0.2658959925174713,0.2594680190086365,0.25325900316238403,0.24970799684524536,0.24879300594329834,0.2468700110912323,0.2443850040435791,0.24244999885559082,0.24185200035572052,0.24054400622844696,0.23893000185489655,0.2406810075044632,0.2529990077018738,0.2749510109424591,0.2923490107059479,0.2939090132713318,0.2962760031223297,0.30538299679756165,0.3077870011329651,0.3000830113887787,0.2903349995613098,0.28276899456977844,0.28000399470329285,0.2787800133228302,0.27713701128959656,0.27519699931144714,0.272583008,0.270889014,0.2718510031700134,0.2791840136051178,0.3028149902820587,0.34379899501800537,0.3882710039615631,0.4231649935245514,0.44493499398231506,0.4535380005836487,0.44958600401878357,0.44753000140190125,0.4448679983615875,0.4358000159263611,0.4275050163269043,0.4281100034713745,0.44150102138519287,0.46279600262641907,0.47728002071380615,0.4703249931335449,0.4523420035839081,0.4406310021877289,0.4383080005645752,0.44267702102661133,0.45303401350975037,0.47127899527549744,0.4942220151424408,0.5172100067138672,0.5290650129318237,0.5285400152206421,0.5218240022659302,0.5135470032691956,0.505062997,0.502361,0.5162370204925537,0.5481700301170349,0.5743260383605957,0.5829319953918457,0.593533993,0.5932170152664185,0.5838370323181152,0.5785660147666931,0.5779849886894226,0.5745460391044617,0.5660170316696167,0.559715986,0.5571759939193726,0.558784008,0.5649319887161255,0.5738189816474915,0.5858550071716309,0.6058229804039001,0.6239889860153198,0.6302130222320557,0.6246570348739624,0.6218500137329102,0
0.1487400084733963,0.1471710056066513,0.1502380073070526,0.15947900712490082,0.1664230078458786,0.17551100254058838,0.18733200430870056,0.19315500557422638,0.1860550045967102,0.1766050010919571,0.1697930097579956,0.1648770123720169,0.16180001199245453,0.1603500097990036,0.1607300043106079,0.15977400541305542,0.15750201046466827,0.1561640053987503,0.15700200200080872,0.15991300344467163,0.1666570007801056,0.17757700383663177,0.1870959997177124,0.19288700819015503,0.204026997,0.21964600682258606,0.23497501015663147,0.24647600948810577,0.2579820156097412,0.2718470096588135,0.2873440086841583,0.30443599820137024,0.324398011,0.33274999260902405,0.32980701327323914,0.32311001420021057,0.31551501154899597,0.30816301703453064,0.30439499020576477,0.30382001399993896,0.30078601837158203,0.2938600182533264,0.2864850163459778,0.28116700053215027,0.27587100863456726,0.2710359990596771,0.27035099267959595,0.2793370187282562,0.29937100410461426,0.31816399097442627,0.31758201122283936,0.3183180093765259,0.3266630172729492,0.3275560140609741,0.3168950080871582,0.3045070171356201,0.29569101333618164,0.2908110022544861,0.28790900111198425,0.2855589985847473,0.2826540172100067,0.2779400050640106,0.27511000633239746,0.27588099241256714,0.28353700041770935,0.30877000093460083,0.35357001423835754,0.40157800912857056,0.4386100172996521,0.46142101287841797,0.4710250198841095,0.47004300355911255,0.4728600084781647,0.4733220040798187,0.46457400918006897,0.4573360085487366,0.4617130160331726,0.48114702105522156,0.5095459818840027,0.5301790237426758,0.5297549962997437,0.5134050250053406,0.4999290108680725,0.4967299997806549,0.5002229809761047,0.5093719959259033,0.5245090126991272,0.5429239869117737,0.562961996,0.5726280212402344,0.5696530342102051,0.5608150362968445,0.5507400035858154,0.5404700040817261,0.5366650223731995,0.5499129891395569,0.5843290090560913,0.6182830333709717,0.6295279860496521,0.6352120041847229,0.6353090405464172,0.6311200261116028,0.6267449855804443,0.6228740215301514,0.6200340390205383,0.6164489984512329,0.6104310154914856,0.6048200130462646,0.6043300032615662,0.6126850247383118,0.62401998,0.6390810012817383,0.6652309894561768,0.6965020298957825,0.705830991,0.698015034,0.6975039839744568,18.309999465942383
0.14351800084114075,0.1424970030784607,0.1456190049648285,0.15350700914859772,0.15894199907779694,0.1666240096092224,0.1755570024251938,0.17809800803661346,0.17151600122451782,0.16350899636745453,0.15749800205230713,0.15334300696849823,0.14986300468444824,0.14834299683570862,0.14882200956344604,0.14799000322818756,0.14646700024604797,0.14608700573444366,0.14731501042842865,0.1499990075826645,0.15558700263500214,0.16372200846672058,0.1710589975118637,0.17622099816799164,0.1860320121049881,0.2010520100593567,0.21554599702358246,0.22491200268268585,0.23170800507068634,0.23792000114917755,0.2441530078649521,0.251911998,0.26481300592422485,0.2713160216808319,0.26927000284194946,0.2638539969921112,0.25811800360679626,0.25253599882125854,0.24946101009845734,0.24888600409030914,0.24745801091194153,0.24559199810028076,0.24427101016044617,0.24397499859333038,0.24273300170898438,0.2411620020866394,0.24270300567150116,0.2544900178909302,0.27527502179145813,0.29119300842285156,0.2926599979400635,0.2955639958381653,0.30465400218963623,0.30724701285362244,0.3005950152873993,0.2921620011329651,0.28545302152633667,0.2829020023345947,0.2816080152988434,0.2799830138683319,0.2782360017299652,0.2759230136871338,0.27437201142311096,0.27517402172088623,0.28193700313568115,0.30420300364494324,0.34282201528549194,0.38507500290870667,0.41893601417541504,0.44096100330352783,0.4508730173110962,0.44808802008628845,0.4465320110321045,0.44419100880622864,0.4356900155544281,0.4277160167694092,0.4279400110244751,0.4400140047073364,0.45954400300979614,0.47286102175712585,0.4664660096168518,0.44978100061416626,0.4388570189476013,0.4365540146827698,0.4403490126132965,0.44968700408935547,0.4664140045642853,0.48758602142333984,0.5087140202522278,0.5196110010147095,0.519116998,0.5129340291023254,0.505387008,0.49774301052093506,0.4955820143222809,0.5096719861030579,0.5412980318069458,0.565900981,0.5731250047683716,0.5858120322227478,0.5856190323829651,0.5752490162849426,0.5697219967842102,0.5685909986495972,0.5654110312461853,0.5573599934577942,0.5520309805870056,0.5500780344009399,0.5524449944496155,0.5590559840202332,0.5687060356140137,0.5814710259437561,0.6010299921035767,0.618211031,0.6249449849128723,0.6199700236320496,0.6169040203094482,0
0.1509609967470169,0.14909400045871735,0.1517920047044754,0.16069500148296356,0.16772399842739105,0.17701800167560577,0.18908700346946716,0.19541101157665253,0.1886250078678131,0.1796559989452362,0.17343799769878387,0.16867999732494354,0.16588900983333588,0.1645120084285736,0.16469600796699524,0.16367800533771515,0.1612900048494339,0.15974600613117218,0.16052500903606415,0.1635650098323822,0.17061400413513184,0.181985006,0.19163601100444794,0.1973470002412796,0.2084760069847107,0.22406400740146637,0.23979400098323822,0.25278499722480774,0.26695701479911804,0.28426000475883484,0.3033770024776459,0.32336801290512085,0.3442090153694153,0.35224801301956177,0.3492479920387268,0.34293100237846375,0.3355950117111206,0.3284589946269989,0.32504701614379883,0.3248560130596161,0.3218400180339813,0.3139840066432953,0.3053530156612396,0.2986840009689331,0.2920510172843933,0.2860970199108124,0.2842860221862793,0.29138800501823425,0.30904701352119446,0.32638201117515564,0.324755996,0.3254910111427307,0.33340099453926086,0.33385899662971497,0.3234269917011261,0.3119400143623352,0.30391600728034973,0.2985849976539612,0.29487699270248413,0.2922520041465759,0.28920599818229675,0.28403201699256897,0.28104501962661743,0.2816939949989319,0.28904101252555847,0.31380999088287354,0.3579789996147156,0.40562301874160767,0.4426270127296448,0.46618300676345825,0.4775730073451996,0.47896599769592285,0.4837160110473633,0.48526501655578613,0.4769520163536072,0.4701720178127289,0.47523701190948486,0.49511000514030457,0.5239149928092957,0.5456140041351318,0.5485770106315613,0.5345160365104675,0.5212129950523376,0.5176299810409546,0.5200110077857971,0.5273470282554626,0.53915298,0.553242028,0.5695710182189941,0.5770080089569092,0.5730530023574829,0.5640029907226562,0.5541760325431824,0.5441480278968811,0.5405409932136536,0.553534985,0.5883100032806396,0.6236600279808044,0.6344789862632751,0.639955997,0.6404719948768616,0.6379179954528809,0.6336439847946167,0.6278089880943298,0.6257079839706421,0.6252990365028381,0.6205729842185974,0.6146330237388611,0.6141149997711182,0.6241670250892639,0.6376140117645264,0.6549860239028931,0.6836020350456238,0.7196789979934692,0.7308099865913391,0.7229180335998535,0.7231470346450806,22.87999916
0.14639100432395935,0.1449510008096695,0.14772699773311615,0.15591800212860107,0.16200201213359833,0.17032299935817719,0.18057100474834442,0.18479400873184204,0.17818400263786316,0.16990700364112854,0.16393700242042542,0.1595960110425949,0.15650899708271027,0.15508300065994263,0.15537400543689728,0.15444700419902802,0.15254400670528412,0.15158000588417053,0.15257300436496735,0.15537500381469727,0.16156500577926636,0.17105500400066376,0.17935700714588165,0.18466199934482574,0.19501499831676483,0.21022599935531616,0.22514601051807404,0.2358580082654953,0.2455660104751587,0.256164014,0.2675020098686218,0.28008902072906494,0.2960759997367859,0.30314400792121887,0.3007200062274933,0.294964999,0.2886030077934265,0.28244102001190186,0.27922800183296204,0.2787950038909912,0.27667999267578125,0.2723270058631897,0.2679390013217926,0.26502400636672974,0.26164400577545166,0.25834399461746216,0.25857099890708923,0.2684510052204132,0.2880760133266449,0.3048030138015747,0.3051010072231293,0.30705100297927856,0.3157559931278229,0.31749600172042847,0.30916300415992737,0.29927200078964233,0.2918809950351715,0.28828001022338867,0.2861129939556122,0.2841310203075409,0.28185999393463135,0.27845799922943115,0.27633100748062134,0.27709800004959106,0.2842140197753906,0.3078010082244873,0.3493240177631378,0.39438802003860474,0.4298110008239746,0.4522939920425415,0.46214601397514343,0.4602610170841217,0.46073299646377563,0.45961299538612366,0.4509740173816681,0.4433180093765259,0.4454190135002136,0.46080899238586426,0.4843510091304779,0.5010240077972412,0.49758201837539673,0.48131701350212097,0.4693540036678314,0.46665701270103455,0.4702509939670563,0.47932499647140503,0.4950709939002991,0.5147150158882141,0.5351750254631042,0.5454630255699158,0.5437880158424377,0.5364010334014893,0.5276020169258118,0.518750012,0.5158060193061829,0.5295760035514832,0.562637985,0.5918139815330505,0.600941002,0.6103699803352356,0.6102930307388306,0.6029070019721985,0.597885013,0.5954689979553223,0.5925230383872986,0.586663008,0.5810630321502686,0.5774700045585632,0.5785650014877319,0.5860880017280579,0.5966500043869019,0.6106129884719849,0.6333330273628235,0.6573740243911743,0.6653200387954712,0.659063995,0.657355011,13.739999771118164
0.1451999992132187,0.14391100406646729,0.1467519998550415,0.15467099845409393,0.16035300493240356,0.16832000017166138,0.1778630018234253,0.18130101263523102,0.17478500306606293,0.1667640060186386,0.16089899837970734,0.15670301020145416,0.1534850001335144,0.1520410031080246,0.15237601101398468,0.15147200226783752,0.1497340053319931,0.14900100231170654,0.15003301203250885,0.15272100269794464,0.15853901207447052,0.16734600067138672,0.17511200904846191,0.18028099834918976,0.1902250051498413,0.20499899983406067,0.2194100022315979,0.22933000326156616,0.23767000436782837,0.24630200862884521,0.2554520070552826,0.2660190165042877,0.28071001172065735,0.2875690162181854,0.28536900877952576,0.2798500061035156,0.27386000752449036,0.26803600788116455,0.2649790048599243,0.2645519971847534,0.262814999,0.25958701968193054,0.2565790116786957,0.25484901666641235,0.25244399905204773,0.2499459981918335,0.25071200728416443,0.261352003,0.2813490033149719,0.2975910007953644,0.29841601848602295,0.30080100893974304,0.3096500039100647,0.3117870092391968,0.3042580187320709,0.29509299993515015,0.2880530059337616,0.28494200110435486,0.28318899869918823,0.28140100836753845,0.27940601110458374,0.2765340209007263,0.2746720016002655,0.27539899945259094,0.28216999769210815,0.3047040104866028,0.3441379964351654,0.3871450126171112,0.4213550090789795,0.44341400265693665,0.453328013,0.45131999254226685,0.4512360095977783,0.4498870074748993,0.4415619969367981,0.43404901027679443,0.4355179965496063,0.44960200786590576,0.47139301896095276,0.48658299446105957,0.48194199800491333,0.46567800641059875,0.4542829990386963,0.45182499289512634,0.4555310010910034,0.4647279977798462,0.4808430075645447,0.5010890364646912,0.5217540264129639,0.5322080254554749,0.5310320258140564,0.5242310166358948,0.5160689949989319,0.5078139901161194,0.5052610039710999,0.5192379951477051,0.5516330003738403,0.5787749886512756,0.5870230197906494,0.597881019,0.5978829860687256,0.5891240239143372,0.5838800072669983,0.5819349884986877,0.5788509845733643,0.5721560120582581,0.5667300224304199,0.563854992,0.5654169917106628,0.5725370049476624,0.5826709866523743,0.5961440205574036,0.6175100207328796,0.6386039853096008,0.6461440324783325,0.6404619812965393,0.6381000280380249,9.159999847
0.14361099898815155,0.14257100224494934,0.145455003,0.15278500318527222,0.15784700214862823,0.16525700688362122,0.17356200516223907,0.17554201185703278,0.16931499540805817,0.16213099658489227,0.15678200125694275,0.15296199917793274,0.149618998,0.14814500510692596,0.14845500886440277,0.14761000871658325,0.14619000256061554,0.14586900174617767,0.14710600674152374,0.14979000389575958,0.15524300932884216,0.1628890037536621,0.16968300938606262,0.17452700436115265,0.1839659959077835,0.198497012,0.21272200345993042,0.22231701016426086,0.22976800799369812,0.23646900057792664,0.24296000599861145,0.25042200088500977,0.2618660032749176,0.267518014,0.26579201221466064,0.261227012,0.25643500685691833,0.2517380118370056,0.24928900599479675,0.24911600351333618,0.24831900000572205,0.24722599983215332,0.2466910034418106,0.24676500260829926,0.24560099840164185,0.24407000839710236,0.24532900750637054,0.2564789950847626,0.27562400698661804,0.28950801491737366,0.29081201553344727,0.2944580018520355,0.3035240173339844,0.3063049912452698,0.3010590076446533,0.2944920063018799,0.28893300890922546,0.286732018,0.2852959930896759,0.28367599844932556,0.28213501,0.28016501665115356,0.2788090109825134,0.27944499254226685,0.285612017,0.30635499954223633,0.34196099638938904,0.38163700699806213,0.41439899802207947,0.43692702054977417,0.44858500361442566,0.4473299980163574,0.44610899686813354,0.44385799765586853,0.43599000573158264,0.4282970130443573,0.42777299880981445,0.43778201937675476,0.45443999767303467,0.4658070206642151,0.4600610136985779,0.4453220069408417,0.43552500009536743,0.4331800043582916,0.4361080229282379,0.44385701417922974,0.4582369923591614,0.47662001848220825,0.49494701623916626,0.504243016,0.5037569999694824,0.4984219968318939,0.49195101857185364,0.48552000522613525,0.4841410219669342,0.4984170198440552,0.5295290350914001,0.5515950322151184,0.5564810037612915,0.572160006,0.5723699927330017,0.5604810118675232,0.5544189810752869,0.5523300170898438,0.5496200323104858,0.5424000024795532,0.5383780002593994,0.5376890301704407,0.5411270260810852,0.5483289957046509,0.559158981,0.5731310248374939,0.5921339988708496,0.6075429916381836,0.614791989,0.6109620332717896,0.6071650385856628,0
0.15095301,0.14902299642562866,0.1515210121870041,0.16022901237010956,0.1671379953622818,0.17637300491333008,0.1884080022573471,0.19484800100326538,0.18814300000667572,0.17941801249980927,0.1733590066432953,0.16868799924850464,0.16602499783039093,0.16467300057411194,0.1647850126028061,0.1637289971113205,0.16131700575351715,0.15963999927043915,0.16029700636863708,0.16322501003742218,0.1701510101556778,0.1814119964838028,0.19094300270080566,0.1963220089673996,0.20689401030540466,0.22191300988197327,0.23726500570774078,0.249985009,0.2637600004673004,0.28040799498558044,0.29859399795532227,0.3176250159740448,0.33785301446914673,0.34581100940704346,0.3429790139198303,0.336789995,0.3296329975128174,0.3227269947528839,0.3193970024585724,0.3191870152950287,0.3163110017776489,0.3089340031147003,0.3008440136909485,0.2946590185165405,0.2884470224380493,0.2828670144081116,0.28126901388168335,0.28848400712013245,0.3062260150909424,0.3236269950866699,0.3222469985485077,0.32297301292419434,0.3308800160884857,0.3314040005207062,0.3209719955921173,0.3093259930610657,0.3011760115623474,0.2959720194339752,0.29243701696395874,0.2898769974708557,0.2868880033493042,0.28184300661087036,0.27886199951171875,0.2794170081615448,0.2864920198917389,0.31071600317955017,0.3540880084037781,0.40118899941444397,0.43785300850868225,0.4610140025615692,0.4715990126132965,0.4721609950065613,0.4764389991760254,0.47780799865722656,0.46957799792289734,0.4629170000553131,0.4678820073604584,0.487606019,0.5160710215568542,0.5370569825172424,0.5383250117301941,0.5234940052032471,0.5103880167007446,0.5071240067481995,0.5100319981575012,0.5181660056114197,0.5315240025520325,0.5476599931716919,0.5658000111579895,0.5743300318717957,0.5708450078964233,0.5618510246276855,0.5519189834594727,0.541782022,0.5380489826202393,0.5512639880180359,0.5857599973678589,0.6204079985618591,0.6315299868583679,0.6369990110397339,0.6372840404510498,0.6338199973106384,0.6294990181922913,0.6247249841690063,0.6221590042114258,0.6199769973754883,0.6145719885826111,0.6087599992752075,0.6082069873809814,0.6172500252723694,0.629410982,0.6453480124473572,0.6723909974098206,0.7053229808807373,0.7152519822120667,0.7074660062789917,0.7072640061378479,27.459999084472656
0.14839200675487518,0.14672499895095825,0.14935600757598877,0.1577569991350174,0.16420400142669678,0.17296700179576874,0.18401400744915009,0.1892469972372055,0.18265099823474884,0.17423300445079803,0.16830500960350037,0.1638530045747757,0.16102300584316254,0.15965799987316132,0.15984800457954407,0.15887100994586945,0.15673500299453735,0.1554350107908249,0.15624500811100006,0.15908600389957428,0.16556601226329803,0.17578400671482086,0.18453200161457062,0.18997600674629211,0.20050200819969177,0.21547800302505493,0.23035700619220734,0.24160000681877136,0.2526499927043915,0.2653590142726898,0.2791700065135956,0.29413101077079773,0.3117319941520691,0.31920501589775085,0.31668901443481445,0.31083500385284424,0.30422499775886536,0.29783502221107483,0.29463499784469604,0.2942669987678528,0.29186999797821045,0.2862990200519562,0.2804180085659027,0.2761950194835663,0.2717130184173584,0.2675490081310272,0.26706501841545105,0.2757900059223175,0.29454001784324646,0.3115369975566864,0.31116101145744324,0.3125399947166443,0.32082101702690125,0.3220280110836029,0.3127810060977936,0.3021079897880554,0.29439499974250793,0.2901950180530548,0.287524015,0.2852939963340759,0.2827489972114563,0.2786570191383362,0.276187003,0.2769100069999695,0.2840459942817688,0.30789101123809814,0.34997400641441345,0.39559900760650635,0.43117499351501465,0.4535810053348541,0.463360995,0.4622510075569153,0.4640830159187317,0.46390199661254883,0.4554949998855591,0.4483260214328766,0.4515739977359772,0.46863800287246704,0.4939710199832916,0.5120900273323059,0.5103909969329834,0.4949150085449219,0.48266899585723877,0.4798490107059479,0.4832320213317871,0.4920400083065033,0.5069050192832947,0.5251489877700806,0.544605017,0.5540550351142883,0.5516700148582458,0.543694019,0.5345720052719116,0.5253379940986633,0.5221440196037292,0.5355030298233032,0.5684880018234253,0.5995489954948425,0.6094300150871277,0.616860032,0.6169019937515259,0.611175001,0.6067889928817749,0.6034790277481079,0.6006029844284058,0.5961790084838867,0.5907909870147705,0.5863590240478516,0.5865980386734009,0.5944980382919312,0.6054090261459351,0.6199910044670105,0.6440110206604004,0.6712360382080078,0.6798400282859802,0.672980011,0.6720150113105774,22.87000084
0.14704400300979614,0.14554400742053986,0.14812199771404266,0.15573900938034058,0.16140800714492798,0.1695070117712021,0.17909900844097137,0.18277600407600403,0.17658600211143494,0.16921600699424744,0.16395600140094757,0.15995199978351593,0.1570420116186142,0.1556510031223297,0.15577401220798492,0.15483100712299347,0.15301600098609924,0.1521099954843521,0.1531289964914322,0.15595801174640656,0.16205599904060364,0.17116700112819672,0.178957999,0.18378199636936188,0.19331000745296478,0.20784400403499603,0.22288399934768677,0.23461000621318817,0.24570199847221375,0.25763699412345886,0.2701590061187744,0.2834170162677765,0.29859399795532227,0.30498799681663513,0.3028930127620697,0.29805099964141846,0.29261600971221924,0.2872990071773529,0.28477901220321655,0.2848690152168274,0.28337299823760986,0.27946701645851135,0.2755019962787628,0.2726150155067444,0.2689819931983948,0.26545602083206177,0.2651840150356293,0.27407899498939514,0.2915630042552948,0.3058300018310547,0.3056659996509552,0.3084140121936798,0.31692299246788025,0.31875699758529663,0.31201601028442383,0.3043209910392761,0.2983880043029785,0.29499801993370056,0.2925119996070862,0.2904520034790039,0.2884159982204437,0.2852550148963928,0.2833250164985657,0.28387001156806946,0.29017600417137146,0.3117850124835968,0.34934601187705994,0.3907420039176941,0.424329013,0.4473070204257965,0.4597650170326233,0.46067801117897034,0.4626670181751251,0.4623889923095703,0.45477399230003357,0.4478110074996948,0.4496549963951111,0.4633120000362396,0.4842660129070282,0.49951902,0.4983520209789276,0.4852209985256195,0.47453001141548157,0.47172701358795166,0.4741020202636719,0.48092901706695557,0.4928230047225952,0.5075410008430481,0.523186982,0.5305240154266357,0.5283060073852539,0.5216529965400696,0.5142470002174377,0.5069040060043335,0.5049780011177063,0.5188490152359009,0.5512710213661194,0.5785750150680542,0.585116982,0.5972470045089722,0.5980440378189087,0.5899289846420288,0.5847179889678955,0.5802209973335266,0.5780720114707947,0.57484901,0.571448028,0.5687429904937744,0.5707780122756958,0.5798050165176392,0.5924199819564819,0.6087400317192078,0.6322590112686157,0.6571360230445862,0.6666440367698669,0.661433995,0.6596840023994446,13.729999542236328
0.14499899744987488,0.14369900524616241,0.14637801051139832,0.15380200743675232,0.15921500325202942,0.16694700717926025,0.17591901123523712,0.1788720041513443,0.1726370006799698,0.16529500484466553,0.15997500717639923,0.15605400502681732,0.1529809981584549,0.15157800912857056,0.15178200602531433,0.15088100731372833,0.14925400912761688,0.1486150026321411,0.14970199763774872,0.15242700278759003,0.15814600884914398,0.16649900376796722,0.17378100752830505,0.178725004,0.1884080022573471,0.20302100479602814,0.2173919975757599,0.22752900421619415,0.23611000180244446,0.24477100372314453,0.2536489963531494,0.2635820209980011,0.276868999,0.28297799825668335,0.2809770107269287,0.27605101466178894,0.2707190215587616,0.2655220031738281,0.26288601756095886,0.2626660168170929,0.2613060176372528,0.2586660087108612,0.25627800822257996,0.2548670172691345,0.2526020109653473,0.25023001432418823,0.2509060204029083,0.2610419988632202,0.27973300218582153,0.29440799355506897,0.29509902000427246,0.2979770004749298,0.3066819906234741,0.3089140057563782,0.30245500802993774,0.29467999935150146,0.288565993,0.2858169972896576,0.28402501344680786,0.2822650074958801,0.28045299649238586,0.2778880000114441,0.2762719988822937,0.27699801325798035,0.28350400924682617,0.30524900555610657,0.3429259955883026,0.3843660056591034,0.41762301325798035,0.43960002064704895,0.45015400648117065,0.4486840069293976,0.4483500123023987,0.4466969966888428,0.4386170208454132,0.43115299940109253,0.4319249987602234,0.44429001212120056,0.4639510214328766,0.47767800092697144,0.4733240008354187,0.4583820104598999,0.447845995,0.44546401500701904,0.44867101311683655,0.4568740129470825,0.47155800461769104,0.4900450110435486,0.5090140104293823,0.5185379981994629,0.5174720287322998,0.5112460255622864,0.5039309859275818,0.496522993,0.49453800916671753,0.5083960294723511,0.539991021,0.5652450323104858,0.5722180008888245,0.5844889879226685,0.5846440196037292,0.5752649903297424,0.5699610114097595,0.5677540302276611,0.5650030374526978,0.558804989,0.5542169809341431,0.552049994,0.5543420314788818,0.5617750287055969,0.5724250078201294,0.5863670110702515,0.6072059869766235,0.6268839836120605,0.6345140337944031,0.6296179890632629,0.627223015,9.159999847
0.14404800534248352,0.1428460031747818,0.145456001,0.15249599516391754,0.15749600529670715,0.16493099927902222,0.17319999635219574,0.17534500360488892,0.16939200460910797,0.16267400979995728,0.15774700045585632,0.15406300127506256,0.15094099938869476,0.14951200783252716,0.14968600869178772,0.1487940102815628,0.1473190039396286,0.14686600863933563,0.14803600311279297,0.15074600279331207,0.15629799664020538,0.164110005,0.1708810031414032,0.17548801004886627,0.18460901081562042,0.198853999,0.21324500441551208,0.22376000881195068,0.23275800049304962,0.24143700301647186,0.2500469982624054,0.2592810094356537,0.2710770070552826,0.2764190137386322,0.2747510075569153,0.2706010043621063,0.266154021,0.261790007,0.25969499349594116,0.25983700156211853,0.2592040002346039,0.2576320171356201,0.2564240097999573,0.25574401021003723,0.2538290023803711,0.2517000138759613,0.25230899453163147,0.26231899857521057,0.2799589931964874,0.29266300797462463,0.2934100031852722,0.29725199937820435,0.3061090111732483,0.3087350130081177,0.30390599370002747,0.29813501238822937,0.2931780219078064,0.2908180058002472,0.288998008,0.2872680127620697,0.2857310175895691,0.2836399972438812,0.2822459936141968,0.28276801109313965,0.2886030077934265,0.3086889982223511,0.34315699338912964,0.3815910220146179,0.4136109948158264,0.4363570213317871,0.4492350220680237,0.4495580196380615,0.44967401027679443,0.44822999835014343,0.4408470094203949,0.4336230158805847,0.43345099687576294,0.44343000650405884,0.4597969949245453,0.47133001685142517,0.46755099296569824,0.45456600189208984,0.4451970160007477,0.44273102283477783,0.44495800137519836,0.4514630138874054,0.46358099579811096,0.4790710210800171,0.4948599934577942,0.5026060342788696,0.5015990138053894,0.49630600214004517,0.4902590215206146,0.4842880070209503,0.483227015,0.4975680112838745,0.5287880301475525,0.5509440302848816,0.5551559925079346,0.5714769959449768,0.5719060301780701,0.5604749917984009,0.554347038,0.5510439872741699,0.5487639904022217,0.5433120131492615,0.5404350161552429,0.5397229790687561,0.5434319972991943,0.5516400337219238,0.5636950135231018,0.5792099833488464,0.599390984,0.6171079874038696,0.6253290176391602,0.621599019,0.6183390021324158,4.579999923706055
0.14334800839424133,0.14224399626255035,0.1448799967765808,0.15170599520206451,0.15643900632858276,0.1636120080947876,0.17136400938034058,0.1729010045528412,0.16694000363349915,0.16039800643920898,0.15555299818515778,0.1519709974527359,0.14874900877475739,0.1472880095243454,0.14747899770736694,0.1465969979763031,0.14526599645614624,0.14497199654579163,0.14621800184249878,0.1488649994134903,0.1541540026664734,0.161421999,0.16778700053691864,0.172216997,0.18106400966644287,0.19527900218963623,0.2095850110054016,0.2195420116186142,0.2273389995098114,0.23425300419330597,0.2407110035419464,0.24786199629306793,0.25831300020217896,0.26338499784469604,0.2617959976196289,0.2577179968357086,0.2534690201282501,0.2492929995059967,0.2471970021724701,0.2472269982099533,0.2467920035123825,0.2461329996585846,0.2460390031337738,0.2463179975748062,0.2452090084552765,0.24374599754810333,0.2448440045118332,0.25544899702072144,0.2734369933605194,0.28600001335144043,0.2871969938278198,0.29118502140045166,0.30010199546813965,0.3029420077800751,0.29849499464035034,0.29298001527786255,0.2881450057029724,0.2861660122871399,0.28470301628112793,0.28314000368118286,0.2817630171775818,0.28003400564193726,0.27883899211883545,0.2794240117073059,0.2852360010147095,0.3050749897956848,0.33900901675224304,0.3770500123500824,0.40873900055885315,0.43094900250434875,0.4429140090942383,0.4421200156211853,0.44104301929473877,0.438852996,0.43132999539375305,0.4238550066947937,0.4230540096759796,0.4321170151233673,0.44747301936149597,0.4579870104789734,0.45254501700401306,0.4387660026550293,0.42961400747299194,0.42736801505088806,0.429966003,0.43706899881362915,0.4504519999027252,0.467631996,0.4848639965057373,0.4935249984264374,0.49310800433158875,0.488072008,0.482107013,0.4762440025806427,0.4752019941806793,0.48959800601005554,0.520251989,0.5412999987602234,0.545477033,0.5619440078735352,0.5622850060462952,0.5500310063362122,0.5438920259475708,0.5415880084037781,0.5390059947967529,0.5320929884910583,0.5286700129508972,0.5283910036087036,0.5322780013084412,0.5397270321846008,0.5508170127868652,0.5651339888572693,0.5838289856910706,0.5986680388450623,0.6059690117835999,0.60253799,0.5988270044326782,0
0.1506890058517456,0.14868099987506866,0.15089499950408936,0.1589139997959137,0.16544701159000397,0.17443600296974182,0.18582500517368317,0.19173000752925873,0.18547600507736206,0.17770899832248688,0.17241600155830383,0.16809900104999542,0.16558700799942017,0.16428500413894653,0.16423000395298004,0.16313301026821136,0.16082000732421875,0.1592170000076294,0.15993399918079376,0.16292700171470642,0.1698170006275177,0.18076300621032715,0.18986600637435913,0.19468499720096588,0.2044849991798401,0.21920301020145416,0.23498700559139252,0.2490050047636032,0.2645760178565979,0.2828650176525116,0.3023490011692047,0.3220269978046417,0.3413259983062744,0.348442018,0.3457939922809601,0.34034401178359985,0.3339639902114868,0.3277449905872345,0.3249939978122711,0.32519400119781494,0.32280901074409485,0.3157710134983063,0.3080120086669922,0.30183401703834534,0.2953750193119049,0.289559007,0.28749600052833557,0.2937529981136322,0.3094469904899597,0.32449400424957275,0.3226480185985565,0.32412800192832947,0.33191001415252686,0.3325439989566803,0.32361599802970886,0.31415000557899475,0.30743399262428284,0.302482009,0.29864099621772766,0.2960219979286194,0.2932550013065338,0.2885279953479767,0.2857620120048523,0.2861480116844177,0.29256901144981384,0.315187007,0.35556700825691223,0.39977699518203735,0.434906006,0.4584999978542328,0.4714230000972748,0.4744810163974762,0.47997400164604187,0.4819740056991577,0.47456201910972595,0.46834301948547363,0.4729759991168976,0.49110502004623413,0.5173860192298889,0.5373470187187195,0.5408710241317749,0.5286400318145752,0.5166170001029968,0.5132240056991577,0.5150179862976074,0.5210750102996826,0.5309690237045288,0.5427449941635132,0.5567160248756409,0.5628269910812378,0.5588970184326172,0.5506370067596436,0.5417400002479553,0.5328760147094727,0.5299870371818542,0.5432800054550171,0.5775150060653687,0.6107230186462402,0.61995399,0.6275560259819031,0.6284180283546448,0.6246970295906067,0.6201059818267822,0.6137059926986694,0.6119459867477417,0.6123490333557129,0.6087409853935242,0.6036239862442017,0.6040120124816895,0.6144270300865173,0.6286110281944275,0.6467030048370361,0.6746920347213745,0.7091079950332642,0.7205320000648499,0.7136840224266052,0.713578999,27.459999084472656
0.14984101057052612,0.1479870080947876,0.15026800334453583,0.15792100131511688,0.16399599611759186,0.1725360006093979,0.18295399844646454,0.18778400123119354,0.18167001008987427,0.1742900013923645,0.16919399797916412,0.165119007,0.16249200701713562,0.16114600002765656,0.1611279994249344,0.16008400917053223,0.15801900625228882,0.1567160040140152,0.15757401287555695,0.16050100326538086,0.1670140027999878,0.17702600359916687,0.1853799968957901,0.19031299650669098,0.20018699765205383,0.2148289978504181,0.23008801,0.2429410070180893,0.25644901394844055,0.2718610167503357,0.28816401958465576,0.3047650158405304,0.32186999917030334,0.32854700088500977,0.32619401812553406,0.321150005,0.3153190016746521,0.3096170127391815,0.3070400059223175,0.30721500515937805,0.3052520155906677,0.299670011,0.29362401366233826,0.2889060080051422,0.28370100259780884,0.27893000841140747,0.27759701013565063,0.2847750186920166,0.3008210062980652,0.31512901186943054,0.31398001313209534,0.31606000661849976,0.3240390121936798,0.3251830041408539,0.31744900345802307,0.3090749979019165,0.3029560148715973,0.29877302050590515,0.29552799463272095,0.29316699504852295,0.29076600074768066,0.2868019938468933,0.2844470143318176,0.28495001792907715,0.291346014,0.31340500712394714,0.3523450195789337,0.39514800906181335,0.4294550120830536,0.4526979923248291,0.46536901593208313,0.46751999855041504,0.47126099467277527,0.4720590114593506,0.46449199318885803,0.4579150080680847,0.46113499999046326,0.47694700956344604,0.5004860162734985,0.5182130336761475,0.5198789834976196,0.5075330138206482,0.49622002243995667,0.49309399724006653,0.49505001306533813,0.5012980103492737,0.5117499828338623,0.5243359804153442,0.5385850071907043,0.5449709892272949,0.5417609810829163,0.5342559814453125,0.5261710286140442,0.5181440114974976,0.51572001,0.5291320085525513,0.5622479915618896,0.5927020311355591,0.6006399989128113,0.6100500226020813,0.6108959913253784,0.6055670380592346,0.6008350253105164,0.5951719880104065,0.5933210253715515,0.5924260020256042,0.5891430377960205,0.5851390361785889,0.5862979888916016,0.5962219834327698,0.6098300218582153,0.6272310018539429,0.6531870365142822,0.6833490133285522,0.6939089894294739,0.6877760291099548,0.6872090101242065,22.87999916
0.14646799862384796,0.1449200063943863,0.1472650021314621,0.1543309986591339,0.1596670001745224,0.167494997,0.17657099664211273,0.17981600761413574,0.173895001,0.1671300083398819,0.16235201060771942,0.15857701003551483,0.15573400259017944,0.1543699949979782,0.15440501272678375,0.15343500673770905,0.15171000361442566,0.15084999799728394,0.15184900164604187,0.15459801256656647,0.16052000224590302,0.16923600435256958,0.176596999,0.18113599717617035,0.19023700058460236,0.20437900722026825,0.21909500658512115,0.23079700767993927,0.24210700392723083,0.25418201088905334,0.2666090130805969,0.27950599789619446,0.29379400610923767,0.29966801404953003,0.2977519929409027,0.2933430075645447,0.28845199942588806,0.2836399972438812,0.28148800134658813,0.2817929983139038,0.2806990146636963,0.2773680090904236,0.27404600381851196,0.27155602,0.2681429982185364,0.2647930085659027,0.26446402072906494,0.2730640172958374,0.28974899649620056,0.30290400981903076,0.3027530014514923,0.30594801902770996,0.31448301672935486,0.3165160119533539,0.3106110095977783,0.3039810061454773,0.29867300391197205,0.29554301500320435,0.29308000206947327,0.29110899567604065,0.2892729938030243,0.28646302223205566,0.2846720218658447,0.2850790023803711,0.2908779978752136,0.3112030029296875,0.34672701358795166,0.3863510191440582,0.41908901929855347,0.44210901856422424,0.4552910029888153,0.4568510055541992,0.45901399850845337,0.45893800258636475,0.4517599940299988,0.44503501057624817,0.4465480148792267,0.4592350125312805,0.4788219928741455,0.4931820034980774,0.49212101101875305,0.47968101501464844,0.46957099437713623,0.46683499217033386,0.46886301040649414,0.4750950038433075,0.48624399304389954,0.5001599788665771,0.5150910019874573,0.5221009850502014,0.5201110243797302,0.5138610005378723,0.5069090127944946,0.5000529885292053,0.49845799803733826,0.512611985,0.5450779795646667,0.5710300207138062,0.5768380165100098,0.590490997,0.5913510322570801,0.5823310017585754,0.5767109990119934,0.572130024,0.5700740218162537,0.5667589902877808,0.5637490153312683,0.5616230368614197,0.5642269849777222,0.5733250379562378,0.5863760113716125,0.6029869914054871,0.6260040402412415,0.6497390270233154,0.6591660380363464,0.654558003,0.6524460315704346,13.729999542236328
0.14462000131607056,0.14323900640010834,0.14566999673843384,0.15256600081920624,0.1576780080795288,0.16521599888801575,0.17365500330924988,0.17615200579166412,0.17029701173305511,0.16374900937080383,0.1590690016746521,0.15545301139354706,0.15250401198863983,0.15112601220607758,0.15118099749088287,0.15024401247501373,0.14871200919151306,0.14812500774860382,0.14928899705410004,0.15206900238990784,0.15778900682926178,0.16586901247501373,0.17277000844478607,0.1772880107164383,0.18640799820423126,0.2009260058403015,0.21584101021289825,0.22701101005077362,0.2368749976158142,0.24666200578212738,0.2564460039138794,0.2666810154914856,0.27888399362564087,0.28426599502563477,0.2825060188770294,0.278313011,0.2737690210342407,0.26928001642227173,0.26719000935554504,0.26737499237060547,0.2665160000324249,0.2642669975757599,0.2622320055961609,0.2608390152454376,0.2583500146865845,0.2557780146598816,0.2559930086135864,0.2652420103549957,0.2821809947490692,0.294854999,0.2952519953250885,0.2988249957561493,0.30746200680732727,0.30984699726104736,0.304720014,0.2987529933452606,0.29383301734924316,0.2912459969520569,0.28921499848365784,0.2873989939689636,0.28577300906181335,0.2834640145301819,0.28199300169944763,0.2826020121574402,0.2887150049209595,0.3093999922275543,0.34509900212287903,0.3847750127315521,0.4173800051212311,0.440060019,0.4524950087070465,0.4527060091495514,0.4529380202293396,0.45146802067756653,0.44380101561546326,0.43648502230644226,0.4366700053215027,0.4473769962787628,0.46480101346969604,0.4773150086402893,0.47437000274658203,0.46154201,0.45191699266433716,0.4493750035762787,0.4515690207481384,0.45806100964546204,0.46994301676750183,0.48500901460647583,0.5007209777832031,0.5083370208740234,0.5070090293884277,0.5013909935951233,0.4948970079421997,0.48857200145721436,0.4872470200061798,0.501367986,0.5328010320663452,0.5565699934959412,0.5616180300712585,0.5763339996337891,0.5769979953765869,0.5667459964752197,0.5610420107841492,0.5575309991836548,0.5552769899368286,0.550544024,0.5476109981536865,0.5464209914207458,0.5496740341186523,0.558247983,0.5704990029335022,0.5862749814987183,0.607545018,0.6274719834327698,0.636123002,0.632157028,0.6296030282974243,9.159999847
0.14218400418758392,0.14087700843811035,0.14326900243759155,0.14986300468444824,0.1546200066804886,0.16185399889945984,0.16965800523757935,0.17148201167583466,0.16573400795459747,0.15955200791358948,0.15506300330162048,0.15159299969673157,0.14857500791549683,0.14717599749565125,0.14722400903701782,0.14633500576019287,0.14493399858474731,0.1445000022649765,0.14569300413131714,0.14837999641895294,0.15381699800491333,0.16132400929927826,0.16774700582027435,0.1720689982175827,0.1807280033826828,0.1948769986629486,0.20940600335597992,0.22015100717544556,0.22928699851036072,0.2379160076379776,0.24627000093460083,0.255048007,0.26600900292396545,0.27094799280166626,0.26939499378204346,0.26556500792503357,0.26145699620246887,0.25744500756263733,0.25557100772857666,0.25585299730300903,0.2554360032081604,0.25422900915145874,0.2533929944038391,0.25292500853538513,0.2511410117149353,0.24912101030349731,0.24965700507164001,0.2593260109424591,0.27622899413108826,0.28815600275993347,0.288875014,0.29291999340057373,0.3017140030860901,0.30441799759864807,0.3001370131969452,0.29504701495170593,0.29055202,0.28836801648139954,0.2865680158138275,0.2848980128765106,0.2835119962692261,0.28162500262260437,0.280362993,0.2808610200881958,0.2865540087223053,0.30614301562309265,0.33978399634361267,0.3776420056819916,0.40931400656700134,0.4319460093975067,0.4448640048503876,0.44522202014923096,0.44510501623153687,0.4434970021247864,0.43616899847984314,0.4289489984512329,0.42845600843429565,0.43774402141571045,0.45330700278282166,0.4643700122833252,0.4606119990348816,0.4479760229587555,0.43892499804496765,0.4365150034427643,0.4385949969291687,0.444801003,0.4565660059452057,0.47165101766586304,0.48711201548576355,0.49474501609802246,0.4938420057296753,0.48875799775123596,0.4828999936580658,0.4771389961242676,0.4762810170650482,0.49071699380874634,0.5217469930648804,0.54339999,0.5472720265388489,0.5641369819641113,0.5647169947624207,0.5529069900512695,0.5467110276222229,0.5433900356292725,0.5412290096282959,0.5357750058174133,0.5330229997634888,0.5326359868049622,0.5366600155830383,0.5449209809303284,0.5571309924125671,0.5727760195732117,0.5926809906959534,0.6098740100860596,0.6181269884109497,0.6148040294647217,0.6114159822463989,4.590000152587891
0.14415200054645538,0.14299800992012024,0.14545001089572906,0.15167000889778137,0.15602099895477295,0.16291600465774536,0.17002199590206146,0.17106500267982483,0.16548000276088715,0.1596290022134781,0.1553260087966919,0.1520330011844635,0.1489430069923401,0.1475370079278946,0.14758101105690002,0.14666301012039185,0.14542800188064575,0.14518800377845764,0.14641600847244263,0.14903301000595093,0.15416200459003448,0.16095100343227386,0.16684500873088837,0.1707030087709427,0.17884500324726105,0.19266299903392792,0.206837997,0.21711701154708862,0.22536399960517883,0.2325430065393448,0.23904700577259064,0.245838001,0.25498899817466736,0.25925901532173157,0.2578960061073303,0.25453001260757446,0.2510160207748413,0.24754300713539124,0.24592600762844086,0.24625399708747864,0.24623599648475647,0.24616099894046783,0.2466050088405609,0.2471190094947815,0.24605600535869598,0.24465100467205048,0.2455510050058365,0.2555220127105713,0.2719520032405853,0.2827790081501007,0.28384602069854736,0.28835099935531616,0.2970530092716217,0.2999750077724457,0.2966720163822174,0.2926100194454193,0.2887140214443207,0.28702402114868164,0.2855069935321808,0.283953995,0.28276699781417847,0.28133100271224976,0.2803090214729309,0.28079602122306824,0.2861649990081787,0.3045769929885864,0.33575499057769775,0.37130501866340637,0.4016200006008148,0.42369699478149414,0.4368250072002411,0.43720200657844543,0.4363660216331482,0.43429601192474365,0.4273410141468048,0.42020002007484436,0.41882801055908203,0.4260980188846588,0.43899500370025635,0.44788500666618347,0.44303199648857117,0.4310850203037262,0.422976017,0.42075300216674805,0.4226509928703308,0.4284050166606903,0.43970200419425964,0.4543980062007904,0.46914801001548767,0.4764750003814697,0.47608399391174316,0.4718390107154846,0.4668880105018616,0.46218201518058777,0.4618239998817444,0.47617000341415405,0.5058020353317261,0.5244240164756775,0.5268769860267639,0.545365036,0.5458790063858032,0.5328490138053894,0.5264930129051208,0.5234270095825195,0.5212569832801819,0.5151770114898682,0.5129629969596863,0.5135530233383179,0.5182570219039917,0.526170015,0.5379840135574341,0.5530350208282471,0.5710000395774841,0.5844240188598633,0.5920220017433167,0.5895180106163025,0.5854820013046265,0
0.15429800748825073,0.15195100009441376,0.15383000671863556,0.16185100376605988,0.16872000694274902,0.1781740039587021,0.19046500325202942,0.1976180076599121,0.19141200184822083,0.1836400032043457,0.1784670054912567,0.17409099638462067,0.17190700769424438,0.1706410050392151,0.17043299973011017,0.16924700140953064,0.16666699945926666,0.16465599834918976,0.1651650071144104,0.1682019978761673,0.17548000812530518,0.18727700412273407,0.19683000445365906,0.20167900621891022,0.2118310034275055,0.2264460027217865,0.24214200675487518,0.2568199932575226,0.2741050124168396,0.2949959933757782,0.3172370195388794,0.33934301137924194,0.36011600494384766,0.3674960136413574,0.3646160066127777,0.35904601216316223,0.3523229956626892,0.3458310067653656,0.34303900599479675,0.34327200055122375,0.34047701954841614,0.33214300870895386,0.32274800539016724,0.31512701511383057,0.30744701623916626,0.30065101385116577,0.2977360188961029,0.3024330139160156,0.3168039917945862,0.33195000886917114,0.3292689919471741,0.33002999424934387,0.3371720016002655,0.33706799149513245,0.32709500193595886,0.31679999828338623,0.30979201197624207,0.304064006,0.29952800273895264,0.2966710031032562,0.29350000619888306,0.2879440188407898,0.28478601574897766,0.28509899973869324,0.29155901074409485,0.314505011,0.3561110198497772,0.4018010199069977,0.4377720057964325,0.4613490104675293,0.4738360047340393,0.47720399498939514,0.4837529957294464,0.4863789975643158,0.4788840115070343,0.4730120003223419,0.4787620007991791,0.49866199493408203,0.5269550085067749,0.5486010313034058,0.5535809993743896,0.5416290163993835,0.5291600227355957,0.5255970358848572,0.527271032,0.5332320332527161,0.5425730347633362,0.5536519885063171,0.5675169825553894,0.5734410285949707,0.5689089894294739,0.5599080324172974,0.550337017,0.540772021,0.5373759865760803,0.5501630306243896,0.5846270322799683,0.6202139854431152,0.6306959986686707,0.635744035,0.6365470290184021,0.6347650289535522,0.6306020021438599,0.6238549947738647,0.6221870183944702,0.6234450340270996,0.6193740367889404,0.6132349967956543,0.6127960085868835,0.6233620047569275,0.6376000046730042,0.6556360125541687,0.6847540140151978,0.7217540144920349,0.7331070303916931,0.7255470156669617,0.7262910008430481,36.599998474121094
0.15208099782466888,0.14996500313282013,0.15191900730133057,0.15954901278018951,0.16590800881385803,0.17482300102710724,0.18598800897598267,0.19193300604820251,0.18592000007629395,0.17860600352287292,0.1736849993467331,0.1695529967546463,0.16724500060081482,0.1659799963235855,0.16580399870872498,0.1646840125322342,0.16235700249671936,0.16068200767040253,0.16132500767707825,0.16429100930690765,0.17112600803375244,0.1818840056657791,0.19068200886249542,0.19547200202941895,0.20536699891090393,0.21980400383472443,0.23507200181484222,0.2486409991979599,0.26381900906562805,0.28167200088500977,0.30062898993492126,0.3195970058441162,0.3380430042743683,0.34485799074172974,0.34240999817848206,0.3373349905014038,0.3313240110874176,0.32548999786376953,0.3229530155658722,0.3232170045375824,0.32094499468803406,0.31412699818611145,0.30656200647354126,0.30050399899482727,0.29413101077079773,0.2884159982204437,0.2862839996814728,0.29193201661109924,0.30663400888442993,0.32090202,0.31897300481796265,0.32044699788093567,0.32783499360084534,0.3283489942550659,0.31973400712013245,0.31072700023651123,0.30437999963760376,0.2995319962501526,0.2956930100917816,0.29311999678611755,0.2903810143470764,0.2857230007648468,0.28303501,0.2834410071372986,0.2897630035877228,0.31195899844169617,0.35164400935173035,0.39531901478767395,0.4300430119037628,0.4531310200691223,0.46546199917793274,0.46795400977134705,0.4728020131587982,0.4742929935455322,0.4668149948120117,0.4606650173664093,0.46498700976371765,0.48239701986312866,0.5076850056648254,0.5268059968948364,0.529928982,0.5181170105934143,0.5065820217132568,0.5033780336380005,0.5051940083503723,0.5111799836158752,0.5209389925003052,0.53263098,0.5465689897537231,0.5526919960975647,0.5489220023155212,0.5408819913864136,0.5322329998016357,0.5236409902572632,0.5208629965782166,0.5338670015335083,0.567113996,0.5994589924812317,0.6084719896316528,0.6156710386276245,0.6164460182189941,0.6128090023994446,0.6084960103034973,0.6024320125579834,0.6006770133972168,0.6007500290870667,0.5971440076828003,0.5921990275382996,0.592615008,0.6027759909629822,0.6163949966430664,0.6338080167770386,0.6608269810676575,0.6936370134353638,0.7043220400810242,0.6977260112762451,0.6979100108146667,32.029998779296875
0.1478630006313324,0.14643800258636475,0.14868700504302979,0.15548600256443024,0.1607239991426468,0.16859100759029388,0.17765900492668152,0.1811550110578537,0.17562399804592133,0.16944900155067444,0.16518300771713257,0.16164100170135498,0.1591069996356964,0.1578410118818283,0.15771999955177307,0.15670301020145416,0.15491800010204315,0.15390700101852417,0.15479101240634918,0.15750600397586823,0.16346800327301025,0.1722480058670044,0.17961199581623077,0.1833209991455078,0.19124600291252136,0.20438800752162933,0.21902599930763245,0.23184099793434143,0.2450689971446991,0.25948500633239746,0.27426600456237793,0.2890480160713196,0.3037710189819336,0.3094089925289154,0.3076290190219879,0.30385899543762207,0.299437016,0.29506000876426697,0.29330500960350037,0.2939760088920593,0.29306700825691223,0.289324015,0.2852950096130371,0.2820320129394531,0.27779799699783325,0.2737720012664795,0.27269601821899414,0.2798190116882324,0.29430800676345825,0.3060370087623596,0.30532601475715637,0.3086099922657013,0.31654199957847595,0.3182229995727539,0.3128350079059601,0.3070929944515228,0.3024339973926544,0.2991030216217041,0.29618799686431885,0.294046015,0.2920670211315155,0.2890370190143585,0.2871990203857422,0.2873550057411194,0.2924460172653198,0.3111000061035156,0.34383800625801086,0.3815680146217346,0.4136980175971985,0.4370720088481903,0.45160600543022156,0.45501500368118286,0.4585359990596771,0.4594379961490631,0.45302000641822815,0.4469729959964752,0.44889000058174133,0.4613650143146515,0.48041799664497375,0.4949139952659607,0.4961940050125122,0.48588401079177856,0.47619199752807617,0.47324201464653015,0.47441402077674866,0.47917699813842773,0.4876730144023895,0.4983070194721222,0.5103499889373779,0.5157240033149719,0.5130659937858582,0.5068899989128113,0.5002679824829102,0.4938810169696808,0.4924220144748688,0.5061299800872803,0.5381560325622559,0.5640640258789062,0.5692000389099121,0.582925022,0.5839999914169312,0.5759420394897461,0.5703080296516418,0.5644429922103882,0.5629380345344543,0.5617139935493469,0.5595930218696594,0.5572240352630615,0.5599030256271362,0.5697410106658936,0.5837690234184265,0.6014840006828308,0.6253179907798767,0.6512240171432495,0.6615419983863831,0.6567710041999817,0.655007005,18.309999465942383
0.14586099982261658,0.14459100365638733,0.14689800143241882,0.15344300866127014,0.15835100412368774,0.16586099565029144,0.17422600090503693,0.1769299954175949,0.1714550107717514,0.16552101075649261,0.16132400929927826,0.15790200233459473,0.15523700416088104,0.15394000709056854,0.15384499728679657,0.15286600589752197,0.15125100314617157,0.15047399699687958,0.15144699811935425,0.15409301221370697,0.15974000096321106,0.16781800985336304,0.17465101182460785,0.17836099863052368,0.1861640065908432,0.19929300248622894,0.21363399922847748,0.22551999986171722,0.2370550036430359,0.24905100464820862,0.2610909938812256,0.27324700355529785,0.28610801696777344,0.29128900170326233,0.28969499468803406,0.2860960066318512,0.2820329964160919,0.2780170142650604,0.2763560116291046,0.2769410014152527,0.27631300687789917,0.2737340033054352,0.2711310088634491,0.2690980136394501,0.26593101024627686,0.2627899944782257,0.26235899329185486,0.2703309953212738,0.28534600138664246,0.2966880202293396,0.2965780198574066,0.30026301741600037,0.3083589971065521,0.3104410171508789,0.305757999,0.3006170094013214,0.2962160110473633,0.2934560179710388,0.29104599356651306,0.28911900520324707,0.2874149978160858,0.28491899371147156,0.28339600563049316,0.2836660146713257,0.2887749969959259,0.3072130084037781,0.33918699622154236,0.37586501240730286,0.4070880115032196,0.4297969937324524,0.4436289966106415,0.44595399498939514,0.4480700194835663,0.4480400085449219,0.441523015,0.4351990222930908,0.4360930025577545,0.44693300127983093,0.46396899223327637,0.4765990078449249,0.4757719933986664,0.4649450182914734,0.4558980166912079,0.4532400071620941,0.45472100377082825,0.459865004,0.4693640172481537,0.48142099380493164,0.4944559931755066,0.5005180239677429,0.4986169934272766,0.4930240213871002,0.48694899678230286,0.4810410141944885,0.47996100783348083,0.49383601546287537,0.5249379873275757,0.5484849810600281,0.5528090000152588,0.5678550004959106,0.5688140392303467,0.5591369867324829,0.5534260272979736,0.5485510230064392,0.5467619895935059,0.5438169836997986,0.5416359901428223,0.5402799844741821,0.5435010194778442,0.5525979995727539,0.5657200217247009,0.5823730230331421,0.6042460203170776,0.6259620189666748,0.6352760195732117,0.6313560009002686,0.6288610100746155,13.729999542236328
0.14519400894641876,0.1440500020980835,0.14641399681568146,0.15278100967407227,0.15745000541210175,0.16470400989055634,0.17250500619411469,0.1745230108499527,0.16906499862670898,0.1632940024137497,0.15916600823402405,0.15586699545383453,0.15308000147342682,0.15174800157546997,0.15167801082134247,0.15073199570178986,0.14928200840950012,0.14870500564575195,0.1497659981250763,0.15238900482654572,0.15781500935554504,0.16530899703502655,0.17171800136566162,0.17543700337409973,0.18328700959682465,0.19656400382518768,0.21077300608158112,0.2220029979944229,0.2322400063276291,0.24236901104450226,0.25223201513290405,0.2622759938240051,0.2735790014266968,0.27839499711990356,0.2769230008125305,0.273470014,0.26967501640319824,0.26593801379203796,0.2643290162086487,0.26481300592422485,0.26441800594329834,0.2627989947795868,0.26134899258613586,0.2602809965610504,0.2579289972782135,0.25546401739120483,0.255515993,0.26413699984550476,0.2795200049877167,0.29053500294685364,0.2908709943294525,0.294854999,0.3031100034713745,0.30547699332237244,0.3013920187950134,0.29674601554870605,0.2925960123538971,0.2902750074863434,0.28824999928474426,0.28646600246429443,0.28497201204299927,0.2829020023345947,0.28158700466156006,0.2819560170173645,0.2871360182762146,0.3055660128593445,0.3372020125389099,0.37345999479293823,0.404310018,0.42667901515960693,0.43993499875068665,0.44127100706100464,0.44205400347709656,0.4411050081253052,0.43435701727867126,0.42771199345588684,0.42770200967788696,0.4371020197868347,0.45250001549720764,0.4636920094490051,0.4612500071525574,0.4499779939651489,0.4413430094718933,0.43888500332832336,0.4405609965324402,0.4459809958934784,0.4562540054321289,0.46946799755096436,0.48333901166915894,0.489998996,0.48865899443626404,0.4835840165615082,0.47784101963043213,0.4723300039768219,0.4714830219745636,0.4854449927806854,0.5158820152282715,0.5376729965209961,0.5413669943809509,0.5573750138282776,0.558247983,0.5473949909210205,0.5415099859237671,0.5375279784202576,0.5355390310287476,0.531233013,0.5289279818534851,0.5282379984855652,0.5319309830665588,0.5404890179634094,0.5529490113258362,0.5687699913978577,0.5890750288963318,0.6074730157852173,0.6161240339279175,0.6127070188522339,0.6097880005836487,9.170000076293945
0.14354901015758514,0.14260800182819366,0.14499899744987488,0.15097400546073914,0.15516000986099243,0.16188400983810425,0.16871000826358795,0.1695300042629242,0.1641630083322525,0.15875600278377533,0.15478400886058807,0.15168100595474243,0.14865300059318542,0.147257999,0.14722900092601776,0.1463090032339096,0.14510400593280792,0.1448730081319809,0.14606700837612152,0.14859600365161896,0.15358400344848633,0.16013900935649872,0.16578000783920288,0.16916100680828094,0.17642299830913544,0.18962900340557098,0.20375600457191467,0.21421900391578674,0.22273799777030945,0.230103999,0.23669199645519257,0.24343501031398773,0.252142996,0.2562189996242523,0.25500500202178955,0.25192999839782715,0.24877899885177612,0.24564200639724731,0.2442300021648407,0.24469700455665588,0.2448820024728775,0.24504400789737701,0.2457060068845749,0.24633699655532837,0.24532900750637054,0.24392999708652496,0.24469700455665588,0.25422701239585876,0.2699570059776306,0.28007301688194275,0.28108400106430054,0.2857249975204468,0.29422301054000854,0.2971549928188324,0.2942750155925751,0.29076001048088074,0.287183017,0.28557100892066956,0.2840540111064911,0.2825390100479126,0.281372994,0.2800329923629761,0.2790769934654236,0.27945300936698914,0.2843460142612457,0.30180200934410095,0.3314030170440674,0.36538901925086975,0.39483001828193665,0.4167250096797943,0.4299820065498352,0.43076401948928833,0.43018200993537903,0.428384006,0.42181500792503357,0.4149720072746277,0.413551003,0.4203770160675049,0.4325160086154938,0.4409730136394501,0.4364449977874756,0.42507901787757874,0.4173610210418701,0.4151439964771271,0.41680800914764404,0.42215800285339355,0.4328010082244873,0.4467790126800537,0.46078500151634216,0.46776601672172546,0.4673140048980713,0.4632570147514343,0.4584929943084717,0.4540040194988251,0.45380401611328125,0.4679819941520691,0.4972900152206421,0.5152609944343567,0.5173060297966003,0.5360609889030457,0.5366460084915161,0.5234150290489197,0.5169830322265625,0.513837993,0.5117040276527405,0.5057139992713928,0.5036860108375549,0.5044810175895691,0.5092880129814148,0.5170910358428955,0.5289220213890076,0.5439590215682983,0.5614799857139587,0.574292004,0.5819709897041321,0.5796980261802673,0.575544,0
0.15452700853347778,0.15221700072288513,0.15388299524784088,0.1616169959306717,0.1685350090265274,0.1781810075044632,0.19074000418186188,0.19860701262950897,0.19287000596523285,0.18567800521850586,0.181099996,0.17686700820922852,0.1749960035085678,0.17381499707698822,0.17342200875282288,0.17219500243663788,0.16947200894355774,0.16719600558280945,0.16757400333881378,0.17065100371837616,0.17814700305461884,0.19045600295066833,0.20031900703907013,0.20464999973773956,0.213687003,0.2272450029850006,0.2432350069284439,0.2599619925022125,0.2808170020580292,0.30625900626182556,0.33331000804901123,0.3597310185432434,0.38256600499153137,0.39007601141929626,0.3872610032558441,0.38207802176475525,0.3756120204925537,0.36924001574516296,0.3668300211429596,0.3676220178604126,0.36494800448417664,0.3553819954395294,0.34433799982070923,0.33503901958465576,0.32566800713539124,0.31745201349258423,0.31315699219703674,0.3156290054321289,0.32726600766181946,0.3407660126686096,0.33682000637054443,0.3375439941883087,0.3440510034561157,0.3434019982814789,0.33365800976753235,0.3243100047111511,0.31810900568962097,0.31167101860046387,0.30612999200820923,0.302933007,0.29955801367759705,0.293366015,0.28989100456237793,0.28983500599861145,0.2953360080718994,0.31646600365638733,0.3554840087890625,0.39892899990081787,0.43399301171302795,0.4584220051765442,0.4736120104789734,0.48103201389312744,0.4913940131664276,0.4964660108089447,0.4902140200138092,0.48552700877189636,0.49289101362228394,0.5141540169715881,0.5435460209846497,0.5671080350875854,0.5772960186004639,0.5687090158462524,0.5563840270042419,0.5522580146789551,0.5524539947509766,0.5558789968490601,0.5605379939079285,0.5653769969940186,0.5739290118217468,0.5765950083732605,0.570510983,0.5610899925231934,0.5517320036888123,0.5424230098724365,0.5392280220985413,0.5516670346260071,0.5868470072746277,0.6246600151062012,0.6345260143280029,0.6391389966011047,0.6408380270004272,0.6412699818611145,0.6372860074043274,0.6274530291557312,0.6267980337142944,0.6325139999389648,0.6302599906921387,0.6232579946517944,0.6225990056991577,0.6354050040245056,0.6523889899253845,0.6737720370292664,0.7064509987831116,0.7509920001029968,0.7651579976081848,0.75720799,0.7590650320053101,41.18000030517578
0.15010100603103638,0.14831100404262543,0.15015700459480286,0.15688399970531464,0.16243700683116913,0.17070700228214264,0.18052400648593903,0.18519800901412964,0.17981700599193573,0.17373999953269958,0.1697160005569458,0.16610300540924072,0.1638610064983368,0.16263800859451294,0.1623610109090805,0.16128000617027283,0.15923000872135162,0.15781700611114502,0.15852899849414825,0.16132600605487823,0.16765400767326355,0.1773339956998825,0.1852090060710907,0.18916399776935577,0.19738200306892395,0.2104550004005432,0.22524499893188477,0.2390120029449463,0.2543410062789917,0.27169302105903625,0.28961601853370667,0.30730101466178894,0.3237150013446808,0.32970401644706726,0.3278000056743622,0.32385799288749695,0.3191390037536621,0.3144780099391937,0.31271401047706604,0.3135090172290802,0.3122450113296509,0.3070650100708008,0.30128800868988037,0.2964690029621124,0.2909480035305023,0.28588801622390747,0.2838990092277527,0.2894740104675293,0.30274301767349243,0.31445401906967163,0.3128170073032379,0.3154990077018738,0.32300999760627747,0.32414600253105164,0.3178800046443939,0.3115920126438141,0.30683499574661255,0.3027949929237366,0.2992030084133148,0.2968220114707947,0.29461100697517395,0.29087501764297485,0.2886579930782318,0.288765013,0.29381799697875977,0.31282201409339905,0.3467029929161072,0.3850890100002289,0.41728800535202026,0.44067201018333435,0.4553000032901764,0.459850013,0.46522700786590576,0.4672360122203827,0.46101799607276917,0.45543500781059265,0.4587620198726654,0.4732930064201355,0.49459901452064514,0.511044979,0.5145530104637146,0.5050430297851562,0.4951319992542267,0.49202701449394226,0.49299001693725586,0.4973360002040863,0.5046899914741516,0.5135329961776733,0.5242840051651001,0.5287200212478638,0.5251910090446472,0.5182769894599915,0.5111269950866699,0.5042099952697754,0.5024830102920532,0.5158690214157104,0.5483739972114563,0.5771620273590088,0.5834150314331055,0.5947319865226746,0.5959510207176208,0.5899890065193176,0.5850459933280945,0.5781180262565613,0.5767800211906433,0.5774700045585632,0.5755540132522583,0.5721830129623413,0.5739570260047913,0.5845069885253906,0.5992650389671326,0.6178079843521118,0.6436920166015625,0.6738229990005493,0.6850119829177856,0.6798210144042969,0.679069996,27.450000762939453
0.14881400763988495,0.14715400338172913,0.149044007,0.15547199547290802,0.16067500412464142,0.16859100759029388,0.1776830106973648,0.18149200081825256,0.176256001,0.1705790013074875,0.1667720079421997,0.16334199905395508,0.16101300716400146,0.15977200865745544,0.1595040112733841,0.15845200419425964,0.156590998,0.1554110050201416,0.15622399747371674,0.15898700058460236,0.1650869995355606,0.17412801086902618,0.18147900700569153,0.1851460039615631,0.1929350048303604,0.20583900809288025,0.22062399983406067,0.23420800268650055,0.24895700812339783,0.2652580142021179,0.28183600306510925,0.2980940043926239,0.3130040168762207,0.31839701533317566,0.3167230188846588,0.3132629990577698,0.3091450035572052,0.3050300180912018,0.30358099937438965,0.30454501509666443,0.3037460148334503,0.299578995,0.29499801993370056,0.2910880148410797,0.28621500730514526,0.2816770076751709,0.2799820005893707,0.28597700595855713,0.299017996,0.3096040189266205,0.30832600593566895,0.31171900033950806,0.3194340169429779,0.32099100947380066,0.3159880042076111,0.31104299426078796,0.3070070147514343,0.30348899960517883,0.30015701055526733,0.2979240119457245,0.2960059940814972,0.29284000396728516,0.29092100262641907,0.2909950017929077,0.295754999,0.31376901268959045,0.3455030024051666,0.381754994,0.4129199981689453,0.43648600578308105,0.4522310197353363,0.45735299587249756,0.4623180031776428,0.46406102180480957,0.458187997,0.4526140093803406,0.45493799448013306,0.46741101145744324,0.4860740005970001,0.500652015,0.5038819909095764,0.4953420162200928,0.4862610101699829,0.48322001099586487,0.48371201753616333,0.48719102144241333,0.49332401156425476,0.500889003,0.5101830363273621,0.5138819813728333,0.5106930136680603,0.5046330094337463,0.4985029995441437,0.49265700578689575,0.4916110038757324,0.5052909851074219,0.537310004,0.5632399916648865,0.5676420331001282,0.581948996,0.5833010077476501,0.5755870342254639,0.5700349807739258,0.5628460049629211,0.5618129968643188,0.5624859929084778,0.5615379810333252,0.5593529939651489,0.5622600317001343,0.5730929970741272,0.5884519815444946,0.6077560186386108,0.6327210068702698,0.660618007,0.6721410155296326,0.6678590178489685,0.6665170192718506,22.87999916
0.1462710052728653,0.1449500024318695,0.14700500667095184,0.15314000844955444,0.15777000784873962,0.1650640070438385,0.17299599945545197,0.17531000077724457,0.17003799974918365,0.16454900801181793,0.16071200370788574,0.15747100114822388,0.1548510044813156,0.15354500710964203,0.15337900817394257,0.15239299833774567,0.15084899961948395,0.1501139998435974,0.151077002,0.15368099510669708,0.1591920107603073,0.16696099936962128,0.17341099679470062,0.17694200575351715,0.184346005,0.19716499745845795,0.21135300397872925,0.22318200767040253,0.23461200296878815,0.24628400802612305,0.2578209936618805,0.26941201090812683,0.2814140021800995,0.28622299432754517,0.2847900092601776,0.28150302171707153,0.2778339982032776,0.2741910219192505,0.2727540135383606,0.2734750211238861,0.2731040120124817,0.2709610164165497,0.2688400149345398,0.26713600754737854,0.26421400904655457,0.26128602027893066,0.26088300347328186,0.2686060070991516,0.2830139994621277,0.2935110032558441,0.29341399669647217,0.29731300473213196,0.3053550124168396,0.307561994,0.30349400639533997,0.2990629971027374,0.2951599955558777,0.2926329970359802,0.2903369963169098,0.28854501247406006,0.2870660126209259,0.28488099575042725,0.28345900774002075,0.28369101881980896,0.2884809970855713,0.3060010075569153,0.33643099665641785,0.37119701504707336,0.4011000096797943,0.42330101132392883,0.4372290074825287,0.4398220181465149,0.441987008,0.44203799962997437,0.4358749985694885,0.429843009,0.43055200576782227,0.4405510127544403,0.45633700489997864,0.4680600166320801,0.4672880172729492,0.4571869969367981,0.44881099462509155,0.4463050067424774,0.44762900471687317,0.4523639976978302,0.4612320065498352,0.4725649952888489,0.4847950041294098,0.49052000045776367,0.4888319969177246,0.4837310016155243,0.478192002,0.47288599610328674,0.4722230136394501,0.48611000180244446,0.5165889859199524,0.5388129949569702,0.5424910187721252,0.5582690238952637,0.5592039823532104,0.549015999,0.5431860089302063,0.5383539795875549,0.536637008,0.5338259935379028,0.5319809913635254,0.5310440063476562,0.5346159934997559,0.5436450242996216,0.5567790269851685,0.573419988,0.5945560336112976,0.6150569915771484,0.6244080066680908,0.6209869980812073,0.6184850335121155,13.729999542236328
0.15461699664592743,0.15229099988937378,0.15366500616073608,0.16069599986076355,0.16704200208187103,0.1762010008096695,0.18785099685192108,0.19492800533771515,0.1896039992570877,0.1832440048456192,0.179284006,0.17538700997829437,0.17359600961208344,0.1724420040845871,0.17196699976921082,0.17074599862098694,0.16817499697208405,0.1660500019788742,0.1664550006389618,0.16939900815486908,0.17657800018787384,0.1881290078163147,0.19724701344966888,0.2012690007686615,0.20968399941921234,0.22245900332927704,0.2378070056438446,0.2540169954299927,0.27405601739883423,0.2979390025138855,0.32287099957466125,0.3470280170440674,0.36765000224113464,0.3745120167732239,0.37209999561309814,0.36762499809265137,0.3619990050792694,0.3564760088920593,0.3545289933681488,0.35551199316978455,0.35341399908065796,0.34525200724601746,0.33580800890922546,0.3277760148048401,0.31945401430130005,0.3120740056037903,0.308228999,0.31101301312446594,0.3219900131225586,0.3340339958667755,0.33051401376724243,0.33191999793052673,0.33850401639938354,0.338329017,0.3301219940185547,0.3224169909954071,0.31720301508903503,0.31148701906204224,0.30635401606559753,0.3034000098705292,0.3004609942436218,0.29503801465034485,0.29194700717926025,0.29177701473236084,0.2966510057449341,0.3158619999885559,0.35131901502609253,0.3911290168762207,0.4240739941596985,0.4479610025882721,0.4638890027999878,0.4718579947948456,0.48183301091194153,0.4867649972438812,0.4811660051345825,0.4767259955406189,0.48308899998664856,0.5021060109138489,0.5284330248832703,0.5495669841766357,0.5588040351867676,0.5511580109596252,0.540099025,0.5363510251045227,0.5364829897880554,0.5394859910011292,0.5435500144958496,0.5476729869842529,0.5549440383911133,0.5569790005683899,0.5513229966163635,0.5429059863090515,0.5347430109977722,0.5266839861869812,0.5242649912834167,0.5367400050163269,0.5705389976501465,0.6054059863090515,0.6136659979820251,0.6204530000686646,0.6222339868545532,0.6210939884185791,0.6171039938926697,0.6072779893875122,0.6067160367965698,0.6122310161590576,0.6108909845352173,0.6051270365715027,0.6051530241966248,0.6177160143852234,0.6345959901809692,0.6558150053024292,0.6868569850921631,0.727645993,0.7415689826011658,0.7347670197486877,0.7359820008277893,41.16999816894531
0.151310995,0.14929799735546112,0.15091100335121155,0.15784500539302826,0.16379500925540924,0.17249299585819244,0.18311800062656403,0.1887499988079071,0.18330200016498566,0.17694500088691711,0.17281900346279144,0.1690720021724701,0.1670050024986267,0.16579800844192505,0.16546200215816498,0.16433700919151306,0.16211099922657013,0.16043700277805328,0.16103699803352356,0.16389800608158112,0.1705460101366043,0.18090200424194336,0.1892559975385666,0.1932619959115982,0.20178399980068207,0.2151940017938614,0.23035600781440735,0.24451901018619537,0.2603369951248169,0.27827900648117065,0.2965660095214844,0.3145120143890381,0.33148101,0.33777400851249695,0.3356049954891205,0.3311139941215515,0.32579100131988525,0.3206080198287964,0.3184469938278198,0.3189000189304352,0.31712400913238525,0.3112820088863373,0.3047420084476471,0.2994150221347809,0.2936060130596161,0.288301021,0.2862510085105896,0.2916409969329834,0.30529800057411194,0.31822800636291504,0.3164600133895874,0.31845900416374207,0.3258100152015686,0.32657599449157715,0.3191260099411011,0.3114520013332367,0.3059390187263489,0.3015049993991852,0.2977980077266693,0.29534801840782166,0.2928619980812073,0.28866201639175415,0.2862139940261841,0.2864550054073334,0.2921299934387207,0.3126710057258606,0.34979599714279175,0.39122599363327026,0.4250180125236511,0.44822701811790466,0.4612410068511963,0.4642130136489868,0.4688500165939331,0.4702970087528229,0.4632680118083954,0.4572550058364868,0.4609149992465973,0.476824015,0.5000399947166443,0.5177310109138489,0.5201290249824524,0.5086489915847778,0.4978890120983124,0.49483901262283325,0.4965659976005554,0.5022519826889038,0.5117570161819458,0.5232580304145813,0.536715031,0.5426509976387024,0.5392060279846191,0.5316569805145264,0.5236210227012634,0.5155770182609558,0.5132120251655579,0.5264279842376709,0.559311032,0.5898110270500183,0.5979499816894531,0.6067560315132141,0.6075890064239502,0.6027799844741821,0.5981659889221191,0.5924190282821655,0.5906850099563599,0.5902330279350281,0.5869960188865662,0.5828670263290405,0.5839049816131592,0.5937470197677612,0.6072289943695068,0.6243600249290466,0.6499990224838257,0.6796690225601196,0.6897950172424316,0.6838610172271729,0.6834990382194519,36.599998474121094
0.1506500095129013,0.1487780064344406,0.15042801201343536,0.15696300566196442,0.16246700286865234,0.17069900035858154,0.18049399554729462,0.18523401021957397,0.17989200353622437,0.17388400435447693,0.1699410080909729,0.16635900735855103,0.16419701278209686,0.1629749983549118,0.16265399754047394,0.1615460067987442,0.1594880074262619,0.15800900757312775,0.1586580127477646,0.1613910049200058,0.16766700148582458,0.1772710084915161,0.1850310117006302,0.18876101076602936,0.19677799940109253,0.2098110020160675,0.22450700402259827,0.23790600895881653,0.25248101353645325,0.2687309980392456,0.2852320075035095,0.3014979958534241,0.3170360028743744,0.32285401225090027,0.3209100067615509,0.31682801246643066,0.31203100085258484,0.30734699964523315,0.30544599890708923,0.30598801374435425,0.30460599064826965,0.2997229993343353,0.2943200170993805,0.2899380028247833,0.2849059998989105,0.28026801347732544,0.2786320149898529,0.2844560146331787,0.2980560064315796,0.3101710081100464,0.30882200598716736,0.31127700209617615,0.31873300671577454,0.3198620080947876,0.31334999203681946,0.3066039979457855,0.301595002,0.2977229952812195,0.29442501068115234,0.2921900153160095,0.2900470197200775,0.2864319980144501,0.28427401185035706,0.2844879925251007,0.2897530198097229,0.3090690076351166,0.3437660038471222,0.3827970027923584,0.41504400968551636,0.437593013,0.45052000880241394,0.45326900482177734,0.45724400877952576,0.45840099453926086,0.4518069922924042,0.44596099853515625,0.44895002245903015,0.46326300501823425,0.48438000679016113,0.5003210306167603,0.5017910003662109,0.49086400866508484,0.4809510111808777,0.47818201780319214,0.4798550009727478,0.4853529930114746,0.49473899602890015,0.506371021,0.5197409987449646,0.5258150100708008,0.5229710340499878,0.5161539912223816,0.5088210105895996,0.5015529990196228,0.49966299533843994,0.5129089951515198,0.5448290109634399,0.5730410218238831,0.5801140069961548,0.5903850197792053,0.5912140011787415,0.5849980115890503,0.5802080035209656,0.5749099850654602,0.5731480121612549,0.5717920064926147,0.5688220262527466,0.565509021,0.5670109987258911,0.5764250159263611,0.5894420146942139,0.6060100197792053,0.6299890279769897,0.6567469835281372,0.666487992,0.6612910032272339,0.6603969931602478,32.02000045776367
0.1481119990348816,0.14648300409317017,0.1482509970664978,0.15425799787044525,0.15913499891757965,0.16682200133800507,0.17536799609661102,0.17860500514507294,0.1735220104455948,0.16829600930213928,0.16484200954437256,0.1616230010986328,0.15935499966144562,0.15813800692558289,0.1578039973974228,0.1567240059375763,0.15498600900173187,0.15389199554920197,0.1547359973192215,0.1574460119009018,0.1633480042219162,0.17181900143623352,0.17872901260852814,0.18195600807666779,0.1893090009689331,0.2019450068473816,0.21658700704574585,0.23013700544834137,0.2445330023765564,0.2601320147514343,0.2758519947528839,0.2910810112953186,0.3050670027732849,0.3101060092449188,0.3085480034351349,0.3053869903087616,0.30162301659584045,0.2978360056877136,0.296532005,0.29753801226615906,0.2969520092010498,0.29335999488830566,0.2893820106983185,0.2859500050544739,0.28144699335098267,0.2772209942340851,0.27569499611854553,0.2817530035972595,0.2943360209465027,0.30424800515174866,0.30309101939201355,0.3067609965801239,0.3143649995326996,0.3159700036048889,0.31151601672172546,0.30717700719833374,0.3035129904747009,0.3002600073814392,0.29708999395370483,0.2948940098285675,0.2930450141429901,0.29011401534080505,0.28840401768684387,0.2884420156478882,0.29303500056266785,0.3104880154132843,0.34101200103759766,0.376662016,0.4077500104904175,0.4311140179634094,0.4467500150203705,0.45152199268341064,0.4557720124721527,0.4570450186729431,0.4511580169200897,0.44551602005958557,0.4473299980163574,0.45883700251579285,0.4764080047607422,0.49009501934051514,0.4926850199699402,0.48419100046157837,0.4754030108451843,0.4724169969558716,0.47289401292800903,0.4763520061969757,0.48260200023651123,0.4903869926929474,0.4998070001602173,0.503661036,0.5006679892539978,0.49487102031707764,0.4889039993286133,0.4832970201969147,0.48235800862312317,0.4960629940032959,0.527662992,0.5526790022850037,0.5566869974136353,0.5715140104293823,0.572799027,0.5646200180053711,0.5590010285377502,0.5521320104598999,0.5510939955711365,0.5512149930000305,0.5502930283546448,0.5483880043029785,0.5515429973602295,0.5621269941329956,0.577235997,0.5960670113563538,0.6204150319099426,0.6467940211296082,0.6577240228652954,0.6535069942474365,0.6518620252609253,22.87999916
0.1452540010213852,0.1440020054578781,0.1459130048751831,0.15137501060962677,0.15549200773239136,0.1624000072479248,0.16930000483989716,0.1704930067062378,0.16554100811481476,0.1608860045671463,0.15764300525188446,0.1547510027885437,0.15212799608707428,0.15081900358200073,0.1505420058965683,0.14953000843524933,0.14819900691509247,0.1476999968290329,0.14875900745391846,0.15135100483894348,0.15657399594783783,0.16340599954128265,0.16912199556827545,0.1719980090856552,0.17863701283931732,0.19127799570560455,0.20581600069999695,0.2180439978837967,0.2293810099363327,0.24024300277233124,0.25040000677108765,0.2601560056209564,0.26982802152633667,0.27362799644470215,0.2724969983100891,0.26995599269866943,0.26719099283218384,0.26438701152801514,0.2634130120277405,0.2643360197544098,0.2646079957485199,0.2637920081615448,0.2631489932537079,0.26245900988578796,0.26018500328063965,0.2577719986438751,0.25752902030944824,0.2653610110282898,0.27879801392555237,0.287414014,0.28755900263786316,0.29239001870155334,0.30052000284194946,0.3031020164489746,0.30063799023628235,0.2980870008468628,0.2952730059623718,0.29329001903533936,0.291111022,0.28935301303863525,0.28809601068496704,0.28641000390052795,0.28535202145576477,0.28552499413490295,0.28993499279022217,0.3064480125904083,0.33448299765586853,0.3672870099544525,0.3965519964694977,0.41928601264953613,0.4345729947090149,0.43775302171707153,0.43911901116371155,0.4385150074958801,0.4325760006904602,0.42636701464653015,0.42564401030540466,0.43278199434280396,0.4449860155582428,0.4540809988975525,0.45270901918411255,0.44376301765441895,0.43645501136779785,0.43393999338150024,0.4345390200614929,0.4380600154399872,0.44530999660491943,0.45490700006484985,0.46513500809669495,0.4697520136833191,0.46833300590515137,0.46415001153945923,0.4597499966621399,0.45573902130126953,0.4558410048484802,0.4700680077075958,0.4999130070209503,0.5185509920120239,0.519743025,0.5393450260162354,0.5403090119361877,0.5278880000114441,0.521369994,0.5161610245704651,0.5147320032119751,0.511676013,0.5111480355262756,0.5117769837379456,0.5168300271034241,0.5262110233306885,0.5401380062103271,0.5575389862060547,0.5772610306739807,0.5941590070724487,0.6034560203552246,0.6012210249900818,0.5977749824523926,9.159999847
0.1424179971218109,0.1413159966468811,0.1434120088815689,0.14896400272846222,0.15317600965499878,0.16004100441932678,0.16649900376796722,0.1671150028705597,0.16215699911117554,0.15755699574947357,0.1543160080909729,0.151528999,0.14880800247192383,0.1474670022726059,0.14723500609397888,0.14628800749778748,0.14516900479793549,0.14498400688171387,0.146341011,0.14916500449180603,0.15443401038646698,0.16089600324630737,0.1663459986448288,0.1697160005569458,0.1775750070810318,0.19177301228046417,0.20724400877952576,0.21936100721359253,0.22954100370407104,0.23850201070308685,0.24643300473690033,0.2536650002002716,0.2612520158290863,0.2643890082836151,0.263124019,0.2604900002479553,0.2577269971370697,0.2549149990081787,0.2537200152873993,0.25427499413490295,0.2544400095939636,0.25416702032089233,0.25425902009010315,0.25419101119041443,0.25243300199508667,0.2505030035972595,0.2506810128688812,0.2590640187263489,0.2729620039463043,0.28152701258659363,0.2820480167865753,0.28709301352500916,0.29537299275398254,0.2981710135936737,0.2960380017757416,0.29375702142715454,0.2911220192909241,0.28952300548553467,0.28764599561691284,0.28589001297950745,0.2846750020980835,0.28324201703071594,0.28244301676750183,0.2831050157546997,0.28870999813079834,0.30771899223327637,0.3395950198173523,0.3760569989681244,0.40741801261901855,0.4305489957332611,0.44458499550819397,0.4454120099544525,0.4438460171222687,0.44081801176071167,0.433307022,0.425682008,0.4232479929924011,0.4284990131855011,0.4391210079193115,0.4469950199127197,0.4438270032405853,0.43388399481773376,0.42646700143814087,0.4238719940185547,0.4245220124721527,0.4283280074596405,0.4363900125026703,0.44726601243019104,0.45851099491119385,0.4637939929962158,0.4628860056400299,0.45899200439453125,0.45468300580978394,0.4506870210170746,0.45074400305747986,0.46491602063179016,0.49410101771354675,0.5113040208816528,0.5124090313911438,0.5322909951210022,0.5329999923706055,0.5200510025024414,0.513742983,0.5097349882125854,0.5083000063896179,0.5042279958724976,0.5037440061569214,0.5052120089530945,0.5109710097312927,0.5202699899673462,0.533964992,0.5509800314903259,0.5699419975280762,0.5845640301704407,0.59334904,0.5918520092964172,0.5883309841156006,4.579999923706055
0.14226900041103363,0.14128100872039795,0.14338700473308563,0.1486850082874298,0.15248100459575653,0.1590230017900467,0.16514700651168823,0.16527999937534332,0.1603420078754425,0.15589000284671783,0.15269100666046143,0.149958998,0.14712201058864594,0.14577899873256683,0.14558100700378418,0.14465400576591492,0.14357300102710724,0.14344100654125214,0.1446710079908371,0.1472340077161789,0.15212701261043549,0.15810900926589966,0.16319499909877777,0.16631600260734558,0.17337100207805634,0.18619900941848755,0.2001740038394928,0.21105501055717468,0.22018100321292877,0.22799800336360931,0.23471499979496002,0.2410919964313507,0.248416007,0.2516690194606781,0.2507359981536865,0.24840500950813293,0.24605000019073486,0.24365100264549255,0.2427539974451065,0.24354000389575958,0.24418900907039642,0.24494200944900513,0.24618500471115112,0.24706700444221497,0.24611499905586243,0.24477800726890564,0.24535800516605377,0.25430601835250854,0.2685230076313019,0.2768779993057251,0.2777999937534332,0.2830510139465332,0.2914290130138397,0.29447999596595764,0.2927590012550354,0.29072800278663635,0.2881300151348114,0.2867810130119324,0.28520500659942627,0.28367000818252563,0.2826949954032898,0.28161200881004333,0.2808839976787567,0.2811959981918335,0.28573501110076904,0.3022089898586273,0.3297310173511505,0.361844003,0.39053499698638916,0.4126090109348297,0.42698001861572266,0.42869502305984497,0.428178996,0.42632901668548584,0.4201360046863556,0.4134640097618103,0.41143399477005005,0.4165329933166504,0.42636001110076904,0.4332370162010193,0.4292350113391876,0.4194619953632355,0.41269901394844055,0.4104680120944977,0.4113990068435669,0.4154309928417206,0.423988014,0.4355680048465729,0.4471549987792969,0.4527460038661957,0.45229700207710266,0.44888201355934143,0.44509202241897583,0.441633016,0.44207799434661865,0.45648401975631714,0.48525601625442505,0.500918984,0.5011399984359741,0.5225040316581726,0.5231509804725647,0.5087260007858276,0.5018360018730164,0.49797701835632324,0.49619901180267334,0.4909520149230957,0.4902060031890869,0.4920180141925812,0.4978800117969513,0.506255031,0.5191119909286499,0.5352029800415039,0.5523720383644104,0.5639070272445679,0.5720410346984863,0.5706639885902405,0.566120982,0
0.1584089994430542,0.15569300949573517,0.15669000148773193,0.16366200149059296,0.1705400049686432,0.18039099872112274,0.19323299825191498,0.20193900167942047,0.1966949999332428,0.19045200943946838,0.1868000030517578,0.18281500041484833,0.18144799768924713,0.18037600815296173,0.1796949952840805,0.17836099863052368,0.17546899616718292,0.1728370040655136,0.17306400835514069,0.17622600495815277,0.18407399952411652,0.19684800505638123,0.20679301023483276,0.21035701036453247,0.2186560034751892,0.23147399723529816,0.24792300164699554,0.26688799262046814,0.29134300351142883,0.32106199860572815,0.352154016,0.3818400204181671,0.40578600764274597,0.413085014,0.4103110134601593,0.40569502115249634,0.39960402250289917,0.3935620188713074,0.39156800508499146,0.3928360044956207,0.39031901955604553,0.3798980116844177,0.3675770163536072,0.3569280207157135,0.3461360037326813,0.33671700954437256,0.33120599389076233,0.3314000070095062,0.33978599309921265,0.3510330021381378,0.3456210196018219,0.3463430106639862,0.3520260155200958,0.3506529927253723,0.34130701422691345,0.33331599831581116,0.3283039927482605,0.3212459981441498,0.3146020174026489,0.3110690116882324,0.3074589967727661,0.30066001415252686,0.29695701599121094,0.2965890169143677,0.3012470006942749,0.32078999280929565,0.3572710156440735,0.3986620008945465,0.43304699659347534,0.4581640064716339,0.4758320152759552,0.4867130219936371,0.5000259876251221,0.5068600177764893,0.5015490055084229,0.4978850185871124,0.5062900185585022,0.527987003,0.5573800206184387,0.5816519856452942,0.5959410071372986,0.5905979871749878,0.5787780284881592,0.5742869973182678,0.5731990337371826,0.5744929909706116,0.5749329924583435,0.5740799903869629,0.5775370001792908,0.5770530104637146,0.5695850253105164,0.5600410103797913,0.5511699914932251,0.5424180030822754,0.5395179986953735,0.5515379905700684,0.5867120027542114,0.6258289813995361,0.6349819898605347,0.6390900015830994,0.6413270235061646,0.6438000202178955,0.6401150226593018,0.6276940107345581,0.6280030012130737,0.6377890110015869,0.6373209953308105,0.6298969984054565,0.629190981,0.6437340378761292,0.662863016,0.6867579817771912,0.7219589948654175,0.7710860371589661,0.7868320345878601,0.7787820100784302,0.7815020084381104,50.31999969482422
0.1560240089893341,0.15351499617099762,0.15458999574184418,0.16121500730514526,0.16757000982761383,0.1768999993801117,0.18869800865650177,0.19612300395965576,0.19092300534248352,0.18496699631214142,0.18140600621700287,0.17762300372123718,0.1760690063238144,0.17494700849056244,0.17431600391864777,0.17303501069545746,0.17037400603294373,0.1680620014667511,0.16839800775051117,0.1714159995317459,0.17876000702381134,0.19047001004219055,0.1996529996395111,0.2031629979610443,0.21123400330543518,0.22394199669361115,0.23985999822616577,0.2573769986629486,0.27905699610710144,0.304733008,0.33122700452804565,0.35648301243782043,0.3773919939994812,0.38407301902770996,0.38166099786758423,0.3773820102214813,0.3719000220298767,0.36645999550819397,0.3645800054073334,0.36568301916122437,0.36363500356674194,0.35520100593566895,0.34530001878738403,0.33677199482917786,0.327894002,0.3200390040874481,0.3157530128955841,0.3177120089530945,0.32761701941490173,0.338905007,0.3348020017147064,0.33625999093055725,0.34258800745010376,0.34205999970436096,0.3338330090045929,0.3264859914779663,0.3216080069541931,0.31559401750564575,0.30997300148010254,0.3068079948425293,0.3036690056324005,0.29791900515556335,0.2947530150413513,0.29451000690460205,0.29921799898147583,0.3185630142688751,0.35431599617004395,0.395236999,0.42963001132011414,0.4545769989490509,0.47110801935195923,0.47927600145339966,0.48924902081489563,0.49398401379585266,0.48813802003860474,0.4836380183696747,0.4900520145893097,0.5090770125389099,0.5354390144348145,0.5566760301589966,0.566215992,0.5587419867515564,0.5476920008659363,0.5438269972801208,0.5437220335006714,0.5465180277824402,0.5502020120620728,0.5539029836654663,0.5610350370407104,0.5629429817199707,0.5570420026779175,0.5483059883117676,0.539821982,0.5314590334892273,0.5288379788398743,0.5416120290756226,0.5763450264930725,0.6119260191917419,0.6202409863471985,0.6270949840545654,0.6287930011749268,0.6278780102729797,0.6235589981079102,0.6136850118637085,0.6132320165634155,0.6189430356025696,0.6175270080566406,0.6115339994430542,0.611827016,0.6246709823608398,0.641730011,0.6630160212516785,0.6941410303115845,0.7345269918441772,0.7478240132331848,0.7408640384674072,0.7422199845314026,45.74000168
0.15346799790859222,0.15120001137256622,0.1524759978055954,0.1589059978723526,0.16483700275421143,0.173661008,0.18440599739551544,0.19046799838542938,0.18529000878334045,0.179516003,0.17596200108528137,0.17236800491809845,0.1706020087003708,0.16944999992847443,0.16891300678253174,0.16769801080226898,0.16534601151943207,0.16344399750232697,0.16395001113414764,0.16686199605464935,0.17371100187301636,0.1842700093984604,0.19265399873256683,0.19612900912761688,0.2041660100221634,0.21719500422477722,0.23282600939273834,0.24854500591754913,0.26673200726509094,0.28744399547576904,0.30844801664352417,0.32850000262260437,0.34602999687194824,0.352044016,0.3499540090560913,0.3459240198135376,0.34099000692367554,0.33610400557518005,0.33427301049232483,0.335068017,0.3334310054779053,0.3270229995250702,0.3196360170841217,0.31338801980018616,0.3065890073776245,0.30046501755714417,0.2975600063800812,0.3014329969882965,0.31296399235725403,0.32437601685523987,0.32168999314308167,0.3237980008125305,0.3306570053100586,0.3309830129146576,0.3238469958305359,0.31710201501846313,0.31234899163246155,0.30753499269485474,0.3030939996242523,0.3003680109977722,0.2976990044116974,0.2930909991264343,0.2905200123786926,0.2905900180339813,0.29574400186538696,0.315542996,0.35132500529289246,0.3921380043029785,0.4262160062789917,0.4502969980239868,0.4648610055446625,0.4696130156517029,0.47559699416160583,0.47774800658226013,0.4711489975452423,0.465597004,0.4697210192680359,0.48561400175094604,0.5085890293121338,0.5265210270881653,0.5312420129776001,0.521826982,0.5114970207214355,0.5082319974899292,0.5091000199317932,0.5133510231971741,0.5202010273933411,0.5283229947090149,0.5389429926872253,0.5431650280952454,0.5389770269393921,0.5313029885292053,0.5234209895133972,0.5156530141830444,0.5134010314941406,0.5264769792556763,0.5596179962158203,0.5908129811286926,0.598438025,0.6072850227355957,0.6083990335464478,0.6044319868087769,0.5998750329017639,0.5927780270576477,0.5916299819946289,0.5933290123939514,0.5911319851875305,0.5868040323257446,0.5879449844360352,0.598908007,0.6137459874153137,0.6323570013046265,0.6592890024185181,0.6915310025215149,0.7024970054626465,0.696677029,0.6967319846153259,41.16999816894531
0.14940600097179413,0.14758899807929993,0.14904999732971191,0.15468300879001617,0.159511,0.16722500324249268,0.17579899728298187,0.17934200167655945,0.17450100183486938,0.16967199742794037,0.16658900678157806,0.1634799987077713,0.16142600774765015,0.1602340042591095,0.15975800156593323,0.15864300727844238,0.15682700276374817,0.1555909961462021,0.15634100139141083,0.15907500684261322,0.16508200764656067,0.17371399700641632,0.1806270033121109,0.18366900086402893,0.19079901278018951,0.20318400859832764,0.21795301139354706,0.23228199779987335,0.2480809986591339,0.2653610110282898,0.2827260196208954,0.29937100410461426,0.3136940002441406,0.31858599185943604,0.3170350193977356,0.314069003,0.31043800711631775,0.30677899718284607,0.3056589961051941,0.3068290054798126,0.3062469959259033,0.3021570146083832,0.2975369989871979,0.2934560179710388,0.288331002,0.2836199998855591,0.2815850079059601,0.28664901852607727,0.2979680001735687,0.3070160150527954,0.305307001,0.30894899368286133,0.3162720203399658,0.31766000390052795,0.3133520185947418,0.3095180094242096,0.30630800127983093,0.30284401774406433,0.2993060052394867,0.2970280051231384,0.29516300559043884,0.292043,0.2902420163154602,0.29021701216697693,0.2945370078086853,0.3115690052509308,0.3414669930934906,0.3762719929218292,0.40692999958992004,0.4305240213871002,0.4469889998435974,0.4529780149459839,0.4583269953727722,0.46022000908851624,0.4546619951725006,0.44940701127052307,0.4516800045967102,0.463439018,0.48108401894569397,0.49519801139831543,0.4995349943637848,0.4923489987850189,0.48385000228881836,0.4807720184326172,0.48075202107429504,0.48330700397491455,0.4877380132675171,0.4931040108203888,0.5003880262374878,0.5029140114784241,0.49942100048065186,0.4935760200023651,0.4879000186920166,0.4825340211391449,0.4818360209465027,0.49543699622154236,0.527167022,0.5526329874992371,0.5563250184059143,0.5709850192070007,0.5725650191307068,0.5651950240135193,0.5596979856491089,0.5517500042915344,0.551127017,0.5530660152435303,0.552947998,0.5508720278739929,0.5540559887886047,0.5655450224876404,0.5816389918327332,0.6017270088195801,0.6270549893379211,0.6557210087776184,0.6676250100135803,0.6634899973869324,0.6624100208282471,27.450000762939453
0.1479170024394989,0.14625900983810425,0.14781500399112701,0.15330399572849274,0.15785600244998932,0.16527800261974335,0.17320899665355682,0.17594699561595917,0.17111200094223022,0.1664230078458786,0.16333800554275513,0.16033001244068146,0.15812499821186066,0.15688900649547577,0.15646500885486603,0.15538400411605835,0.15371300280094147,0.1527080088853836,0.15355300903320312,0.15622399747371674,0.16194599866867065,0.16995400190353394,0.17640399932861328,0.1795019954442978,0.18658000230789185,0.19894900918006897,0.21351000666618347,0.22709999978542328,0.241457,0.25670701265335083,0.27187100052833557,0.2863849997520447,0.29925400018692017,0.3037540018558502,0.30234599113464355,0.29954200983047485,0.2961920201778412,0.2928210198879242,0.2917730212211609,0.2928850054740906,0.2925640046596527,0.2894369959831238,0.2860020101070404,0.28293901681900024,0.27866801619529724,0.2746500074863434,0.27316999435424805,0.2790340185165405,0.290893018,0.29972001910209656,0.29857000708580017,0.30262500047683716,0.3101920187473297,0.3119560182094574,0.30830299854278564,0.3049499988555908,0.301923007,0.2989580035209656,0.2958640158176422,0.29375800490379333,0.29210299253463745,0.28947901725769043,0.2879260182380676,0.287992001,0.29236701130867004,0.30928099155426025,0.3386410176753998,0.3728249967098236,0.4030170142650604,0.4263319969177246,0.4424070119857788,0.44749101996421814,0.45155301690101624,0.4526210129261017,0.44690901041030884,0.4413340091705322,0.44264599680900574,0.4529010057449341,0.46883299946784973,0.4813790023326874,0.48407500982284546,0.4764450192451477,0.46829700469970703,0.46539801359176636,0.46550801396369934,0.4682829976081848,0.47345301508903503,0.4799579977989197,0.4880250096321106,0.49115699529647827,0.4882870018482208,0.48295602202415466,0.47771400213241577,0.4727649986743927,0.4723440110683441,0.48611700534820557,0.5173159837722778,0.5406280159950256,0.5435810089111328,0.5598180294036865,0.5611979961395264,0.5522890090942383,0.5464000105857849,0.5392990112304688,0.538502038,0.5390040278434753,0.5388039946556091,0.5375860333442688,0.5414029955863953,0.5523130297660828,0.5678629875183105,0.5872359871864319,0.6110439896583557,0.6363189816474915,0.6474640369415283,0.6439110040664673,0.6422399878501892,22.87999916
0.14563199877738953,0.1441269963979721,0.14573900401592255,0.15104299783706665,0.1553250104188919,0.1624470055103302,0.16981500387191772,0.17183999717235565,0.16706199944019318,0.16258400678634644,0.15960000455379486,0.15672200918197632,0.15440300107002258,0.15317200124263763,0.15276899933815002,0.15172500908374786,0.15021400153636932,0.14942000806331635,0.15036000311374664,0.15298299491405487,0.15844300389289856,0.1658630073070526,0.17190299928188324,0.17489100992679596,0.1818159967660904,0.19420500099658966,0.2085770070552826,0.22149799764156342,0.23462200164794922,0.24813200533390045,0.2613210082054138,0.2739050090312958,0.28528499603271484,0.2893980145454407,0.28814300894737244,0.28557801246643066,0.28259900212287903,0.2795790135860443,0.27866899967193604,0.2797670066356659,0.2797410190105438,0.27759599685668945,0.27532899379730225,0.2732280194759369,0.26976799964904785,0.26640501618385315,0.265392005,0.2718760073184967,0.28405702114105225,0.29245901107788086,0.2918020188808441,0.2962290048599243,0.303957999,0.3060719966888428,0.3031110167503357,0.300354004,0.2975970208644867,0.29509201645851135,0.29236799478530884,0.29043301939964294,0.28899499773979187,0.2868199944496155,0.28551599383354187,0.2856380045413971,0.28994300961494446,0.30644500255584717,0.33475300669670105,0.3678010106086731,0.39726999402046204,0.42018499970436096,0.4360640048980713,0.44059401750564575,0.4436649978160858,0.44409701228141785,0.4384240210056305,0.43271002173423767,0.43316200375556946,0.44192999601364136,0.4559839963912964,0.46692201495170593,0.46823200583457947,0.4604650139808655,0.4528820216655731,0.45019301772117615,0.45039600133895874,0.4532169997692108,0.45875900983810425,0.4659610092639923,0.47435101866722107,0.47777000069618225,0.475492001,0.470770001,0.4660860002040863,0.46174702048301697,0.4616889953613281,0.47563499212265015,0.506043017,0.5271509885787964,0.5291250348091125,0.5469560027122498,0.5482609868049622,0.5378699898719788,0.5317350029945374,0.5252050161361694,0.5242720246315002,0.5235980153083801,0.5235120058059692,0.5232319831848145,0.5276480317115784,0.538083017,0.5531530380249023,0.5718889832496643,0.5940030217170715,0.6160010099411011,0.6265290379524231,0.6238040328025818,0.6215060353279114,18.309999465942383
0.1454230099916458,0.14414499700069427,0.14591200649738312,0.1509229987859726,0.15477900207042694,0.1614450067281723,0.16788500547409058,0.16874000430107117,0.16403400897979736,0.15987899899482727,0.15701600909233093,0.1543090045452118,0.15179499983787537,0.150502011,0.1501460075378418,0.14913900196552277,0.14786700904369354,0.14741000533103943,0.1484680026769638,0.1509920060634613,0.15605901181697845,0.16255700588226318,0.1679150015115738,0.17058700323104858,0.17689000070095062,0.18904100358486176,0.20320799946784973,0.21533900499343872,0.22668799757957458,0.23738500475883484,0.24726299941539764,0.25655001401901245,0.2653300166130066,0.26868900656700134,0.2677280008792877,0.2655999958515167,0.2633010149002075,0.2609409987926483,0.26026400923728943,0.2613600194454193,0.26191002130508423,0.2615329921245575,0.26134899258613586,0.2609270215034485,0.25882402062416077,0.25657302141189575,0.2563199996948242,0.26381900906562805,0.2763940095901489,0.28397801518440247,0.28411900997161865,0.2892100214958191,0.29720601439476013,0.299886018,0.2981400191783905,0.2964330017566681,0.29417499899864197,0.29240599274635315,0.2902890145778656,0.2886199951171875,0.28754499554634094,0.2861180007457733,0.285194993,0.2853260040283203,0.28939101099967957,0.3049069941043854,0.33099600672721863,0.36171600222587585,0.3896850049495697,0.41197800636291504,0.4277240037918091,0.43147701025009155,0.43302202224731445,0.43255501985549927,0.42709100246429443,0.421205997,0.4202229976654053,0.42629900574684143,0.4369890093803406,0.44497501850128174,0.4438440203666687,0.4359680116176605,0.4294300079345703,0.4270640015602112,0.42733901739120483,0.4301470220088959,0.43627601861953735,0.4445060193538666,0.4533350169658661,0.45720499753952026,0.4559140205383301,0.45232200622558594,0.4486300051212311,0.4454050064086914,0.44600701332092285,0.4601680040359497,0.4893209934234619,0.5062519907951355,0.506413996,0.527275026,0.528357983,0.5152609944343567,0.508558989,0.503026009,0.5018180012702942,0.49911999702453613,0.4993390142917633,0.5005810260772705,0.5061160326004028,0.5156480073928833,0.5298449993133545,0.5475410223007202,0.566536009,0.58218199,0.5915960073471069,0.5900520086288452,0.5863600373268127,9.149999618530273
0.14387600123882294,0.14282800257205963,0.14474400877952576,0.14958800375461578,0.15309999883174896,0.15940900146961212,0.16507300734519958,0.16481900215148926,0.1601559966802597,0.15625400841236115,0.15347200632095337,0.15092900395393372,0.14818400144577026,0.14686600863933563,0.14658001065254211,0.14562200009822845,0.14461500942707062,0.14449600875377655,0.1457120031118393,0.14820000529289246,0.1529349982738495,0.15860700607299805,0.16337500512599945,0.1659960001707077,0.17222701013088226,0.18458300828933716,0.19858700037002563,0.2097880095243454,0.21923300623893738,0.22717900574207306,0.23389799892902374,0.24002599716186523,0.24652400612831116,0.24928900599479675,0.24852700531482697,0.2466759979724884,0.24486200511455536,0.2429570108652115,0.24240900576114655,0.24343501031398773,0.24443300068378448,0.245604008,0.2472420036792755,0.2483140081167221,0.24742799997329712,0.2461709976196289,0.2466460019350052,0.2551340162754059,0.26829299330711365,0.27545902132987976,0.27631500363349915,0.28188300132751465,0.29010599851608276,0.29325100779533386,0.29233500361442566,0.29128900170326233,0.2893179953098297,0.2881630063056946,0.2865840196609497,0.2851490080356598,0.28436699509620667,0.28352099657058716,0.2829210162162781,0.2831690013408661,0.28726401925086975,0.30248600244522095,0.32770201563835144,0.3573479950428009,0.3844980001449585,0.4062120020389557,0.4213330149650574,0.4239700138568878,0.42390501499176025,0.42241600155830383,0.41683101654052734,0.41057899594306946,0.4083639979362488,0.4123400151729584,0.4204760193824768,0.42618000507354736,0.4227380156517029,0.41432300209999084,0.40843501687049866,0.4062969982624054,0.4067769944667816,0.409853995,0.4168670177459717,0.4265359938144684,0.4361860156059265,0.44073399901390076,0.4403420090675354,0.43754100799560547,0.4345700144767761,0.4320569932460785,0.433104008,0.4474100172519684,0.4754980206489563,0.48924699425697327,0.48813000321388245,0.5111250281333923,0.5119410157203674,0.49667200446128845,0.4895610213279724,0.48511800169944763,0.48364901542663574,0.47897499799728394,0.47916701436042786,0.48173099756240845,0.4882020056247711,0.49683499336242676,0.5101830363273621,0.526868999,0.5433030128479004,0.5536510348320007,0.5619900226593018,0.5613459944725037,0.5565620064735413,0
0.15999899804592133,0.15702100098133087,0.1576399952173233,0.16416899859905243,0.17108900845050812,0.18115200102329254,0.19434700906276703,0.20376700162887573,0.1988680064678192,0.1931699961423874,0.19004499912261963,0.1861560046672821,0.18502900004386902,0.18396399915218353,0.18309900164604187,0.18165899813175201,0.17860400676727295,0.17569100856781006,0.17579899728298187,0.17902600765228271,0.18718700110912323,0.2005780041217804,0.21073800325393677,0.21404100954532623,0.22179099917411804,0.2338780015707016,0.25052401423454285,0.2713710069656372,0.29915499687194824,0.33273401856422424,0.3676210045814514,0.40047499537467957,0.42575401067733765,0.4328850209712982,0.42999500036239624,0.42546600103378296,0.4193600118160248,0.41338101029396057,0.4116940200328827,0.4133340120315552,0.4106900095939636,0.3992300033569336,0.3856309950351715,0.37373101711273193,0.3616830110549927,0.35126200318336487,0.34473901987075806,0.3433130085468292,0.34964001178741455,0.35958701372146606,0.3530910015106201,0.35378602147102356,0.35904401540756226,0.35722801089286804,0.348019004,0.34081101417541504,0.3365119993686676,0.32882601022720337,0.32130399346351624,0.3175069987773895,0.3137719929218292,0.30640900135040283,0.30241501331329346,0.30173200368881226,0.3054949939250946,0.3233090043067932,0.35730400681495667,0.39632901549339294,0.4294600188732147,0.455036998,0.4753810167312622,0.49022001028060913,0.5072889924049377,0.5164170265197754,0.5122290253639221,0.5096700191497803,0.5196729898452759,0.5427979826927185,0.5734660029411316,0.599482,0.6178590059280396,0.6148279905319214,0.6032040119171143,0.5984030365943909,0.5962849855422974,0.5956230163574219,0.5922980308532715,0.5864140391349792,0.5854679942131042,0.5821470022201538,0.5732570290565491,0.5633950233459473,0.5547040104866028,0.54637903,0.5437179803848267,0.5554969906806946,0.5915459990501404,0.6328740119934082,0.6416060328483582,0.6454100012779236,0.6484370231628418,0.6529030203819275,0.6494330167770386,0.6341750025749207,0.6352840065956116,0.6489279866218567,0.6499300003051758,0.6417580246925354,0.6407890319824219,0.6572099924087524,0.6788260340690613,0.7055330276489258,0.7437180280685425,0.7991660237312317,0.8172880411148071,0.8091480135917664,0.812840998,54.88999938964844
0.1585480123758316,0.15570500493049622,0.1563500016927719,0.16243600845336914,0.16884800791740417,0.17837201058864594,0.19044600427150726,0.198729008,0.19414199888706207,0.1891160011291504,0.18641000986099243,0.1828249990940094,0.18166400492191315,0.18062400817871094,0.17976200580596924,0.1783760040998459,0.17556700110435486,0.1729610115289688,0.17321699857711792,0.17643100023269653,0.18429800868034363,0.19684800505638123,0.20633400976657867,0.2094620019197464,0.2168540060520172,0.22876299917697906,0.2453400045633316,0.26593300700187683,0.2930009961128235,0.32531800866127014,0.35871800780296326,0.3899190127849579,0.41336601972579956,0.41995900869369507,0.4175650179386139,0.41386300325393677,0.4086740016937256,0.40350401401519775,0.40232500433921814,0.4042769968509674,0.4022440016269684,0.39191901683807373,0.3796420097351074,0.36869800090789795,0.35737499594688416,0.34752199053764343,0.3412649929523468,0.34006401896476746,0.345674992,0.35401099920272827,0.34784600138664246,0.3494130074977875,0.3547840118408203,0.35347601771354675,0.3460400104522705,0.34078001976013184,0.3375830054283142,0.33061501383781433,0.32339999079704285,0.3197689950466156,0.3164210021495819,0.3098599910736084,0.30629101395606995,0.3055799901485443,0.3090360164642334,0.3255639970302582,0.35652199387550354,0.39240899682044983,0.4238460063934326,0.4496009945869446,0.471684992,0.4877839982509613,0.5046460032463074,0.5135589838027954,0.509896994,0.5074319839477539,0.5163050293922424,0.5369150042533875,0.564399004,0.5883710384368896,0.6071910262107849,0.6059930324554443,0.595566988,0.5908460021018982,0.5881109833717346,0.5862219929695129,0.5808070302009583,0.5721850395202637,0.5680720210075378,0.5629450082778931,0.554066002,0.5452170372009277,0.5378690361976624,0.5310320258140564,0.5293200016021729,0.5411199927330017,0.5761640071868896,0.6149110198020935,0.6215510368347168,0.6280419826507568,0.6314719915390015,0.6347960233688354,0.6310030221939087,0.6147050261497498,0.6165480017662048,0.6316959857940674,0.6344119906425476,0.627426028,0.627651036,0.6448889970779419,0.6678230166435242,0.6960570216178894,0.7341099977493286,0.7887120246887207,0.8077549934387207,0.8006740212440491,0.8041459918022156,50.310001373291016
0.15513600409030914,0.1526070088148117,0.1535540074110031,0.1596280038356781,0.16579800844192505,0.17497201263904572,0.18594099581241608,0.19270899891853333,0.18808400630950928,0.18325801193714142,0.1805490106344223,0.17719000577926636,0.17581500113010406,0.1747160106897354,0.1739480048418045,0.17267601191997528,0.1702059954404831,0.1681310087442398,0.16874000430107117,0.17208899557590485,0.17974300682544708,0.1913290023803711,0.20009300112724304,0.2032719999551773,0.211325005,0.22477801144123077,0.24219700694084167,0.26199400424957275,0.286622018,0.31547701358795166,0.34515300393104553,0.37282299995422363,0.393655002,0.3994080126285553,0.3969840109348297,0.39339300990104675,0.38852301239967346,0.3836280107498169,0.3824390172958374,0.38415199518203735,0.38237401843070984,0.3733540177345276,0.3627080023288727,0.35321199893951416,0.34311601519584656,0.33433300256729126,0.3289880156517029,0.32930099964141846,0.3361220061779022,0.3442319929599762,0.33899399638175964,0.3414579927921295,0.34745001792907715,0.34689801931381226,0.34064000844955444,0.33636099100112915,0.3335779905319214,0.3275949954986572,0.32124099135398865,0.3179190158843994,0.3149380087852478,0.30934301018714905,0.3064170181751251,0.3062469959259033,0.31095999479293823,0.3295210003852844,0.3631710112094879,0.40151301,0.4345549941062927,0.4607830047607422,0.4819599986076355,0.49524301290512085,0.5081769824028015,0.5141960382461548,0.5090709924697876,0.5050880312919617,0.5115529894828796,0.5292050242424011,0.5538530349731445,0.5754930377006531,0.5916430354118347,0.5892980098724365,0.579118013,0.5744569897651672,0.5719050168991089,0.5703539848327637,0.5660690069198608,0.5591949820518494,0.5563510060310364,0.5520880222320557,0.5440869927406311,0.5358710289001465,0.5290740132331848,0.5227620005607605,0.521386981,0.5337859988212585,0.5686650276184082,0.6044890284538269,0.6099110245704651,0.6192499995231628,0.6226490139961243,0.6237300038337708,0.6195300221443176,0.6043810248374939,0.6061850190162659,0.6195729970932007,0.622609019,0.6170629858970642,0.6185669898986816,0.6357399821281433,0.6586390137672424,0.6865230202674866,0.7230890393257141,0.7739120125770569,0.7921810150146484,0.7861050367355347,0.7888979911804199,45.72999954223633
0.153439,0.15121400356292725,0.15238900482654572,0.15836401283740997,0.16398300230503082,0.1725810021162033,0.18278400599956512,0.1882680058479309,0.18335799872875214,0.17822100222110748,0.17509900033473969,0.17175200581550598,0.17002199590206146,0.16888800263404846,0.1683019995689392,0.16709700226783752,0.16487300395965576,0.16311199963092804,0.1636810004711151,0.1666180044412613,0.17343799769878387,0.18377400934696198,0.19179700314998627,0.19489800930023193,0.20237800478935242,0.2150460034608841,0.2307320088148117,0.24715200066566467,0.2664639949798584,0.288331002,0.31040099263191223,0.33120301365852356,0.34861499071121216,0.354185015,0.35208800435066223,0.34834301471710205,0.3436790108680725,0.3390960097312927,0.33761101961135864,0.33868399262428284,0.33725500106811523,0.3309430181980133,0.32368502020835876,0.3174220025539398,0.310463011,0.3042600154876709,0.30116701126098633,0.3047879934310913,0.315434992,0.3255859911441803,0.3226490020751953,0.3253680169582367,0.3322339951992035,0.33268100023269653,0.32651299238204956,0.3210650086402893,0.3170979917049408,0.3124440014362335,0.3079330027103424,0.30531200766563416,0.3028910160064697,0.29858699440956116,0.29616600275039673,0.29611802101135254,0.300805002,0.3191719949245453,0.35246801376342773,0.39061999320983887,0.4231780171394348,0.4474110007286072,0.46406102180480957,0.47128501534461975,0.47900500893592834,0.48222601413726807,0.47635000944137573,0.47141599655151367,0.4758320152759552,0.4913569986820221,0.5136290192604065,0.5316029787063599,0.5385580062866211,0.5308589935302734,0.5210360288619995,0.5176290273666382,0.5176990032196045,0.520458996,0.524520993,0.5289890170097351,0.5361360311508179,0.5382130146026611,0.5333589911460876,0.5260680317878723,0.5189520120620728,0.5121520161628723,0.5105530023574829,0.5237880349159241,0.5574100017547607,0.5882099866867065,0.594431996,0.605167031,0.60690999,0.6030960083007812,0.5981000065803528,0.5890610218048096,0.5887550115585327,0.5929740071296692,0.592270017,0.5882279872894287,0.58998704,0.6024270057678223,0.6193740367889404,0.6403599977493286,0.6690300107002258,0.7041550278663635,0.7168400287628174,0.7114490270614624,0.7117800116539001,41.18000030517578
0.15222100913524628,0.15009500086307526,0.1512400060892105,0.15684600174427032,0.16201400756835938,0.17016400396823883,0.17958900332450867,0.1842450052499771,0.17952300608158112,0.17480400204658508,0.17193199694156647,0.16875900328159332,0.16696800291538239,0.1658260077238083,0.16523601114749908,0.16403500735759735,0.1619739979505539,0.16038499772548676,0.1609880030155182,0.16381600499153137,0.170291007,0.17997001111507416,0.1874620020389557,0.19055500626564026,0.19756700098514557,0.20956499874591827,0.2245820015668869,0.24036499857902527,0.258851022,0.27959901094436646,0.3005540072917938,0.3203990161418915,0.33682599663734436,0.34211301803588867,0.3404029905796051,0.337226003,0.33320799469947815,0.3292120099067688,0.3281320035457611,0.3294830024242401,0.3285360038280487,0.32302001118659973,0.31669899821281433,0.31114399433135986,0.3047049939632416,0.2989390194416046,0.2960509955883026,0.29984501004219055,0.3100630044937134,0.31916600465774536,0.3165470063686371,0.319784015,0.3267210125923157,0.3275209963321686,0.3224540054798126,0.3181760013103485,0.31484299898147583,0.3106380105018616,0.30638399720191956,0.30391600728034973,0.30179399251937866,0.29799801111221313,0.2958420217037201,0.2956629991531372,0.2998180091381073,0.3166100084781647,0.3468579947948456,0.38192400336265564,0.41263699531555176,0.4365130066871643,0.4539810121059418,0.46206802129745483,0.4700620174407959,0.4736019968986511,0.46846699714660645,0.4639570116996765,0.46796801686286926,0.48213300108909607,0.5024459958076477,0.5189610123634338,0.5261290073394775,0.5197809934616089,0.5108460187911987,0.5075799822807312,0.5072610378265381,0.5092200040817261,0.5121080279350281,0.5151209831237793,0.5206030011177063,0.5217750072479248,0.5171059966087341,0.5104659795761108,0.5041940212249756,0.49837300181388855,0.49742501974105835,0.5108010172843933,0.5436800122261047,0.5725120306015015,0.577210009,0.5899479985237122,0.5918580293655396,0.5867800116539001,0.5816910266876221,0.5721310377120972,0.5719500184059143,0.5764800310134888,0.5767080187797546,0.5734840035438538,0.5759389996528625,0.5884990096092224,0.6058980226516724,0.6275399923324585,0.6556349992752075,0.6896719932556152,0.702895999,0.6981260180473328,0.698153019,36.599998474121094
0.1502619981765747,0.1482810080051422,0.14952200651168823,0.15489500761032104,0.15977300703525543,0.16766300797462463,0.1764020025730133,0.1802619993686676,0.17562399804592133,0.17116600275039673,0.1684260070323944,0.16540201008319855,0.16351400315761566,0.16235800087451935,0.16178900003433228,0.16062800586223602,0.15873900055885315,0.15737800300121307,0.15810400247573853,0.16093800961971283,0.1671999990940094,0.17630299925804138,0.18335500359535217,0.18625400960445404,0.1932070106267929,0.20546700060367584,0.2207850068807602,0.23635199666023254,0.2539310157299042,0.2733069956302643,0.2927730083465576,0.311134011,0.32624000310897827,0.33111101388931274,0.3295319974422455,0.32662200927734375,0.3229750096797943,0.3193030059337616,0.31832900643348694,0.31970301270484924,0.31904399394989014,0.31431499123573303,0.3089190125465393,0.30407699942588806,0.29820600152015686,0.2928970158100128,0.2903200089931488,0.29455700516700745,0.3049130141735077,0.3134379982948303,0.31118500232696533,0.3148930072784424,0.3220600187778473,0.32322999835014343,0.3189550042152405,0.31546300649642944,0.3125550150871277,0.3087950050830841,0.3048340082168579,0.3024809956550598,0.30055901408195496,0.29721200466156006,0.29528501629829407,0.2952060103416443,0.299452007,0.31628599762916565,0.346327007,0.3812749981880188,0.4121119976043701,0.4363110065460205,0.4539549946784973,0.4614050090312958,0.4681150019168854,0.4707520008087158,0.46536701917648315,0.4604080021381378,0.4633280038833618,0.47581902146339417,0.49428999423980713,0.5094110369682312,0.5157719850540161,0.5095700025558472,0.5010089874267578,0.49773702025413513,0.4972420036792755,0.49889901280403137,0.501583993,0.5045369863510132,0.5097529888153076,0.5109350085258484,0.5066450238227844,0.5005130171775818,0.4947870075702667,0.4894919991493225,0.48884502053260803,0.50246501,0.5351179838180542,0.5619230270385742,0.565500021,0.5802299976348877,0.5821360349655151,0.5757240056991577,0.570218027,0.56092,0.5607770085334778,0.5647720098495483,0.5653949975967407,0.5630300045013428,0.5662689805030823,0.5788800120353699,0.5964730381965637,0.6182460188865662,0.6454229950904846,0.6775519847869873,0.6905450224876404,0.6864460110664368,0.6860610246658325,32.02000045776367
0.1460999995470047,0.1446710079908371,0.14626100659370422,0.15110599994659424,0.15495900809764862,0.1617240011692047,0.16832099854946136,0.16944700479507446,0.1648700088262558,0.16092900931835175,0.1582770049571991,0.1556130051612854,0.15325000882148743,0.1520089954137802,0.15157900750637054,0.15055400133132935,0.1492130011320114,0.14862500131130219,0.1495940089225769,0.1521180123090744,0.15730200707912445,0.16412600874900818,0.16956999897956848,0.17225100100040436,0.17860400676727295,0.1904589980840683,0.204366997,0.2166920006275177,0.22886399924755096,0.24080300331115723,0.2520979940891266,0.2627730071544647,0.27244001626968384,0.2759630084037781,0.27497202157974243,0.2728559970855713,0.27049002051353455,0.26805999875068665,0.26745301485061646,0.2686600089073181,0.2690960168838501,0.2680869996547699,0.26715701818466187,0.26610201597213745,0.26349902153015137,0.2608399987220764,0.2602440118789673,0.2671160101890564,0.27906301617622375,0.28652501106262207,0.2862900197505951,0.2911739945411682,0.2989790141582489,0.3014239966869354,0.29945600032806396,0.29764801263809204,0.2954230010509491,0.2934360206127167,0.29112801,0.28946301341056824,0.28839001059532166,0.2868089973926544,0.28577500581741333,0.28585299849510193,0.289775014,0.3048480153083801,0.3306879997253418,0.36107000708580017,0.3886660039424896,0.4108099937438965,0.42665499448776245,0.4310719966888428,0.43356502056121826,0.4337500035762787,0.4285670220851898,0.42305901646614075,0.42284801602363586,0.4298750162124634,0.4415439963340759,0.4504980146884918,0.4506939947605133,0.44340699911117554,0.43679001927375793,0.43438100814819336,0.4345580041408539,0.43711400032043457,0.44248801469802856,0.44967201352119446,0.4576379954814911,0.4609780013561249,0.45928701758384705,0.45544400811195374,0.4516260027885437,0.4483039975166321,0.44884002208709717,0.46288299560546875,0.4923250079154968,0.5103999972343445,0.5110180377960205,0.5308769941329956,0.5320090055465698,0.5200170278549194,0.5135070085525513,0.5073450207710266,0.5063289999961853,0.5048109889030457,0.5051259994506836,0.5058860182762146,0.5110949873924255,0.5209900140762329,0.535614014,0.5538060069084167,0.5738310217857361,0.5919480323791504,0.6019490361213684,0.6000840067863464,0.5970180034637451,13.729999542236328
0.14239200949668884,0.1410840004682541,0.14270900189876556,0.14740100502967834,0.15105800330638885,0.15760301053524017,0.1637050062417984,0.16421200335025787,0.15968801081180573,0.1559550017118454,0.1533990055322647,0.15086500346660614,0.14839300513267517,0.14712300896644592,0.14670799672603607,0.14571000635623932,0.1445309966802597,0.14412599802017212,0.14522600173950195,0.1477690041065216,0.15280300378799438,0.15916399657726288,0.16426099836826324,0.16693300008773804,0.1733430027961731,0.18555499613285065,0.19970999658107758,0.2118619978427887,0.22321200370788574,0.2337920069694519,0.24347800016403198,0.25246500968933105,0.2606860101222992,0.2637700140476227,0.26285600662231445,0.2609249949455261,0.2588370144367218,0.2566530108451843,0.2561170160770416,0.2572599947452545,0.2579300105571747,0.2577190101146698,0.2577359974384308,0.25740501284599304,0.25538599491119385,0.2532060146331787,0.2529439926147461,0.2603130042552948,0.27250900864601135,0.27960100769996643,0.2797130048274994,0.28497400879859924,0.2929530143737793,0.2956930100917816,0.2942750155925751,0.2929980158805847,0.2910250127315521,0.28939300775527954,0.2873300015926361,0.28574201464653015,0.28481101989746094,0.28353601694107056,0.28270700573921204,0.2828900218009949,0.28704699873924255,0.3024649918079376,0.3286530077457428,0.3594120144844055,0.3873409926891327,0.40969499945640564,0.42541801929473877,0.42909500002861023,0.43039199709892273,0.4296780228614807,0.4241120219230652,0.4181140065193176,0.4169040024280548,0.42256101965904236,0.4327529966831207,0.4404570162296295,0.43942901492118835,0.4318290054798126,0.4254879951477051,0.42312201857566833,0.4232880175113678,0.4258340001106262,0.4315049946308136,0.43927002,0.4475660026073456,0.45117199420928955,0.44988200068473816,0.4463469982147217,0.4428580105304718,0.439829022,0.4405969977378845,0.45491302013397217,0.48418501019477844,0.5007129907608032,0.5005419850349426,0.5219900012016296,0.523015022,0.5097140073776245,0.5028989911079407,0.49724000692367554,0.4961860179901123,0.49368301033973694,0.4941610097885132,0.49569401144981384,0.5015519857406616,0.5113680362701416,0.5259470343589783,0.5440970063209534,0.5632320046424866,0.5789920091629028,0.5886580348014832,0.5873540043830872,0.583620012,9.159999847
0.14226099848747253,0.14120300114154816,0.14300499856472015,0.1474820077419281,0.1507830023765564,0.1569650024175644,0.1622769981622696,0.16171400249004364,0.15724700689315796,0.15378300845623016,0.15133599936962128,0.14896300435066223,0.14630000293254852,0.145005003,0.14463400840759277,0.14365799725055695,0.14270000159740448,0.14260999858379364,0.14381800591945648,0.14626900851726532,0.15094700455665588,0.15640200674533844,0.16090600192546844,0.16315600275993347,0.1690090000629425,0.18095500767230988,0.19478800892829895,0.2062470018863678,0.2161329984664917,0.22435300052165985,0.23123200237751007,0.23730500042438507,0.24320000410079956,0.24557700753211975,0.2449450045824051,0.2435000091791153,0.24209100008010864,0.24055799841880798,0.2402530014514923,0.2414110004901886,0.24262700974941254,0.24406100809574127,0.24599100649356842,0.24717199802398682,0.24632200598716736,0.24508200585842133,0.24545800685882568,0.25369301438331604,0.26608899235725403,0.27244701981544495,0.2733060121536255,0.2791669964790344,0.28730201721191406,0.2904990017414093,0.2901580035686493,0.28977400064468384,0.28821802139282227,0.28721001744270325,0.2856200039386749,0.2841919958591461,0.28346800804138184,0.2827419936656952,0.2822270095348358,0.28237199783325195,0.28619101643562317,0.3005160093307495,0.32431501150131226,0.35303300619125366,0.37979599833488464,0.4016820192337036,0.41753900051116943,0.4207970201969147,0.42087799310684204,0.41949599981307983,0.4141960144042969,0.40812599658966064,0.40564000606536865,0.4088529944419861,0.4158959984779358,0.42090001702308655,0.4176790118217468,0.4099920094013214,0.40449202060699463,0.4022819995880127,0.40235400199890137,0.40478000044822693,0.41078701615333557,0.4193020164966583,0.42779800295829773,0.43167799711227417,0.4312570095062256,0.42876800894737244,0.4262080192565918,0.424206018,0.4255110025405884,0.4398600161075592,0.46776899695396423,0.48041099309921265,0.4783490002155304,0.502659023,0.5035939812660217,0.4877520203590393,0.48036500811576843,0.47548002004623413,0.47419899702072144,0.4697999954223633,0.4705919921398163,0.47360700368881226,0.4805160164833069,0.48944100737571716,0.5032129883766174,0.5202940106391907,0.5365360379219055,0.5461429953575134,0.5546690225601196,0.5544009804725647,0.5493640303611755,0
0.16129299998283386,0.15807700157165527,0.15832899510860443,0.16449199616909027,0.17147600650787354,0.18178801238536835,0.19532400369644165,0.205376998,0.20073899626731873,0.1955849975347519,0.19296400249004364,0.18920300900936127,0.1883930116891861,0.18740200996398926,0.186367005,0.18486399948596954,0.18167801201343536,0.17853200435638428,0.17858099937438965,0.18191400170326233,0.19045600295066833,0.20439399778842926,0.2147340029478073,0.21768200397491455,0.22502800822257996,0.23673300445079803,0.2539210021495819,0.27658000588417053,0.3074040114879608,0.3447369933128357,0.3835790157318115,0.4199570119380951,0.4471230208873749,0.4544520080089569,0.451445997,0.44712400436401367,0.44106799364089966,0.43502601981163025,0.4335620105266571,0.43560901284217834,0.43305301666259766,0.42058801651000977,0.40567702054977417,0.3923790156841278,0.378928006,0.3673190176486969,0.3597339987754822,0.35671401023864746,0.3609369993209839,0.36949601769447327,0.36170199513435364,0.3624040186405182,0.36711400747299194,0.36472001671791077,0.3555909991264343,0.3492580056190491,0.34570199251174927,0.33733999729156494,0.3288690149784088,0.32478201389312744,0.3208180069923401,0.3128640055656433,0.3086189925670624,0.3076690137386322,0.31098300218582153,0.3277190029621124,0.36043599247932434,0.39876699447631836,0.4319609999656677,0.4588100016117096,0.4818130135536194,0.5000669956207275,0.5200520157814026,0.5309010148048401,0.5273730158805847,0.5255709886550903,0.536715031,0.5608159899711609,0.5925140380859375,0.6200600266456604,0.642536998,0.6420860290527344,0.6302390098571777,0.6249009966850281,0.6215739846229553,0.61906898,0.6120350360870361,0.6008780002593994,0.5952309966087341,0.5888490080833435,0.5784420371055603,0.5681149959564209,0.559552014,0.5514010190963745,0.5488960146903992,0.560467005,0.5973120331764221,0.641074002,0.6492379903793335,0.6528410315513611,0.6567249894142151,0.663394034,0.660073996,0.6417810320854187,0.6439440250396729,0.6617760062217712,0.664542019,0.6554840207099915,0.6544170379638672,0.6729959845542908,0.6971409916877747,0.726751983,0.7679840326309204,0.83011502,0.8500289916992188,0.8411450386047363,0.8458940386772156,59.470001220703125
0.15482699871063232,0.15217500925064087,0.15282700955867767,0.15853799879550934,0.1644660085439682,0.17357100546360016,0.18474800884723663,0.1917860060930252,0.18717800080776215,0.1824050098657608,0.17974700033664703,0.17638100683689117,0.17508600652217865,0.17403200268745422,0.17324399948120117,0.17191500961780548,0.16936300694942474,0.16708900034427643,0.16742800176143646,0.1704619973897934,0.17778900265693665,0.18925701081752777,0.1979459971189499,0.2009730041027069,0.2083120048046112,0.22026000916957855,0.2361309975385666,0.25473400950431824,0.27829501032829285,0.30574899911880493,0.3337180018424988,0.3598720133304596,0.3802739977836609,0.386324018,0.3841400146484375,0.3805589973926544,0.3757849931716919,0.37100499868392944,0.36973899602890015,0.3713030219078064,0.36970099806785583,0.3615120053291321,0.3518420159816742,0.3432680070400238,0.3341120183467865,0.3260729908943176,0.3213230073451996,0.3223859965801239,0.3302780091762543,0.3393140137195587,0.33470600843429565,0.33693400025367737,0.34307000041007996,0.34262600541114807,0.3358660042285919,0.33065199851989746,0.32716700434684753,0.32133200764656067,0.31541600823402405,0.3122760057449341,0.309363991,0.30390599370002747,0.30092501640319824,0.3004629909992218,0.3043929934501648,0.32165300846099854,0.353875995,0.39165300130844116,0.42456501722335815,0.45023900270462036,0.4695970118045807,0.4808100163936615,0.4926280081272125,0.49840301275253296,0.4934599995613098,0.4896320104598999,0.49614399671554565,0.5141159892082214,0.5389519929885864,0.5597360134124756,0.5718740224838257,0.5669609904289246,0.5567449927330017,0.5527009963989258,0.551505983,0.5522379875183105,0.5522350072860718,0.5511490106582642,0.5536990165710449,0.5528479814529419,0.5461750030517578,0.5378720164299011,0.5303460359573364,0.5231910347938538,0.5213460326194763,0.5341830253601074,0.5692870020866394,0.6041939854621887,0.6107290387153625,0.6198570132255554,0.6222879886627197,0.6214730143547058,0.6167809963226318,0.6046249866485596,0.605193019,0.6140739917755127,0.6145790219306946,0.6090540289878845,0.6101300120353699,0.6247290372848511,0.6442199945449829,0.6682559847831726,0.7009320259094238,0.7442330121994019,0.759132981,0.7529230117797852,0.7545369863510132,50.31999969482422
0.15187400579452515,0.149603009,0.15046200156211853,0.15567399561405182,0.16079500317573547,0.16899999976158142,0.17844200134277344,0.18339599668979645,0.17895600199699402,0.17467400431632996,0.17222000658512115,0.16918900609016418,0.16761299967765808,0.16650700569152832,0.16579599678516388,0.1645819991827011,0.1624550074338913,0.16073200106620789,0.16129501163959503,0.16419100761413574,0.17077100276947021,0.18060900270938873,0.1881220042705536,0.19098100066184998,0.19790001213550568,0.2098740041255951,0.22528600692749023,0.24214200675487518,0.2623630166053772,0.28519901633262634,0.3082669973373413,0.3298490047454834,0.34680500626564026,0.35197702050209045,0.35026100277900696,0.347351998,0.3434849977493286,0.33959200978279114,0.3386729955673218,0.34024500846862793,0.33935001492500305,0.3333040177822113,0.3262700140476227,0.3199169933795929,0.312703013,0.3062570095062256,0.302698016,0.30536600947380066,0.3141070008277893,0.322147012,0.3188680112361908,0.32214799523353577,0.3288179934024811,0.32939401268959045,0.3246150016784668,0.3210720121860504,0.3183470070362091,0.3138729929924011,0.30908599495887756,0.3064019978046417,0.30416199564933777,0.300106019,0.2978439927101135,0.29758599400520325,0.3015040159225464,0.3179570138454437,0.34776100516319275,0.3827980160713196,0.41391700506210327,0.4388040006160736,0.45779600739479065,0.46745601296424866,0.4765230119228363,0.4805920124053955,0.4756550192832947,0.4713210165500641,0.4755769968032837,0.48974400758743286,0.5100380182266235,0.5271090269088745,0.5366340279579163,0.5319510102272034,0.5230540037155151,0.5194430351257324,0.518297017,0.5188890099525452,0.5192930102348328,0.5190579891204834,0.521685004,0.5211530327796936,0.5157549977302551,0.5089970231056213,0.5029770135879517,0.4973820149898529,0.49651601910591125,0.5097100138664246,0.5431100130081177,0.5726709961891174,0.5768719911575317,0.589913011,0.5922210216522217,0.5880680084228516,0.5827860236167908,0.5717459917068481,0.5722669959068298,0.5792630314826965,0.5805320143699646,0.5770779848098755,0.5798100233078003,0.5937740206718445,0.6128470301628113,0.6363440155982971,0.6662930250167847,0.7037349939346313,0.7181490063667297,0.7134360074996948,0.7139610052108765,41.16999816894531
0.14830000698566437,0.1463090032339096,0.1473350077867508,0.15216299891471863,0.1566530019044876,0.1642490029335022,0.1724179983139038,0.1758200079202652,0.17148301005363464,0.1676499992609024,0.16533499956130981,0.16255800426006317,0.1607470065355301,0.15960900485515594,0.15893401205539703,0.15776599943637848,0.1559540033340454,0.15464501082897186,0.15534000098705292,0.15807899832725525,0.1640850007534027,0.17268800735473633,0.17930200695991516,0.18178600072860718,0.18809100985527039,0.1997079998254776,0.21467100083827972,0.23032300174236298,0.24830199778079987,0.2679170072078705,0.2875470221042633,0.30596500635147095,0.3204370141029358,0.32489901781082153,0.3235200047492981,0.3210659921169281,0.31789901852607727,0.3146730065345764,0.3140360116958618,0.3156450092792511,0.3153209984302521,0.3109300136566162,0.3058739900588989,0.3011920154094696,0.29539400339126587,0.2901340126991272,0.28741002082824707,0.2911829948425293,0.30037999153137207,0.30756500363349915,0.3051629960536957,0.30918100476264954,0.3161579966545105,0.31741300225257874,0.3140360116958618,0.31166601181030273,0.30945801734924316,0.30591899156570435,0.3019160032272339,0.2995930016040802,0.29782700538635254,0.29472899436950684,0.29296401143074036,0.2927510142326355,0.29635700583457947,0.3115920126438141,0.3386610150337219,0.37091201543807983,0.4002479910850525,0.42430001497268677,0.4429260194301605,0.45159000158309937,0.45900800824165344,0.4621550142765045,0.4574899971485138,0.45305001735687256,0.45589199662208557,0.46744999289512634,0.4846000075340271,0.49899300932884216,0.5064250230789185,0.501800001,0.49393200874328613,0.490651011,0.48962602,0.4902400076389313,0.4911560118198395,0.4918549954891205,0.49492502212524414,0.49492502212524414,0.4905019998550415,0.4848000109195709,0.4797559976577759,0.4752510190010071,0.4750800132751465,0.4886090159416199,0.5208669900894165,0.5465500354766846,0.5490509867668152,0.5650079846382141,0.567162037,0.560492992,0.5547060370445251,0.5444689989089966,0.544825017,0.5499110221862793,0.551364005,0.5493879914283752,0.5530890226364136,0.5661860108375549,0.5846019983291626,0.6070950031280518,0.6344069838523865,0.6670799851417542,0.6807439923286438,0.6769410371780396,0.676550031,32.02000045776367
0.14975500106811523,0.14790500700473785,0.14897800981998444,0.15358400344848633,0.1577330082654953,0.16489700973033905,0.17229099571704865,0.17479699850082397,0.17052699625492096,0.16690599918365479,0.16467800736427307,0.16202500462532043,0.16009600460529327,0.15891601145267487,0.15827500820159912,0.15714600682258606,0.15549400448799133,0.15440501272678375,0.1551779955625534,0.15780600905418396,0.16346600651741028,0.17130400240421295,0.17736300826072693,0.17956100404262543,0.18545600771903992,0.19706501066684723,0.2118220031261444,0.22659000754356384,0.24272100627422333,0.25971901416778564,0.27644699811935425,0.2919450104236603,0.3042890131473541,0.30817899107933044,0.30699101090431213,0.30491700768470764,0.30228400230407715,0.29954999685287476,0.29903000593185425,0.3005490005016327,0.30060601234436035,0.29751601815223694,0.29400601983070374,0.2906090021133423,0.2859019935131073,0.28152400255203247,0.2794380187988281,0.28397101163864136,0.29351601004600525,0.3001460134983063,0.29846400022506714,0.3029229938983917,0.31006601452827454,0.31174901127815247,0.3092859983444214,0.30762600898742676,0.3057669997215271,0.3028640151023865,0.29944100975990295,0.2973230183124542,0.2958170175552368,0.29331400990486145,0.2918670177459717,0.29172801971435547,0.29534900188446045,0.31020501255989075,0.3361560106277466,0.3671720027923584,0.3956049978733063,0.41903501749038696,0.4370580017566681,0.44455599784851074,0.45012399554252625,0.4521630108356476,0.4474239945411682,0.4426040053367615,0.443990022,0.45315900444984436,0.4673309922218323,0.47912999987602234,0.48431602120399475,0.4794750213623047,0.4723590016365051,0.4693180024623871,0.46835899353027344,0.4690999984741211,0.4706360101699829,0.4724780023097992,0.4760630130767822,0.4765840172767639,0.4731220006942749,0.4683679938316345,0.46415701508522034,0.46051400899887085,0.46077200770378113,0.4743120074272156,0.5049560070037842,0.5270290374755859,0.5281240344047546,0.5461660027503967,0.5481200218200684,0.5392969846725464,0.5332040190696716,0.5241439938545227,0.5241609811782837,0.527400017,0.5291200280189514,0.5284410119056702,0.5329480171203613,0.545179009,0.5625709891319275,0.5839549899101257,0.6085230112075806,0.6355400085449219,0.6480380296707153,0.6453310251235962,0.6438509821891785,27.450000762939453
0.14807701110839844,0.1465110033750534,0.14775800704956055,0.15215399861335754,0.15585100650787354,0.16253399848937988,0.168954,0.17015300691127777,0.16589801013469696,0.16248400509357452,0.160303995,0.1578110009431839,0.15563499927520752,0.1543949991464615,0.1538269966840744,0.1527400016784668,0.15138199925422668,0.1506659984588623,0.15159399807453156,0.15411800146102905,0.1593330055475235,0.16615700721740723,0.1715169996023178,0.17362400889396667,0.17936000227928162,0.1910960078239441,0.2055409997701645,0.2189899981021881,0.2327599972486496,0.24638999998569489,0.25933000445365906,0.2711760103702545,0.28077900409698486,0.2839300036430359,0.2830139994621277,0.28129300475120544,0.2792620062828064,0.27713000774383545,0.2768090069293976,0.2782590091228485,0.27884000539779663,0.27754300832748413,0.27619701623916626,0.27462100982666016,0.27142301201820374,0.26828300952911377,0.26711902022361755,0.2729850113391876,0.28343600034713745,0.2896310091018677,0.28891000151634216,0.2940410077571869,0.3016349971294403,0.30400601029396057,0.30266401171684265,0.30185800790786743,0.3003309965133667,0.29825401306152344,0.2955610156059265,0.2937549948692322,0.29266801476478577,0.2909879982471466,0.2899700105190277,0.28995901346206665,0.29353901743888855,0.3079090118408203,0.33250999450683594,0.36192601919174194,0.38927000761032104,0.4120800197124481,0.4295729994773865,0.43564799427986145,0.43915802240371704,0.4399130046367645,0.43507900834083557,0.42982301115989685,0.42956700921058655,0.43605101108551025,0.44692301750183105,0.4557870030403137,0.45793700218200684,0.4524320065975189,0.4462270140647888,0.44357001781463623,0.4428790211677551,0.44397100806236267,0.44671300053596497,0.45055800676345825,0.45545199513435364,0.4569860100746155,0.45473599433898926,0.4509900212287903,0.4476870000362396,0.4449410140514374,0.4458419978618622,0.4597710072994232,0.48931601643562317,0.5072720050811768,0.5067099928855896,0.5278840065002441,0.5294780135154724,0.5175589919090271,0.5108420252799988,0.5031440258026123,0.5026940107345581,0.5032179951667786,0.5048959851264954,0.5058889985084534,0.5115610361099243,0.5226700305938721,0.5389460325241089,0.5589370131492615,0.5801870226860046,0.6003420352935791,0.6116179823875427,0.6100829839706421,0.6072869896888733,18.309999465942383
0.1652580052614212,0.16177700459957123,0.1615609973669052,0.16717299818992615,0.17410100996494293,0.18448500335216522,0.198171005,0.20889700949192047,0.20478400588035583,0.20027799904346466,0.1982550024986267,0.19465000927448273,0.19407200813293457,0.19309499859809875,0.19188301265239716,0.19030199944972992,0.1870190054178238,0.18363600969314575,0.18357600271701813,0.1869640052318573,0.19565699994564056,0.21000801026821136,0.22050000727176666,0.2231770008802414,0.23011600971221924,0.24135200679302216,0.25878000259399414,0.2829110026359558,0.31647101044654846,0.3566100001335144,0.3979170024394989,0.43598800897598267,0.4633390009403229,0.4703480005264282,0.46741601824760437,0.4634070098400116,0.4575980007648468,0.4517810046672821,0.45058900117874146,0.4528760015964508,0.45035600662231445,0.43736201524734497,0.42182400822639465,0.40773099660873413,0.3934890031814575,0.38116300106048584,0.3727540075778961,0.368151993,0.37008699774742126,0.3771020174026489,0.3684900104999542,0.3690569996833801,0.37326300144195557,0.37053200602531433,0.3619000017642975,0.35661399364471436,0.3539940118789673,0.34527701139450073,0.3360240161418915,0.3316659927368164,0.3276190161705017,0.31930801272392273,0.314859003,0.3136810064315796,0.31622999906539917,0.33138999342918396,0.36170101165771484,0.3976829946041107,0.42966100573539734,0.45692500472068787,0.48223599791526794,0.503587008,0.5259870290756226,0.5381920337677002,0.5354970097541809,0.5344359874725342,0.5461879968643188,0.5703510046005249,0.6017020344734192,0.6296809911727905,0.6549010276794434,0.6566619873046875,0.6454750299453735,0.6400110125541687,0.6358820199966431,0.6317430138587952,0.6215710043907166,0.606220007,0.5966619849205017,0.5878310203552246,0.5764740109443665,0.5661939978599548,0.558197021,0.5506600141525269,0.5484949946403503,0.559423029,0.5959759950637817,0.6407409906387329,0.6484730243682861,0.6515260338783264,0.6559470295906067,0.6641449928283691,0.6607789993286133,0.6408250331878662,0.6438390016555786,0.6649720072746277,0.6689860224723816,0.6598359942436218,0.6588699817657471,0.678708017,0.7045150399208069,0.735837996,0.7783859968185425,0.8427799940109253,0.8640850186347961,0.8560070395469666,0.8613150119781494,64.05000305175781
0.16065600514411926,0.15760500729084015,0.15778599679470062,0.16341499984264374,0.16979700326919556,0.17951999604701996,0.19186100363731384,0.20045000314712524,0.1959950029850006,0.19122900068759918,0.18876899778842926,0.1853090077638626,0.1843160092830658,0.18329499661922455,0.18232201039791107,0.1808990091085434,0.17805100977420807,0.17531700432300568,0.1754710078239441,0.1786080002784729,0.1863970011472702,0.19891001284122467,0.20824700593948364,0.2112639993429184,0.2185859978199005,0.23049700260162354,0.24703700840473175,0.2670060098171234,0.29247501492500305,0.32165199518203735,0.3508410155773163,0.3776070177555084,0.3984070122241974,0.40467700362205505,0.40237101912498474,0.39848899841308594,0.3933829963207245,0.3882810175418854,0.38675400614738464,0.38808301091194153,0.38615500926971436,0.37735599279403687,0.3669770061969757,0.35773301124572754,0.3480690121650696,0.3395310044288635,0.3343859910964966,0.3345150053501129,0.3417600095272064,0.35118600726127625,0.3460119962692261,0.3474929928779602,0.3532029986381531,0.3522370159626007,0.3444789946079254,0.3384300172328949,0.33463501930236816,0.32816600799560547,0.3216499984264374,0.31822100281715393,0.31498000025749207,0.30877000093460083,0.30538100004196167,0.3048810064792633,0.3089039921760559,0.3267820179462433,0.3610460162162781,0.40114399790763855,0.43546101450920105,0.4615209996700287,0.48045700788497925,0.4912860095500946,0.5030980110168457,0.5087170004844666,0.5032740235328674,0.4991750121116638,0.5060470104217529,0.5248799920082092,0.550877035,0.572251022,0.583545983,0.5776140093803406,0.5670050382614136,0.563077986,0.5624240040779114,0.5640529990196228,0.5654399991035461,0.5657700300216675,0.5695940256118774,0.5692840218544006,0.5624110102653503,0.5535439848899841,0.5454210042953491,0.5374789834022522,0.5351260304450989,0.547540009,0.5824540257453918,0.6192539930343628,0.6271179914474487,0.6338270306587219,0.6359310150146484,0.6362169981002808,0.6320950388908386,0.6205819845199585,0.6209009885787964,0.6292459964752197,0.6290940046310425,0.6230340003967285,0.6234570145606995,0.637503982,0.6558409929275513,0.6784660220146179,0.7102439999580383,0.7516999840736389,0.7654560208320618,0.7589370012283325,0.7605990171432495,59.470001220703125
0.1588350087404251,0.1559310108423233,0.15613199770450592,0.1612740010023117,0.16706301271915436,0.17617900669574738,0.18742400407791138,0.19493301212787628,0.19074700772762299,0.1865359991788864,0.1844010055065155,0.1812009960412979,0.1801290065050125,0.1791049987077713,0.1781340092420578,0.17677700519561768,0.17413000762462616,0.1716500073671341,0.1718820035457611,0.1749120056629181,0.18231400847434998,0.19403401017189026,0.20277900993824005,0.20519600808620453,0.21160200238227844,0.22298400104045868,0.2392670065164566,0.2592419981956482,0.28500401973724365,0.31456100940704346,0.3443720042705536,0.3717910051345825,0.3923390209674835,0.3981519937515259,0.395997018,0.39268600940704346,0.3881330192089081,0.38356900215148926,0.3825260102748871,0.3842889964580536,0.38280901312828064,0.37429902,0.3642190098762512,0.35510799288749695,0.3454190194606781,0.33689501881599426,0.33157700300216675,0.3314400017261505,0.33757200837135315,0.3453560173511505,0.3401010036468506,0.3422290086746216,0.3479840159416199,0.3473150134086609,0.3409850001335144,0.3366590142250061,0.33391401171684265,0.327875018,0.32145699858665466,0.3181630074977875,0.3152790069580078,0.3096190094947815,0.30652299523353577,0.3058750033378601,0.309114009,0.32479700446128845,0.3545420169830322,0.38993701338768005,0.42140501737594604,0.4471770226955414,0.46832701563835144,0.48202401399612427,0.4958290159702301,0.5028589963912964,0.4987890124320984,0.4956810176372528,0.5027329921722412,0.520654023,0.5451080203056335,0.5660730004310608,0.5805270075798035,0.5776259899139404,0.567969024,0.5638880133628845,0.5620430111885071,0.5614950060844421,0.5589240193367004,0.554248035,0.5533519983291626,0.5503320097923279,0.5429099798202515,0.5348129868507385,0.5279859900474548,0.5215190052986145,0.5201060175895691,0.5324530005455017,0.5669320225715637,0.6023420095443726,0.6082450151443481,0.6172609925270081,0.6201919913291931,0.6205000281333923,0.6159729957580566,0.6021749973297119,0.6034349799156189,0.6150339841842651,0.6169140338897705,0.6112909913063049,0.6124680042266846,0.6281000375747681,0.6489800214767456,0.674481988,0.7081829905509949,0.7538949847221375,0.7701660394668579,0.7640730142593384,0.7662680149078369,54.880001068115234
0.1559310108423233,0.15324200689792633,0.15357999503612518,0.1584790050983429,0.1638289988040924,0.1724490076303482,0.18275000154972076,0.18913300335407257,0.18504799902439117,0.18115900456905365,0.1791429966688156,0.17611999809741974,0.17491599917411804,0.1738700121641159,0.17295099794864655,0.17162899672985077,0.1692200005054474,0.16702599823474884,0.16738399863243103,0.17035000026226044,0.17739100754261017,0.18829500675201416,0.1964300125837326,0.19895900785923004,0.20543700456619263,0.21673201024532318,0.23258700966835022,0.2517320215702057,0.27621400356292725,0.30436599254608154,0.3329180181026459,0.3593499958515167,0.37901201844215393,0.38450899720191956,0.3825950026512146,0.37964800000190735,0.3755359947681427,0.3713819980621338,0.37062501907348633,0.3725860118865967,0.3714140057563782,0.36353400349617004,0.3542320132255554,0.3457440137863159,0.3365209996700287,0.3284189999103546,0.3233970105648041,0.3237079977989197,0.32990899682044983,0.33697599172592163,0.3321259915828705,0.33486899733543396,0.3408769965171814,0.3406510055065155,0.3353640139102936,0.3320370018482208,0.32978200912475586,0.32425200939178467,0.31822600960731506,0.31512200832366943,0.3125170171260834,0.3074670135974884,0.3046880066394806,0.3040800094604492,0.30722299218177795,0.3223530054092407,0.3506290018558502,0.38450101017951965,0.41510799527168274,0.4408380091190338,0.4625300168991089,0.4763660132884979,0.48973000049591064,0.49652400612831116,0.4926550090312958,0.48952600359916687,0.49593400955200195,0.5125700235366821,0.5354639887809753,0.555478036,0.570330024,0.5683470368385315,0.5591570138931274,0.5550230145454407,0.5527400374412537,0.5513989925384521,0.5476549863815308,0.5416769981384277,0.5395010113716125,0.535863996,0.5286530256271362,0.5210779905319214,0.5148810148239136,0.5091730356216431,0.5082390308380127,0.5208899974822998,0.5552030205726624,0.5889080166816711,0.5934820175170898,0.6046090126037598,0.6078060269355774,0.6070669889450073,0.6021440029144287,0.5878530144691467,0.5893430113792419,0.6012470126152039,0.6038939952850342,0.5989760160446167,0.600799024,0.6169829964637756,0.6386750340461731,0.665136993,0.6990050077438354,0.7449970245361328,0.7619450092315674,0.7565820217132568,0.7585800290107727,50.310001373291016
0.15453501045703888,0.15202699601650238,0.15247300267219543,0.1571660041809082,0.16214200854301453,0.1703210026025772,0.17975200712680817,0.18506000936031342,0.18098200857639313,0.1772880107164383,0.17530401051044464,0.17241200804710388,0.1710510104894638,0.16997399926185608,0.16909900307655334,0.167821005,0.16563600301742554,0.16373901069164276,0.16420499980449677,0.16708600521087646,0.1737390011548996,0.18376199901103973,0.19130601,0.19358401000499725,0.19964000582695007,0.21099500358104706,0.22688400745391846,0.24514999985694885,0.267535001,0.29266199469566345,0.3179740011692047,0.34131699800491333,0.3587850034236908,0.3637620210647583,0.36206001,0.3594050109386444,0.3557389974594116,0.3520260155200958,0.3513700067996979,0.3532170057296753,0.3523920178413391,0.3458230197429657,0.3381180167198181,0.3310230076313019,0.3230530023574829,0.31598201394081116,0.3117540180683136,0.31317299604415894,0.32016700506210327,0.32698699831962585,0.3230070173740387,0.32627400755882263,0.3326300084590912,0.3329879939556122,0.32859599590301514,0.32590699195861816,0.3238750100135803,0.319130003,0.3138259947299957,0.3109939992427826,0.3087500035762787,0.30446499586105347,0.3021000027656555,0.3016569912433624,0.30501100420951843,0.32020100951194763,0.3480429947376251,0.3813680112361908,0.4115680158138275,0.43680399656295776,0.45753100514411926,0.46951401233673096,0.4804930090904236,0.48581501841545105,0.48159700632095337,0.47790101170539856,0.48278799653053284,0.49720099568367004,0.5175480246543884,0.5352439880371094,0.5475090146064758,0.5448830127716064,0.5363399982452393,0.5325490236282349,0.5305960178375244,0.5297229886054993,0.5272890329360962,0.5232740044593811,0.5225020051002502,0.5199190378189087,0.5137310028076172,0.5070009827613831,0.5014100074768066,0.4963090121746063,0.4957579970359802,0.5086860060691833,0.5420539975166321,0.5725150108337402,0.5761129856109619,0.5893130302429199,0.59217,0.5891700387001038,0.5840160250663757,0.5710600018501282,0.5722330212593079,0.581928015,0.5844619870185852,0.5808489918708801,0.5835340023040771,0.5987809896469116,0.6195400357246399,0.6448349952697754,0.6762499809265137,0.7172229886054993,0.7332140207290649,0.7286790013313293,0.7298189997673035,45.74000168
0.15249000489711761,0.15015099942684174,0.15069900453090668,0.15516100823879242,0.15974099934101105,0.1674870103597641,0.17614200711250305,0.18050400912761688,0.17648100852966309,0.17295800149440765,0.1710209995508194,0.16827701032161713,0.1667810082435608,0.16567499935626984,0.16485901176929474,0.16361600160598755,0.1615920066833496,0.15993399918079376,0.16045799851417542,0.16320399940013885,0.16946400701999664,0.17868700623512268,0.18563400208950043,0.18783000111579895,0.19371800124645233,0.2048880010843277,0.22011099755764008,0.23715099692344666,0.25767600536346436,0.2805050015449524,0.3033980131149292,0.32459700107574463,0.340489,0.3450540006160736,0.3435570001602173,0.3412359952926636,0.33801600337028503,0.3347280025482178,0.33422499895095825,0.3360610008239746,0.3355810046195984,0.3301030099391937,0.3236690163612366,0.31766799092292786,0.3106380105018616,0.3043439984321594,0.3006870150566101,0.3028469979763031,0.3102310001850128,0.3166140019893646,0.3132300078868866,0.31692299246788025,0.32345300912857056,0.32423099875450134,0.3206599950790405,0.3185810148715973,0.3168030083179474,0.31266701221466064,0.30792000889778137,0.3053230047225952,0.30335700511932373,0.29970601201057434,0.29764100909233093,0.2972260117530823,0.30041399598121643,0.31487199664115906,0.34101900458335876,0.37255099415779114,0.4015650153160095,0.42617499828338623,0.44649600982666016,0.45767199993133545,0.46740901470184326,0.4720720052719116,0.46802201867103577,0.46424201130867004,0.468161017,0.4808100163936615,0.49897199869155884,0.514726996,0.5254369974136353,0.5227850079536438,0.5149250030517578,0.5113570094108582,0.5095140337944031,0.5087400078773499,0.5067920088768005,0.5036360025405884,0.5033010244369507,0.5011619925498962,0.4957219958305359,0.48972100019454956,0.4848160147666931,0.48043301701545715,0.48033300042152405,0.49345600605010986,0.5257800221443176,0.5534690022468567,0.5559419989585876,0.5709770321846008,0.5736730098724365,0.5688949823379517,0.5633749961853027,0.5511870384216309,0.5521489977836609,0.5604640245437622,0.5631040334701538,0.5604119896888733,0.5637640357017517,0.5782890319824219,0.5984050035476685,0.622808039,0.6523470282554626,0.689644992,0.7048460245132446,0.7010070085525513,0.7015520334243774,41.16999816894531
0.14809700846672058,0.14622800052165985,0.14711900055408478,0.15128301084041595,0.15509401261806488,0.1620050072669983,0.16889700293540955,0.17094600200653076,0.16694800555706024,0.1638220101594925,0.16196800768375397,0.15952099859714508,0.15765900909900665,0.15648600459098816,0.1557760089635849,0.1546429991722107,0.15309999883174896,0.15206900238990784,0.15285401046276093,0.1554260104894638,0.16086000204086304,0.16828499734401703,0.17395000159740448,0.1759280115365982,0.18137399852275848,0.192547008,0.2071470022201538,0.22189700603485107,0.23800399899482727,0.2546990215778351,0.27090099453926086,0.2856779992580414,0.296983004,0.3003869950771332,0.2993920147418976,0.2977370023727417,0.29558199644088745,0.2933190166950226,0.29308000206947327,0.29474300146102905,0.2951129972934723,0.29261600971221924,0.2897630035877228,0.28681501746177673,0.28242701292037964,0.2783049941062927,0.276280016,0.2807220220565796,0.28963401913642883,0.2952840030193329,0.29367801547050476,0.2984890043735504,0.3056870102882385,0.3075900077819824,0.305961013,0.3052709996700287,0.3040020167827606,0.3013850152492523,0.2980470061302185,0.2960129976272583,0.29473599791526794,0.2925630211830139,0.2912810146808624,0.29108402132987976,0.2943510115146637,0.30814501643180847,0.3320780098438263,0.36118102073669434,0.38850900530815125,0.41189301013946533,0.4307419955730438,0.43883100152015686,0.44438600540161133,0.44644200801849365,0.44214001297950745,0.4375230073928833,0.43844401836395264,0.44629400968551636,0.45865899324417114,0.46917399764060974,0.4743629992008209,0.47049400210380554,0.4641120135784149,0.4611949920654297,0.45990800857543945,0.45994600653648376,0.46042299270629883,0.4610390067100525,0.46324801445007324,0.46305301785469055,0.4597969949245453,0.4556480050086975,0.4522300064563751,0.4494360089302063,0.4502989947795868,0.4639720022678375,0.49404600262641907,0.5142120122909546,0.5140619874000549,0.5341190099716187,0.5360580086708069,0.5261819958686829,0.5197139978408813,0.5102810263633728,0.5105249881744385,0.5140380263328552,0.5165089964866638,0.5165960192680359,0.5218380093574524,0.5342640280723572,0.5520980358123779,0.573822021,0.5975670218467712,0.6229850053787231,0.6355590224266052,0.6335470080375671,0.6318269968032837,27.450000762939453
0.1445240080356598,0.1429000049829483,0.14396899938583374,0.14795900881290436,0.15137501060962677,0.1578410118818283,0.1638289988040924,0.1646759957075119,0.16067200899124146,0.15780100226402283,0.156017005,0.15372399985790253,0.15162800252437592,0.15041200816631317,0.14976000785827637,0.1486850082874298,0.1473820060491562,0.14673300087451935,0.14764000475406647,0.15013499557971954,0.15518499910831451,0.16168101131916046,0.16668300330638885,0.16859400272369385,0.17377600073814392,0.18491899967193604,0.1992190033197403,0.21291500329971313,0.2269280105829239,0.24063700437545776,0.25342801213264465,0.26494699716567993,0.27382901310920715,0.2765690088272095,0.2758200168609619,0.2744919955730438,0.2728950083255768,0.2711780071258545,0.2711299955844879,0.27274399995803833,0.273607999,0.27272099256515503,0.27179601788520813,0.2704789936542511,0.2674580216407776,0.2644520103931427,0.26325899362564087,0.2688620090484619,0.2785380184650421,0.28377899527549744,0.28303900361061096,0.28846001625061035,0.29598599672317505,0.29849401116371155,0.2978520095348358,0.2978709936141968,0.296875,0.29497700929641724,0.29232099652290344,0.2905920147895813,0.28964200615882874,0.2881990075111389,0.28730300068855286,0.28722700476646423,0.29045799374580383,0.30382901430130005,0.32648199796676636,0.35412099957466125,0.38043299317359924,0.4032120108604431,0.4214300215244293,0.42822301387786865,0.4320000112056732,0.43294599652290344,0.4285829961299896,0.4236000180244446,0.4231330156326294,0.4286610186100006,0.4381840229034424,0.4460590183734894,0.44849899411201477,0.4439679980278015,0.43837499618530273,0.43579399585723877,0.43476802110671997,0.4351319968700409,0.4367560148239136,0.4392080008983612,0.44261300563812256,0.4433329999446869,0.44110700488090515,0.4378969967365265,0.4352380037307739,0.4332579970359802,0.4346100091934204,0.4486429989337921,0.4776799976825714,0.4941050112247467,0.492453009,0.5152900218963623,0.5168800354003906,0.504269004,0.4972659945487976,0.48913100361824036,0.4889730215072632,0.4899680018424988,0.4924190044403076,0.494037002,0.5003269910812378,0.5117059946060181,0.5285100340843201,0.5489630103111267,0.569703996,0.588860035,0.600212038,0.5992980003356934,0.5963360071182251,18.299999237060547
0.14382000267505646,0.1423249989748001,0.1434909999370575,0.14735999703407288,0.15061600506305695,0.15688499808311462,0.16245999932289124,0.16270799934864044,0.158720002,0.15597200393676758,0.15421401,0.15201200544834137,0.14980000257492065,0.14856800436973572,0.14795100688934326,0.14689099788665771,0.1457270085811615,0.14523600041866302,0.14623799920082092,0.1487099975347519,0.1535940021276474,0.15964600443840027,0.164342001,0.16631200909614563,0.17156600952148438,0.18285800516605377,0.19704100489616394,0.21020600199699402,0.22319699823856354,0.23547200858592987,0.24671600759029388,0.2566400170326233,0.2642970085144043,0.2666900157928467,0.26605501770973206,0.2649039924144745,0.2635840177536011,0.26212599873542786,0.26215699315071106,0.26372799277305603,0.26480400562286377,0.26467299461364746,0.2646290063858032,0.26403099298477173,0.2615880072116852,0.25907501578330994,0.2582339942455292,0.26433101296424866,0.27427899837493896,0.2792600095272064,0.2789040207862854,0.28458601236343384,0.29224899411201477,0.29499301314353943,0.2948009967803955,0.2951900064945221,0.29434001445770264,0.29278799891471863,0.2904050052165985,0.28878501057624817,0.2879830002784729,0.28684699535369873,0.2861360013484955,0.2861170172691345,0.2894270122051239,0.3027610182762146,0.3250879943370819,0.3523450195789337,0.3783079981803894,0.40084901452064514,0.4186829924583435,0.4247719943523407,0.4275380074977875,0.42784401774406433,0.4233660101890564,0.41813600063323975,0.41690999269485474,0.42119401693344116,0.429188997,0.4357440173625946,0.4369630217552185,0.4322670102119446,0.4270920157432556,0.4246070086956024,0.4236530065536499,0.4240710139274597,0.4260669946670532,0.42916199564933777,0.43294399976730347,0.43396201729774475,0.4322350025177002,0.4295009970664978,0.4272720217704773,0.42573001980781555,0.42734500765800476,0.4414989948272705,0.46993201971054077,0.4844460189342499,0.4820050001144409,0.5061430335044861,0.5076420307159424,0.49376699328422546,0.486501008,0.4789470136165619,0.47864699363708496,0.47852399945259094,0.48103299736976624,0.48342299461364746,0.4902440011501312,0.5012109875679016,0.5175890326499939,0.5375109910964966,0.5568249821662903,0.5729759931564331,0.5838540196418762,0.5834850072860718,0.5798850059509277,13.729999542236328
0.1433050036430359,0.14192600548267365,0.14319899678230286,0.14709800481796265,0.15023399889469147,0.15637600421905518,0.16164100170135498,0.16143400967121124,0.15741100907325745,0.1546880006790161,0.15288500487804413,0.1507290005683899,0.14841900765895844,0.14716100692749023,0.14658600091934204,0.14556100964546204,0.1445000022649765,0.1441740095615387,0.14525000751018524,0.14770200848579407,0.15243500471115112,0.15813300013542175,0.16260500252246857,0.1645290106534958,0.16973601281642914,0.1810940057039261,0.1952120065689087,0.20788000524044037,0.21982300281524658,0.23057600855827332,0.2401130050420761,0.24843500554561615,0.25503599643707275,0.25720199942588806,0.25664401054382324,0.2555740177631378,0.2544270157814026,0.2531310021877289,0.2531599998474121,0.2546530067920685,0.2558920085430145,0.25646501779556274,0.25725501775741577,0.25737500190734863,0.25557899475097656,0.25357601046562195,0.25314199924468994,0.25979599356651306,0.27024000883102417,0.27527299523353577,0.2753310203552246,0.28114601969718933,0.2889370024204254,0.29187801480293274,0.2919290065765381,0.29241499304771423,0.29155001044273376,0.29029199481010437,0.2882240116596222,0.28671202063560486,0.28603699803352356,0.2851700186729431,0.2845970094203949,0.2846580147743225,0.2880550026893616,0.30144399404525757,0.32368001341819763,0.35075899958610535,0.3764530122280121,0.3985940217971802,0.4157930016517639,0.42098599672317505,0.4227540194988251,0.422419012,0.4177820086479187,0.4123390018939972,0.41049399971961975,0.41390499472618103,0.4208869934082031,0.42640599608421326,0.42617499828338623,0.4209060072898865,0.4159190058708191,0.41361600160598755,0.4128720164299011,0.41370201110839844,0.4166310131549835,0.42104101181030273,0.4258570075035095,0.427575022,0.4263870120048523,0.42399001121520996,0.4219439923763275,0.42059099674224854,0.42231202125549316,0.43651801347732544,0.46439099311828613,0.4775090217590332,0.47475701570510864,0.4995480179786682,0.500819981,0.4859679937362671,0.4785670042037964,0.471873015,0.4713509976863861,0.4698370099067688,0.47208699584007263,0.4750150144100189,0.4821300208568573,0.4924519956111908,0.5080289840698242,0.5270940065383911,0.5449569821357727,0.5583199858665466,0.5683860182762146,0.5683690309524536,0.5641850233078003,9.159999847
0.14236700534820557,0.1410990059375763,0.14245200157165527,0.1462860107421875,0.14928500354290009,0.15525400638580322,0.16022901237010956,0.15957599878311157,0.15552599728107452,0.15283000469207764,0.15098901093006134,0.14886800944805145,0.14645999670028687,0.1451919972896576,0.1446550041437149,0.1436389982700348,0.1426590085029602,0.14244700968265533,0.1435610055923462,0.14595000445842743,0.15049400925636292,0.15582799911499023,0.16005200147628784,0.1620040088891983,0.1671990007162094,0.17845700681209564,0.19221200048923492,0.20417000353336334,0.21508100628852844,0.22456900775432587,0.2327360063791275,0.23978300392627716,0.24556900560855865,0.24756799638271332,0.24708400666713715,0.24612200260162354,0.24515999853610992,0.24403400719165802,0.24410299956798553,0.24555499851703644,0.24697600305080414,0.2481909990310669,0.2497429996728897,0.25050100684165955,0.24923600256443024,0.2476700097322464,0.24757300317287445,0.25468599796295166,0.265502006,0.27049002051353455,0.27086499333381653,0.27681800723075867,0.2846899926662445,0.28781402111053467,0.28809601068496704,0.288673997,0.2878290116786957,0.28679999709129333,0.28498199582099915,0.2835720181465149,0.2829900085926056,0.2823610007762909,0.28187400102615356,0.2819330096244812,0.2852410078048706,0.2982860207557678,0.31984201073646545,0.34616100788116455,0.3713729977607727,0.39311400055885315,0.4100109934806824,0.4147309958934784,0.415924996,0.41532301902770996,0.41073501110076904,0.405223012,0.40297001600265503,0.40567100048065186,0.41176101565361023,0.41636601090431213,0.41498300433158875,0.4093480110168457,0.4046020209789276,0.4024070203304291,0.4018450081348419,0.4029320180416107,0.4065130054950714,0.4119279980659485,0.41746699810028076,0.4196870028972626,0.41895002126693726,0.4168590009212494,0.4150629937648773,0.41392800211906433,0.415785015,0.43001601099967957,0.4574410021305084,0.46933799982070923,0.4661349952220917,0.49164000153541565,0.4928080141544342,0.47697702050209045,0.46939700841903687,0.46323901414871216,0.4625239968299866,0.4598950147628784,0.46196600794792175,0.46529901027679443,0.47264301776885986,0.4824199974536896,0.4973600208759308,0.5157260298728943,0.5323560237884521,0.5431849956512451,0.552698016,0.5529249906539917,0.5481340289115906,4.579999923706055
0.14336299896240234,0.14220699667930603,0.14365100860595703,0.14745500683784485,0.15033601224422455,0.15616700053215027,0.16080200672149658,0.1596520096063614,0.1556060016155243,0.15303000807762146,0.15123800933361053,0.14918100833892822,0.14667700231075287,0.14538900554180145,0.14486201107501984,0.14386899769306183,0.1430100053548813,0.14296400547027588,0.14416000247001648,0.14656999707221985,0.15100400149822235,0.15600000321865082,0.1599780023097992,0.1618870049715042,0.16693100333213806,0.1783059984445572,0.19223900139331818,0.20401699841022491,0.21425099670886993,0.2226010113954544,0.2293590009212494,0.23495499789714813,0.23954500257968903,0.24119600653648376,0.24082200229167938,0.24000300467014313,0.23930101096630096,0.23843801021575928,0.2385760098695755,0.23999200761318207,0.2416440099477768,0.24358099699020386,0.24595500528812408,0.24736300110816956,0.24662400782108307,0.2454809993505478,0.2456820011138916,0.2532060146331787,0.26422399282455444,0.2689410150051117,0.26962801814079285,0.2758150100708008,0.2838030159473419,0.28714901208877563,0.2878530025482178,0.28876701,0.2880760133266449,0.2873159945011139,0.28572699427604675,0.2844110131263733,0.2839690148830414,0.28359001874923706,0.28326499462127686,0.283392996,0.28679901361465454,0.29986801743507385,0.32122600078582764,0.3472850024700165,0.37224701046943665,0.3937950134277344,0.41040900349617004,0.4145520031452179,0.414916992,0.413752019,0.4090459942817688,0.40332600474357605,0.400411993,0.4020180106163025,0.40679699182510376,0.4102570116519928,0.4078119993209839,0.40196701884269714,0.39754000306129456,0.39543500542640686,0.3948950171470642,0.39600101113319397,0.3998880088329315,0.4058170020580292,0.411639005,0.4141390025615692,0.4138210117816925,0.4121130108833313,0.41068601608276367,0.40991100668907166,0.4119720160961151,0.4263650178909302,0.4532960057258606,0.463452011,0.4595690071582794,0.48634201288223267,0.48729801177978516,0.4703429937362671,0.4625220000743866,0.45688700675964355,0.4559990167617798,0.4524710178375244,0.45464399456977844,0.4587100148200989,0.4666280150413513,0.47601500153541565,0.4907210171222687,0.508633018,0.5240520238876343,0.5322510004043579,0.5412470102310181,0.5419600009918213,0.5366340279579163,0
0.16124799847602844,0.15785999596118927,0.15752600133419037,0.16254501044750214,0.16884900629520416,0.17868401110172272,0.191320002,0.20077700912952423,0.19689001142978668,0.1929360032081604,0.1912030130624771,0.18790800869464874,0.18723300099372864,0.18626101315021515,0.18506701290607452,0.18356700241565704,0.18054300546646118,0.1774900108575821,0.1775280088186264,0.1807510107755661,0.1888900101184845,0.2021300047636032,0.2117830067873001,0.2142610102891922,0.2207449972629547,0.2317190021276474,0.2486250102519989,0.2714860141277313,0.30246901512145996,0.33893901109695435,0.37606701254844666,0.41019299626350403,0.4348420202732086,0.44122201204299927,0.43868300318717957,0.43509000539779663,0.4299290180206299,0.4247789978981018,0.42382901906967163,0.42603302001953125,0.4239709973335266,0.4127669930458069,0.39945101737976074,0.387347013,0.3748460114002228,0.3640040159225464,0.3567799925804138,0.35382699966430664,0.3571310043334961,0.36403900384902954,0.3567120134830475,0.3581260144710541,0.36306101083755493,0.3612309992313385,0.3538690209388733,0.3494440019130707,0.34707900881767273,0.3394879996776581,0.33132001757621765,0.3273880183696747,0.32388001680374146,0.3167250156402588,0.3128510117530823,0.311801016,0.3143959939479828,0.3292500078678131,0.3585599958896637,0.3940100073814392,0.4258730113506317,0.4531469941139221,0.4776439964771271,0.4966689944267273,0.5160720348358154,0.5265560150146484,0.5234760046005249,0.5216569900512695,0.5316720008850098,0.5534070134162903,0.5821810364723206,0.6076419949531555,0.62955004,0.629942,0.6193380355834961,0.6142470240592957,0.6106970310211182,0.6074340343475342,0.5993580222129822,0.5871680378913879,0.5802010297775269,0.573183,0.5631499886512756,0.5536730289459229,0.5461570024490356,0.5391759872436523,0.5374079942703247,0.549185038,0.5856069922447205,0.6270480155944824,0.6337360143661499,0.6400359869003296,0.6440690159797668,0.6489810347557068,0.6448569893836975,0.6266559958457947,0.6291360259056091,0.6472179889678955,0.6507540345191956,0.6430439949035645,0.6431559920310974,0.6619970202445984,0.686892033,0.7169449925422668,0.7572129964828491,0.8163520097732544,0.8366389870643616,0.8293870091438293,0.8335580229759216,64.04000091552734
0.15910200774669647,0.15596599876880646,0.1558,0.1604910045862198,0.16623400151729584,0.17543700337409973,0.18684901297092438,0.19485001266002655,0.19104500114917755,0.18739500641822815,0.1857680082321167,0.18269500136375427,0.1818530112504959,0.1808599978685379,0.1797500103712082,0.1783210039138794,0.1755940020084381,0.17292600870132446,0.17308799922466278,0.17618200182914734,0.18377500772476196,0.19589200615882874,0.20472601056098938,0.20700199902057648,0.21303799748420715,0.22385500371456146,0.24040500819683075,0.2619990110397339,0.2904669940471649,0.3234800100326538,0.35688599944114685,0.38747599720954895,0.40956199169158936,0.41534000635147095,0.41312700510025024,0.4099990129470825,0.4054650068283081,0.4009320139884949,0.4001829922199249,0.40234801173210144,0.40077900886535645,0.39123401045799255,0.37987402081489563,0.3694850206375122,0.3585110008716583,0.3489380180835724,0.34266701340675354,0.341033012,0.3452180027961731,0.35171499848365784,0.34543800354003906,0.3476000130176544,0.35297900438308716,0.3519030213356018,0.3458299934864044,0.3423660099506378,0.3403480052947998,0.33379000425338745,0.32653799653053284,0.32299700379371643,0.3199790120124817,0.3138590157032013,0.31055599451065063,0.3096579909324646,0.31231600046157837,0.326788992,0.3546760082244873,0.3885959982872009,0.4194909930229187,0.44621801376342773,0.47005799412727356,0.48738500475883484,0.5043720006942749,0.5133939981460571,0.5101519823074341,0.5079079866409302,0.5162310004234314,0.5353450179100037,0.561007023,0.5837399959564209,0.6027190089225769,0.6025069952011108,0.5928370356559753,0.588238001,0.5851110219955444,0.5824140310287476,0.5756790041923523,0.5654619932174683,0.5597200393676758,0.5536029934883118,0.5447220206260681,0.536221981,0.5295330286026001,0.5234740376472473,0.5222560167312622,0.5344489812850952,0.5698879957199097,0.6076310276985168,0.6129609942436218,0.6220049858093262,0.6257590055465698,0.6281180381774902,0.6236650347709656,0.6067119836807251,0.6089569926261902,0.6248689889907837,0.6285150051116943,0.6223160028457642,0.6232759952545166,0.6412619948387146,0.6651850342750549,0.6940640211105347,0.7315490245819092,0.7847869992256165,0.8039970397949219,0.7977949976921082,0.801019013,59.459999084472656
0.1571660041809082,0.15426699817180634,0.1542700082063675,0.15879599750041962,0.1641390025615692,0.1728760004043579,0.18331100046634674,0.19010300934314728,0.18633000552654266,0.18290500342845917,0.18133200705051422,0.17842601239681244,0.17741699516773224,0.17639800906181335,0.17534001171588898,0.17397800087928772,0.17149600386619568,0.16916200518608093,0.16946500539779663,0.17252300679683685,0.17974400520324707,0.19095000624656677,0.1991640031337738,0.20134499669075012,0.20732299983501434,0.21840500831604004,0.23486900329589844,0.25547900795936584,0.2819119989871979,0.31222501397132874,0.3428020179271698,0.3707520067691803,0.39087700843811035,0.3961610198020935,0.3942280113697052,0.39146000146865845,0.3874559998512268,0.3834330141544342,0.38286900520324707,0.3850270211696625,0.38384202122688293,0.3755069971084595,0.3656190037727356,0.35648399591445923,0.3465839922428131,0.337908,0.33232399821281433,0.3316799998283386,0.33648499846458435,0.34251800179481506,0.3370000123977661,0.3398129940032959,0.3455829918384552,0.34510499238967896,0.3401220142841339,0.3375310003757477,0.33588001132011414,0.3300980031490326,0.3235270082950592,0.320266992,0.3175960183143616,0.3122880160808563,0.30940499901771545,0.30867600440979004,0.31153401732444763,0.3260210156440735,0.3532319962978363,0.38628101348876953,0.4166620075702667,0.44313400983810425,0.4665620028972626,0.48252999782562256,0.49747100472450256,0.5051670074462891,0.501695991,0.4989370107650757,0.505810022,0.5226349830627441,0.5456250309944153,0.5661479830741882,0.5832940340042114,0.5829560160636902,0.5739870071411133,0.5696250200271606,0.5665720105171204,0.5639230012893677,0.5577009916305542,0.548363984,0.5430070161819458,0.5373669862747192,0.5292730331420898,0.5216299891471863,0.5157380104064941,0.5104600191116333,0.5097500085830688,0.5222780108451843,0.5568159818649292,0.5913870334625244,0.5954310297966003,0.6068419814109802,0.6104689836502075,0.6107349991798401,0.6059370040893555,0.5897220373153687,0.5919129848480225,0.6064199805259705,0.6103659868240356,0.6053990125656128,0.6073750257492065,0.6248400211334229,0.6483049988746643,0.6766780018806458,0.7121340036392212,0.7613140344619751,0.7798200249671936,0.7745130062103271,0.7771220207214355,54.88999938964844
0.15349499881267548,0.1507900059223175,0.15090900659561157,0.1551860123872757,0.16004900634288788,0.16826599836349487,0.17783600091934204,0.1835940033197403,0.1798810064792633,0.17670001089572906,0.17517900466918945,0.17242200672626495,0.17129100859165192,0.17025800049304962,0.16925300657749176,0.1679450124502182,0.16564799845218658,0.16356000304222107,0.16389800608158112,0.16673600673675537,0.17348600924015045,0.18377900123596191,0.1913450062274933,0.19342200458049774,0.19906000792980194,0.20958100259304047,0.22497999668121338,0.24399299919605255,0.26825401186943054,0.295866996,0.323635995,0.34909501671791077,0.36749401688575745,0.372404009,0.37076401710510254,0.3683969974517822,0.36490699648857117,0.36139699816703796,0.3610590100288391,0.3632560074329376,0.3624880015850067,0.35541999340057373,0.34704601764678955,0.33923500776290894,0.33052000403404236,0.3228360116481781,0.31797900795936584,0.31826701760292053,0.32366400957107544,0.32937201857566833,0.3246590197086334,0.3279480040073395,0.3339900076389313,0.3340570032596588,0.32998600602149963,0.3280259966850281,0.32659101486206055,0.3215300142765045,0.3156990110874176,0.31276100873947144,0.310481995,0.30594301223754883,0.30342400074005127,0.3026849925518036,0.30519700050354004,0.3184880018234253,0.343189001,0.3735859990119934,0.40226301550865173,0.427823007,0.45072001218795776,0.46577101945877075,0.47949400544166565,0.4866520166397095,0.483581007,0.4809100031852722,0.48688599467277527,0.5020040273666382,0.5227479934692383,0.541234016,0.556456983,0.5559180378913879,0.5477229952812195,0.5437589883804321,0.5410209894180298,0.5386630296707153,0.5333189964294434,0.52541399,0.5211139917373657,0.5162910223007202,0.5091789960861206,0.5023599863052368,0.49716201424598694,0.49263399839401245,0.492449015,0.5052220225334167,0.5388420224189758,0.5702970027923584,0.5731549859046936,0.5867199897766113,0.5901820063591003,0.5883610248565674,0.5830650329589844,0.5679380297660828,0.5697479844093323,0.5823540091514587,0.5861760377883911,0.5821020007133484,0.58474201,0.6013169884681702,0.6238080263137817,0.6510069966316223,0.684253991,0.7291939854621887,0.7467550039291382,0.7422159910202026,0.7440400123596191,50.310001373291016
0.15075799822807312,0.1484140008687973,0.14880900084972382,0.15284501016139984,0.1571270078420639,0.1646459996700287,0.17273899912834167,0.17662400007247925,0.17289699614048004,0.17002500593662262,0.1685440093278885,0.16604000329971313,0.16461700201034546,0.1635430008172989,0.1626259982585907,0.1613980084657669,0.1594800055027008,0.1579120010137558,0.15846200287342072,0.1611820012331009,0.1672700047492981,0.17610301077365875,0.18261399865150452,0.1845870018005371,0.19009700417518616,0.20086300373077393,0.21580401062965393,0.23285600543022156,0.2533299922943115,0.275844008,0.2981850206851959,0.3185510039329529,0.33330801129341125,0.3373030126094818,0.3360680043697357,0.33424100279808044,0.3316200077533722,0.32889100909233093,0.3287369906902313,0.3307639956474304,0.3306640088558197,0.3258560001850128,0.3201860189437866,0.3147200047969818,0.3080559968948364,0.30207201838493347,0.29851001501083374,0.3005619943141937,0.30716201663017273,0.3122880160808563,0.3090119957923889,0.31320101022720337,0.31973400712013245,0.3207380175590515,0.3182410001754761,0.3173910081386566,0.31634199619293213,0.31255900859832764,0.3079400062561035,0.3054620027542114,0.303739995,0.3004550039768219,0.29861101508140564,0.29814600944519043,0.3009140193462372,0.3141089975833893,0.3377169966697693,0.3668140172958374,0.3945290148258209,0.41916000843048096,0.44048500061035156,0.45253700017929077,0.4624060094356537,0.4671269953250885,0.46361100673675537,0.46006500720977783,0.46346601843833923,0.47458401322364807,0.4906499981880188,0.5049359798431396,0.5158100128173828,0.5143970251083374,0.5073710083961487,0.5038999915122986,0.5016019940376282,0.4999299943447113,0.4965460002422333,0.4916380047798157,0.4893369972705841,0.48612600564956665,0.48075300455093384,0.4754379987716675,0.4714510142803192,0.46810799837112427,0.46866801381111145,0.48185500502586365,0.5136010050773621,0.539110005,0.5399690270423889,0.5573070049285889,0.5601080060005188,0.5542399883270264,0.5483480095863342,0.5355240106582642,0.5368050336837769,0.5457310080528259,0.5494900345802307,0.5477020144462585,0.5517759919166565,0.5667420029640198,0.5875080227851868,0.6126500368118286,0.6414960026741028,0.6774060130119324,0.6929259896278381,0.6898509860038757,0.6899880170822144,41.16999816894531
0.14865601062774658,0.14652299880981445,0.14705699682235718,0.15099100768566132,0.15495100617408752,0.1621050089597702,0.16951200366020203,0.1724490076303482,0.16871900856494904,0.16593000292778015,0.1644030064344406,0.16199800372123718,0.16041100025177002,0.1593020111322403,0.1584549993276596,0.15726500749588013,0.1555439978837967,0.15423500537872314,0.1548670083284378,0.15751101076602936,0.16325099766254425,0.17133601009845734,0.17736200988292694,0.17916400730609894,0.1843400001525879,0.1951030045747757,0.2099440097808838,0.2261110097169876,0.24474400281906128,0.2647410035133362,0.2843550145626068,0.30217400193214417,0.3151549994945526,0.31875601410865784,0.31766900420188904,0.3160330057144165,0.3137210011482239,0.31132400035858154,0.3112240135669708,0.3131389915943146,0.31328001618385315,0.30956101417541504,0.30520400404930115,0.30090099573135376,0.29527199268341064,0.2901490032672882,0.2872619926929474,0.29025501012802124,0.29758399724960327,0.3026060163974762,0.3000600039958954,0.30457600951194763,0.31137001514434814,0.31281301379203796,0.3109219968318939,0.31040701270103455,0.3094339966773987,0.3062480092048645,0.30222100019454956,0.2999809980392456,0.29853400588035583,0.2958320081233978,0.2943049967288971,0.29395902156829834,0.2968420088291168,0.30998799204826355,0.3330489993095398,0.36146000027656555,0.38850101828575134,0.412445992,0.4328030049800873,0.44328901171684265,0.4513370096683502,0.4549660086631775,0.45124900341033936,0.44732001423835754,0.4495980143547058,0.4590030014514923,0.473021001,0.4853930175304413,0.49396800994873047,0.4918360114097595,0.48535701632499695,0.48218199610710144,0.4802359938621521,0.4790570139884949,0.47693100571632385,0.4739319980144501,0.4730850160121918,0.47089001536369324,0.46642300486564636,0.46178001165390015,0.458297998,0.4554460048675537,0.4563000202178955,0.46966999769210815,0.5004180073738098,0.5231559872627258,0.5232279896736145,0.542119026,0.54460901,0.5368009805679321,0.5306519865989685,0.5191200375556946,0.5200510025024414,0.5267829895019531,0.530236006,0.529462993,0.5342270135879517,0.5481340289115906,0.5677440166473389,0.5915380120277405,0.61799103,0.649167001,0.6635670065879822,0.6612449884414673,0.6604369878768921,36.59000015258789
0.14646100997924805,0.14456500113010406,0.14531199634075165,0.14909400045871735,0.15268300473690033,0.15941201150417328,0.1658789962530136,0.16755999624729156,0.16381199657917023,0.1612120121717453,0.159730002,0.15747301280498505,0.15566200017929077,0.15452100336551666,0.15373000502586365,0.15259800851345062,0.15112900733947754,0.15016400814056396,0.15096300840377808,0.15351900458335876,0.15884000062942505,0.16594301164150238,0.17125800251960754,0.1731400042772293,0.1783670037984848,0.18930500745773315,0.20370100438594818,0.21840400993824005,0.23445700109004974,0.25093501806259155,0.26672402024269104,0.28091001510620117,0.29129502177238464,0.2942650020122528,0.29341599345207214,0.29209601879119873,0.29031699895858765,0.2884310185909271,0.28843802213668823,0.29022300243377686,0.290800005,0.28870001435279846,0.28630301356315613,0.2836660146713257,0.2795020043849945,0.2755660116672516,0.273593009,0.2778330147266388,0.286094993,0.2908480167388916,0.28925299644470215,0.29432201385498047,0.3014410138130188,0.30347001552581787,0.30251199,0.3025760054588318,0.3017759919166565,0.2993970215320587,0.2961350083351135,0.29420801997184753,0.29309001564979553,0.2911440134048462,0.29003000259399414,0.2898319959640503,0.29287901520729065,0.30592700839042664,0.328328013,0.3558799922466278,0.38224300742149353,0.40546900033950806,0.42461100220680237,0.4330800175666809,0.43859800696372986,0.4406470060348511,0.43661800026893616,0.4321579933166504,0.43276000022888184,0.4396139979362488,0.45062801241874695,0.46019700169563293,0.4655130207538605,0.46244099736213684,0.45670801401138306,0.4539030194282532,0.4523659944534302,0.4518069922924042,0.45131200551986694,0.45079702138900757,0.4517520070075989,0.45083799958229065,0.44764000177383423,0.4439690113067627,0.441197008,0.43909502029418945,0.44037601351737976,0.45403000712394714,0.48352399468421936,0.502240002,0.5010530352592468,0.5223810076713562,0.5244380235671997,0.5138890147209167,0.507286012,0.49751099944114685,0.497948021,0.5017520189285278,0.5049459934234619,0.5056999921798706,0.5114369988441467,0.5240920186042786,0.542261004,0.5643050074577332,0.5874109864234924,0.6116369962692261,0.6243610382080078,0.6230649948120117,0.6212950348854065,27.450000762939453
0.1409360021352768,0.13975000381469727,0.14103899896144867,0.14447300136089325,0.14710600674152374,0.15275000035762787,0.1570190042257309,0.15558500587940216,0.15175500512123108,0.1495950073003769,0.1481039971113205,0.1462009996175766,0.14378200471401215,0.14252100884914398,0.14193500578403473,0.14093200862407684,0.14011400938034058,0.1400739997625351,0.1412460058927536,0.14358000457286835,0.14784500002861023,0.1525060087442398,0.15619100630283356,0.1578489989042282,0.1626249998807907,0.17362400889396667,0.18716999888420105,0.19884701073169708,0.2091040015220642,0.21748600900173187,0.22423100471496582,0.22971799969673157,0.23384900391101837,0.23523300886154175,0.2349800020456314,0.23447901010513306,0.23410099744796753,0.23354099690914154,0.23388200998306274,0.2354460060596466,0.2372789978981018,0.23944200575351715,0.24202699959278107,0.2435550093650818,0.2428710013628006,0.24178099632263184,0.24193300306797028,0.24922500550746918,0.25959399342536926,0.26361799240112305,0.2642830014228821,0.2706350088119507,0.2785010039806366,0.28186801075935364,0.2830040156841278,0.2844420075416565,0.28408899903297424,0.28342700004577637,0.2818230092525482,0.2805350124835968,0.2801400125026703,0.27985599637031555,0.27961400151252747,0.279666007,0.2827800214290619,0.29509100317955017,0.3148860037326813,0.33941200375556946,0.3636000156402588,0.3850809931755066,0.4021350145339966,0.4068080186843872,0.40746501088142395,0.40650299191474915,0.40216901898384094,0.3966880142688751,0.39367401599884033,0.3947090208530426,0.3985370099544525,0.4013029932975769,0.3990600109100342,0.39395901560783386,0.3899880051612854,0.3879140019416809,0.38708701729774475,0.38767302,0.3906940221786499,0.39556601643562317,0.40023499727249146,0.4020770192146301,0.40173500776290894,0.40036100149154663,0.39936700463294983,0.3991200029850006,0.40151000022888184,0.4159710109233856,0.44251301884651184,0.451433003,0.4467100203037262,0.4746450185775757,0.475504994,0.4580239951610565,0.4499340057373047,0.44396400451660156,0.4431860148906708,0.4399230182170868,0.4426569938659668,0.4471770226955414,0.45543602108955383,0.4649930000305176,0.479977012,0.4981670081615448,0.513109028,0.5204539895057678,0.5295690298080444,0.5306450128555298,0.5249710083007812,0
0.16604000329971313,0.16208800673484802,0.16101700067520142,0.1655759960412979,0.1723570078611374,0.18296100199222565,0.1971520036458969,0.20907799899578094,0.20560500025749207,0.20212200284004211,0.20102299749851227,0.19764600694179535,0.19750800728797913,0.19660800695419312,0.19509100914001465,0.19339300692081451,0.18985600769519806,0.18605901300907135,0.18574900925159454,0.18915100395679474,0.19807200133800507,0.21299099922180176,0.2236279994249344,0.22563400864601135,0.23149800300598145,0.24130700528621674,0.2586449980735779,0.28507500886917114,0.32226401567459106,0.3664360046386719,0.41117799282073975,0.45188701152801514,0.4800789952278137,0.4868850111961365,0.4839569926261902,0.4802130162715912,0.4745520055294037,0.4689030051231384,0.4680100083351135,0.4706050157546997,0.46800899505615234,0.4542970061302185,0.43790799379348755,0.4228920042514801,0.40765202045440674,0.3944750130176544,0.3851970136165619,0.3788760006427765,0.37839099764823914,0.3837060034275055,0.37395599484443665,0.37442201375961304,0.37791499495506287,0.3745630085468292,0.366223007,0.3619779944419861,0.3601759970188141,0.35082799196243286,0.34056299924850464,0.33593499660491943,0.33168700337409973,0.32276299595832825,0.318015993,0.3163529932498932,0.31755802035331726,0.32998600602149963,0.356205016,0.3889620006084442,0.41967400908470154,0.4480000138282776,0.4765370190143585,0.5023069977760315,0.5283849835395813,0.5428580045700073,0.5413709878921509,0.5415040254592896,0.5547249913215637,0.5800189971923828,0.6122220158576965,0.6413580179214478,0.6698340177536011,0.6736069917678833,0.6626120209693909,0.6568599939346313,0.6518459916114807,0.6461420059204102,0.6327940225601196,0.6131010055541992,0.5995690226554871,0.5881249904632568,0.575419009,0.5647220015525818,0.5569040179252625,0.5497180223464966,0.547789991,0.5584660172462463,0.595848024,0.6426889896392822,0.6500909924507141,0.6527100205421448,0.6576330065727234,0.6676040291786194,0.6639050245285034,0.6417909860610962,0.6457220315933228,0.6702960133552551,0.6755750179290771,0.665785015,0.6647369861602783,0.6861670017242432,0.7141140103340149,0.7476060390472412,0.7926400303840637,0.8616970181465149,0.8844610452651978,0.8762829899787903,0.8819360136985779,73.18000030517578
0.16475699841976166,0.16112400591373444,0.16032101213932037,0.16470299661159515,0.17089000344276428,0.18076901137828827,0.19350400567054749,0.20360499620437622,0.20012100040912628,0.19684800505638123,0.19572900235652924,0.19256900250911713,0.1921900063753128,0.19127000868320465,0.18988201022148132,0.18829700350761414,0.18513500690460205,0.18183200061321259,0.18173500895500183,0.18500500917434692,0.19332601130008698,0.20690099895000458,0.21663400530815125,0.2186790108680725,0.2244890034198761,0.2346230000257492,0.2516289949417114,0.2762190103530884,0.31000399589538574,0.3498600125312805,0.3903149962425232,0.4272100031375885,0.4529290199279785,0.45922401547431946,0.4567350149154663,0.45350199937820435,0.4485280215740204,0.4435659945011139,0.44294899702072144,0.44554901123046875,0.4435180127620697,0.43155401945114136,0.4172230064868927,0.4040360152721405,0.39042600989341736,0.37863799929618835,0.3704729974269867,0.3658500015735626,0.36678201,0.37198901176452637,0.3635219931602478,0.3649429976940155,0.3692060112953186,0.3668590188026428,0.35989999771118164,0.35658299922943115,0.35506999492645264,0.3469400107860565,0.33787301182746887,0.33371201157569885,0.33004799485206604,0.32239001989364624,0.31830400228500366,0.31693801283836365,0.3186280131340027,0.3315960168838501,0.3577420115470886,0.3902980089187622,0.42084401845932007,0.4487780034542084,0.47605201601982117,0.49897101521492004,0.5216230154037476,0.534121037,0.5321280360221863,0.5314559936523438,0.5426729917526245,0.5651940107345581,0.5943800210952759,0.6209689974784851,0.6468570232391357,0.6501129865646362,0.639835,0.634414017,0.6297280192375183,0.6244519948959351,0.6123549938201904,0.5946770310401917,0.5826860070228577,0.5724970102310181,0.5610920190811157,0.551459014,0.5444070100784302,0.5380269885063171,0.5366480350494385,0.5480300188064575,0.5849010348320007,0.6277729868888855,0.6336140036582947,0.6396840214729309,0.6444250345230103,0.6515100002288818,0.6473820209503174,0.6264150142669678,0.6301169991493225,0.6524640321731567,0.6576970219612122,0.6493859887123108,0.649482012,0.6702930331230164,0.6975499987602234,0.7302330136299133,0.7731480002403259,0.8378270268440247,0.8600670099258423,0.8527300357818604,0.8578470349311829,68.61000061035156
0.16000200808048248,0.1566230058670044,0.1560710072517395,0.16031000018119812,0.16606800258159637,0.17546400427818298,0.18711701035499573,0.19577500224113464,0.19233500957489014,0.18930299580097198,0.1882300078868866,0.1852860003709793,0.1847269982099533,0.1837960034608841,0.18252401053905487,0.18102900683879852,0.1781800091266632,0.17528900504112244,0.17537900805473328,0.1785930097103119,0.18648600578308105,0.19903600215911865,0.2080880105495453,0.20995500683784485,0.21560099720954895,0.2261200100183487,0.24318400025367737,0.26666802167892456,0.29804500937461853,0.3346260190010071,0.3716440200805664,0.4053359925746918,0.4287959933280945,0.4345810115337372,0.4323509931564331,0.42947500944137573,0.4250720143318176,0.4206240177154541,0.42017000913619995,0.4227360188961029,0.4211539924144745,0.4106709957122803,0.398127019,0.38651901483535767,0.37427300214767456,0.3636520206928253,0.35638999938964844,0.3531710207462311,0.355214,0.36023199558258057,0.35282400250434875,0.3550110161304474,0.35991501808166504,0.3583489954471588,0.3525870144367218,0.3501189947128296,0.34888601303100586,0.341731995,0.33361101150512695,0.32979199290275574,0.326555997,0.3199310004711151,0.31640899181365967,0.3152810037136078,0.31731700897216797,0.33064499497413635,0.3566240072250366,0.38895201683044434,0.41953301429748535,0.4474160075187683,0.4740610122680664,0.4949150085449219,0.5148490071296692,0.5255810022354126,0.5231559872627258,0.5217080116271973,0.5311650037765503,0.5511890053749084,0.5776000022888184,0.6017730236053467,0.6249949932098389,0.6274660229682922,0.6178669929504395,0.6127610206604004,0.6083769798278809,0.6035740375518799,0.5927550196647644,0.5770280361175537,0.5663959980010986,0.5571880340576172,0.5468249917030334,0.5380129814147949,0.5315970182418823,0.5258820056915283,0.5249850153923035,0.5370020270347595,0.5732120275497437,0.6129000186920166,0.6176019906997681,0.626520038,0.6310279965400696,0.635407031,0.6307690143585205,0.6110780239105225,0.6144369840621948,0.6345940232276917,0.6400449872016907,0.633184016,0.6342740058898926,0.6544579863548279,0.68117702,0.7130979895591736,0.7539669871330261,0.8137019872665405,0.8352870345115662,0.8285990357398987,0.832843006,64.02999877929688
0.1569560021162033,0.1538590043783188,0.1534610092639923,0.15742801129817963,0.16262300312519073,0.17135900259017944,0.18184100091457367,0.18910101056098938,0.18570400774478912,0.18290700018405914,0.18185099959373474,0.17911399900913239,0.17836999893188477,0.1774190068244934,0.17621199786663055,0.17480100691318512,0.17222300171852112,0.1696690022945404,0.16986200213432312,0.1728760004043579,0.1801609992980957,0.19150900840759277,0.199738011,0.20146700739860535,0.20676299929618835,0.21684999763965607,0.23299799859523773,0.2546609938144684,0.28310900926589966,0.31587299704551697,0.34889599680900574,0.3789760172367096,0.3999069929122925,0.40517401695251465,0.4033209979534149,0.40091100335121155,0.39717501401901245,0.39337101578712463,0.39312002062797546,0.3956339955329895,0.3945769965648651,0.3857550024986267,0.3752170205116272,0.3653460144996643,0.3547219932079315,0.34541600942611694,0.33918100595474243,0.3372940123081207,0.3402700126171112,0.344976008,0.33869701623916626,0.3415369987487793,0.34683600068092346,0.34601300954818726,0.3414340019226074,0.3397279977798462,0.33873799443244934,0.33261099457740784,0.32548701763153076,0.3220739960670471,0.31934601068496704,0.3137490153312683,0.3107540011405945,0.3097200095653534,0.31168100237846375,0.32425299286842346,0.3481709957122803,0.3782300055027008,0.40724501,0.4341070055961609,0.4596790075302124,0.4786660075187683,0.496271014,0.505732,0.5033860206604004,0.5016700029373169,0.5095630288124084,0.5270410180091858,0.5503259897232056,0.5716249942779541,0.5918670296669006,0.5938699841499329,0.5852090120315552,0.5805920362472534,0.5766649842262268,0.5724450349807739,0.5631110072135925,0.5495840311050415,0.5404770374298096,0.5324919819831848,0.5233950018882751,0.5157279968261719,0.5102249979972839,0.5054799914360046,0.5051630139350891,0.5174310207366943,0.5522820353507996,0.5877249836921692,0.5910370349884033,0.6026570200920105,0.6067780256271362,0.6083940267562866,0.6033000349998474,0.585116982,0.5881010293960571,0.6057140231132507,0.6109179854393005,0.605504036,0.6075379848480225,0.626416028,0.6517900228500366,0.6821560263633728,0.7198560237884521,0.7735220193862915,0.7934790253639221,0.7880520224571228,0.7912620306015015,59.45000076293945
0.15449000895023346,0.15157701075077057,0.1513880044221878,0.15525300800800323,0.1601020097732544,0.16845500469207764,0.1781270056962967,0.18432800471782684,0.18088200688362122,0.17819900810718536,0.1771170049905777,0.17450299859046936,0.17360500991344452,0.17265400290489197,0.17151600122451782,0.17015700042247772,0.16777800023555756,0.16552500426769257,0.16580499708652496,0.16871100664138794,0.17561300098896027,0.18614999949932098,0.19378399848937988,0.19545400142669678,0.20061300694942474,0.21078599989414215,0.22652900218963623,0.24683299660682678,0.2729550004005432,0.30290499329566956,0.33313000202178955,0.36074700951576233,0.38012799620628357,0.38511401414871216,0.3834960162639618,0.38139599561691284,0.3781050145626068,0.37467700242996216,0.37450501322746277,0.37700000405311584,0.37630900740623474,0.36866500973701477,0.35948100686073303,0.35082101821899414,0.34123799204826355,0.3328250050544739,0.32727599143981934,0.3263870179653168,0.3301379978656769,0.33466601371765137,0.32917100191116333,0.3324519991874695,0.33803701400756836,0.3377299904823303,0.33390501141548157,0.3326469957828522,0.3317600190639496,0.32632699608802795,0.31990599632263184,0.3167720139026642,0.3143540024757385,0.3094809949398041,0.3068400025367737,0.30592799186706543,0.30797699093818665,0.3203520178794861,0.3435029983520508,0.3726450204849243,0.4010170102119446,0.4272720217704773,0.45197099447250366,0.4693340063095093,0.4850110113620758,0.4933519959449768,0.49087899923324585,0.48885199427604675,0.4955829977989197,0.5112259984016418,0.5323410034179688,0.5516470074653625,0.5697540044784546,0.5712680220603943,0.5631250143051147,0.558771014,0.5551580190658569,0.5514219999313354,0.5432829856872559,0.5314779877662659,0.5236250162124634,0.516601026,0.5084320306777954,0.5014610290527344,0.4965119957923889,0.49232301115989685,0.4923210144042969,0.5048699975013733,0.5388870239257812,0.5714300274848938,0.5737919807434082,0.5872859954833984,0.5910879969596863,0.5906720161437988,0.5852950215339661,0.5682950019836426,0.5709710121154785,0.5866299867630005,0.5917490124702454,0.5872759819030762,0.5899760127067566,0.6079810261726379,0.6324290037155151,0.6615980267524719,0.697147012,0.7466320395469666,0.7654920220375061,0.7605119943618774,0.7629150152206421,54.88999938964844
0.1517140120267868,0.14903999865055084,0.149043009,0.15282900631427765,0.1573370099067688,0.16527201235294342,0.17412599921226501,0.17920200526714325,0.17573300004005432,0.17309899628162384,0.17194999754428864,0.16946300864219666,0.16836600005626678,0.1673620045185089,0.1663210093975067,0.16502200067043304,0.16286800801753998,0.16091801226139069,0.16131500899791718,0.1641170084476471,0.17061200737953186,0.18027400970458984,0.18733200430870056,0.18897400796413422,0.19396300613880157,0.20413900911808014,0.21952199935913086,0.23857399821281433,0.2623070180416107,0.2889990210533142,0.315731019,0.34009501338005066,0.3572550117969513,0.36173099279403687,0.3603460192680359,0.3584650158882141,0.35555699467658997,0.3525499999523163,0.35246700048446655,0.3547990024089813,0.35440701246261597,0.3480989933013916,0.3405750095844269,0.3334119915962219,0.32519200444221497,0.3179129958152771,0.31326600909233093,0.31367799639701843,0.31857001781463623,0.32316499948501587,0.3186720013618469,0.3224460184574127,0.3284350037574768,0.32874399423599243,0.3256860077381134,0.32480600476264954,0.323947012,0.3193260133266449,0.3137330114841461,0.31092599034309387,0.30886200070381165,0.30477699637413025,0.30254799127578735,0.30179500579833984,0.30407100915908813,0.31652799248695374,0.33922499418258667,0.3676930069923401,0.39544400572776794,0.4209119975566864,0.4442950189113617,0.4594840109348297,0.47271400690078735,0.47958800196647644,0.4767780005931854,0.47419700026512146,0.4794590175151825,0.4929850101470947,0.5116010308265686,0.5285230278968811,0.5434750318527222,0.5438830256462097,0.5364559888839722,0.5325480103492737,0.5294690132141113,0.5265520215034485,0.5203099846839905,0.5112980008125305,0.5056149959564209,0.5000839829444885,0.49317100644111633,0.48701900243759155,0.4826290011405945,0.47897499799728394,0.4793490171432495,0.4922490119934082,0.5251510143280029,0.5543299913406372,0.5558120012283325,0.5712820291519165,0.5746179819107056,0.5715939998626709,0.5659379959106445,0.5507630109786987,0.5528650283813477,0.5657020211219788,0.5703359842300415,0.5671870112419128,0.5706260204315186,0.5873169898986816,0.6102579832077026,0.63776803,0.6703680157661438,0.7137240171432495,0.7312020063400269,0.7271249890327454,0.7285079956054688,50.310001373291016
0.15084199607372284,0.14837300777435303,0.14850100874900818,0.15216100215911865,0.15638600289821625,0.16396699845790863,0.17208699882030487,0.1762000024318695,0.172759011,0.17035099864006042,0.16925500333309174,0.1668820083141327,0.16565300524234772,0.1646210104227066,0.16360600292682648,0.16235999763011932,0.16040100157260895,0.15870501101016998,0.15923799574375153,0.16199399530887604,0.1681790053844452,0.17710500955581665,0.18363900482654572,0.18519599735736847,0.19015701115131378,0.200654998,0.21603700518608093,0.23422099649906158,0.25620001554489136,0.2804790139198303,0.3045499920845032,0.3263480067253113,0.3415450155735016,0.34548500180244446,0.34423699975013733,0.34260401129722595,0.3400669991970062,0.33743301033973694,0.33742600679397583,0.3396420180797577,0.33950501680374146,0.33425799012184143,0.32800400257110596,0.3219299912452698,0.31467899680137634,0.3082039952278137,0.3041509985923767,0.3053379952907562,0.31068700551986694,0.31495600938796997,0.31113699078559875,0.3153270184993744,0.32154199481010437,0.3222980201244354,0.32003799080848694,0.31973201036453247,0.319115013,0.3151070177555084,0.3100860118865967,0.3074890077114105,0.30569300055503845,0.3022100031375885,0.3003219962120056,0.29974600672721863,0.30221500992774963,0.3148130178451538,0.33729201555252075,0.3654080033302307,0.39280200004577637,0.4177899956703186,0.44028401374816895,0.45387399196624756,0.4649910032749176,0.47049200534820557,0.46736201643943787,0.4642830193042755,0.4681749939918518,0.47963401675224304,0.49584800004959106,0.510699987,0.5235860347747803,0.5235540270805359,0.5167050361633301,0.5130289793014526,0.5101370215415955,0.5074099898338318,0.5019580125808716,0.49421000480651855,0.4894010126590729,0.484576017,0.4784940183162689,0.4731200039386749,0.46936601400375366,0.46634700894355774,0.46705400943756104,0.48009899258613586,0.5119960308074951,0.5380750298500061,0.5385749936103821,0.5558980107307434,0.5589780211448669,0.5541409850120544,0.5481550097465515,0.5340539813041687,0.5359650254249573,0.5470860004425049,0.5517529845237732,0.5497329831123352,0.5539550185203552,0.5698630213737488,0.5920230150222778,0.6185439825057983,0.648904026,0.6877779960632324,0.7043179869651794,0.7011319994926453,0.7019150257110596,45.74000168
0.14963001012802124,0.14728499948978424,0.14757800102233887,0.15123699605464935,0.1553170084953308,0.1626640111207962,0.17024600505828857,0.1736290007829666,0.17016300559043884,0.16778600215911865,0.16667300462722778,0.16436199843883514,0.16300399601459503,0.1619500070810318,0.16096700727939606,0.15974099934101105,0.15795199573040009,0.15648400783538818,0.1571270078420639,0.15989400446414948,0.16588300466537476,0.1742510050535202,0.18041400611400604,0.18216700851917267,0.18744000792503357,0.19832099974155426,0.2136079967021942,0.23104700446128845,0.251539022,0.27378299832344055,0.29566699266433716,0.31533199548721313,0.32897600531578064,0.33246901631355286,0.3313159942626953,0.3298090100288391,0.32753199338912964,0.32513001561164856,0.3251349925994873,0.32721900939941406,0.3272649943828583,0.32280999422073364,0.3175220191478729,0.3122900128364563,0.30579301714897156,0.2999590039253235,0.29640600085258484,0.2982970178127289,0.3041830062866211,0.3083229959011078,0.30504000186920166,0.30954301357269287,0.3159460127353668,0.31703099608421326,0.3152810037136078,0.31529301404953003,0.31477999687194824,0.3112339973449707,0.30666300654411316,0.3042140007019043,0.3025889992713928,0.29952099919319153,0.29789799451828003,0.29753202199935913,0.3004000186920166,0.3135949969291687,0.3367530107498169,0.36539801955223083,0.3929760158061981,0.4177290201187134,0.43935200572013855,0.45135802030563354,0.4605579972267151,0.464697003,0.461078018,0.457394004,0.46012401580810547,0.46990999579429626,0.48431602120399475,0.49755001068115234,0.5085449814796448,0.5079140067100525,0.5014039874076843,0.4978940188884735,0.4952169954776764,0.4928150177001953,0.48826801776885986,0.48190000653266907,0.4780700206756592,0.47397100925445557,0.46864399313926697,0.4638029932975769,0.46044501662254333,0.45782801508903503,0.4587959945201874,0.47198399901390076,0.5031139850616455,0.5268840193748474,0.5267109870910645,0.5453450083732605,0.5480960011482239,0.5418879985809326,0.5357120037078857,0.5227649807929993,0.524448037,0.5340610146522522,0.5386450290679932,0.5375580191612244,0.5424219965934753,0.5577670335769653,0.5791860222816467,0.6047660112380981,0.6333749890327454,0.6684960126876831,0.6842020153999329,0.6816570162773132,0.6816959977149963,41.16999816894531
0.14768899977207184,0.14555200934410095,0.14598999917507172,0.14956000447273254,0.1533450037240982,0.16044200956821442,0.16745500266551971,0.1700569987297058,0.16653400659561157,0.16424500942230225,0.1631060093641281,0.16089200973510742,0.15939700603485107,0.15832599997520447,0.1574060022830963,0.15622299909591675,0.15456099808216095,0.15330100059509277,0.15398600697517395,0.15665499866008759,0.16233199834823608,0.17009000480175018,0.17583000659942627,0.1775050014257431,0.18256999552249908,0.19318599998950958,0.20793800055980682,0.22435100376605988,0.24318499863147736,0.2633270025253296,0.28300899267196655,0.3007510006427765,0.31318601965904236,0.3165009915828705,0.3155380189418793,0.3142710030078888,0.31235799193382263,0.31026601791381836,0.31036099791526794,0.3124160170555115,0.31281501054763794,0.3093840181827545,0.30531901121139526,0.3011400103569031,0.2955390214920044,0.2904430031776428,0.2874680161476135,0.2902289927005768,0.29680299758911133,0.30085599422454834,0.2982320189476013,0.3030799925327301,0.30974701046943665,0.31123000383377075,0.3099910020828247,0.3102850019931793,0.3097909986972809,0.30674299597740173,0.3026750087738037,0.30042698979377747,0.2990170121192932,0.2964549958705902,0.2950330078601837,0.2946380078792572,0.29736199975013733,0.3099929988384247,0.33191099762916565,0.35926201939582825,0.3860500156879425,0.4102820158004761,0.4313200116157532,0.4423620104789734,0.4503780007362366,0.45395201444625854,0.45047101378440857,0.4466780126094818,0.44860100746154785,0.45707401633262634,0.4698379933834076,0.48134902119636536,0.4903559982776642,0.48918402194976807,0.4831179976463318,0.47983500361442566,0.47742700576782227,0.47550299763679504,0.4721110165119171,0.4674700200557709,0.46491602063179016,0.46171900629997253,0.45715901255607605,0.4528779983520508,0.44989800453186035,0.4476660192012787,0.44885900616645813,0.4623350203037262,0.4928840100765228,0.5142009854316711,0.5131680369377136,0.5335230231285095,0.5359330177307129,0.5277979969978333,0.5212849974632263,0.5093050003051758,0.51057899,0.5181770324707031,0.5224730372428894,0.5221220254898071,0.5275620222091675,0.5418810248374939,0.5623469948768616,0.5867220163345337,0.6131730079650879,0.6440290212631226,0.6585230231285095,0.6564509868621826,0.655655026,36.59000015258789
0.1436930000782013,0.14194300770759583,0.14270401000976562,0.1460990011692047,0.14931699633598328,0.15574200451374054,0.16147001087665558,0.1622530072927475,0.1586800068616867,0.15656401216983795,0.1553650051355362,0.15332500636577606,0.15147100389003754,0.1503099948167801,0.1495010107755661,0.14838899672031403,0.14707200229167938,0.14631401002407074,0.1471870094537735,0.14969100058078766,0.1547269970178604,0.16110700368881226,0.1659020036458969,0.16745200753211975,0.17226000130176544,0.18292400240898132,0.19711001217365265,0.21156300604343414,0.22683100402355194,0.2420089989900589,0.25627902150154114,0.268869013,0.2776719927787781,0.28008100390434265,0.2794650197029114,0.2785940170288086,0.27740299701690674,0.27603599429130554,0.27629899978637695,0.27817100286483765,0.2791440188884735,0.2780420184135437,0.27674201130867004,0.2749830186367035,0.27148300409317017,0.2681100070476532,0.26645100116729736,0.2710780203342438,0.27910399436950684,0.2829259932041168,0.2817310094833374,0.28730499744415283,0.2944810092449188,0.29680901765823364,0.2967800199985504,0.2977460026741028,0.29739999771118164,0.2954530119895935,0.292477012,0.2906480133533478,0.28973302245140076,0.28822100162506104,0.28735601902008057,0.2871440052986145,0.28995901346206665,0.3022330105304718,0.3227750062942505,0.34841299057006836,0.37383201718330383,0.39680999517440796,0.4162670075893402,0.4246149957180023,0.4294530153274536,0.43105602264404297,0.42728400230407715,0.4228000044822693,0.42254501581192017,0.4276150166988373,0.4362240135669708,0.44380301237106323,0.44805800914764404,0.4454309940338135,0.4404880106449127,0.43779799342155457,0.4360540211200714,0.4350680112838745,0.4341610074043274,0.4333040118217468,0.43353599309921265,0.43233099579811096,0.4295549988746643,0.42663002014160156,0.4246380031108856,0.42342501878738403,0.4252700209617615,0.43921101093292236,0.4679650068283081,0.4836620092391968,0.4807929992675781,0.5046910047531128,0.5065680146217346,0.49421200156211853,0.48697102069854736,0.47743499279022217,0.4779280126094818,0.48095402121543884,0.4847260117530823,0.4865800142288208,0.49330300092697144,0.505649984,0.5238029956817627,0.5455819964408875,0.5670270323753357,0.5877400040626526,0.6000940203666687,0.5994700193405151,0.5966960191726685,22.87999916
0.142194003,0.14078500866889954,0.14183300733566284,0.14507700502872467,0.14779500663280487,0.15369100868701935,0.15829400718212128,0.15752100944519043,0.15389400720596313,0.15202200412750244,0.15085600316524506,0.14898300170898438,0.14682500064373016,0.1456100046634674,0.14490599930286407,0.14387300610542297,0.1428930014371872,0.1426060050725937,0.14366000890731812,0.14604200422763824,0.15055100619792938,0.15573400259017944,0.15970200300216675,0.16112099587917328,0.16558000445365906,0.17622700333595276,0.19001100957393646,0.20289699733257294,0.21520200371742249,0.2262520045042038,0.23589400947093964,0.24404101073741913,0.24966099858283997,0.2512589991092682,0.2509649991989136,0.25054001808166504,0.25008299946784973,0.24941399693489075,0.24987000226974487,0.2516449987888336,0.25328800082206726,0.2543399930000305,0.2555750012397766,0.2559340000152588,0.254241019,0.25233200192451477,0.2517769932746887,0.2579370141029358,0.267054021,0.27055200934410095,0.27051401138305664,0.27673301100730896,0.2843019962310791,0.28735101222991943,0.2883960008621216,0.2900350093841553,0.28991901874542236,0.28888002038002014,0.2867929935455322,0.2853430211544037,0.2848300039768219,0.28421100974082947,0.2837879955768585,0.2837139964103699,0.2865540087223053,0.29834601283073425,0.3174950182437897,0.3415220081806183,0.3657270073890686,0.3877350091934204,0.40603601932525635,0.41239699721336365,0.41469600796699524,0.4147990047931671,0.4109240174293518,0.40599700808525085,0.4039140045642853,0.4060100018978119,0.4109710156917572,0.415101022,0.41549602150917053,0.4118649959564209,0.40786099433898926,0.4055989980697632,0.40423300862312317,0.40383100509643555,0.40477702021598816,0.4067450165748596,0.40899500250816345,0.4092859923839569,0.4080650210380554,0.40634599328041077,0.4053080081939697,0.405117005,0.40753501653671265,0.4218740165233612,0.449053019,0.4597260057926178,0.4550749957561493,0.48245200514793396,0.48365601897239685,0.46769601106643677,0.45974501967430115,0.4521529972553253,0.45201101899147034,0.451337993,0.45485401153564453,0.4586679935455322,0.46664899587631226,0.477402002,0.4938940107822418,0.5136780142784119,0.530817986,0.5428230166435242,0.5532900094985962,0.5539669990539551,0.5493640303611755,9.149999618530273
0.16989199817180634,0.16559700667858124,0.16401900351047516,0.1679989993572235,0.174794003,0.18568100035190582,0.20030300319194794,0.21324600279331207,0.2101770043373108,0.2073640078306198,0.20684900879859924,0.20357100665569305,0.20375999808311462,0.2029159963130951,0.20119699835777283,0.19941900670528412,0.1956620067358017,0.19154199957847595,0.1911180019378662,0.194582,0.2038550078868866,0.21946600079536438,0.2303680032491684,0.23194700479507446,0.23708699643611908,0.24605099856853485,0.2637840211391449,0.29242101311683655,0.3330390155315399,0.3813440203666687,0.43039101362228394,0.47492900490760803,0.5051339864730835,0.5121200084686279,0.5091239809989929,0.5055490136146545,0.49989,0.49423301219940186,0.4936150014400482,0.4966610074043274,0.4940360188484192,0.47923901677131653,0.4614419937133789,0.445000023,0.4283609986305237,0.413983017,0.40358901023864746,0.39557701349258423,0.392875999,0.3967290222644806,0.3856640160083771,0.38607001304626465,0.38898399472236633,0.3850339949131012,0.3768340051174164,0.37349700927734375,0.3724540174007416,0.3623120188713074,0.3510020077228546,0.3460850119590759,0.34163400530815125,0.3320100009441376,0.32690200209617615,0.32482701539993286,0.3250020146369934,0.3352949917316437,0.35831600427627563,0.38818100094795227,0.4179379940032959,0.44753801822662354,0.47990500926971436,0.5106149911880493,0.5411120057106018,0.5582600235939026,0.5579789876937866,0.559365988,0.5743139982223511,0.601248026,0.6349560022354126,0.6662200093269348,0.6996020078659058,0.706216037,0.6950910091400146,0.6887550354003906,0.6824809908866882,0.6745309829711914,0.6567649841308594,0.6309720277786255,0.6118990182876587,0.5969250202178955,0.5823709964752197,0.5711660385131836,0.5635179877281189,0.5566660165786743,0.5549830198287964,0.5653440356254578,0.6037700176239014,0.6535820364952087,0.6603350043296814,0.6625930070877075,0.6685119867324829,0.6811310052871704,0.6773180365562439,0.6517400145530701,0.6568149924278259,0.6865090131759644,0.6936399936676025,0.6827940344810486,0.681547999,0.7053830027580261,0.7364270091056824,0.7733660340309143,0.822484016,0.8996550440788269,0.9251999855041504,0.9162480235099792,0.9230189919471741,77.76999664
0.16696099936962128,0.1630450040102005,0.16179800033569336,0.16554699838161469,0.17165900766849518,0.18165400624275208,0.19454799592494965,0.20528100430965424,0.20223499834537506,0.19961701333522797,0.19906900823116302,0.19605600833892822,0.19594800472259521,0.1950570046901703,0.19350600242614746,0.1918720006942749,0.18857599794864655,0.18503700196743011,0.18484000861644745,0.1881440132856369,0.1966480016708374,0.21059700846672058,0.2204129993915558,0.22180500626564026,0.22666800022125244,0.23606300354003906,0.25354599952697754,0.2799450159072876,0.31630101799964905,0.3588780164718628,0.4020030200481415,0.44105201959609985,0.4675060212612152,0.47370702028274536,0.47122499346733093,0.4682530164718628,0.46344900131225586,0.4586230218410492,0.4582329988479614,0.4611380100250244,0.45913001894950867,0.44658800959587097,0.4315040111541748,0.4175330102443695,0.403095007,0.39061301946640015,0.3817099928855896,0.37578099966049194,0.3748610019683838,0.3786890208721161,0.36934399604797363,0.37078002095222473,0.37452101707458496,0.3717380166053772,0.36515501141548157,0.3627610206604004,0.3619530200958252,0.35337400436401367,0.3436090052127838,0.33925700187683105,0.33548399806022644,0.32744401693344116,0.3231959939002991,0.3215399980545044,0.32242900133132935,0.33359599113464355,0.35697001218795776,0.38694000244140625,0.41651299595832825,0.4452670216560364,0.47532200813293457,0.5016980171203613,0.5272260308265686,0.5413749814033508,0.5402870178222656,0.5404880046844482,0.5527420043945312,0.575875998,0.6053820252418518,0.6328880190849304,0.661827028,0.6671739816665649,0.6571570038795471,0.6514310240745544,0.6458660364151001,0.6389920115470886,0.6237599849700928,0.6016830205917358,0.5855880379676819,0.5727519989013672,0.5601660013198853,0.5503270030021667,0.5436559915542603,0.5377820134162903,0.5367180109024048,0.547773004,0.5849000215530396,0.6293540000915527,0.6346340179443359,0.6404269933700562,0.6458680033683777,0.6545550227165222,0.650288999,0.6271679997444153,0.631695032,0.6575760245323181,0.6643620133399963,0.6555970311164856,0.6556730270385742,0.6780700087547302,0.7074869871139526,0.7423660159111023,0.7876670360565186,0.8565550446510315,0.8804000020027161,0.8729190230369568,0.8786370158195496,73.18000030517578
0.15887100994586945,0.15559200942516327,0.15485000610351562,0.15834200382232666,0.16345299780368805,0.1722640097141266,0.18281500041484833,0.19049900770187378,0.18741901218891144,0.18512401,0.18449799716472626,0.18187400698661804,0.18135100603103638,0.18042799830436707,0.17910100519657135,0.17765000462532043,0.17497900128364563,0.17226500809192657,0.17237401008605957,0.17541000247001648,0.18283499777317047,0.194457009,0.20268599689006805,0.20414699614048004,0.20898300409317017,0.21856699883937836,0.23489999771118164,0.25767001509666443,0.28777599334716797,0.3224309980869293,0.3572700023651123,0.388806015,0.4102660119533539,0.4154660105705261,0.41367700695991516,0.4114980101585388,0.40791600942611694,0.4042370021343231,0.40418800711631775,0.4069119989871979,0.40588101744651794,0.39669400453567505,0.38561001420021057,0.3751929998397827,0.36399900913238525,0.3542270064353943,0.3474610149860382,0.3446359932422638,0.3462830185890198,0.3500010073184967,0.3431119918823242,0.34599900245666504,0.3508870005607605,0.34978601336479187,0.3454720079898834,0.3444119989871979,0.34389200806617737,0.33744800090789795,0.3298709988594055,0.32636401057243347,0.32355400919914246,0.31771501898765564,0.31460699439048767,0.3134060204029083,0.31487101316452026,0.3263170123100281,0.34852099418640137,0.37696099281311035,0.4053710103034973,0.4327400028705597,0.460081011,0.48120400309562683,0.5005829930305481,0.511076033,0.5093210339546204,0.5082550048828125,0.516838014,0.534762979,0.558214009,0.5801669955253601,0.6025480031967163,0.6060240268707275,0.5976210236549377,0.5928640365600586,0.5883840322494507,0.5830920338630676,0.5715700387954712,0.554984987,0.5429739952087402,0.5331249833106995,0.5232250094413757,0.5154079794883728,0.510200024,0.50583601,0.5057399868965149,0.517848015,0.5530499815940857,0.5894089937210083,0.5922520160675049,0.6037970185279846,0.6083360314369202,0.6112020015716553,0.6061180233955383,0.5862669944763184,0.5899350047111511,0.6102190017700195,0.616640031,0.6107690334320068,0.6128560304641724,0.6329070329666138,0.6597470045089722,0.6916019916534424,0.7308329939842224,0.7875930070877075,0.8085770010948181,0.8031160235404968,0.806950033,64.02999877929688
0.15525101125240326,0.1521729975938797,0.15165100991725922,0.15504100918769836,0.15974999964237213,0.16812700033187866,0.1777850091457367,0.1842849999666214,0.18119101226329803,0.17905300855636597,0.1784300059080124,0.17594300210475922,0.1752369999885559,0.17431099712848663,0.17305900156497955,0.17167700827121735,0.1692260056734085,0.16682900488376617,0.1670590043067932,0.16996000707149506,0.1769530028104782,0.18766599893569946,0.19527500867843628,0.19652000069618225,0.20103800296783447,0.21060200035572052,0.22652900218963623,0.2480510026216507,0.27597200870513916,0.3078339993953705,0.33988499641418457,0.36898499727249146,0.38871800899505615,0.3935309946537018,0.3919540047645569,0.3900910019874573,0.3869430124759674,0.38369500637054443,0.3838140070438385,0.38651201128959656,0.38586100935935974,0.37779802083969116,0.368120015,0.3589160144329071,0.34879201650619507,0.33993300795555115,0.33388200402259827,0.3320859968662262,0.3344779908657074,0.3379560112953186,0.3318910002708435,0.33528101444244385,0.3405510187149048,0.34002700448036194,0.3365960121154785,0.3361150026321411,0.33580100536346436,0.3301270008087158,0.3233020007610321,0.3201200067996979,0.3176870048046112,0.31262701749801636,0.3099150061607361,0.3088440001010895,0.310357004,0.3214310109615326,0.3424130082130432,0.3693990111351013,0.3968120217323303,0.42349401116371155,0.4500490128993988,0.469758004,0.48738300800323486,0.49690601229667664,0.49515601992607117,0.49380502104759216,0.5012370347976685,0.5172709822654724,0.5385209918022156,0.5584660172462463,0.5789409875869751,0.5820919871330261,0.5742990374565125,0.5697939991950989,0.5655410289764404,0.5604960322380066,0.5498189926147461,0.5346010327339172,0.523559034,0.5144950151443481,0.5055460333824158,0.49854299426078796,0.4939730167388916,0.4902929961681366,0.4906429946422577,0.5031009912490845,0.537492037,0.5706920027732849,0.5723429918289185,0.586214006,0.5905300378799438,0.5911279916763306,0.585669994,0.5667880177497864,0.5701580047607422,0.5885540246963501,0.5948770046234131,0.5901489853858948,0.5929630398750305,0.6122199892997742,0.6382780075073242,0.6691070199012756,0.706324041,0.7590340375900269,0.7793490290641785,0.7745020389556885,0.7775149941444397,59.470001220703125
0.15425001084804535,0.15140099823474884,0.1510380059480667,0.15429700911045074,0.15861999988555908,0.16651099920272827,0.1752770096063614,0.18067499995231628,0.1776130050420761,0.17564301192760468,0.1750280112028122,0.17268399894237518,0.1718120127916336,0.17084500193595886,0.16965700685977936,0.16830700635910034,0.16607700288295746,0.16396400332450867,0.1642809957265854,0.16707400977611542,0.17363201081752777,0.18346300721168518,0.19044600427150726,0.19166700541973114,0.19592300057411194,0.20532400906085968,0.22080300748348236,0.24106501042842865,0.2667669951915741,0.29565802216529846,0.3244360089302063,0.35041001439094543,0.3678690195083618,0.37211599946022034,0.37080100178718567,0.36924099922180176,0.3666130006313324,0.36385101079940796,0.36407899856567383,0.36667901277542114,0.3663640022277832,0.35964399576187134,0.3515370190143585,0.343748003,0.3348810076713562,0.3270699977874756,0.321804017,0.3209960162639618,0.32401901483535767,0.3272019922733307,0.32203400135040283,0.32586801052093506,0.3313850164413452,0.33143100142478943,0.32889801263809204,0.32897499203681946,0.32884401082992554,0.323962003,0.3178810179233551,0.31497400999069214,0.31290900707244873,0.3086110055446625,0.30631399154663086,0.3053489923477173,0.30694901943206787,0.31769999861717224,0.33763399720191956,0.3633420169353485,0.3897469937801361,0.41554901003837585,0.44095301628112793,0.4587460160255432,0.474032998,0.48220300674438477,0.4803380072116852,0.4785880148410797,0.48457100987434387,0.4982460141181946,0.5166609883308411,0.5339980125427246,0.5517140030860901,0.5543130040168762,0.5474209785461426,0.5433930158615112,0.5395280122756958,0.5349600315093994,0.5255889892578125,0.5123550295829773,0.5026770234107971,0.4947050213813782,0.48691800236701965,0.4808900058269501,0.4771150052547455,0.4742650091648102,0.4750620126724243,0.48766401410102844,0.5205720067024231,0.5499330163002014,0.5505329966545105,0.5664470195770264,0.5703690052032471,0.5686610341072083,0.5628949999809265,0.5455210208892822,0.548462987,0.5644950270652771,0.5706679821014404,0.5673239827156067,0.5708650350570679,0.5889829993247986,0.6136540174484253,0.6429440379142761,0.6769070029258728,0.7234920263290405,0.7423630356788635,0.7386400103569031,0.7408410310745239,54.88999938964844
0.15238600969314575,0.1497040092945099,0.1495020091533661,0.15270300209522247,0.1567860096693039,0.16437500715255737,0.17247900366783142,0.17694701254367828,0.1738540083169937,0.1719530075788498,0.17130599915981293,0.16904500126838684,0.1680160015821457,0.16702701151371002,0.16587699949741364,0.16458800435066223,0.16253100335597992,0.16067899763584137,0.1610950082540512,0.16383200883865356,0.17009200155735016,0.17920900881290436,0.18575800955295563,0.18680500984191895,0.19088900089263916,0.2006310075521469,0.21611200273036957,0.23547300696372986,0.2592430114746094,0.28554701805114746,0.31157100200653076,0.3350349962711334,0.35074901580810547,0.35457801818847656,0.353410006,0.3520730137825012,0.34978699684143066,0.34734901785850525,0.3476389944553375,0.3501240015029907,0.3500860035419464,0.34445199370384216,0.3376690149307251,0.33101701736450195,0.32316601276397705,0.3162040114402771,0.311598003,0.3117600083351135,0.31560400128364563,0.3187119960784912,0.314300001,0.318558007,0.32441699504852295,0.3249480128288269,0.3230940103530884,0.32357800006866455,0.3235189914703369,0.3192709982395172,0.3138279914855957,0.311149001,0.309347004,0.3056749999523163,0.3037000000476837,0.30288299918174744,0.3047040104866028,0.31570199131965637,0.33555299043655396,0.3611159920692444,0.38726601004600525,0.4126189947128296,0.437049001,0.4530799984931946,0.46630099415779114,0.473143995,0.4709480106830597,0.4686880111694336,0.47335100173950195,0.4851379990577698,0.5013560056686401,0.516726017,0.5321300029754639,0.5340650081634521,0.5276129841804504,0.5238230228424072,0.5202209949493408,0.5161280035972595,0.507981002,0.4965920150279999,0.48830899596214294,0.4813550114631653,0.47448500990867615,0.46914801001548767,0.4659020006656647,0.4635249972343445,0.4645860195159912,0.47741401195526123,0.5095160007476807,0.5360519886016846,0.5357000231742859,0.5535100102424622,0.5571230053901672,0.5533040165901184,0.5472270250320435,0.5311139822006226,0.5337499976158142,0.547635019,0.5536379814147949,0.5513539910316467,0.5556820034980774,0.5728800296783447,0.5965870022773743,0.6247699856758118,0.6564779877662659,0.6984779834747314,0.7163730263710022,0.7134160399436951,0.7147310376167297,50.310001373291016
0.14994600415229797,0.1476600021123886,0.14779400825500488,0.15090499818325043,0.1545329988002777,0.1615689992904663,0.16856200993061066,0.17145399749279022,0.16824500262737274,0.1664150059223175,0.16566599905490875,0.1635730117559433,0.16225600242614746,0.16123099625110626,0.16021199524402618,0.15898500382900238,0.15724800527095795,0.15582799911499023,0.15640799701213837,0.15900100767612457,0.16472099721431732,0.17270199954509735,0.17841500043869019,0.17948099970817566,0.18365900218486786,0.19346600770950317,0.20817700028419495,0.2253749966621399,0.24559400975704193,0.2673090100288391,0.28856101632118225,0.3076480031013489,0.3205670118331909,0.3238280117511749,0.32297900319099426,0.3219889998435974,0.32029399275779724,0.31840699911117554,0.3187279999256134,0.32103201746940613,0.32150501012802124,0.317781001,0.31327399611473083,0.30863499641418457,0.30257999897003174,0.2971149981021881,0.2937140166759491,0.2956019937992096,0.3008730113506317,0.30401700735092163,0.3009510040283203,0.3058120012283325,0.3121100068092346,0.3134090006351471,0.3124900162220001,0.3133780062198639,0.31330999732017517,0.3101010024547577,0.3057439923286438,0.3035080134868622,0.30212900042533875,0.29947301745414734,0.2979860007762909,0.2973780035972595,0.29947900772094727,0.31046801805496216,0.329802006,0.3546700179576874,0.38009700179100037,0.40424299240112305,0.42663300037384033,0.4395889937877655,0.44935500621795654,0.4541340172290802,0.45151200890541077,0.44849300384521484,0.45111599564552307,0.4599260091781616,0.4727180004119873,0.48464101552963257,0.49561700224876404,0.49607500433921814,0.49042001366615295,0.48712000250816345,0.48422300815582275,0.4813080132007599,0.4759320020675659,0.46851101517677307,0.46332401037216187,0.458514005,0.45331600308418274,0.4490800201892853,0.4464710056781769,0.4447540044784546,0.44620999693870544,0.4594680070877075,0.4899449944496155,0.5117239952087402,0.5100250244140625,0.5306000113487244,0.5336639881134033,0.5261179804801941,0.51968199,0.5060499906539917,0.5078359842300415,0.5174180269241333,0.5226830244064331,0.5221319794654846,0.5274770259857178,0.5426340103149414,0.564050019,0.5895190238952637,0.6169120073318481,0.6501290202140808,0.665664017,0.6636320352554321,0.6633350253105164,41.16999816894531
0.14879100024700165,0.14663700759410858,0.14687401056289673,0.14993400871753693,0.15331201255321503,0.1600930094718933,0.1665640026330948,0.16875000298023224,0.16552500426769257,0.16382800042629242,0.1630849987268448,0.16105100512504578,0.15961499512195587,0.15854600071907043,0.1575459986925125,0.15635399520397186,0.1547430008649826,0.15349699556827545,0.15413300693035126,0.15668199956417084,0.16214700043201447,0.16959300637245178,0.17493601143360138,0.17611300945281982,0.18031801283359528,0.19008900225162506,0.204351008,0.220660999,0.23950301110744476,0.25943201780319214,0.2787500023841858,0.2959340214729309,0.3074670135974884,0.3103559911251068,0.30964601039886475,0.30886000394821167,0.30746200680732727,0.30587801337242126,0.3062970042228699,0.3085390031337738,0.30926600098609924,0.3063949942588806,0.302931011,0.2991960048675537,0.2939099967479706,0.28907400369644165,0.28613901138305664,0.2887050211429596,0.29444900155067444,0.2974400222301483,0.2949090003967285,0.30006900429725647,0.3065609931945801,0.30819499492645264,0.30778899788856506,0.30897700786590576,0.309004009,0.30621400475502014,0.3022719919681549,0.30019399523735046,0.29900801181793213,0.2967810034751892,0.2954980134963989,0.2949430048465729,0.2970319986343384,0.30778399109840393,0.3264630138874054,0.3505130112171173,0.37531501054763794,0.39907801151275635,0.42097899317741394,0.4330250024795532,0.4416249990463257,0.4456980228424072,0.44301602244377136,0.4397819936275482,0.4415470063686371,0.44900399446487427,0.4601060152053833,0.470441997,0.47964102029800415,0.4796600043773651,0.4744659960269928,0.4713660180568695,0.46865400671958923,0.4659930169582367,0.4614100158214569,0.45524701476097107,0.4509440064430237,0.44680100679397583,0.44230201840400696,0.43860599398612976,0.436458021,0.4351699948310852,0.4369339942932129,0.4503529965877533,0.4801010191440582,0.4995180070400238,0.49704802,0.5191600322723389,0.5218150019645691,0.5126670002937317,0.505882978,0.4931569993495941,0.49464401602745056,0.5026379823684692,0.5078099966049194,0.5081620216369629,0.5140460133552551,0.5284640192985535,0.5490760207176208,0.5737000107765198,0.5991230010986328,0.6283280253410339,0.6430370211601257,0.6415860056877136,0.6403520107269287,36.599998474121094
0.1464250087738037,0.1445460021495819,0.14505299925804138,0.14805901050567627,0.1511020064353943,0.157491997,0.1631060093641281,0.16408000886440277,0.16078400611877441,0.15914900600910187,0.15833599865436554,0.15641699731349945,0.15474900603294373,0.1536320000886917,0.15274299681186676,0.15159600973129272,0.1502400040626526,0.14936000108718872,0.15013600885868073,0.15259601175785065,0.15765701234340668,0.1641790121793747,0.16891200840473175,0.17000600695610046,0.17389900982379913,0.18381600081920624,0.19802100956439972,0.21319299936294556,0.22959500551223755,0.2460620105266571,0.26155799627304077,0.27518999576568604,0.28424501419067383,0.2865520119667053,0.28603801131248474,0.2854740023612976,0.28453001379966736,0.28340399265289307,0.28388699889183044,0.2859710156917572,0.2870820164680481,0.2857609987258911,0.2841480076313019,0.2820259928703308,0.27816900610923767,0.2745070159435272,0.2724969983100891,0.27637001872062683,0.28321000933647156,0.28615301847457886,0.28460800647735596,0.290228009,0.2971310019493103,0.2993610203266144,0.29972100257873535,0.3012930154800415,0.3014010190963745,0.29937002062797546,0.29622000455856323,0.29443201422691345,0.29358401894569397,0.2920770049095154,0.29118502140045166,0.2908329963684082,0.29315701127052307,0.30407601594924927,0.3225470185279846,0.346111,0.3704090118408203,0.39342302083969116,0.41396501660346985,0.42374101281166077,0.4297430217266083,0.43222999572753906,0.42916402220726013,0.4253070056438446,0.4254480004310608,0.4304850101470947,0.43877601623535156,0.44640299677848816,0.4522629976272583,0.45113301277160645,0.44663602113723755,0.4439150094985962,0.44168099761009216,0.439750999,0.4370349943637848,0.4336950182914734,0.4315609931945801,0.42895302176475525,0.42575401067733765,0.4229860007762909,0.4214690029621124,0.4208509922027588,0.42300301790237427,0.43677300214767456,0.4654110074043274,0.4809040129184723,0.47723299264907837,0.5017560124397278,0.5040270090103149,0.49192801117897034,0.4846610128879547,0.4738579988479614,0.4747759997844696,0.47948601841926575,0.484265,0.4860680103302002,0.4929310083389282,0.5059700012207031,0.5250409841537476,0.5477579832077026,0.5697870254516602,0.5920860171318054,0.605167031,0.604744017,0.6023070216178894,27.450000762939453
0.14490801095962524,0.14316000044345856,0.14374300837516785,0.14668700098991394,0.14954300224781036,0.15570300817489624,0.16090700030326843,0.16126200556755066,0.15794900059700012,0.1563730090856552,0.15554900467395782,0.15368999540805817,0.15189699828624725,0.15076300501823425,0.1498820036649704,0.14876900613307953,0.14752300083637238,0.146807,0.14766401052474976,0.15006500482559204,0.15491700172424316,0.160971001,0.16540400683879852,0.16656100749969482,0.17061899602413177,0.18067499995231628,0.19459401071071625,0.2089890092611313,0.22416000068187714,0.2390580028295517,0.25288400053977966,0.2649500072002411,0.27289101481437683,0.2749110162258148,0.27449899911880493,0.27406901121139526,0.27336999773979187,0.27245602011680603,0.27299901843070984,0.27502700686454773,0.27632999420166016,0.27573299407958984,0.2749920189380646,0.27360400557518005,0.2703770101070404,0.26722902059555054,0.2656159996986389,0.27005699276924133,0.27736300230026245,0.280241996,0.27911701798439026,0.2849770188331604,0.2920420169830322,0.29452601075172424,0.29523301124572754,0.2970139980316162,0.2971549928188324,0.2954609990119934,0.2926259934902191,0.2909730076789856,0.29025501012802124,0.2890630066394806,0.2883230149745941,0.28801101446151733,0.29040899872779846,0.3013159930706024,0.3195599913597107,0.342862993,0.36684900522232056,0.3895930051803589,0.40961501002311707,0.41854602098464966,0.4235070049762726,0.42534899711608887,0.42212700843811035,0.4180389940738678,0.41747599840164185,0.42145001888275146,0.42845800518989563,0.4348840117454529,0.4392710030078888,0.4376920163631439,0.4334630072116852,0.43086302280426025,0.42876601219177246,0.4271010160446167,0.4251140058040619,0.4228990077972412,0.42162999510765076,0.4196000099182129,0.41697701811790466,0.41461899876594543,0.41338300704956055,0.41301700472831726,0.41534900665283203,0.4293000102043152,0.45745399594306946,0.47119101881980896,0.46690401434898376,0.4926780164241791,0.4946790039539337,0.4812770187854767,0.47368401288986206,0.46363601088523865,0.4642930030822754,0.46765899658203125,0.4722300171852112,0.47475001215934753,0.4820310175418854,0.4945079982280731,0.5129709839820862,0.5349950194358826,0.5554890036582947,0.5746620297431946,0.5870739817619324,0.5871440172195435,0.5839790105819702,22.87999916
0.14524000883102417,0.14359800517559052,0.14431600272655487,0.14729000627994537,0.15005101263523102,0.15612199902534485,0.16102899610996246,0.16088099777698517,0.15753300487995148,0.15601401031017303,0.15518200397491455,0.15338300168514252,0.15149199962615967,0.15033000707626343,0.14950400590896606,0.14840400218963623,0.14727801084518433,0.14671599864959717,0.1476619988679886,0.15006300806999207,0.1548200100660324,0.1605530083179474,0.1647769957780838,0.16586999595165253,0.16984599828720093,0.18003800511360168,0.19404299557209015,0.20815099775791168,0.22251500189304352,0.23620600998401642,0.2486400008201599,0.2593590021133423,0.2662999927997589,0.26807501912117004,0.2677430212497711,0.2674420177936554,0.26695600152015686,0.2662599980831146,0.2668420076370239,0.2688409984111786,0.2703309953212738,0.2704000174999237,0.2704319953918457,0.2696869969367981,0.2669910192489624,0.2642959952354431,0.2630020081996918,0.2679760158061981,0.2756810188293457,0.27849000692367554,0.2777380049228668,0.28383201360702515,0.29107901453971863,0.2938160002231598,0.29486802220344543,0.2968679964542389,0.2970699965953827,0.2956480085849762,0.29309600591659546,0.2915250062942505,0.2909319996833801,0.29000499844551086,0.28939899802207947,0.28915300965309143,0.29162299633026123,0.3025740087032318,0.3207090198993683,0.3438059985637665,0.36770501732826233,0.39030399918556213,0.4100330173969269,0.4183120131492615,0.42242202162742615,0.4236850142478943,0.4203540086746216,0.4159960150718689,0.4147980213165283,0.4177820086479187,0.42362600564956665,0.42894500494003296,0.4320950210094452,0.4301130175590515,0.4261319935321808,0.42361101508140564,0.4216020107269287,0.42011401057243347,0.4186829924583435,0.41739901900291443,0.4167670011520386,0.4152359962463379,0.41305601596832275,0.4110350012779236,0.410057008,0.4099940061569214,0.41248100996017456,0.42660900950431824,0.4543920159339905,0.4665430188179016,0.46165701746940613,0.48866400122642517,0.49046000838279724,0.47578901052474976,0.46795201301574707,0.45853400230407715,0.45899200439453125,0.4610840082168579,0.46562501788139343,0.4688360095024109,0.47658899426460266,0.4886209964752197,0.5066440105438232,0.5281400084495544,0.5474839806556702,0.5638960003852844,0.5757960081100464,0.5762100219726562,0.572333038,18.299999237060547
0.14448900520801544,0.14295700192451477,0.14376699924468994,0.14673499763011932,0.14940300583839417,0.15535500645637512,0.15998999774456024,0.15941300988197327,0.15598100423812866,0.15444400906562805,0.15355700254440308,0.15177400410175323,0.14975500106811523,0.1485700011253357,0.1477690041065216,0.14668400585651398,0.14564400911331177,0.14523400366306305,0.14623799920082092,0.14862100780010223,0.1532590091228485,0.15869399905204773,0.1627350002527237,0.163876012,0.16791000962257385,0.17832599580287933,0.19244199991226196,0.2062070071697235,0.21976999938488007,0.23225300014019012,0.24339400231838226,0.2528630197048187,0.25905799865722656,0.2606450021266937,0.2603360116481781,0.2600310146808624,0.2596000134944916,0.25895100831985474,0.2594970166683197,0.2614009976387024,0.26300302147865295,0.2635580003261566,0.2642170190811157,0.26400601863861084,0.26176899671554565,0.25942501425743103,0.25846999883651733,0.2639790177345276,0.2722780108451843,0.2752459943294525,0.2748290002346039,0.2810720205307007,0.2884950041770935,0.2914090156555176,0.29257500171661377,0.2945350110530853,0.29467499256134033,0.2934440076351166,0.29111599922180176,0.28960901498794556,0.2890640199184418,0.2883250117301941,0.2878020107746124,0.28763699531555176,0.2903220057487488,0.3016889989376068,0.32042500376701355,0.3441080152988434,0.3683110177516937,0.3908350169658661,0.4100780189037323,0.41744300723075867,0.4205790162086487,0.421191007,0.4175180196762085,0.41282302141189575,0.41105401515960693,0.4134170114994049,0.41860899329185486,0.4232270121574402,0.42507901787757874,0.4224240183830261,0.41844701766967773,0.416005015,0.41421401500701904,0.41306501626968384,0.41254401206970215,0.41252201795578003,0.41296401619911194,0.41205501556396484,0.410271019,0.4084150195121765,0.4074690043926239,0.4074070155620575,0.4099000096321106,0.4242730140686035,0.4519520103931427,0.4631740152835846,0.45801201462745667,0.48574399948120117,0.4873709976673126,0.47174501419067383,0.46375301480293274,0.4549970030784607,0.4551980197429657,0.45603999495506287,0.4602830111980438,0.46395599842071533,0.47199201583862305,0.48356300592422485,0.5010390281677246,0.5219709873199463,0.5404099822044373,0.5545960068702698,0.5659310221672058,0.5666220188140869,0.5624020099639893,13.729999542236328
0.1426910012960434,0.1413699984550476,0.14240500330924988,0.1454250067472458,0.14794400334358215,0.15371599793434143,0.15790000557899475,0.15644800662994385,0.15289001166820526,0.15133200585842133,0.1503560096025467,0.14861799776554108,0.14637699723243713,0.14513200521469116,0.14441300928592682,0.14337000250816345,0.14252100884914398,0.14237400889396667,0.14351500570774078,0.14590300619602203,0.15032100677490234,0.15518900752067566,0.1588600128889084,0.16029900312423706,0.1647070050239563,0.17538900673389435,0.18920500576496124,0.20191200077533722,0.213686004,0.2237910032272339,0.2322549968957901,0.23917700350284576,0.24363701045513153,0.24486300349235535,0.24467000365257263,0.24449700117111206,0.2443930059671402,0.2440440058708191,0.24463500082492828,0.24643799662590027,0.24837800860404968,0.250201017,0.25234001874923706,0.253354013,0.25215500593185425,0.2506310045719147,0.2503400146961212,0.2569650113582611,0.26632001996040344,0.26942500472068787,0.26968201994895935,0.27629301,0.2840840220451355,0.28739801049232483,0.28895100951194763,0.2910480201244354,0.291111022,0.29034000635147095,0.2884710133075714,0.2871430218219757,0.28676602244377136,0.2864360213279724,0.2861170172691345,0.28606700897216797,0.28892001509666443,0.300557017,0.31944799423217773,0.343189001,0.367357999,0.3896070122718811,0.4080750048160553,0.414093018,0.4156560003757477,0.4152730107307434,0.4112740159034729,0.4060800075531006,0.4032669961452484,0.4041849970817566,0.4077250063419342,0.41060400009155273,0.40991300344467163,0.40614601969718933,0.4024370014667511,0.40017199516296387,0.398703009,0.39817899465560913,0.39921700954437256,0.40151000022888184,0.403766006,0.4040520191192627,0.4031290113925934,0.40177199244499207,0.401062012,0.40123799443244934,0.40394899249076843,0.41865602135658264,0.44595199823379517,0.4548490047454834,0.44885802268981934,0.4784020185470581,0.4797240197658539,0.4619330167770386,0.4534980058670044,0.4459960162639618,0.44568902254104614,0.44396501779556274,0.44777899980545044,0.4524730145931244,0.46118199825286865,0.47177600860595703,0.4882130026817322,0.5079700350761414,0.5240570306777954,0.5332930088043213,0.5434579849243164,0.5447250008583069,0.5391690135002136,4.579999923706055
0.17240700125694275,0.1678600013256073,0.16581299901008606,0.16923600435256958,0.17605499923229218,0.18714700639247894,0.20214299857616425,0.2158930003643036,0.2132050096988678,0.21094700694084167,0.21097300946712494,0.20778700709342957,0.20828700065612793,0.20752599835395813,0.20565500855445862,0.20381200313568115,0.19993899762630463,0.1955289989709854,0.19497300684452057,0.19850200414657593,0.20806799829006195,0.22426199913024902,0.23533301055431366,0.23637300729751587,0.24066700041294098,0.24887600541114807,0.2669059932231903,0.2971560060977936,0.34038999676704407,0.39170199632644653,0.4438120126724243,0.4912260174751282,0.5229719877243042,0.5301660299301147,0.5271120071411133,0.523747981,0.5181879997253418,0.5125100016593933,0.5120260119438171,0.5153909921646118,0.5129179954528809,0.4974910020828247,0.4787349998950958,0.46135202050209045,0.4436730146408081,0.42845702171325684,0.41723501682281494,0.4078980088233948,0.4034020006656647,0.4059300124645233,0.3938220143318176,0.39414700865745544,0.3965190052986145,0.392085999,0.3840250074863434,0.3814690113067627,0.38110101222991943,0.37035199999809265,0.3582800030708313,0.35321900248527527,0.34865301847457886,0.3385629951953888,0.333189994,0.3307870030403137,0.3301810026168823,0.3386259973049164,0.35898199677467346,0.3864690065383911,0.4151950180530548,0.445715994,0.4810030162334442,0.515300989,0.5489370226860046,0.5680249929428101,0.5686910152435303,0.5710229873657227,0.5871270298957825,0.6149140000343323,0.6494420170783997,0.6818130016326904,0.7185310125350952,0.7274160385131836,0.716230035,0.7095069885253906,0.7023040056228638,0.6929479837417603,0.6722080111503601,0.6419839859008789,0.6187990307807922,0.6011450290679932,0.5852270126342773,0.573697031,0.5662190318107605,0.5596910119056702,0.5581449866294861,0.5682939887046814,0.607466996,0.6591100096702576,0.6653710007667542,0.6674209833145142,0.6740729808807373,0.688634992,0.6848639845848083,0.6566259860992432,0.6627160310745239,0.696120024,0.7048420310020447,0.6931650042533875,0.691785991,0.7173410058021545,0.7502830028533936,0.7893730401992798,0.8407320380210876,0.9229840040206909,0.9499810338020325,0.940358043,0.9479910135269165,82.33999633789062
0.1678760051727295,0.1637369990348816,0.16203700006008148,0.16527299582958221,0.17138400673866272,0.18158800899982452,0.19489499926567078,0.20650100708007812,0.20384500920772552,0.2018200010061264,0.20180299878120422,0.1988999992609024,0.19911299645900726,0.19829601049423218,0.19661900401115417,0.19492299854755402,0.19148600101470947,0.18768300116062164,0.1873670071363449,0.19072400033473969,0.19955700635910034,0.2141830027103424,0.22422701120376587,0.2252430021762848,0.22951000928878784,0.23798400163650513,0.2554260194301605,0.28346699476242065,0.3228050172328949,0.3690589964389801,0.41589102149009705,0.458407998,0.48675400018692017,0.4932120144367218,0.4906890094280243,0.4879159927368164,0.48317399621009827,0.4783309996128082,0.4781779944896698,0.48150399327278137,0.47958800196647644,0.4662020206451416,0.44994500279426575,0.4347900152206421,0.419187993,0.40573400259017944,0.39586901664733887,0.3884960114955902,0.38563400506973267,0.3881630003452301,0.3777160048484802,0.37907299399375916,0.3822849988937378,0.3790220022201538,0.37258100509643555,0.37100300192832947,0.3708679974079132,0.3616420030593872,0.351065993,0.34653401374816895,0.3426560163497925,0.3340960144996643,0.32954901456832886,0.32749199867248535,0.32743600010871887,0.3363569974899292,0.35638800263404846,0.38322800397872925,0.4114130139350891,0.44107002,0.4744900166988373,0.5052689909934998,0.534841001,0.5515580177307129,0.5517489910125732,0.5531960129737854,0.5669879913330078,0.5915700197219849,0.6223919987678528,0.6515510082244873,0.6848000288009644,0.6928510069847107,0.6827930212020874,0.676613986,0.6699600219726562,0.6612229943275452,0.6422250270843506,0.6148810386657715,0.5938929915428162,0.5779309868812561,0.5636990070343018,0.553462029,0.5469450354576111,0.541458011,0.5405980348587036,0.5513780117034912,0.5894039869308472,0.6361600160598755,0.6409860253334045,0.6465530395507812,0.6528030037879944,0.6636480093002319,0.6594449877738953,0.633154035,0.638713002,0.6690660119056702,0.6775889992713928,0.6678900122642517,0.6676819920539856,0.6921579837799072,0.724016011,0.7619040012359619,0.8103700280189514,0.886620045,0.9128470420837402,0.9046540260314941,0.9110960364341736,77.75
0.16879700124263763,0.16501300036907196,0.16363100707530975,0.16669900715351105,0.17218400537967682,0.18160800635814667,0.19338800013065338,0.20306900143623352,0.20039799809455872,0.19854500889778137,0.19844099879264832,0.19575800001621246,0.1956780105829239,0.19482900202274323,0.1932380050420761,0.1916380077600479,0.18855500221252441,0.1852390021085739,0.18507900834083557,0.18824400007724762,0.19635699689388275,0.20947399735450745,0.21850700676441193,0.219418004,0.22342699766159058,0.23198799788951874,0.24876300990581512,0.2745180130004883,0.30983099341392517,0.3508110046386719,0.392071009,0.4294060170650482,0.4540730118751526,0.45973601937294006,0.45768100023269653,0.4554600119590759,0.4515640139579773,0.4475429952144623,0.4476120173931122,0.450765997,0.44942501187324524,0.43818899989128113,0.4244910180568695,0.41163599491119385,0.39809802174568176,0.3863980174064636,0.37789300084114075,0.3722900152206421,0.3707840144634247,0.3731350004673004,0.36423301696777344,0.3664129972457886,0.3702090084552765,0.36795300245285034,0.36297500133514404,0.3622400164604187,0.36234599351882935,0.3545120060443878,0.3453049957752228,0.3413180112838745,0.33804401755332947,0.3308899998664856,0.3270620107650757,0.3253439962863922,0.32565900683403015,0.33474501967430115,0.35394302010536194,0.37953901290893555,0.40651899576187134,0.4348849952220917,0.466154009,0.4933589994907379,0.5187870264053345,0.5330579876899719,0.5329049825668335,0.533623993,0.5450760126113892,0.5660380125045776,0.5925580263137817,0.617775023,0.6466900110244751,0.6536870002746582,0.644989014,0.6395649909973145,0.633650005,0.6258969902992249,0.609154999,0.5851730108261108,0.5666419863700867,0.5525220036506653,0.5401670336723328,0.5314300060272217,0.5261009931564331,0.5217800140380859,0.5216259956359863,0.5327479839324951,0.5688779950141907,0.6099470257759094,0.6131930351257324,0.6219910383224487,0.6276540160179138,0.6349819898605347,0.630361021,0.6065120100975037,0.6115819811820984,0.6383640170097351,0.6467040181159973,0.6390700340270996,0.6401100158691406,0.6628749966621399,0.6928369998931885,0.7282930016517639,0.7723749876022339,0.839614987,0.8637840151786804,0.8572630286216736,0.8625150322914124,73.19000244140625
0.15994401276111603,0.15644900500774384,0.15529800951480865,0.15820100903511047,0.16316699981689453,0.17199400067329407,0.18265500664710999,0.19089800119400024,0.18826501071453094,0.18659000098705292,0.1865060031414032,0.18402200937271118,0.1837570071220398,0.18288899958133698,0.181411013,0.17991800606250763,0.17714400589466095,0.17422699928283691,0.17420999705791473,0.17725400626659393,0.18484900891780853,0.1969050019979477,0.20522800087928772,0.2061389982700348,0.20997799932956696,0.21864700317382812,0.23509900271892548,0.2595269978046417,0.2923470139503479,0.3301669955253601,0.3681420087814331,0.4024900197982788,0.42515599727630615,0.43035900592803955,0.4285460114479065,0.426595002,0.42314499616622925,0.4195820093154907,0.4198170006275177,0.42291802167892456,0.4219460189342499,0.4120219945907593,0.39995601773262024,0.3885599970817566,0.37633201479911804,0.36573100090026855,0.3581250011920929,0.35384899377822876,0.3534820079803467,0.3557949960231781,0.3479270040988922,0.35075801610946655,0.35515502095222473,0.3536600172519684,0.34965699911117554,0.34950700402259827,0.34976401925086975,0.34282299876213074,0.33454200625419617,0.3309229910373688,0.32809099555015564,0.32184499502182007,0.3185270130634308,0.3169949948787689,0.3175620138645172,0.3267900049686432,0.3455919921398163,0.37071600556373596,0.39743801951408386,0.42542099952697754,0.45565399527549744,0.4806690216064453,0.5034729838371277,0.5161960124969482,0.5156800150871277,0.5158060193061829,0.5257030129432678,0.5445799827575684,0.568763018,0.5919179916381836,0.6182079911231995,0.6243119835853577,0.6162000298500061,0.6111609935760498,0.6056730151176453,0.5985029935836792,0.5832650065422058,0.5614660382270813,0.5446510314941406,0.531760037,0.5204700231552124,0.5124990344047546,0.5077419877052307,0.5040000081062317,0.5042710304260254,0.5160220265388489,0.5517200231552124,0.5896369814872742,0.5916209816932678,0.6032090187072754,0.6088230013847351,0.6135849952697754,0.6085270047187805,0.5856760144233704,0.5903170108795166,0.6147140264511108,0.6228309869766235,0.6163849830627441,0.6182500123977661,0.6402130126953125,0.6692129969596863,0.7036830186843872,0.7452520132064819,0.8077059984207153,0.8307080268859863,0.8252630233764648,0.8300899863243103,68.61000061035156
0.15586601197719574,0.1528570055961609,0.15215100347995758,0.15496601164340973,0.15921901166439056,0.16717000305652618,0.17604300379753113,0.18188999593257904,0.17911599576473236,0.17756900191307068,0.1773339956998825,0.17508099973201752,0.17441099882125854,0.1734820008277893,0.17216600477695465,0.17078600823879242,0.16847699880599976,0.16618800163269043,0.16639700531959534,0.1691950112581253,0.17590700089931488,0.1860320121049881,0.19309000670909882,0.19399599730968475,0.19784100353717804,0.20668300986289978,0.22206901013851166,0.24319499731063843,0.27044400572776794,0.30110201239585876,0.331589013,0.35908299684524536,0.3771730065345764,0.38144001364707947,0.38016101717948914,0.3788210153579712,0.3762969970703125,0.3736410140991211,0.37401801347732544,0.3768320083618164,0.376569003,0.3694850206375122,0.3608660101890564,0.3525350093841553,0.34310999512672424,0.33486300706863403,0.32911601662635803,0.3274269998073578,0.3292660117149353,0.3316360116004944,0.3259040117263794,0.3297269940376282,0.3349339962005615,0.3347409963607788,0.33243900537490845,0.33306899666786194,0.3333730101585388,0.32822999358177185,0.3217810094356537,0.31880900263786316,0.31673499941825867,0.3122580051422119,0.3098360002040863,0.30868199467658997,0.30979400873184204,0.3193719983100891,0.3375059962272644,0.3615410029888153,0.38712599873542786,0.41338300704956055,0.44045400619506836,0.4603469967842102,0.47744399309158325,0.4867730140686035,0.4855630099773407,0.48444101214408875,0.49108201265335083,0.5052040219306946,0.523855984,0.5417299866676331,0.5615060329437256,0.5656329989433289,0.5589420199394226,0.5547280311584473,0.5502780079841614,0.5447620153427124,0.5333520174026489,0.5172410011291504,0.5048670172691345,0.4950979948043823,0.48650699853897095,0.48037299513816833,0.47685399651527405,0.4743250012397766,0.4753569960594177,0.48776301741600037,0.5209890007972717,0.5512290000915527,0.5513499975204468,0.5672860145568848,0.5717459917068481,0.5708749890327454,0.5651530027389526,0.5462149977684021,0.5498009920120239,0.5682179927825928,0.5754460096359253,0.5718219876289368,0.5754089951515198,0.5945209860801697,0.6205170154571533,0.6513850092887878,0.686879039,0.7365689873695374,0.7567359805107117,0.7529410123825073,0.755403996,59.459999084472656
0.15153400599956512,0.148934007,0.14860600233078003,0.1513810008764267,0.15511099994182587,0.16237200796604156,0.16991500556468964,0.1739090085029602,0.1710200011730194,0.169498011,0.16910099983215332,0.16700001060962677,0.1659960001707077,0.1650170087814331,0.16385500133037567,0.16256800293922424,0.160630003,0.15884900093078613,0.15926200151443481,0.16189299523830414,0.1678910106420517,0.17656700313091278,0.18267200887203217,0.18369300663471222,0.18763799965381622,0.1967730075120926,0.21152400970458984,0.2301120012998581,0.253030002,0.27810201048851013,0.3027530014514923,0.32493001222610474,0.3395320177078247,0.343066007,0.34209901094436646,0.3410769999027252,0.33918899297714233,0.3371190130710602,0.337552011,0.3400779962539673,0.3403109908103943,0.33534401655197144,0.32930999994277954,0.3232960104942322,0.31601500511169434,0.3095320165157318,0.3052290081977844,0.30560100078582764,0.3092699944972992,0.3118230104446411,0.3076989948749542,0.31217899918556213,0.31801000237464905,0.31874701380729675,0.3175010085105896,0.3185320198535919,0.3187960088253021,0.3149070143699646,0.30980199575424194,0.307310015,0.30573999881744385,0.30247899889945984,0.3006660044193268,0.29987502098083496,0.30149900913238525,0.3116630017757416,0.32998499274253845,0.35384801030158997,0.3788500130176544,0.40380600094795227,0.4282210171222687,0.4440010190010071,0.45663800835609436,0.4632140100002289,0.4612340033054352,0.4590280055999756,0.46311500668525696,0.47366800904273987,0.488288015,0.5022220015525818,0.5167070031166077,0.5189400315284729,0.5131270289421082,0.5095289945602417,0.5059670209884644,0.501820982,0.4936950206756592,0.48237401247024536,0.4738300144672394,0.4667850136756897,0.4602479934692383,0.455454022,0.4527589976787567,0.45100900530815125,0.45251500606536865,0.4653780162334442,0.4967000186443329,0.5212610363960266,0.5199639797210693,0.5390070080757141,0.5425280332565308,0.537447989,0.5311940312385559,0.515457034,0.5180280208587646,0.5313699841499329,0.5376940369606018,0.5361559987068176,0.5409390330314636,0.5577380061149597,0.581121027,0.6088259816169739,0.6393170356750488,0.6786879897117615,0.6962379813194275,0.6936560273170471,0.6943470239639282,50.310001373291016
0.15032100677490234,0.1478620022535324,0.1476380079984665,0.15026900172233582,0.15369801223278046,0.16064099967479706,0.16752900183200836,0.1706790030002594,0.1678059995174408,0.16649100184440613,0.1661510020494461,0.16415201127529144,0.16303201019763947,0.16200600564479828,0.16087199747562408,0.15959399938583374,0.15779100358486176,0.1562260091304779,0.15669600665569305,0.1592400074005127,0.1649780124425888,0.17304401099681854,0.17867900431156158,0.17962001264095306,0.18332800269126892,0.19238300621509552,0.20685499906539917,0.22478699684143066,0.24652500450611115,0.26997101306915283,0.2928979992866516,0.3133310079574585,0.3265880048274994,0.3297100067138672,0.3289009928703308,0.32815900444984436,0.32664600014686584,0.32495999336242676,0.3255299925804138,0.32805100083351135,0.3285900056362152,0.32451900839805603,0.31953999400138855,0.31440499424934387,0.3078550100326538,0.3019919991493225,0.29809701442718506,0.29907000064849854,0.303041011,0.3052090108394623,0.30161499977111816,0.30651700496673584,0.3125630021095276,0.3136940002441406,0.3131749927997589,0.31476500630378723,0.31524401903152466,0.3118320107460022,0.3071320056915283,0.30480900406837463,0.3034680187702179,0.300696999,0.29913800954818726,0.29837700724601746,0.29991501569747925,0.3096269965171814,0.3268290162086487,0.3494900166988373,0.37381601333618164,0.39846301078796387,0.42267701029777527,0.437824011,0.449396014,0.45535001158714294,0.45344001054763794,0.45107701420783997,0.4542800188064575,0.4633069932460785,0.47596800327301025,0.4882130026817322,0.5013020038604736,0.5034300088882446,0.4981890022754669,0.49474501609802246,0.4912030100822449,0.48701801896095276,0.4791570007801056,0.4684320092201233,0.4601150155067444,0.4533520042896271,0.4474160075187683,0.4432550072669983,0.4411410093307495,0.4400170147418976,0.4418870210647583,0.45506301522254944,0.4857650101184845,0.5076900124549866,0.5052180290222168,0.5264210104942322,0.5298290252685547,0.5228959918022156,0.5161129832267761,0.500901997,0.5033619999885559,0.5154590010643005,0.5219290256500244,0.5214099884033203,0.5269539952278137,0.5432550311088562,0.5662350058555603,0.5934209823608398,0.6222890019416809,0.6581259965896606,0.6749520301818848,0.6731280088424683,0.673022985,45.74000168
0.1468220055103302,0.14477699995040894,0.1449899971485138,0.14767199754714966,0.15066000819206238,0.15706099569797516,0.16272500157356262,0.16395799815654755,0.1609240025281906,0.1596830040216446,0.15922300517559052,0.15740101039409637,0.15590299665927887,0.15480400621891022,0.15380100905895233,0.15262700617313385,0.15121500194072723,0.1501930058002472,0.15092600882053375,0.15339800715446472,0.1585640013217926,0.1653200089931488,0.17011000216007233,0.17104899883270264,0.17473401129245758,0.1843160092830658,0.1986439973115921,0.2146809995174408,0.23255200684070587,0.25079700350761414,0.2681080102920532,0.2833290100097656,0.2930610179901123,0.29538601636886597,0.29488101601600647,0.29447701573371887,0.293612003,0.29253602027893066,0.29319801926612854,0.2954829931259155,0.2965890169143677,0.29475700855255127,0.29250600934028625,0.2897440195083618,0.285290003,0.2811570167541504,0.278656006,0.28171899914741516,0.28756600618362427,0.2898560166358948,0.2877810001373291,0.2934440076351166,0.3001759946346283,0.3022319972515106,0.30274999141693115,0.30477699637413025,0.30524900555610657,0.3029940128326416,0.29949501156806946,0.2976289987564087,0.296750009,0.2950650155544281,0.29408499598503113,0.2936110198497772,0.29565802216529846,0.3059450089931488,0.3234260082244873,0.346094012,0.37006500363349915,0.3936690092086792,0.4156250059604645,0.427046001,0.4344640076160431,0.43786001205444336,0.4352080225944519,0.4318160116672516,0.4325440227985382,0.43808501958847046,0.44681301712989807,0.4551759958267212,0.4630959928035736,0.46333199739456177,0.45893600583076477,0.456059992,0.45329999923706055,0.4503970146179199,0.4456930160522461,0.4395979940891266,0.43498802185058594,0.43077901005744934,0.4268530011177063,0.42398500442504883,0.4226730167865753,0.42229101061820984,0.424672008,0.4384630024433136,0.4676450192928314,0.48403599858283997,0.4799080193042755,0.5047309994697571,0.5074430108070374,0.49615100026130676,0.4887630045413971,0.47638601064682007,0.4778680205345154,0.4848549962043762,0.49059200286865234,0.4922100007534027,0.4990839958190918,0.5133790373802185,0.5338690280914307,0.5583190321922302,0.5819399952888489,0.6073809862136841,0.6217759847640991,0.6213899850845337,0.6195780038833618,32.02000045776367
0.14625900983810425,0.14434900879859924,0.1446869969367981,0.1473200023174286,0.15010599792003632,0.1562730073928833,0.16148801147937775,0.16211600601673126,0.15903399884700775,0.15783099830150604,0.15732701122760773,0.15554000437259674,0.15391600131988525,0.15279801189899445,0.1518380045890808,0.15068399906158447,0.14937999844551086,0.1485300064086914,0.14931000769138336,0.15170501172542572,0.15663500130176544,0.16285701096057892,0.16728800535202026,0.1682550013065338,0.1719910055398941,0.18161900341510773,0.1955690085887909,0.21061700582504272,0.22702500224113464,0.24337200820446014,0.25868499279022217,0.2719780206680298,0.28039801120758057,0.2824009954929352,0.2820020020008087,0.28173500299453735,0.28111201524734497,0.28028401732444763,0.28097599744796753,0.28318801522254944,0.2844630181789398,0.2834230065345764,0.2821100056171417,0.2801710069179535,0.2764570116996765,0.27291199564933777,0.2708809971809387,0.2745180130004883,0.28079700469970703,0.2829990088939667,0.28142499923706055,0.28725799918174744,0.294064999,0.2963770031929016,0.2972640097141266,0.29945501685142517,0.29994601011276245,0.2980619966983795,0.29494601488113403,0.29324501752853394,0.29251599311828613,0.2912040054798126,0.29039299488067627,0.2899940013885498,0.2920590043067932,0.30222100019454956,0.31919801235198975,0.34119901061058044,0.36455202102661133,0.3874890208244324,0.4085879921913147,0.41887301206588745,0.4250580072402954,0.4276530146598816,0.4249210059642792,0.4212920069694519,0.42123299837112427,0.42551299929618835,0.4327020049095154,0.43954500555992126,0.44565901160240173,0.44536301493644714,0.4414040148258209,0.43876999616622925,0.43626001477241516,0.4337240159511566,0.4300040006637573,0.4253790080547333,0.42186200618743896,0.41844502091407776,0.4152420163154602,0.41287901997566223,0.41193100810050964,0.4119360148906708,0.4145219922065735,0.42837199568748474,0.45663800835609436,0.4708240032196045,0.4660719931125641,0.4919320046901703,0.49428001046180725,0.4816020131111145,0.4740280210971832,0.4626980125904083,0.46382200717926025,0.4690510034561157,0.4744960069656372,0.4768890142440796,0.4841970205307007,0.4976150095462799,0.517087996,0.5402719974517822,0.5619410276412964,0.5834630131721497,0.5967810153961182,0.5969489812850952,0.5943570137023926,27.450000762939453
0.14455300569534302,0.14310400187969208,0.14385400712490082,0.14639900624752045,0.1486710011959076,0.15420399606227875,0.15807600319385529,0.15665900707244873,0.1534540057182312,0.15242700278759003,0.15185301005840302,0.15026000142097473,0.14821501076221466,0.14702600240707397,0.1461860090494156,0.14511100947856903,0.14422200620174408,0.14393500983715057,0.1449510008096695,0.14722000062465668,0.1515129953622818,0.15625,0.15970000624656677,0.16050000488758087,0.16397200524806976,0.17378799617290497,0.18730901181697845,0.20038099586963654,0.21300600469112396,0.22416700422763824,0.23374100029468536,0.2415200024843216,0.24608899652957916,0.24711400270462036,0.24707099795341492,0.2472739964723587,0.24749299883842468,0.24744699895381927,0.24831700325012207,0.2503490149974823,0.25238099694252014,0.25395700335502625,0.2557310163974762,0.25635001063346863,0.2548139989376068,0.2530359923839569,0.25239402055740356,0.25811800360679626,0.26597699522972107,0.26799100637435913,0.26797401905059814,0.2745870053768158,0.2819429934024811,0.2851020097732544,0.28713899850845337,0.2899180054664612,0.2904820144176483,0.289683998,0.28765401244163513,0.28633999824523926,0.28604599833488464,0.2857150137424469,0.28545400500297546,0.28524699807167053,0.2875380218029022,0.297635019,0.3137200176715851,0.33469799160957336,0.3571680188179016,0.3789740204811096,0.3983380198478699,0.4057680070400238,0.40856102108955383,0.40907400846481323,0.4059180021286011,0.4014890193939209,0.3991149961948395,0.3998660147190094,0.4027950167655945,0.4054870009422302,0.4064520001411438,0.4044080078601837,0.4013580083847046,0.3991439938545227,0.39717501401901245,0.39560699462890625,0.39460301399230957,0.3941749930381775,0.3938159942626953,0.3926360011100769,0.39132699370384216,0.3902890086174011,0.3902600109577179,0.39123600721359253,0.39437201619148254,0.4088990092277527,0.43562301993370056,0.4436050057411194,0.43674302101135254,0.4669110178947449,0.4685550034046173,0.451106995,0.4425100088119507,0.43384701013565063,0.43401700258255005,0.4340119957923889,0.43886899948120117,0.44367000460624695,0.4526059925556183,0.46380701661109924,0.4810570180416107,0.5016729831695557,0.5180050134658813,0.5283370018005371,0.5391629934310913,0.5407559871673584,0.5354990363121033,9.159999847
0.14305900037288666,0.14172899723052979,0.1425970047712326,0.14517199993133545,0.14738799631595612,0.1528339982032776,0.15644600987434387,0.15460500121116638,0.15136800706386566,0.15038500726222992,0.1497890055179596,0.14826500415802002,0.14612101018428802,0.1449190080165863,0.14413399994373322,0.14309599995613098,0.14232300221920013,0.14221499860286713,0.14332599937915802,0.14561499655246735,0.14980600774288177,0.15424400568008423,0.15748299658298492,0.1585480123758316,0.16244299709796906,0.17260000109672546,0.1859620064496994,0.1984270066022873,0.21008099615573883,0.21994200348854065,0.22811099886894226,0.23450399935245514,0.23807799816131592,0.2388550043106079,0.23888801038265228,0.23919300734996796,0.23958100378513336,0.2397110015153885,0.2406120002269745,0.24258799850940704,0.24479500949382782,0.2470110058784485,0.24952000379562378,0.2507690191268921,0.24973900616168976,0.24838700890541077,0.2480660080909729,0.2543199956417084,0.26266300678253174,0.2646940052509308,0.2650250196456909,0.27183300256729126,0.2793720066547394,0.2827170193195343,0.28499099612236023,0.28786900639533997,0.28844499588012695,0.28788700699806213,0.28607800602912903,0.28484800457954407,0.2846490144729614,0.2845340073108673,0.2843930125236511,0.2842850089073181,0.2867650091648102,0.29719799757003784,0.3137179911136627,0.3350749909877777,0.3577270209789276,0.37949901819229126,0.3983920216560364,0.4050000011920929,0.4068460166454315,0.4066980183124542,0.40326201915740967,0.39849501848220825,0.3954930007457733,0.39538902044296265,0.39735201,0.3990720212459564,0.398701012,0.39608702063560486,0.39319300651550293,0.39103999733924866,0.38920900225639343,0.38786301016807556,0.387580007,0.3882319927215576,0.388714999,0.38808000087738037,0.38721901178359985,0.3864700198173523,0.38659700751304626,0.387703001,0.3909600079059601,0.40564799308776855,0.4321019947528839,0.43880102038383484,0.43148499727249146,0.4627140164375305,0.46401000022888184,0.44549301266670227,0.4366690218448639,0.42872801423072815,0.42866700887680054,0.4274040162563324,0.4320870041847229,0.43751299381256104,0.44689300656318665,0.4576849937438965,0.4744720160961151,0.49454399943351746,0.5097309947013855,0.5174999833106995,0.5277699828147888,0.52967,0.52384299,4.579999923706055
0.14173200726509094,0.14047600328922272,0.14140300452709198,0.14391900599002838,0.14597800374031067,0.15123601257801056,0.15452300012111664,0.15223300457000732,0.14896900951862335,0.148033008,0.1474049985408783,0.14589300751686096,0.14365799725055695,0.142425999,0.1416430026292801,0.1406020075082779,0.1399020105600357,0.13989000022411346,0.1410280019044876,0.1432420015335083,0.14726901054382324,0.15134499967098236,0.15433500707149506,0.15538500249385834,0.1592550128698349,0.16940000653266907,0.1825380027294159,0.19447501003742218,0.2052289992570877,0.21394100785255432,0.22080500423908234,0.225942001,0.22857800126075745,0.2290859967470169,0.22917599976062775,0.22957199811935425,0.23016200959682465,0.23047199845314026,0.23140200972557068,0.23334799706935883,0.23574399948120117,0.23854400217533112,0.24175500869750977,0.24354100227355957,0.24297499656677246,0.24197600781917572,0.24193699657917023,0.24856600165367126,0.2571749985218048,0.2591170072555542,0.2597010135650635,0.266635001,0.27424201369285583,0.2777639925479889,0.28026100993156433,0.2832539975643158,0.2838580012321472,0.28349700570106506,0.28189200162887573,0.28075000643730164,0.2806220054626465,0.280692995,0.28063201904296875,0.2805440127849579,0.2829910218715668,0.29331400990486145,0.30947500467300415,0.33036500215530396,0.35263901948928833,0.37410300970077515,0.39266401529312134,0.3987570106983185,0.3999690115451813,0.3994460105895996,0.3959520161151886,0.3910430073738098,0.38756099343299866,0.38668400049209595,0.3876799941062927,0.388482004,0.3870440125465393,0.38413700461387634,0.38144201040267944,0.3793630003929138,0.37762001156806946,0.3764220178127289,0.37661200761795044,0.37804099917411804,0.3790439963340759,0.3787910044193268,0.3783680200576782,0.377890021,0.3782770037651062,0.379597008,0.3829980194568634,0.39775002002716064,0.42374899983406067,0.4290830194950104,0.42126500606536865,0.45340901613235474,0.45445600152015686,0.4349460005760193,0.4259220063686371,0.418487012,0.41819801926612854,0.41580700874328613,0.42041000723838806,0.426362008,0.43606001138687134,0.4463750123977661,0.46274101734161377,0.48219600319862366,0.4961700141429901,0.5014140009880066,0.5111550092697144,0.5133619904518127,0.5069400072097778,0
0.17492300271987915,0.1700820028781891,0.1675260066986084,0.1702430099248886,0.17696399986743927,0.1881529986858368,0.20343101024627686,0.2180580049753189,0.21589399874210358,0.2143630087375641,0.2150070071220398,0.21196500957012177,0.21274200081825256,0.2119790017604828,0.20991800725460052,0.20801399648189545,0.20397301018238068,0.19929400086402893,0.19861800968647003,0.20216600596904755,0.21198000013828278,0.2286660075187683,0.23991800844669342,0.24041800200939178,0.24387900531291962,0.2510090172290802,0.2691740095615387,0.30146801471710205,0.34816601872444153,0.4032210111618042,0.45882099866867065,0.5089859962463379,0.5418239831924438,0.5488529801368713,0.5456990003585815,0.5424650311470032,0.536961019,0.5313740372657776,0.5311830043792725,0.5349200367927551,0.5323399901390076,0.5160239934921265,0.49620500206947327,0.47773000597953796,0.45900699496269226,0.44293302297592163,0.4307959973812103,0.419856995,0.4131790101528168,0.41423100233078003,0.40103399753570557,0.40130701661109924,0.4030489921569824,0.3981480002403259,0.39039701223373413,0.38885101675987244,0.3892890214920044,0.37795400619506836,0.3649829924106598,0.3596709966659546,0.3549500107765198,0.3442850112915039,0.3386560082435608,0.33582600951194763,0.33404600620269775,0.3398270010948181,0.3557340204715729,0.37908101081848145,0.4057980179786682,0.43727701902389526,0.4765869975090027,0.5160980224609375,0.5541180372238159,0.5758230090141296,0.5778279900550842,0.5814270377159119,0.5989829897880554,0.6279140114784241,0.663237989,0.6969990134239197,0.7377080321311951,0.7491090297698975,0.7382609844207764,0.7312090396881104,0.7229610085487366,0.711555004,0.6867210268974304,0.6509100198745728,0.6226249933242798,0.6015620231628418,0.5840889811515808,0.5722749829292297,0.5652720332145691,0.5593850016593933,0.5582320094108582,0.567779005,0.607416034,0.6608679890632629,0.6665949821472168,0.6681430339813232,0.6757429838180542,0.6925849914550781,0.6887080073356628,0.6575750112533569,0.6648020148277283,0.7027040123939514,0.7131460309028625,0.7009190320968628,0.6991890072822571,0.7267360091209412,0.7621650099754333,0.8039259910583496,0.858040988,0.9462690353393555,0.9756399989128113,0.965889037,0.9741899967193604,86.91999816894531
0.169063002,0.16470199823379517,0.16253100335597992,0.1650790125131607,0.17101700603961945,0.1811700016260147,0.1945440024137497,0.20673400163650513,0.20455600321292877,0.20321699976921082,0.2037450075149536,0.2010270059108734,0.20151300728321075,0.20078100264072418,0.1989459991455078,0.19721199572086334,0.19369100034236908,0.18966500461101532,0.1892080008983612,0.19251200556755066,0.20140300691127777,0.21620000898838043,0.22621899843215942,0.22674500942230225,0.23012199997901917,0.23746100068092346,0.25465601682662964,0.28384801745414734,0.325423002,0.37422099709510803,0.42358100414276123,0.4682120084762573,0.49751800298690796,0.5040470361709595,0.5016050338745117,0.4991860091686249,0.49468299746513367,0.49001699686050415,0.49012401700019836,0.4938250184059143,0.49203699827194214,0.47814100980758667,0.46122199296951294,0.44531601667404175,0.4289660155773163,0.41488102078437805,0.4043460190296173,0.39563900232315063,0.390841007,0.3919239938259125,0.3806230127811432,0.3819569945335388,0.38454800844192505,0.3808860182762146,0.3748359978199005,0.3742000162601471,0.37479400634765625,0.36518001556396484,0.3539220094680786,0.3492189943790436,0.3452740013599396,0.3363720178604126,0.3316430151462555,0.3292289972305298,0.32807299494743347,0.33447399735450745,0.3501189947128296,0.3727550208568573,0.39876699447631836,0.42895302176475525,0.4655880033969879,0.5006409883499146,0.5338039994239807,0.552827001,0.554364026,0.5570570230484009,0.5720880031585693,0.5974119901657104,0.6286100149154663,0.6586610078811646,0.6953160166740417,0.7058629989624023,0.696162999,0.6896730065345764,0.682112992,0.671750009,0.6493880152702332,0.6171340346336365,0.5916810035705566,0.5727109909057617,0.5571320056915283,0.5467619895935059,0.5408450365066528,0.5359979867935181,0.5355250239372253,0.5458080172538757,0.5840780138969421,0.632095993,0.6361899971961975,0.6415179967880249,0.6483660340309143,0.6611080169677734,0.6567180156707764,0.6280530095100403,0.634725034,0.6689389944076538,0.6791769862174988,0.6689150333404541,0.6686170101165771,0.694687009,0.7286080121994019,0.7687489986419678,0.8197190165519714,0.9006659984588623,0.9286280274391174,0.9201400279998779,0.9271610379219055,82.33000183105469
0.16665500402450562,0.1626809984445572,0.1608870029449463,0.16333600878715515,0.16865000128746033,0.17802201211452484,0.189861,0.20004700124263763,0.19780100882053375,0.19653800129890442,0.19693300127983093,0.1944110095500946,0.1945970058441162,0.1938050091266632,0.19213099777698517,0.1905220001935959,0.187375009,0.18387500941753387,0.18359600007534027,0.18671400845050812,0.19486500322818756,0.20813100039958954,0.21716800332069397,0.2175379991531372,0.2205590009689331,0.22815100848674774,0.24493099749088287,0.27190500497817993,0.30925101041793823,0.35254499316215515,0.3960680067539215,0.4352959990501404,0.46098801493644714,0.4667699933052063,0.4647430181503296,0.462772012,0.45900601148605347,0.4550890028476715,0.45535901188850403,0.45882701873779297,0.45761099457740784,0.4459410011768341,0.43167799711227417,0.4181880056858063,0.40404000878334045,0.3917980194091797,0.382750005,0.3761399984359741,0.373196006,0.3744699954986572,0.3648730218410492,0.36707600951194763,0.3704740107059479,0.36794400215148926,0.3632590174674988,0.36325299739837646,0.36390501260757446,0.3557250201702118,0.3459700047969818,0.34185001254081726,0.33853399753570557,0.3310920000076294,0.3271290063858032,0.32506200671195984,0.3244929909706116,0.3315829932689667,0.34739401936531067,0.36994999647140503,0.39561599493026733,0.4247269928455353,0.45871201157569885,0.4892590045928955,0.5174700021743774,0.5335580110549927,0.5343919992446899,0.5360199809074402,0.5484409928321838,0.5701490044593811,0.5972710251808167,0.6234300136566162,0.6550419926643372,0.6638500094413757,0.6552370190620422,0.6496180295944214,0.6429949998855591,0.6339880228042603,0.6147519946098328,0.5870270133018494,0.5651090145111084,0.5486990213394165,0.5352190136909485,0.5262870192527771,0.5212000012397766,0.5172560214996338,0.5173529982566833,0.5283380150794983,0.5651950240135193,0.6074780225753784,0.6100450158119202,0.6190410256385803,0.6254220008850098,0.6340659856796265,0.629177988,0.6031560301780701,0.6089940071105957,0.6388370394706726,0.6483590006828308,0.6401209831237793,0.6410180330276489,0.6652269959449768,0.6967470049858093,0.734145999,0.7802150249481201,0.8514930009841919,0.8769470453262329,0.870045006,0.8760620355606079,77.75
0.16200299561023712,0.1583150029182434,0.15679500997066498,0.15919600427150726,0.16406500339508057,0.17289800941944122,0.18361300230026245,0.19231100380420685,0.1899930089712143,0.18881399929523468,0.18913200497627258,0.18676400184631348,0.18671301007270813,0.18589900434017181,0.18431800603866577,0.18278300762176514,0.17993400990962982,0.17683599889278412,0.17671100795269012,0.1797039955854416,0.18733300268650055,0.19950400292873383,0.2077850103378296,0.20840799808502197,0.21175400912761688,0.21947699785232544,0.23547500371932983,0.26047399640083313,0.2946630120277405,0.3340210020542145,0.373526007,0.40906399488449097,0.43226900696754456,0.43755701184272766,0.43584302067756653,0.4341590106487274,0.4309239983558655,0.42752301692962646,0.42791199684143066,0.4312500059604645,0.4303849935531616,0.4202060103416443,0.40776100754737854,0.3959210216999054,0.3833079934120178,0.37236499786376953,0.3643459975719452,0.35921600461006165,0.357556015,0.3589160144329071,0.3505220115184784,0.3533399999141693,0.3572690188884735,0.3555000126361847,0.3517860174179077,0.35222700238227844,0.3529210090637207,0.34578001499176025,0.33710601925849915,0.3333800137042999,0.33050501346588135,0.32410499453544617,0.3206910192966461,0.31890201568603516,0.31876400113105774,0.32634201645851135,0.3422450125217438,0.364654005,0.3900260031223297,0.4182960093021393,0.4504220187664032,0.47793900966644287,0.5029029846191406,0.5170109868049622,0.5173730254173279,0.5182679891586304,0.5289410352706909,0.5482100248336792,0.5725950002670288,0.5961800217628479,0.6244670152664185,0.6321130394935608,0.624271035,0.6191040277481079,0.6130769848823547,0.6049299836158752,0.5876489877700806,0.5628759860992432,0.5433149933815002,0.5286139845848083,0.5165340304374695,0.5085089802742004,0.5040979981422424,0.5007280111312866,0.5012820363044739,0.5127360224723816,0.5485550165176392,0.5870370268821716,0.5886480212211609,0.6000460386276245,0.6058949828147888,0.6116440296173096,0.6064330339431763,0.5823040008544922,0.5876439809799194,0.6144540309906006,0.6236600279808044,0.6168889999389648,0.6186850070953369,0.6415510177612305,0.6718780398368835,0.7076579928398132,0.7508360147476196,0.8161960244178772,0.8401750326156616,0.8342530131340027,0.8392680287361145,73.18000030517578
0.15943500399589539,0.15602000057697296,0.15475399792194366,0.1571049988269806,0.16158799827098846,0.16992999613285065,0.17966000735759735,0.18701700866222382,0.18465401232242584,0.18355099856853485,0.1837960034608841,0.1815659999847412,0.1812950074672699,0.18044500052928925,0.17896799743175507,0.17751599848270416,0.17491599917411804,0.17216700315475464,0.17216400802135468,0.17503300309181213,0.18218199908733368,0.19331900775432587,0.20093300938606262,0.20131000876426697,0.20436900854110718,0.21232500672340393,0.2281389981508255,0.25160500407218933,0.28293099999427795,0.3185259997844696,0.3541310131549835,0.3860529959201813,0.4068540036678314,0.4115930199623108,0.41014599800109863,0.40879300236701965,0.4060540199279785,0.4031130075454712,0.4036110043525696,0.4067870080471039,0.4062950015068054,0.39760300517082214,0.3869500160217285,0.37671101093292236,0.3655570149421692,0.3558350205421448,0.3487910032272339,0.3450219929218292,0.34450599551200867,0.34588101506233215,0.3386320173740387,0.3420090079307556,0.3463900089263916,0.34532901644706726,0.34254300594329834,0.3434460163116455,0.3441869914531708,0.33803701400756836,0.33035799860954285,0.32697999477386475,0.32451000809669495,0.31909501552581787,0.31615400314331055,0.31463801860809326,0.31482499837875366,0.32269999384880066,0.3384059965610504,0.36038899421691895,0.3852649927139282,0.4126270115375519,0.4429830014705658,0.46768301725387573,0.4895240068435669,0.5017880201339722,0.5017610192298889,0.5019930005073547,0.5108950138092041,0.5275840163230896,0.549006999,0.5697700381278992,0.5946699976921082,0.6013929843902588,0.5942879915237427,0.5895190238952637,0.5839999914169312,0.5766890048980713,0.5613250136375427,0.5394449830055237,0.5220500230789185,0.5089679956436157,0.49831700325012207,0.49128901958465576,0.48755499720573425,0.4848729968070984,0.4858030080795288,0.497609019,0.5320820212364197,0.566431999,0.566992998,0.5807980298995972,0.5859950184822083,0.588811994,0.5832020044326782,0.5610769987106323,0.5659710168838501,0.5897009968757629,0.5984690189361572,0.593250036,0.5959259867668152,0.6174070239067078,0.6461610198020935,0.6802240014076233,0.7203260064125061,0.7790729999542236,0.8017070293426514,0.7967259883880615,0.8003140091896057,68.61000061035156
0.15677599608898163,0.15359900891780853,0.1525460034608841,0.1548449993133545,0.1589599996805191,0.16683200001716614,0.17569200694561005,0.18186500668525696,0.17943400144577026,0.17841100692749023,0.1785840094089508,0.17646200954914093,0.17600201070308685,0.1751290112733841,0.17372100055217743,0.1723169982433319,0.16992700099945068,0.16749601066112518,0.16760499775409698,0.1703689992427826,0.17709600925445557,0.18733800947666168,0.19432701170444489,0.194800004,0.19797199964523315,0.20607200264930725,0.22134600579738617,0.24324700236320496,0.27209100127220154,0.30458399653434753,0.3369410037994385,0.36592400074005127,0.3847080171108246,0.38898301124572754,0.38775601983070374,0.38666900992393494,0.3843710124492645,0.381850004,0.3824460208415985,0.38550901412963867,0.3853610157966614,0.377921999,0.3687950074672699,0.359917015,0.3499779999256134,0.34126901626586914,0.3350279927253723,0.3323889970779419,0.33279600739479065,0.33411699533462524,0.32779601216316223,0.33163800835609436,0.3364250063896179,0.3359770178794861,0.33398500084877014,0.3353170156478882,0.33611801266670227,0.3307500183582306,0.32386401295661926,0.32079899311065674,0.3186910152435303,0.31402501463890076,0.3114970028400421,0.31012800335884094,0.31054699420928955,0.31853899359703064,0.3339039981365204,0.3553439974784851,0.37963101267814636,0.40623900294303894,0.43525800108909607,0.4577140212059021,0.4770040214061737,0.48775699734687805,0.4874100089073181,0.4871640205383301,0.494581014,0.5091059803962708,0.5279319882392883,0.5463320016860962,0.5684400200843811,0.5743350386619568,0.567920983,0.5635380148887634,0.5584660172462463,0.5517430305480957,0.5378990173339844,0.5182729959487915,0.5026630163192749,0.49083301424980164,0.48137301206588745,0.4752170145511627,0.47210100293159485,0.4701020121574402,0.47139599919319153,0.48356300592422485,0.5170159935951233,0.5477269887924194,0.5471470355987549,0.563264012,0.5681589841842651,0.5683900117874146,0.5623610019683838,0.5417889952659607,0.5461829900741577,0.5673480033874512,0.5758320093154907,0.5718330144882202,0.5754320025444031,0.5957010388374329,0.6231980323791504,0.655676007,0.692808986,0.7458820343017578,0.7670220136642456,0.7628780007362366,0.7658370137214661,64.02999877929688
0.15472500026226044,0.1517620086669922,0.15091900527477264,0.15318900346755981,0.15699300169944763,0.16447900235652924,0.17254699766635895,0.17767800390720367,0.17518100142478943,0.17419101297855377,0.17430199682712555,0.17227700352668762,0.17164400219917297,0.1707330048084259,0.16940699517726898,0.168039009,0.16585800051689148,0.16369999945163727,0.16389499604701996,0.16654901206493378,0.17287100851535797,0.18226400017738342,0.18870800733566284,0.18914400041103363,0.19223500788211823,0.20042599737644196,0.21532300114631653,0.23586399853229523,0.26220402121543884,0.2914850115776062,0.32047000527381897,0.3463430106639862,0.363085002,0.3669379949569702,0.36593499779701233,0.36507201194763184,0.36314401030540466,0.3610150218009949,0.3616510033607483,0.3645569980144501,0.36470600962638855,0.3585030138492584,0.3508860170841217,0.3433550000190735,0.33465200662612915,0.3269830048084259,0.321584016,0.32008999586105347,0.32150501012802124,0.32291001081466675,0.3175249993801117,0.32175499200820923,0.3268899917602539,0.326977015,0.3256300091743469,0.3271850049495697,0.32798001170158386,0.3233320116996765,0.3172439932823181,0.31446701288223267,0.31263500452041626,0.3086870014667511,0.30653899908065796,0.3053539991378784,0.3060530126094818,0.3143320083618164,0.32971999049186707,0.35096701979637146,0.37488600611686707,0.4006810188293457,0.42809101939201355,0.44809600710868835,0.46470099687576294,0.4738619923591614,0.4731430113315582,0.47227200865745544,0.47823601961135864,0.49068301916122437,0.5071340203285217,0.5231950283050537,0.542261004,0.5471200346946716,0.5412920117378235,0.5372859835624695,0.5327500104904175,0.526852012,0.5149340033531189,0.4981290102005005,0.48475199937820435,0.4744740128517151,0.4662350118160248,0.46089500188827515,0.45825400948524475,0.45671001076698303,0.45834001898765564,0.4707919955253601,0.503108025,0.530456007,0.5291370153427124,0.5470550060272217,0.5513920187950134,0.5491999983787537,0.5429400205612183,0.5241129994392395,0.5279499888420105,0.5461440086364746,0.5541020035743713,0.5513330101966858,0.5556359887123108,0.5745159983634949,0.6004220247268677,0.6310589909553528,0.6652089953422546,0.7121750116348267,0.7317590117454529,0.7285259962081909,0.7303580045700073,59.459999084472656
0.1532920002937317,0.15051300823688507,0.14986500144004822,0.15213599801063538,0.15572001039981842,0.16291800141334534,0.1703910082578659,0.17463000118732452,0.17207901179790497,0.1711520105600357,0.1712229996919632,0.16927599906921387,0.16847100853919983,0.16753099858760834,0.16624601185321808,0.1649240106344223,0.16291600465774536,0.1609790027141571,0.16129501163959503,0.16389800608158112,0.16993801295757294,0.17872300744056702,0.1847420036792755,0.18524201214313507,0.18844400346279144,0.19687099754810333,0.2115350067615509,0.23101700842380524,0.25557300448417664,0.28253301978111267,0.3090450167655945,0.3326420187950134,0.34780600666999817,0.35126399993896484,0.3504260182380676,0.34976500272750854,0.34815099835395813,0.346341997,0.34703901410102844,0.3498760163784027,0.350257009,0.34501901268959045,0.338577002,0.3320870101451874,0.32432201504707336,0.31741100549697876,0.31261900067329407,0.312032014,0.31421199440956116,0.3155650198459625,0.31091001629829407,0.31554099917411804,0.3210099935531616,0.3215550184249878,0.32080599665641785,0.32266899943351746,0.3235200047492981,0.31944599747657776,0.31392601132392883,0.3113720118999481,0.309798002,0.3064030110836029,0.30454301834106445,0.30348899960517883,0.3043850064277649,0.31283101439476013,0.32809799909591675,0.3491230010986328,0.3727950155735016,0.39810001850128174,0.4244840145111084,0.442782998,0.45747700333595276,0.4654430150985718,0.4644339978694916,0.4631119966506958,0.46790000796318054,0.4786379933357239,0.49313801527023315,0.5073879957199097,0.5242509841918945,0.5284180045127869,0.5230610370635986,0.5193139910697937,0.5150390267372131,0.509539008,0.49878600239753723,0.483801007,0.47177600860595703,0.46254101395606995,0.4552220106124878,0.4505070149898529,0.4483579993247986,0.44725900888442993,0.44918301701545715,0.4619550108909607,0.49352601170539856,0.5180889964103699,0.5158320069313049,0.5357370376586914,0.5396600365638733,0.5354070067405701,0.5288389921188354,0.5111849904060364,0.5145130157470703,0.5306379795074463,0.5383210182189941,0.5366190075874329,0.5415670275688171,0.5596110224723816,0.5845230221748352,0.6139490008354187,0.6458120346069336,0.6881440281867981,0.7067220211029053,0.7041720151901245,0.7052839994430542,54.88999938964844
0.1507209986448288,0.148267001,0.14791500568389893,0.15014000236988068,0.1532610058784485,0.15995100140571594,0.1663300096988678,0.16903100907802582,0.1663770079612732,0.16550900042057037,0.165460005,0.16363801062107086,0.16255800426006317,0.16155000030994415,0.16037701070308685,0.1591159999370575,0.15738199651241302,0.15586699545383453,0.1563280075788498,0.1587820053100586,0.16428400576114655,0.17191900312900543,0.1771710067987442,0.1776450127363205,0.18066801130771637,0.18922600150108337,0.20348800718784332,0.22126799821853638,0.24271100759506226,0.26559099555015564,0.2877480089664459,0.30732500553131104,0.3197280168533325,0.32252800464630127,0.32190200686454773,0.3215309977531433,0.3204360008239746,0.31912100315093994,0.3198850154876709,0.32252901792526245,0.32332801818847656,0.31980401277542114,0.31545400619506836,0.3107849955558777,0.3046559989452362,0.29910901188850403,0.29538801312446594,0.29637399315834045,0.2998889982700348,0.30128100514411926,0.2978709936141968,0.3030630052089691,0.30900999903678894,0.3102930188179016,0.3104560077190399,0.3127250075340271,0.3135720193386078,0.3104569911956787,0.30595001578330994,0.3037620186805725,0.3025740087032318,0.30010899901390076,0.2987230122089386,0.2978940010070801,0.29906800389289856,0.3077180087566376,0.32267001271247864,0.3431140184402466,0.36612001061439514,0.39043501019477844,0.4150400161743164,0.4304890036582947,0.44196900725364685,0.44798001646995544,0.4465370178222656,0.44449299573898315,0.4473569989204407,0.4553160071372986,0.4664960205554962,0.47755300998687744,0.4903710186481476,0.49317699670791626,0.48863402009010315,0.4853709936141968,0.4817010164260864,0.47714900970458984,0.46872901916503906,0.45721399784088135,0.44794902205467224,0.4406599998474121,0.4349380135536194,0.431302011,0.42986801266670227,0.4295070171356201,0.4318560063838959,0.4451110064983368,0.47527700662612915,0.4951310157775879,0.4915339946746826,0.5143170356750488,0.5177100300788879,0.509896994,0.502705991,0.48734599351882935,0.48995301127433777,0.5021190047264099,0.5092440247535706,0.5092740058898926,0.5152410268783569,0.5315650105476379,0.5545340180397034,0.5817559957504272,0.6095290184020996,0.6436049938201904,0.6602180004119873,0.6588429808616638,0.6584700345993042,45.75
0.1458130031824112,0.1439329981803894,0.14411699771881104,0.14631299674510956,0.14887800812721252,0.1548530012369156,0.15966100990772247,0.15988101065158844,0.15705500543117523,0.1563510000705719,0.15618200600147247,0.1545730084180832,0.15303801000118256,0.15193499624729156,0.15091200172901154,0.14974799752235413,0.14849600195884705,0.14764800667762756,0.14839600026607513,0.15073199570178986,0.15552599728107452,0.16144800186157227,0.16554000973701477,0.1661040037870407,0.16927599906921387,0.1783910095691681,0.19207601249217987,0.20728500187397003,0.22397901117801666,0.24053500592708588,0.25601401925086975,0.269307017,0.277415007,0.27920499444007874,0.278980017,0.2791129946708679,0.2788980007171631,0.2784000039100647,0.2793020009994507,0.2816980183124542,0.2832780182361603,0.2825600206851959,0.28158700466156006,0.2798190116882324,0.27619001269340515,0.27271899580955505,0.2706049978733063,0.27409300208091736,0.2796890139579773,0.28102800250053406,0.2795020043849945,0.2856770157814026,0.2924170196056366,0.2948020100593567,0.29630300402641296,0.29919999837875366,0.30007800459861755,0.29834601283073425,0.29522600769996643,0.29353299736976624,0.2928760051727295,0.29169002175331116,0.29096999764442444,0.2904300093650818,0.2920760214328766,0.30118101835250854,0.3161419928073883,0.33635300397872925,0.35888001322746277,0.38197600841522217,0.40406301617622375,0.41529402136802673,0.42200401425361633,0.4250180125236511,0.4227980077266693,0.41953200101852417,0.419374019,0.4229530096054077,0.42904502153396606,0.43513602018356323,0.44169801473617554,0.44232702255249023,0.43874800205230713,0.4360029995441437,0.43302100896835327,0.4297340214252472,0.42475900053977966,0.4185670018196106,0.41335901618003845,0.40893399715423584,0.4055649936199188,0.4035339951515198,0.4031520187854767,0.40380799770355225,0.40676599740982056,0.42087799310684204,0.44917601346969604,0.4616999924182892,0.45566999912261963,0.4836450219154358,0.485958993,0.47238701581954956,0.4641530215740204,0.4521680176258087,0.45363301038742065,0.45953401923179626,0.4658370018005371,0.46869102120399475,0.4766470193862915,0.49033302068710327,0.5105649828910828,0.5345450043678284,0.5560140013694763,0.5771220326423645,0.5906010270118713,0.5909610390663147,0.5878220200538635,27.440000534057617
0.1451750099658966,0.14350800216197968,0.14393199980258942,0.1462090015411377,0.14854499697685242,0.15430499613285065,0.1585320085287094,0.15779300034046173,0.1548520028591156,0.1541690081357956,0.1539359986782074,0.15240301191806793,0.15063999593257904,0.14949500560760498,0.14854399859905243,0.14742600917816162,0.14638599753379822,0.14584600925445557,0.14674200117588043,0.14906001091003418,0.15359000861644745,0.15886500477790833,0.1625880002975464,0.16311399638652802,0.16614900529384613,0.17557600140571594,0.18942400813102722,0.2038310021162033,0.21871300041675568,0.23267000913619995,0.24524399638175964,0.2557470202445984,0.2619570195674896,0.2632700204849243,0.2631770074367523,0.263465017,0.26360002160072327,0.26343199610710144,0.2643830180168152,0.2666510045528412,0.2685360014438629,0.26907601952552795,0.26959800720214844,0.26911500096321106,0.2665719985961914,0.2639800012111664,0.26260000467300415,0.2672330141067505,0.2738820016384125,0.27536001801490784,0.2746170163154602,0.28117501735687256,0.28831300139427185,0.2911670207977295,0.2931410074234009,0.29621002078056335,0.29704201221466064,0.29584699869155884,0.2932790219783783,0.2917799949645996,0.29134202003479004,0.2906530201435089,0.29017600417137146,0.28978800773620605,0.291702002,0.3012219965457916,0.31654801964759827,0.33704301714897156,0.3596459925174713,0.38240399956703186,0.40344101190567017,0.41290900111198425,0.41756701469421387,0.41928401589393616,0.4166319966316223,0.41275301575660706,0.41128599643707275,0.4131219983100891,0.4172210097312927,0.42129600048065186,0.42501601576805115,0.4244820177555084,0.42125800251960754,0.41869500279426575,0.41610899567604065,0.41344699263572693,0.41019701957702637,0.4065510034561157,0.403408021,0.4003620147705078,0.39805200695991516,0.3966120183467865,0.39653801918029785,0.39751800894737244,0.4006810188293457,0.4152210056781769,0.4429590106010437,0.4526039958000183,0.44573602080345154,0.47584399580955505,0.4776560068130493,0.46161001920700073,0.4529220163822174,0.44245702028274536,0.44327500462532043,0.4462590217590332,0.4520840048789978,0.4561780095100403,0.46489399671554565,0.47745999693870544,0.496487021,0.5190300345420837,0.5379170179367065,0.5532339811325073,0.5655350089073181,0.5666570067405701,0.5622349977493286,18.309999465942383
0.177838996,0.17273300886154175,0.16959699988365173,0.1716040074825287,0.1782580018043518,0.18961100280284882,0.20530501008033752,0.22092200815677643,0.2192160040140152,0.21836499869823456,0.21962100267410278,0.21670500934123993,0.21783700585365295,0.21719899773597717,0.2149920016527176,0.2130099982023239,0.2088090032339096,0.2037620097398758,0.2029000073671341,0.2064419984817505,0.2165060043334961,0.233691007,0.24506700038909912,0.24497900903224945,0.2475540041923523,0.25329700112342834,0.2710390090942383,0.30473199486732483,0.35417401790618896,0.4125699996948242,0.4717620015144348,0.5248200297355652,0.5597609877586365,0.5672839879989624,0.5641980171203613,0.5613440275192261,0.5560129880905151,0.5505300164222717,0.5506030321121216,0.5547890067100525,0.5524920225143433,0.5355750322341919,0.5148299932479858,0.4953150153160095,0.4755780100822449,0.4586080014705658,0.44558200240135193,0.43308401107788086,0.42421799898147583,0.4237080216407776,0.40931999683380127,0.4094479978084564,0.41040101647377014,0.40497201681137085,0.3974440097808838,0.3968210220336914,0.3980019986629486,0.3860180079936981,0.3721040189266205,0.3665820062160492,0.36169999837875366,0.35049599409103394,0.3445639908313751,0.3411960005760193,0.3379780054092407,0.34053701162338257,0.3509420156478882,0.3690679967403412,0.3930930197238922,0.4251199960708618,0.4682680070400238,0.5133799910545349,0.5562019944190979,0.5809420347213745,0.5847219824790955,0.5899060368537903,0.6091520190238953,0.6391389966011047,0.6754680275917053,0.7103700041770935,0.7553080320358276,0.7697589993476868,0.7590749859809875,0.7517290115356445,0.7425090074539185,0.7294690012931824,0.7010830044746399,0.6599209904670715,0.6264449954032898,0.6020320057868958,0.5828520059585571,0.5707200169563293,0.5640890002250671,0.5587480068206787,0.5578290224075317,0.5668690204620361,0.6065739989280701,0.6624540090560913,0.6674160361289978,0.6686230301856995,0.6771079897880554,0.6964520215988159,0.6931390166282654,0.6583670377731323,0.6666880249977112,0.7089390158653259,0.7216240167617798,0.7081289887428284,0.7060480117797852,0.7352660298347473,0.7726719975471497,0.8168590068817139,0.8731139898300171,0.9676660299301147,0.998291016,0.9879180192947388,0.9972950220108032,91.5
0.17211399972438812,0.16752199828624725,0.16488400101661682,0.16682299971580505,0.17271700501441956,0.18303900957107544,0.1967490017414093,0.20983600616455078,0.20810800790786743,0.20740699768066406,0.2084980010986328,0.20588400959968567,0.20664100348949432,0.20596499741077423,0.20399300754070282,0.2021850049495697,0.1985200047492981,0.1942010074853897,0.19362200796604156,0.19697099924087524,0.20614799857139587,0.22147700190544128,0.23164799809455872,0.23188799619674683,0.2347870022058487,0.2410620003938675,0.2579190135002136,0.2885650098323822,0.33285799622535706,0.38471701741218567,0.4370640218257904,0.4839390218257904,0.5145530104637146,0.5212500095367432,0.5188570022583008,0.5166670083999634,0.5122770071029663,0.5077430009841919,0.5081340074539185,0.5121510028839111,0.5104529857635498,0.4959219992160797,0.47812801599502563,0.4613870084285736,0.44422799348831177,0.4294400215148926,0.41818001866340637,0.40812399983406067,0.40147900581359863,0.4013330042362213,0.3890810012817383,0.3903689980506897,0.39235901832580566,0.38826701045036316,0.38245299458503723,0.38261300325393677,0.383851022,0.3737200200557709,0.36166101694107056,0.35679301619529724,0.35270100831985474,0.3433380126953125,0.3383670151233673,0.33554500341415405,0.3332480192184448,0.33705800771713257,0.34837400913238525,0.36703401803970337,0.3911450207233429,0.4221140146255493,0.4621080160140991,0.5018939971923828,0.5390570163726807,0.560467005,0.5633100271224976,0.5672330260276794,0.5836740136146545,0.6100199818611145,0.642205,0.6734750270843506,0.7135779857635498,0.7263450026512146,0.7168689966201782,0.71025604,0.7019219994544983,0.6901159882545471,0.6646050214767456,0.6278989911079407,0.5980380177497864,0.5761930346488953,0.5591990351676941,0.5485129952430725,0.5429009795188904,0.5385230183601379,0.5383090376853943,0.5482460260391235,0.5867570042610168,0.6370840072631836,0.6406630277633667,0.645520031,0.653294027,0.668051004,0.6641600131988525,0.6324120163917542,0.6399770379066467,0.6779720187187195,0.6900060176849365,0.6789880394935608,0.6783120036125183,0.7058330178260803,0.7417380213737488,0.7840850353240967,0.8370680212974548,0.9233019948005676,0.9528099894523621,0.9439980387687683,0.9520210027694702,86.91000366210938
0.1666320115327835,0.16243399679660797,0.16020700335502625,0.16209600865840912,0.16737399995326996,0.17690999805927277,0.18905800580978394,0.2000350058078766,0.19821999967098236,0.1975880116224289,0.19853301346302032,0.19614700973033905,0.19658701121807098,0.1958800107240677,0.1940630078315735,0.19239100813865662,0.18913400173187256,0.1853870004415512,0.18500100076198578,0.18815700709819794,0.19656400382518768,0.21032600104808807,0.21949100494384766,0.2197370082139969,0.22254300117492676,0.229079008,0.24542100727558136,0.2736400067806244,0.3136950135231018,0.36016201972961426,0.40695199370384216,0.4488280117511749,0.47609299421310425,0.48212701082229614,0.48015502095222473,0.47843000292778015,0.4747900068759918,0.47099199891090393,0.47155800461769104,0.47541600465774536,0.4742770195007324,0.4618520140647888,0.4466150104999542,0.4321260154247284,0.41703900694847107,0.4039980173110962,0.39415499567985535,0.3861660063266754,0.3813530206680298,0.38142499327659607,0.3708550035953522,0.37302300333976746,0.37584900856018066,0.37287500500679016,0.36839401721954346,0.3691770136356354,0.3704800009727478,0.36176902055740356,0.35121801495552063,0.346904993,0.3434410095214844,0.3355329930782318,0.33133000135421753,0.3288940191268921,0.3272880017757416,0.3320690095424652,0.3439750075340271,0.362949014,0.3869650065898895,0.4169279932975769,0.4542140066623688,0.48941299319267273,0.5217030048370361,0.5402690172195435,0.5424110293388367,0.5452840328216553,0.5592629909515381,0.5822759866714478,0.6106840372085571,0.638355017,0.6739220023155212,0.6851150393486023,0.6766459941864014,0.6707370281219482,0.6632339954376221,0.652629018,0.6298959851264954,0.5972620248794556,0.5706660151481628,0.5511670112609863,0.5361080169677734,0.52671802,0.5219470262527466,0.5184630155563354,0.5187940001487732,0.5294550061225891,0.5668669939041138,0.6117050051689148,0.6138629913330078,0.6224160194396973,0.6296530365943909,0.6404979825019836,0.635932982,0.6066870093345642,0.6135860085487366,0.6475819945335388,0.6590909957885742,0.6500340104103088,0.6505129933357239,0.6765220165252686,0.7105070352554321,0.7505509853363037,0.7994750142097473,0.8770459890365601,0.9044730067253113,0.8972880244255066,0.9041390419006348,82.33999633789062
0.16377000510692596,0.1599080115556717,0.1579890102148056,0.15985000133514404,0.16466200351715088,0.17355699837207794,0.1844630092382431,0.19378800690174103,0.1918950080871582,0.19128499925136566,0.19210700690746307,0.189860001,0.19005700945854187,0.18930500745773315,0.18761000037193298,0.18603000044822693,0.18310301005840302,0.1797810047864914,0.1795400083065033,0.18254099786281586,0.19031600654125214,0.20281000435352325,0.21116800606250763,0.21127700805664062,0.21376600861549377,0.22054000198841095,0.2364950031042099,0.2627740204334259,0.2991890013217926,0.3410100042819977,0.3830060064792633,0.42049500346183777,0.44485101103782654,0.4502750039100647,0.4486500024795532,0.44725799560546875,0.4441930055618286,0.4409500062465668,0.44161200523376465,0.44527101516723633,0.4445759952068329,0.4339030086994171,0.4208050072193146,0.40825599431991577,0.3949660062789917,0.383419007,0.374783993,0.3684990108013153,0.3651849925518036,0.36539599299430847,0.35625702142715454,0.3590660095214844,0.36251699924468994,0.36043500900268555,0.3570300042629242,0.35825300216674805,0.3595679998397827,0.3520660102367401,0.34279099106788635,0.33895501494407654,0.33599400520324707,0.32928401231765747,0.3257119953632355,0.32360899448394775,0.32254499197006226,0.32797399163246155,0.3402009904384613,0.35916000604629517,0.3827899992465973,0.4115790128707886,0.4463919997215271,0.4775719940662384,0.5057030320167542,0.5218210220336914,0.5233809947967529,0.5254369974136353,0.5372869968414307,0.5573320388793945,0.5823209881782532,0.6068620085716248,0.6383749842643738,0.6482900381088257,0.6407359838485718,0.6354250311851501,0.6286720037460327,0.6191610097885132,0.5989130139350891,0.5699360370635986,0.54628402,0.5289239883422852,0.5156320333480835,0.50740701,0.5033919811248779,0.5006600022315979,0.5014669895172119,0.5126500129699707,0.5486739873886108,0.5887250304222107,0.5896779894828796,0.6010730266571045,0.6077499985694885,0.6152179837226868,0.6101440191268921,0.5833370089530945,0.589576006,0.6199690103530884,0.6307820081710815,0.6233980059623718,0.6249989867210388,0.649353027,0.6814950108528137,0.7193320393562317,0.7644990086555481,0.8346819877624512,0.8601779937744141,0.8541030287742615,0.85988903,77.76000213623047
0.1608230024576187,0.15725000202655792,0.15561600029468536,0.15745599567890167,0.16180700063705444,0.1701420098543167,0.17995600402355194,0.18779300153255463,0.1858150064945221,0.18525101244449615,0.18594999611377716,0.18384499847888947,0.18379200994968414,0.18299800157546997,0.18140999972820282,0.17992301285266876,0.1772480010986328,0.1743140071630478,0.174221009,0.17706100642681122,0.18427500128746033,0.1956550031900406,0.20326900482177734,0.2033649981021881,0.2058200091123581,0.21284399926662445,0.22834999859333038,0.2527620196342468,0.2859469950199127,0.3236120045185089,0.3612450063228607,0.3947620093822479,0.41638901829719543,0.4212090075016022,0.41984400153160095,0.4187590181827545,0.4161910116672516,0.41343700885772705,0.4141560196876526,0.4176110029220581,0.41726401448249817,0.4081540107727051,0.39696699380874634,0.3861510157585144,0.3744660019874573,0.3642449975013733,0.356671005,0.35188400745391846,0.34988999366760254,0.35021302103996277,0.34234100580215454,0.3456999957561493,0.3496670126914978,0.34832999110221863,0.34585100412368774,0.3474560081958771,0.3487650156021118,0.34231001138687134,0.3341279923915863,0.3306570053100586,0.32814499735832214,0.3224640190601349,0.31942301988601685,0.3176119923591614,0.3169980049133301,0.32297301292419434,0.3354400098323822,0.35434702038764954,0.37763601541519165,0.40542399883270264,0.43808600306510925,0.4658840000629425,0.4903559982776642,0.5043119788169861,0.5052919983863831,0.5065079927444458,0.516372025,0.5336599946022034,0.5554500222206116,0.5769250392913818,0.6044819951057434,0.6131260395050049,0.6063730120658875,0.6014879941940308,0.5953460335731506,0.5868139863014221,0.5688769817352295,0.5433160066604614,0.5223950147628784,0.5069670081138611,0.4952709972858429,0.48812299966812134,0.48481401801109314,0.4827060103416443,0.483924001,0.49547702074050903,0.530040979,0.5655310153961182,0.5654659867286682,0.5793290138244629,0.5852290391921997,0.5893030166625977,0.5837979912757874,0.559457004,0.5650619864463806,0.5917990207672119,0.6020300388336182,0.5963799953460693,0.5989429950714111,0.6216059923171997,0.6519889831542969,0.6877260208129883,0.7294870018959045,0.7919520139694214,0.8158810138702393,0.8107500076293945,0.8151879906654358,73.19000244140625
0.15812399983406067,0.15478600561618805,0.15338000655174255,0.15522100031375885,0.15923599898815155,0.16714300215244293,0.17610900104045868,0.18280500173568726,0.18073099851608276,0.18018600344657898,0.18078599870204926,0.17877300083637238,0.17852799594402313,0.1776920109987259,0.17618399858474731,0.17473401129245758,0.17226000130176544,0.16962699592113495,0.16962100565433502,0.17236700654029846,0.17915600538253784,0.1896350085735321,0.19666101038455963,0.19692601263523102,0.1996610015630722,0.20687399804592133,0.22178401052951813,0.24448899924755096,0.27500200271606445,0.30943700671195984,0.3437429964542389,0.37425699830055237,0.393871009,0.39826101064682007,0.3971019983291626,0.39623501896858215,0.3940580189228058,0.39167600870132446,0.3924640119075775,0.39577800035476685,0.3957020044326782,0.3878500163555145,0.3781279921531677,0.3686389923095703,0.3581629991531372,0.34897100925445557,0.3422200083732605,0.3385870158672333,0.33761000633239746,0.33801400661468506,0.33107900619506836,0.3348720073699951,0.33924299478530884,0.3385089933872223,0.3367040157318115,0.3385910093784332,0.33987101912498474,0.334196001,0.32684800028800964,0.32366201281547546,0.3214769959449768,0.31655099987983704,0.3139040172100067,0.3122880160808563,0.31198400259017944,0.3183390200138092,0.3309420049190521,0.34976300597190857,0.37272700667381287,0.39964401721954346,0.43051400780677795,0.45566001534461975,0.47727301716804504,0.4894990026950836,0.4900979995727539,0.4906710088253021,0.49903401732444763,0.5141940116882324,0.5335609912872314,0.552776039,0.5773810148239136,0.585004985,0.5788640379905701,0.574425995,0.5688369870185852,0.5610190033912659,0.5448930263519287,0.522005022,0.5032269954681396,0.4893230199813843,0.4788849949836731,0.47260600328445435,0.46983301639556885,0.4682600200176239,0.4697840213775635,0.4817050099372864,0.5153070092201233,0.5472750067710876,0.5462149977684021,0.5621809959411621,0.567749023,0.5693210363388062,0.5634880065917969,0.5408030152320862,0.5458530187606812,0.5697950124740601,0.579442024,0.5749620199203491,0.5782710313796997,0.5997360348701477,0.6285340189933777,0.6625590324401855,0.7011470198631287,0.7577469944953918,0.7800050377845764,0.7760500311851501,0.7795969843864441,68.62000274658203
0.15615800023078918,0.15301500260829926,0.15185900032520294,0.15370701253414154,0.15747900307178497,0.1650799959897995,0.1733189970254898,0.1789180040359497,0.17675800621509552,0.17625899612903595,0.17677900195121765,0.17485500872135162,0.17440800368785858,0.17355000972747803,0.1720840036869049,0.17068099975585938,0.16843099892139435,0.16607700288295746,0.16620101034641266,0.16887500882148743,0.1753310114145279,0.18505801260471344,0.1915930062532425,0.19172801077365875,0.19422300159931183,0.20173200964927673,0.21666200459003448,0.23835600912570953,0.2666800022125244,0.29813700914382935,0.3292640149593353,0.35683000087738037,0.374442995,0.3783630132675171,0.3773899972438812,0.3767409920692444,0.37494102120399475,0.3729200065135956,0.3737710118293762,0.37692201137542725,0.3771589994430542,0.3705359995365143,0.36231300234794617,0.3541540205478668,0.34485501050949097,0.33666500449180603,0.33070799708366394,0.3282630145549774,0.32833799719810486,0.32881399989128113,0.3228299915790558,0.3270750045776367,0.33188799023628235,0.3317350149154663,0.3306330144405365,0.33281001448631287,0.3341040015220642,0.32916900515556335,0.3226030170917511,0.3196980059146881,0.3178250193595886,0.313634992,0.311365008,0.30993300676345825,0.30996400117874146,0.3167070150375366,0.3295150101184845,0.3483479917049408,0.3711110055446625,0.3973900079727173,0.4267829954624176,0.4494520127773285,0.4683780074119568,0.47901099920272827,0.4791810214519501,0.4791420102119446,0.4859740138053894,0.4990060031414032,0.5158990025520325,0.5327110290527344,0.5543450117111206,0.5609620213508606,0.5554180145263672,0.551351011,0.5462040305137634,0.5391579866409302,0.5247920155525208,0.5045999884605408,0.48795101046562195,0.47554799914360046,0.4663410186767578,0.4608500003814697,0.45859700441360474,0.457518995,0.4593830108642578,0.4717220067977905,0.5042819976806641,0.5328239798545837,0.5308279991149902,0.5489799976348877,0.5539910197257996,0.5529800057411194,0.5467579960823059,0.5257959961891174,0.5302720069885254,0.5513669848442078,0.5605790019035339,0.5574089884757996,0.5615990161895752,0.5817490220069885,0.6091490387916565,0.6415500044822693,0.6772230267524719,0.7277039885520935,0.7484400272369385,0.7452170252799988,0.7479190230369568,64.04000091552734
0.1538970023393631,0.15097200870513916,0.15000499784946442,0.15181900560855865,0.15524201095104218,0.16243700683116913,0.16991101205348969,0.17445699870586395,0.17222200334072113,0.17174400389194489,0.1721780002117157,0.17032600939273834,0.16969400644302368,0.1687680035829544,0.16738100349903107,0.16602300107479095,0.16395001113414764,0.1618639975786209,0.16206900775432587,0.1646450012922287,0.17072300612926483,0.17962799966335297,0.18566499650478363,0.18573400378227234,0.18814200162887573,0.19582100212574005,0.21052201092243195,0.23106400668621063,0.2572770118713379,0.28599101305007935,0.3142099976539612,0.33912599086761475,0.35487300157546997,0.3583420217037201,0.3575180172920227,0.3570150136947632,0.35551801323890686,0.35381200909614563,0.35468000173568726,0.35770300030708313,0.3581539988517761,0.35258400440216064,0.34566301107406616,0.3386619985103607,0.3304170072078705,0.3230910003185272,0.31784000992774963,0.3163990080356598,0.3173780143260956,0.3179149925708771,0.3127480149269104,0.31735602021217346,0.322503,0.3228380084037781,0.3223070204257965,0.324724019,0.3260050117969513,0.32172101736068726,0.31583499908447266,0.31317001581192017,0.3115610182285309,0.3079740107059479,0.30603599548339844,0.3047980070114136,0.30506399273872375,0.31214600801467896,0.3250249922275543,0.3437940180301666,0.36629199981689453,0.3919300138950348,0.41997000575065613,0.44054099917411804,0.45720499753952026,0.4664190113544464,0.4662179946899414,0.46560701727867126,0.4711410105228424,0.4823180139064789,0.4970700144767761,0.5118600130081177,0.5307900309562683,0.536503017,0.5314440131187439,0.5276370048522949,0.5228930115699768,0.5164170265197754,0.5035660266876221,0.4856380224227905,0.4708000123500824,0.45972099900245667,0.45158499479293823,0.4468179941177368,0.44501200318336487,0.44438400864601135,0.44649800658226013,0.459089994,0.4907880127429962,0.5161610245704651,0.5133190155029297,0.5333330035209656,0.5379469990730286,0.5346010327339172,0.5280489921569824,0.5086089968681335,0.5126090049743652,0.5311300158500671,0.5399600267410278,0.5379220247268677,0.5427759885787964,0.561830997,0.5880300402641296,0.6189299821853638,0.6520830392837524,0.6972450017929077,0.7168450355529785,0.7145180106163025,0.7161229848861694,59.470001220703125
0.15117000043392181,0.1484460085630417,0.1476539969444275,0.14946800470352173,0.15268100798130035,0.1595810055732727,0.16646499931812286,0.17017699778079987,0.16788800060749054,0.16744999587535858,0.16780801117420197,0.1660350114107132,0.1652510017156601,0.16430900990962982,0.162990004,0.16166500747203827,0.1597670018672943,0.15792401134967804,0.15822400152683258,0.16072100400924683,0.1665010005235672,0.17478300631046295,0.18038900196552277,0.18056200444698334,0.18300600349903107,0.19078700244426727,0.2051980048418045,0.22464700043201447,0.24897299706935883,0.275301993,0.30095499753952026,0.32353299856185913,0.3377220034599304,0.3408620059490204,0.3401940166950226,0.33987200260162354,0.3386860191822052,0.3372740149497986,0.33818599581718445,0.34111201763153076,0.3417910039424896,0.3371660113334656,0.3314169943332672,0.32545599341392517,0.31815800070762634,0.3116289973258972,0.30700600147247314,0.30647000670433044,0.30823901295661926,0.3088510036468506,0.3044160008430481,0.30935001373291016,0.31480100750923157,0.3155840039253235,0.31558001041412354,0.31820499897003174,0.3194810152053833,0.3157620131969452,0.3104709982872009,0.30802100896835327,0.306643009,0.30363500118255615,0.3019689917564392,0.3008680045604706,0.30139800906181335,0.3087480068206787,0.32176801562309265,0.3405109941959381,0.3628239929676056,0.38793501257896423,0.41482600569725037,0.43356600403785706,0.4481540024280548,0.4561710059642792,0.4556260108947754,0.4545550048351288,0.4589110016822815,0.4684460163116455,0.48132699728012085,0.49428999423980713,0.5109230279922485,0.5158270001411438,0.5111979842185974,0.5076860189437866,0.5032820105552673,0.49735501408576965,0.48590800166130066,0.4700379967689514,0.45687001943588257,0.44695499539375305,0.43977001309394836,0.43561601638793945,0.434207022,0.4339750111103058,0.4363560080528259,0.44922399520874023,0.4801500141620636,0.5028769969940186,0.49929100275039673,0.5209699869155884,0.5251740217208862,0.5197629928588867,0.5128629803657532,0.49483799934387207,0.498430997,0.5146329998970032,0.523110032,0.5221050381660461,0.5276080369949341,0.5456749796867371,0.5707390308380127,0.6003730297088623,0.63124603,0.671763003,0.6902540326118469,0.6885309815406799,0.6894109845161438,54.900001525878906
0.15020500123500824,0.14762400090694427,0.14699700474739075,0.14887399971485138,0.15195000171661377,0.15869000554084778,0.16517400741577148,0.1682480126619339,0.1658950001001358,0.1654839962720871,0.16582100093364716,0.1641010046005249,0.16321200132369995,0.16224800050258636,0.16097600758075714,0.15968400239944458,0.1579110026359558,0.1562580019235611,0.15665200352668762,0.15914200246334076,0.16476500034332275,0.1726430058479309,0.17798100411891937,0.17818599939346313,0.18069599568843842,0.1886960119009018,0.20306900143623352,0.22192999720573425,0.2450689971446991,0.26983702182769775,0.293846995,0.3148989975452423,0.3280300199985504,0.3308800160884857,0.3302990198135376,0.3300890028476715,0.3290890157222748,0.3278700113296509,0.3288300037384033,0.3316799998283386,0.3325180113315582,0.3285450041294098,0.3235900104045868,0.3183180093765259,0.3116450011730194,0.30563899874687195,0.30143001675605774,0.3015500009059906,0.30389299988746643,0.30453500151634216,0.30058401823043823,0.3057680130004883,0.3114340007305145,0.31251201033592224,0.3128499984741211,0.31561800837516785,0.316893995,0.31355801224708557,0.3086490035057068,0.3063589930534363,0.3051310181617737,0.3024730086326599,0.30099600553512573,0.30001601576805115,0.30071499943733215,0.30830201506614685,0.3214380145072937,0.34020501375198364,0.3624260127544403,0.38718101382255554,0.4133239984512329,0.43086501955986023,0.4441530108451843,0.45134100317955017,0.45058301091194153,0.4491479992866516,0.4527510106563568,0.46121901273727417,0.4728180170059204,0.4845989942550659,0.4997050166130066,0.5040349960327148,0.4996950030326843,0.49635499715805054,0.4921730160713196,0.48659801483154297,0.4760420024394989,0.461529016,0.44942599534988403,0.440311998,0.43372201919555664,0.42999500036239624,0.428833008,0.42885300517082214,0.43143999576568604,0.4445360004901886,0.47493401169776917,0.495839,0.49178201,0.5146009922027588,0.5186049938201904,0.5117160081863403,0.504662037,0.4875050187110901,0.4907340109348297,0.5054240226745605,0.5136039853096008,0.5133619904518127,0.5192779898643494,0.5366799831390381,0.5611029863357544,0.5898900032043457,0.6193100214004517,0.6566380262374878,0.6743929982185364,0.6731700301170349,0.6734020113945007,50.31999969482422
0.14890500903129578,0.146464005,0.14598900079727173,0.1478469967842102,0.15070800483226776,0.15719901025295258,0.16317100822925568,0.16550500690937042,0.16309000551700592,0.16269700229167938,0.16298501193523407,0.16132600605487823,0.1602640002965927,0.15928199887275696,0.15805500745773315,0.15679000318050385,0.1551540046930313,0.1536960005760193,0.15416200459003448,0.156575009,0.1619420051574707,0.16926200687885284,0.174220011,0.17441301047801971,0.17694400250911713,0.18515799939632416,0.19934000074863434,0.21727800369262695,0.23880299925804138,0.26150500774383545,0.2833690047264099,0.30245599150657654,0.3142490088939667,0.3167850077152252,0.316321999,0.31624799966812134,0.31549200415611267,0.314520001,0.3155069947242737,0.31827399134635925,0.3193089962005615,0.31616899371147156,0.31220000982284546,0.30782201886177063,0.30191799998283386,0.29656100273132324,0.29287099838256836,0.2937430143356323,0.29676201939582825,0.297419012,0.29406100511550903,0.2995380163192749,0.30543801188468933,0.30687999725341797,0.3076240122318268,0.3105660080909729,0.3118380010128021,0.30893799662590027,0.3045029938220978,0.3023830056190491,0.30135801434516907,0.299094021,0.2978630065917969,0.2969820201396942,0.2978529930114746,0.3056280016899109,0.31880801916122437,0.33753401041030884,0.3595840036869049,0.38388001918792725,0.4090900123119354,0.4251820147037506,0.43687400221824646,0.44307202100753784,0.4420170187950134,0.4402010142803192,0.44284701347351074,0.4499630033969879,0.45997199416160583,0.4702480137348175,0.4833720028400421,0.48701199889183044,0.48298701643943787,0.4798530042171478,0.4759320020675659,0.4707770049571991,0.4613160192966461,0.4485430121421814,0.437811017,0.4296340048313141,0.4238390028476715,0.42064499855041504,0.4197770059108734,0.42014601826667786,0.42288699746131897,0.4362660050392151,0.4659709930419922,0.48460301756858826,0.4798450171947479,0.5041760206222534,0.5078310370445251,0.49922001361846924,0.49183201789855957,0.4757870137691498,0.47867801785469055,0.49134501814842224,0.49921801686286926,0.49984100461006165,0.506318986,0.5229150056838989,0.5464079976081848,0.574084997,0.6015250086784363,0.6348479986190796,0.6516259908676147,0.650933027,0.6503689885139465,45.75
0.1486770063638687,0.14636100828647614,0.14602500200271606,0.14792101085186005,0.15065500140190125,0.15700499713420868,0.16262000799179077,0.16436399519443512,0.1618880033493042,0.16151900589466095,0.1617640107870102,0.1601490080356598,0.1589840054512024,0.15798500180244446,0.15677900612354279,0.15556100010871887,0.15402600169181824,0.1527249962091446,0.15327800810337067,0.15567800402641296,0.16090600192546844,0.16783800721168518,0.1725730001926422,0.17282800376415253,0.17535899579524994,0.18362900614738464,0.1977730095386505,0.21524500846862793,0.2357960045337677,0.2571229934692383,0.27752500772476196,0.2952420115470886,0.30604901909828186,0.30838099122047424,0.30799001455307007,0.30801600217819214,0.30746299028396606,0.3066680133342743,0.3076930046081543,0.3103950023651123,0.3115970194339752,0.30908000469207764,0.3058840036392212,0.302157998,0.2968209981918335,0.29193300008773804,0.2886190116405487,0.29010000824928284,0.2936510145664215,0.2943580150604248,0.2914139926433563,0.2971230149269104,0.303257018,0.304951012,0.3060080111026764,0.30908700823783875,0.310371995,0.30779701471328735,0.3036929965019226,0.30168700218200684,0.3007830083370209,0.2988570034503937,0.29777100682258606,0.29699400067329407,0.2980100214481354,0.30597200989723206,0.31928399205207825,0.3380660116672516,0.3600790202617645,0.3841390013694763,0.40870001912117004,0.42375901341438293,0.4342859983444214,0.43974199891090393,0.4385020136833191,0.4363880157470703,0.43832099437713623,0.44444102,0.4533199965953827,0.462446004,0.47414499521255493,0.477275014,0.47352099418640137,0.47051501274108887,0.46678000688552856,0.4619550108909607,0.453355998,0.44182300567626953,0.4320870041847229,0.42461299896240234,0.4194120168685913,0.4165560007095337,0.4159710109233856,0.4165470004081726,0.41947299242019653,0.43307700753211975,0.4624769985675812,0.47944802045822144,0.47413399815559387,0.49971601366996765,0.5031139850616455,0.4931569993495941,0.48552802205085754,0.47022801637649536,0.47282400727272034,0.4840550124645233,0.4917290210723877,0.4930260181427002,0.4999389946460724,0.5159130096435547,0.5387960076332092,0.5657680034637451,0.5916810035705566,0.6219789981842041,0.638152003,0.6379259824752808,0.6368110179901123,41.16999816894531
0.14787200093269348,0.14570100605487823,0.14551100134849548,0.1473969966173172,0.1499740034341812,0.15613500773906708,0.1613280028104782,0.16243600845336914,0.15991200506687164,0.15957000851631165,0.15977101027965546,0.15822100639343262,0.15695099532604218,0.15594300627708435,0.1547829955816269,0.1535860002040863,0.1521719992160797,0.15103299915790558,0.1516440063714981,0.15398399531841278,0.1589670032262802,0.16542799770832062,0.16981001198291779,0.17017000913619995,0.1728760004043579,0.18124400079250336,0.19493800401687622,0.21134500205516815,0.2303600013256073,0.24987800419330597,0.2683980166912079,0.2843950092792511,0.2941270172595978,0.29619699716567993,0.29591602087020874,0.29610300064086914,0.2957940101623535,0.29520100355148315,0.2962239980697632,0.2988409996032715,0.30027100443840027,0.2985199987888336,0.2962220013141632,0.29328399896621704,0.2886430025100708,0.2843080163002014,0.28143301606178284,0.2835350036621094,0.2876330018043518,0.2883250117301941,0.28589800000190735,0.2918170094490051,0.2981110215187073,0.3000970184803009,0.30145400762557983,0.3046570122241974,0.3058969974517822,0.3036839962005615,0.2999730110168457,0.2980940043926239,0.2973310053348541,0.29573801159858704,0.2948070168495178,0.2940700054168701,0.29517000913619995,0.3031650185585022,0.31635400652885437,0.33492201566696167,0.3566569983959198,0.3802170157432556,0.4040220081806183,0.4178600013256073,0.4270380139350891,0.4317049980163574,0.430294007,0.42789000272750854,0.42900699377059937,0.43392202258110046,0.4413820207118988,0.44908902049064636,0.4589550197124481,0.4615049958229065,0.4579859972000122,0.45509999990463257,0.45160001516342163,0.447162002,0.439628005,0.42966601252555847,0.4211270213127136,0.4145379960536957,0.4100240170955658,0.40763500332832336,0.4073280096054077,0.40818899869918823,0.41123801469802856,0.425011009,0.453806996,0.46867501735687256,0.4626699984073639,0.4896239936351776,0.4927450120449066,0.4811290204524994,0.47321000695228577,0.4589170217514038,0.46117401123046875,0.47056299448013306,0.47798600792884827,0.47995901107788086,0.4873320162296295,0.5025100111961365,0.5244690179824829,0.5503630042076111,0.5744220018386841,0.6010259985923767,0.6161900162696838,0.6162199974060059,0.6144670248031616,36.599998474121094
0.14812900125980377,0.14607100188732147,0.14599201083183289,0.14792600274085999,0.150395006,0.15640400350093842,0.16129399836063385,0.16185900568962097,0.15927501022815704,0.1589520126581192,0.1591230034828186,0.15759500861167908,0.1562110036611557,0.15515300631523132,0.15402700006961823,0.15284600853919983,0.15152500569820404,0.15053801238536835,0.1512169986963272,0.15356700122356415,0.15843699872493744,0.16455499827861786,0.16872400045394897,0.1690940111875534,0.17180800437927246,0.18038199841976166,0.19408699870109558,0.21012400090694427,0.22823800146579742,0.24651600420475006,0.2636370062828064,0.2783360183238983,0.2871150076389313,0.2889380156993866,0.28873202204704285,0.28901201486587524,0.2888689935207367,0.2884480059146881,0.28952300548553467,0.29207900166511536,0.29366400837898254,0.29249200224876404,0.290912002,0.2885749936103821,0.28442999720573425,0.2805339992046356,0.27800101041793823,0.28065699338912964,0.28524401783943176,0.2859269976615906,0.2839069962501526,0.29003000259399414,0.296517015,0.2987309992313385,0.30036601424217224,0.30368801951408386,0.3049210011959076,0.3029800057411194,0.29954901337623596,0.29777300357818604,0.2971220016479492,0.2957880198955536,0.2949860095977783,0.2943270206451416,0.2955630123615265,0.30375099182128906,0.31708401441574097,0.3357129991054535,0.35747799277305603,0.3808459937572479,0.40411701798439026,0.4170930087566376,0.4252830147743225,0.42933499813079834,0.4277070164680481,0.424996018,0.4254940152168274,0.4295310080051422,0.43595799803733826,0.4426310062408447,0.45116502046585083,0.45316600799560547,0.449864,0.44707900285720825,0.4436980187892914,0.43953001499176025,0.43266400694847107,0.42385101318359375,0.41618701815605164,0.4102019965648651,0.4062020182609558,0.4041540026664734,0.4040299952030182,0.4050599932670593,0.40823301672935486,0.4222339987754822,0.45066800713539124,0.46401000022888184,0.4575529992580414,0.4855850040912628,0.4883660078048706,0.475583017,0.46731600165367126,0.45381101965904236,0.45578399300575256,0.4638180136680603,0.47106000781059265,0.47366800904273987,0.48150500655174255,0.4961390197277069,0.5175790190696716,0.5429050326347351,0.565712035,0.5895500183105469,0.6041769981384277,0.6045300364494324,0.601963997,32.029998779296875
0.1474350094795227,0.14552000164985657,0.14559200406074524,0.14749500155448914,0.14980100095272064,0.15559300780296326,0.16003601253032684,0.15997999906539917,0.15736199915409088,0.1570490002632141,0.1571670025587082,0.1556829959154129,0.15417200326919556,0.15310101211071014,0.1520249992609024,0.15087001025676727,0.1496810019016266,0.14887700974941254,0.14961500465869904,0.1519000083208084,0.15654300153255463,0.16217900812625885,0.1660500019788742,0.1663070023059845,0.16885900497436523,0.1775370091199875,0.19124101102352142,0.20661000907421112,0.22336401045322418,0.23973800241947174,0.2548159956932068,0.26756399869918823,0.2749670147895813,0.2764640152454376,0.2763670086860657,0.2767519950866699,0.2768450081348419,0.27665600180625916,0.2777880132198334,0.2802550196647644,0.2819969952106476,0.28161799907684326,0.2809860110282898,0.27947500348091125,0.27606600522994995,0.2727830111980438,0.2707430124282837,0.2740499973297119,0.27921101450920105,0.27994099259376526,0.2784320116043091,0.28474801778793335,0.29140201210975647,0.29390400648117065,0.2958739995956421,0.2992919981479645,0.3005180060863495,0.2989560067653656,0.2959440052509308,0.2943200170993805,0.2938310205936432,0.2928500175476074,0.29224300384521484,0.291703999,0.2931010127067566,0.3014419972896576,0.31477800011634827,0.33331599831581116,0.35481199622154236,0.3776929974555969,0.4000970125198364,0.4117950201034546,0.41858401894569397,0.42173200845718384,0.4198650121688843,0.41682901978492737,0.41647499799728394,0.41931700706481934,0.4242820143699646,0.4295610189437866,0.43621501326560974,0.4375840127468109,0.43462201952934265,0.432081014,0.4289869964122772,0.4252510070800781,0.41950899362564087,0.41232001781463623,0.40599900484085083,0.40091902017593384,0.3976610004901886,0.39607399702072144,0.3962540030479431,0.3976210057735443,0.40101000666618347,0.4151500165462494,0.4429190158843994,0.4541679918766022,0.44717299938201904,0.47638002038002014,0.47891801595687866,0.4645630121231079,0.4561519920825958,0.44365400075912476,0.445248008,0.4514020085334778,0.45832300186157227,0.46179699897766113,0.47007399797439575,0.4839169979095459,0.5044540166854858,0.5286180377006531,0.5494949817657471,0.5693989992141724,0.583046019,0.5840440392494202,0.5807909965515137,27.450000762939453
0.1452459990978241,0.14354200661182404,0.1438160091638565,0.14572300016880035,0.14777199923992157,0.15328000485897064,0.1570580005645752,0.15600600838661194,0.15328900516033173,0.15304701030254364,0.1530819982290268,0.15169601142406464,0.14997100830078125,0.1488720029592514,0.14786100387573242,0.14674700796604156,0.14574600756168365,0.14523300528526306,0.14609400928020477,0.1483280062675476,0.15265999734401703,0.1575929969549179,0.16096501052379608,0.16133999824523926,0.1640940010547638,0.1730480045080185,0.18642400205135345,0.200655997,0.21546600759029388,0.2292959988117218,0.24161700904369354,0.2517450153827667,0.2573370039463043,0.25836601853370667,0.25841701,0.2590239942073822,0.25950199365615845,0.259674996,0.2608579993247986,0.26325201988220215,0.26534801721572876,0.2662220001220703,0.2670609951019287,0.2667880058288574,0.2644219994544983,0.2619740068912506,0.26059600710868835,0.26498499512672424,0.2710550129413605,0.2718070149421692,0.27107900381088257,0.27782100439071655,0.28484100103378296,0.2877820134162903,0.2902680039405823,0.29392001032829285,0.2951509952545166,0.29409700632095337,0.29159000515937805,0.2901660203933716,0.28986600041389465,0.28936201333999634,0.2889990210533142,0.2885569930076599,0.2901490032672882,0.2987370193004608,0.31220000982284546,0.3307960033416748,0.35225099325180054,0.37483400106430054,0.3963969945907593,0.4065310060977936,0.4115220010280609,0.41351601481437683,0.41132301092147827,0.4077579975128174,0.40619000792503357,0.4073069989681244,0.41024699807167053,0.4135169982910156,0.41750600934028625,0.4178130030632019,0.4152100086212158,0.41281700134277344,0.40996500849723816,0.4066980183124542,0.40241000056266785,0.39747801423072815,0.39287200570106506,0.38899701833724976,0.3867090046405792,0.3857330083847046,0.3863300085067749,0.38805800676345825,0.3916819989681244,0.40633901953697205,0.4335629940032959,0.4417630136013031,0.43366700410842896,0.46539199352264404,0.4673960208892822,0.4505009949207306,0.4414690136909485,0.4303790032863617,0.431427002,0.43479400873184204,0.4413680136203766,0.44611799716949463,0.4553380012512207,0.4681060016155243,0.48762601613998413,0.5106009840965271,0.5289320349693298,0.5432720184326172,0.5556960105895996,0.5573869943618774,0.5527999997138977,18.309999465942383
0.14470700919628143,0.14320699870586395,0.14368000626564026,0.14561299979686737,0.1474820077419281,0.1527080088853836,0.1559469997882843,0.15394900739192963,0.1511470079421997,0.15094999969005585,0.15093199908733368,0.149602011,0.14767199754714966,0.14652299880981445,0.1455869972705841,0.1445150077342987,0.1437090039253235,0.14348100125789642,0.14446499943733215,0.14665500819683075,0.15074001252651215,0.1550140082836151,0.15798400342464447,0.15839500725269318,0.161190003,0.17041601240634918,0.18372800946235657,0.1970980018377304,0.2101290076971054,0.2214440107345581,0.23099499940872192,0.23845800757408142,0.24210301041603088,0.24262000620365143,0.2428169995546341,0.24361799657344818,0.24445900321006775,0.24499700963497162,0.24626000225543976,0.24854500591754913,0.2509959936141968,0.2531050145626068,0.25539901852607727,0.2563350200653076,0.25499001145362854,0.2533630132675171,0.25263699889183044,0.2580380141735077,0.26499301195144653,0.2657800018787384,0.2657410204410553,0.27282199263572693,0.2801540195941925,0.2835090160369873,0.2864530086517334,0.2903050184249878,0.29152801632881165,0.29094401001930237,0.28892800211906433,0.28769901394844055,0.2876040041446686,0.2875470221042633,0.28742700815200806,0.28713899850845337,0.2889769971370697,0.29782000184059143,0.3114570081233978,0.3300659954547882,0.35138100385665894,0.37351900339126587,0.3941360116004944,0.4027230143547058,0.40595200657844543,0.4068149924278259,0.40428102016448975,0.40019500255584717,0.3974820077419281,0.3969559967517853,0.3979730010032654,0.39931201934814453,0.40074101090431213,0.4001010060310364,0.39790502190589905,0.3957130014896393,0.3931710124015808,0.39041101932525635,0.3875510096549988,0.3847990036010742,0.3819050192832947,0.37922000885009766,0.37786200642585754,0.3775220215320587,0.37846001982688904,0.3805609941482544,0.38448500633239746,0.3994840085506439,0.4260610044002533,0.43154001235961914,0.42244699597358704,0.4562550187110901,0.45796501636505127,0.4386640191078186,0.42911800742149353,0.41938701272010803,0.4198720157146454,0.4205639958381653,0.4267840087413788,0.4327490031719208,0.44276800751686096,0.4545460045337677,0.4730290174484253,0.4947890043258667,0.5105739831924438,0.5193549990653992,0.5306800007820129,0.5331140160560608,0.5272780060768127,9.159999847
0.14312399923801422,0.14180700480937958,0.14242801070213318,0.14434900879859924,0.1459980010986328,0.15094299614429474,0.1536400020122528,0.150859997,0.14798399806022644,0.14782699942588806,0.14774800837039948,0.1464969962835312,0.14439299702644348,0.14320600032806396,0.1423410028219223,0.14130200445652008,0.14067400991916656,0.14068400859832764,0.1417659968137741,0.1438779979944229,0.1476690024137497,0.15131300687789917,0.15387800335884094,0.154339999,0.15724100172519684,0.1666260063648224,0.17962099611759186,0.1919040083885193,0.20311400294303894,0.21211500465869904,0.21909800171852112,0.22411800920963287,0.22599899768829346,0.22606199979782104,0.22639600932598114,0.22738900780677795,0.2285979986190796,0.22946999967098236,0.2308019995689392,0.23300300538539886,0.23576900362968445,0.23902399837970734,0.24265199899673462,0.24467501044273376,0.2442300021648407,0.2433370053768158,0.2431900054216385,0.24941200017929077,0.2570800185203552,0.25788700580596924,0.2584500014781952,0.2657710015773773,0.2733200192451477,0.27698400616645813,0.2802950143814087,0.28428101539611816,0.28550100326538086,0.28533700108528137,0.2837580144405365,0.2826850116252899,0.28274601697921753,0.2830650210380554,0.2831369936466217,0.28295600414276123,0.2849210202693939,0.29390400648117065,0.3074699938297272,0.32592299580574036,0.3469870090484619,0.3686610162258148,0.3884370028972626,0.39578700065612793,0.39760300517082214,0.39757800102233887,0.39479100704193115,0.3903470039367676,0.3866789937019348,0.38475799560546875,0.3840799927711487,0.3837070167064667,0.3828500211238861,0.3813460171222687,0.37947601079940796,0.3774450123310089,0.37512099742889404,0.37280401587486267,0.3712089955806732,0.37043899297714233,0.369035006,0.3674030005931854,0.36691099405288696,0.36708101630210876,0.3683589994907379,0.3707750141620636,0.3748930096626282,0.39013800024986267,0.4159890115261078,0.4190080165863037,0.4090990126132965,0.4446430206298828,0.446027011,0.4246410131454468,0.41476401686668396,0.4062249958515167,0.4062879979610443,0.4044960141181946,0.41044601798057556,0.41745302081108093,0.4281900227069855,0.4390230178833008,0.4564869999885559,0.4771220088005066,0.4905970096588135,0.4944480061531067,0.5046430230140686,0.507673979,0.5005620121955872,0
