,902.9647217,909.7512817,916.5380249,923.3247681,930.1116943,936.8986816,943.6858521,950.4731445,957.2606201,964.0482178,970.8359985,977.6239624,984.4121094,991.2005005,997.9890747,1004.777954,1011.567017,1018.356323,1025.145874,1031.935791,1038.725952,1045.516357,1052.307129,1059.098145,1065.889526,1072.681274,1079.473389,1086.265869,1093.058594,1099.851807,1106.645386,1113.439453,1120.233887,1127.028687,1133.823975,1140.619751,1147.416016,1154.212646,1161.009888,1167.807495,1174.605713,1181.404297,1188.203491,1195.003296,1201.803589,1208.604492,1215.405884,1222.207886,1229.010498,1235.813721,1242.617554,1249.421997,1256.227051,1263.032837,1269.839233,1276.646362,1283.454102,1290.262573,1297.071655,1303.881592,1310.692139,1317.503418,1324.315552,1331.128418,1337.942017,1344.756348,1351.571533,1358.387573,1365.204346,1372.021973,1378.840454,1385.65979,1392.479858,1399.300903,1406.122925,1412.945679,1419.769409,1426.593994,1433.419556,1440.246094,1447.073486,1453.901855,1460.731201,1467.561523,1474.392944,1481.22522,1488.058594,1494.892944,1501.728394,1508.564819,1515.402344,1522.240845,1529.080566,1535.921265,1542.763062,1549.606079,1556.450073,1563.295288,1570.141724,1576.989258,1583.837891,1590.687744,1597.538818,1604.390991,1611.244507,1618.099121,1624.955078,1631.812256,1638.670654,1645.530273,1652.391235,1659.25354,1666.117065,1672.981934,1679.848022,1686.715576,1693.584473,1700.45459,1707.326172,1714.199097,1721.073486,1727.949219,1734.826294,1741.704956,1748.584839,1755.466309,1762.349243,1769.233521,1776.119385,1783.006714,1789.895508,1796.785889,1803.677612,1810.571045,1817.465942,1824.362427,1831.260498,1838.160034,1845.061279,1851.963989,1858.868408,1865.774414,1872.682007,1879.591309,1886.502319,1893.414917,1900.329102,1907.245117,1914.16272,1921.082153,1928.003174,1934.926025,1941.850586,1948.776855,1955.704956,1962.634766,1969.566406,1976.499756,1983.434937,1990.37207,1997.310913,2004.251587,2011.194092,2018.13855,2025.084839,2032.032959,2038.983032,2052.888916,2059.844727,2066.80249,2073.762207,2080.723877,2087.6875,2094.653076,SSC (ºBrix)
0,-1.837403417,-1.830649137,-1.828867793,-1.83014369,-1.828412414,-1.827111244,-1.822768569,-1.820740342,-1.812649488,-1.814745307,-1.819582701,-1.811725855,-1.812196612,-1.813588262,-1.816928029,-1.820546031,-1.813063622,-1.823598385,-1.823001027,-1.824629784,-1.823438764,-1.827263236,-1.827035189,-1.826704025,-1.828700185,-1.828299999,-1.8272053,-1.826764584,-1.826200128,-1.823613763,-1.823865771,-1.819791794,-1.817982674,-1.816945076,-1.809292674,-1.80266273,-1.795435309,-1.792353153,-1.790859222,-1.790379643,-1.790175915,-1.790934801,-1.789878488,-1.789630771,-1.789380312,-1.791218996,-1.790646911,-1.791077733,-1.793255568,-1.793839574,-1.794311404,-1.793981433,-1.795464396,-1.793829679,-1.79608345,-1.794596434,-1.793066502,-1.792344093,-1.788503528,-1.788827777,-1.782881856,-1.781349301,-1.77820158,-1.773941398,-1.772152185,-1.769165635,-1.765872955,-1.76564467,-1.761267662,-1.757548451,-1.751862288,-1.743451715,-1.736932635,-1.729131699,-1.723628998,-1.719109893,-1.718704224,-1.716917157,-1.718157053,-1.716358781,-1.714752078,-1.715758204,-1.715021968,-1.714807868,-1.716161132,-1.719968677,-1.7189399,-1.721090317,-1.723403573,-1.728050709,-1.726524591,-1.729864836,-1.730634212,-1.733123779,-1.734713793,-1.736634016,-1.73736763,-1.739177704,-1.740725636,-1.740357995,-1.743697286,-1.744289994,-1.747473717,-1.747443914,-1.748004675,-1.750173092,-1.749704599,-1.751198292,-1.750699162,-1.750550508,-1.751874924,-1.750744224,-1.753331065,-1.750741959,-1.75275147,-1.752712011,-1.753595948,-1.75319016,-1.752357125,-1.752201557,-1.752391577,-1.751092076,-1.751938462,-1.750537992,-1.749051929,-1.748794675,-1.746385336,-1.747278094,-1.749643445,-1.748245597,-1.746681333,-1.747036338,-1.748354077,-1.747542381,-1.748051167,-1.748446584,-1.748107672,-1.745745897,-1.746923685,-1.741851807,-1.741105199,-1.738729358,-1.733197927,-1.72717154,-1.718763471,-1.712986827,-1.708224654,-1.703460932,-1.703239322,-1.703195333,-1.702349305,-1.704138637,-1.702949762,-1.702807307,-1.705399752,-1.703454614,-1.706812501,-1.707422853,-1.709823847,-1.712373257,-1.714647412,-1.7146101,-1.720237613,-1.720080972,-1.721751928,-1.723208904,-1.726717591,-1.730527163,-1.733403087,-1.732310653,-1.737394691,-1.740605235,-1.740771174,-1.750646591,4.3
1,-1.753809094,-1.765306354,-1.749993563,-1.756009459,-1.753512383,-1.755874276,-1.740415812,-1.743165374,-1.735152006,-1.732807517,-1.735064745,-1.731186628,-1.734940767,-1.742926121,-1.738614321,-1.739746094,-1.744306326,-1.739729166,-1.746812105,-1.749097943,-1.749844193,-1.753243804,-1.75412488,-1.749599218,-1.752854705,-1.752028823,-1.756725073,-1.748237133,-1.749224305,-1.746189833,-1.744448543,-1.74520576,-1.742114305,-1.733970761,-1.731858134,-1.720605254,-1.713618994,-1.705728769,-1.705569386,-1.704411149,-1.706254005,-1.70363152,-1.706852198,-1.703511953,-1.703273892,-1.706912637,-1.705958605,-1.707067251,-1.708026409,-1.704033136,-1.710485578,-1.707725644,-1.711402893,-1.709733963,-1.712992668,-1.710519552,-1.707678318,-1.708422065,-1.702226043,-1.701239824,-1.698901653,-1.695779443,-1.691620827,-1.685819983,-1.683994293,-1.679133534,-1.674633622,-1.676005244,-1.672053456,-1.665815115,-1.660631895,-1.650923371,-1.642975807,-1.634916663,-1.630592704,-1.624541283,-1.626090765,-1.619498372,-1.620174289,-1.620671391,-1.617139101,-1.619241118,-1.621751428,-1.620086312,-1.619932532,-1.624670148,-1.626493335,-1.62743187,-1.628046155,-1.633198023,-1.634510636,-1.635793447,-1.635201454,-1.638996124,-1.640813828,-1.643004656,-1.643652558,-1.64501214,-1.648656726,-1.645223022,-1.649473429,-1.65289402,-1.65351069,-1.652720213,-1.655261755,-1.655201793,-1.655843258,-1.658273578,-1.659570575,-1.658400536,-1.660531878,-1.660810232,-1.661593199,-1.662832499,-1.660545707,-1.659814,-1.661576867,-1.659664869,-1.661141396,-1.661715388,-1.661233425,-1.658230186,-1.658444524,-1.65462935,-1.652638793,-1.655416012,-1.654924273,-1.65333879,-1.654762745,-1.651359558,-1.654070258,-1.651367068,-1.653623581,-1.653101444,-1.654802203,-1.655733228,-1.653166652,-1.654426336,-1.652483821,-1.648803115,-1.645347834,-1.641002774,-1.634741306,-1.631572962,-1.621771097,-1.617226124,-1.607510805,-1.605598688,-1.604352713,-1.603786707,-1.603856564,-1.602212191,-1.604924083,-1.606938243,-1.607548118,-1.60527873,-1.610764503,-1.611192822,-1.615128279,-1.616794944,-1.620743513,-1.621679664,-1.624338269,-1.624674082,-1.62693131,-1.63013339,-1.634103894,-1.63861239,-1.639484882,-1.642791271,-1.647626162,-1.652000666,-1.660216808,-1.662695289,4.5
2,-1.748729467,-1.745429516,-1.750139236,-1.7536062,-1.746057034,-1.745547891,-1.738236547,-1.742384553,-1.73258543,-1.735156894,-1.74077189,-1.730104327,-1.729839802,-1.732105732,-1.729353905,-1.734111547,-1.738936424,-1.739043355,-1.741265297,-1.737851381,-1.74242115,-1.743794203,-1.744811058,-1.745348215,-1.742601514,-1.743464112,-1.742897272,-1.741050959,-1.743659019,-1.739218593,-1.733474135,-1.736098647,-1.734365225,-1.730870605,-1.7249403,-1.720342875,-1.715713501,-1.71301055,-1.710846543,-1.710683703,-1.709595919,-1.710612535,-1.710226536,-1.709050536,-1.707050323,-1.708352447,-1.708110571,-1.706887484,-1.711090684,-1.709522009,-1.710835457,-1.711894989,-1.70970583,-1.712989926,-1.713543296,-1.711757421,-1.708388805,-1.709588766,-1.704519749,-1.704998493,-1.703192234,-1.702586412,-1.699284911,-1.69617486,-1.694066525,-1.692288995,-1.690923095,-1.690597177,-1.687083483,-1.682494283,-1.676547527,-1.673449159,-1.667682052,-1.663120866,-1.658602238,-1.656301856,-1.657227397,-1.654562593,-1.65463388,-1.652562976,-1.651070118,-1.652966738,-1.652567506,-1.652266026,-1.651032686,-1.654966593,-1.655656815,-1.657697916,-1.659434199,-1.661358476,-1.66190207,-1.661443472,-1.660534024,-1.662934661,-1.665406823,-1.667426467,-1.668483734,-1.671088934,-1.671566725,-1.670390129,-1.673402786,-1.672614694,-1.675269127,-1.675644994,-1.676662922,-1.679076552,-1.67678237,-1.677928448,-1.679596782,-1.677596688,-1.679368615,-1.676778674,-1.677084088,-1.678795457,-1.679948211,-1.679452658,-1.681144357,-1.679939628,-1.67980516,-1.679632545,-1.681590319,-1.678452611,-1.676726937,-1.678501487,-1.676937819,-1.676547647,-1.678467035,-1.678103566,-1.678419352,-1.676596284,-1.678543925,-1.676663876,-1.675591707,-1.674905062,-1.677545547,-1.677686691,-1.679548502,-1.676382303,-1.677205324,-1.673639894,-1.673334599,-1.670282602,-1.667027593,-1.665108323,-1.657534242,-1.653321624,-1.654030442,-1.647464752,-1.648128748,-1.647896051,-1.646027446,-1.646929741,-1.646634102,-1.645927429,-1.649370074,-1.649093866,-1.651651621,-1.651445031,-1.651428938,-1.654642344,-1.65630281,-1.65963614,-1.661024213,-1.659585118,-1.664944887,-1.664523959,-1.669312119,-1.667034984,-1.669879675,-1.674077749,-1.674865127,-1.675162673,-1.682316542,-1.686467767,4.2
3,-1.760602951,-1.766344428,-1.757105589,-1.75459671,-1.75950563,-1.745618343,-1.762682796,-1.740525484,-1.751289487,-1.742610574,-1.73692143,-1.7407974,-1.745388627,-1.736624718,-1.74391377,-1.744113326,-1.748040318,-1.750052929,-1.750746489,-1.749869466,-1.754622102,-1.754189491,-1.755381703,-1.755850315,-1.753790975,-1.754393697,-1.754440188,-1.7528615,-1.752735615,-1.749493003,-1.749445915,-1.746176362,-1.745757222,-1.743690848,-1.737893701,-1.73169136,-1.727393866,-1.723786116,-1.729820848,-1.721139908,-1.721614838,-1.718799829,-1.720329404,-1.721055746,-1.719607949,-1.719741464,-1.719472885,-1.72113812,-1.719932675,-1.72062993,-1.722765565,-1.721949577,-1.723059177,-1.721584558,-1.722818017,-1.722496867,-1.719199538,-1.718307734,-1.714763165,-1.715999246,-1.711509943,-1.711815,-1.707842469,-1.70590651,-1.702936172,-1.702226877,-1.701156259,-1.696402907,-1.696672082,-1.692148924,-1.689472079,-1.683956146,-1.6781075,-1.67219615,-1.670746922,-1.665817499,-1.665828705,-1.665364504,-1.664040446,-1.664595604,-1.66176343,-1.664526582,-1.662387252,-1.664056182,-1.664932132,-1.667107105,-1.6676507,-1.668424845,-1.667844057,-1.671734214,-1.672373533,-1.67034483,-1.673118711,-1.674828291,-1.676632762,-1.677800298,-1.677933693,-1.678134084,-1.679831147,-1.678634644,-1.682718754,-1.681955576,-1.683746457,-1.683719516,-1.685397029,-1.685758948,-1.685380697,-1.686677814,-1.685552835,-1.68656373,-1.687313318,-1.685603738,-1.688935518,-1.687836766,-1.687612891,-1.685979366,-1.687205315,-1.688174844,-1.687286139,-1.688552618,-1.689345598,-1.686842203,-1.687144756,-1.686291814,-1.683109999,-1.684641957,-1.683636069,-1.68281889,-1.683920503,-1.683691502,-1.683780313,-1.681703687,-1.682937622,-1.681072235,-1.680910349,-1.68232739,-1.68323946,-1.681321025,-1.684175849,-1.67856884,-1.678802609,-1.674852729,-1.67128706,-1.669790506,-1.663182616,-1.6612674,-1.657572031,-1.657082438,-1.656191707,-1.651356459,-1.65097034,-1.653985858,-1.655462742,-1.655774593,-1.658942103,-1.66075027,-1.663113356,-1.662528753,-1.661848187,-1.662372708,-1.665002346,-1.6656183,-1.667256474,-1.666983485,-1.668917894,-1.670555472,-1.672739387,-1.673352718,-1.679825187,-1.683063149,-1.683937907,-1.684387207,-1.687351465,-1.696363091,3.7
4,-1.79851079,-1.800325155,-1.789690733,-1.794775367,-1.79396987,-1.792686701,-1.793366671,-1.787601113,-1.779827237,-1.783396363,-1.778965116,-1.785407424,-1.782695889,-1.787267447,-1.786130667,-1.784835219,-1.794842482,-1.788521409,-1.795416713,-1.796572447,-1.796839237,-1.799276948,-1.797472239,-1.798099279,-1.802832484,-1.801589251,-1.796821952,-1.800955892,-1.799468279,-1.797587395,-1.794778228,-1.794931293,-1.793165565,-1.790226936,-1.782754421,-1.776210308,-1.770655155,-1.769083023,-1.76484561,-1.765654206,-1.7630198,-1.76394403,-1.764014244,-1.763862967,-1.763088226,-1.765984297,-1.765565991,-1.76709795,-1.76726675,-1.768231034,-1.767869115,-1.768053889,-1.768709064,-1.770183086,-1.768553019,-1.770840883,-1.769390225,-1.768205285,-1.763792038,-1.763418794,-1.761359215,-1.757445097,-1.753262997,-1.750213385,-1.749408722,-1.745188832,-1.742957115,-1.742348552,-1.739298224,-1.73443675,-1.728998065,-1.721972942,-1.714827538,-1.707379699,-1.704235554,-1.699277163,-1.69867444,-1.697647214,-1.696951389,-1.697357893,-1.695164084,-1.696166992,-1.697536469,-1.695089698,-1.697371364,-1.698988438,-1.700220942,-1.701973081,-1.703416824,-1.70625186,-1.707853436,-1.707790494,-1.707682729,-1.709295154,-1.711915612,-1.715561032,-1.714460611,-1.715135455,-1.71786499,-1.716516495,-1.720418453,-1.721266747,-1.722756743,-1.723745108,-1.725564837,-1.727729201,-1.728987336,-1.728995442,-1.727504373,-1.727671742,-1.728956699,-1.729124188,-1.73010993,-1.730199575,-1.729550362,-1.731701493,-1.731198072,-1.729986191,-1.73026228,-1.729781389,-1.729597569,-1.727102876,-1.729059458,-1.73005259,-1.72800386,-1.728743434,-1.728469014,-1.72622025,-1.727264762,-1.726364255,-1.727001905,-1.724731565,-1.727319241,-1.72650063,-1.726828933,-1.728476524,-1.72755301,-1.724876761,-1.727182627,-1.722136617,-1.722804546,-1.718922377,-1.715452433,-1.710311532,-1.703375816,-1.700047255,-1.694729567,-1.692606449,-1.692329288,-1.691984415,-1.691557527,-1.69125843,-1.692020774,-1.692703009,-1.694576383,-1.692996979,-1.694067717,-1.697612047,-1.696566343,-1.699389577,-1.698423505,-1.701864481,-1.703651786,-1.704911232,-1.710143209,-1.709795594,-1.710938692,-1.715322614,-1.718835115,-1.718092442,-1.721061945,-1.72304213,-1.724369407,-1.730627894,3.8
5,-1.738173962,-1.730178714,-1.734444737,-1.731930256,-1.721180201,-1.727053165,-1.713162184,-1.712618589,-1.705266833,-1.711612225,-1.704700351,-1.703108788,-1.705630302,-1.706640005,-1.707772017,-1.709340334,-1.71372962,-1.716083527,-1.712689996,-1.716281772,-1.717569351,-1.717843056,-1.721486449,-1.722169757,-1.720658779,-1.720409989,-1.722403646,-1.716491461,-1.719991684,-1.715489507,-1.711600184,-1.711360455,-1.71284318,-1.702772975,-1.699290395,-1.690074444,-1.681967735,-1.678038001,-1.674826026,-1.674947262,-1.672296286,-1.673562527,-1.670303583,-1.67560935,-1.669162512,-1.673543096,-1.673653007,-1.675306797,-1.675688267,-1.674496651,-1.675632119,-1.677588701,-1.679294467,-1.676855206,-1.680754781,-1.677616477,-1.673081756,-1.675272584,-1.669863224,-1.668871522,-1.667219043,-1.664693594,-1.658688784,-1.65410018,-1.65133965,-1.646013975,-1.64607358,-1.643298626,-1.63991034,-1.634385347,-1.630529881,-1.621673942,-1.614328623,-1.608798027,-1.603756309,-1.601477504,-1.599487543,-1.597035527,-1.59824872,-1.596229792,-1.592538118,-1.595303297,-1.595996857,-1.596388817,-1.596016765,-1.600021124,-1.60011971,-1.600087404,-1.600956559,-1.602123022,-1.606608272,-1.607064009,-1.607832313,-1.608732939,-1.611804962,-1.614014268,-1.616124511,-1.615638971,-1.618882895,-1.615911603,-1.618129969,-1.619444966,-1.625566006,-1.622023463,-1.624885559,-1.626033902,-1.626633286,-1.627032161,-1.627432585,-1.626227498,-1.630768299,-1.629149914,-1.632424116,-1.630363107,-1.629282117,-1.630138516,-1.632188916,-1.632718563,-1.631257534,-1.632228971,-1.631445408,-1.628633022,-1.629045129,-1.628506184,-1.627750754,-1.627908826,-1.627678156,-1.625979304,-1.627953291,-1.625738382,-1.625828981,-1.625106096,-1.6243366,-1.625895023,-1.627832532,-1.626668334,-1.631601214,-1.62629056,-1.625344276,-1.622985601,-1.622077823,-1.618749022,-1.61385715,-1.607442498,-1.601895094,-1.600603223,-1.596955538,-1.595335126,-1.593824506,-1.592018127,-1.591100574,-1.592722535,-1.591683388,-1.591161847,-1.596318245,-1.594506264,-1.594462037,-1.596689224,-1.599455357,-1.598478079,-1.601679921,-1.602746367,-1.605395675,-1.605366588,-1.609455466,-1.610178709,-1.612430811,-1.613664031,-1.616245866,-1.618997216,-1.621542335,-1.625652432,-1.632776737,-1.638804674,4.3
6,-1.809422851,-1.818867564,-1.820246458,-1.806872845,-1.806430817,-1.800602198,-1.801861405,-1.805874586,-1.795254469,-1.794850111,-1.800130486,-1.793137908,-1.794879317,-1.795790792,-1.805649161,-1.796340108,-1.80312705,-1.799667358,-1.805117726,-1.804565072,-1.807534337,-1.809131384,-1.808547854,-1.808694839,-1.811342359,-1.808500648,-1.811074376,-1.807265043,-1.808866739,-1.803391337,-1.802560806,-1.802269459,-1.799376011,-1.796617866,-1.789664984,-1.782001019,-1.775461078,-1.771196008,-1.765225649,-1.770958662,-1.767894387,-1.768989325,-1.767695069,-1.767627239,-1.767729282,-1.768261671,-1.771157861,-1.771065712,-1.771411538,-1.773948193,-1.772940397,-1.77445817,-1.775392056,-1.775879979,-1.776957154,-1.775876045,-1.772317886,-1.773036838,-1.769420862,-1.768755913,-1.765166402,-1.764044762,-1.758501053,-1.754474163,-1.753234386,-1.749263644,-1.747724652,-1.745681047,-1.742671251,-1.73886323,-1.733338833,-1.726230979,-1.719990492,-1.714433312,-1.711997032,-1.706412435,-1.706193209,-1.702275872,-1.703206182,-1.702461362,-1.701072216,-1.703039169,-1.701362133,-1.701588392,-1.701852322,-1.706217527,-1.704894066,-1.709290981,-1.709193707,-1.711351395,-1.712359548,-1.713268399,-1.713108778,-1.71610117,-1.717429042,-1.720385551,-1.720589995,-1.720555305,-1.72205162,-1.721573591,-1.725373149,-1.72587955,-1.728439927,-1.729432583,-1.72977078,-1.731399417,-1.729875565,-1.731971502,-1.731464148,-1.731627345,-1.732326269,-1.733387113,-1.734613657,-1.734326959,-1.733572841,-1.733577609,-1.735106349,-1.736894488,-1.734879017,-1.736420989,-1.736498594,-1.734342217,-1.735568881,-1.732869864,-1.732296586,-1.730936527,-1.729290247,-1.728685737,-1.730680943,-1.729753494,-1.729143858,-1.728833675,-1.73093164,-1.730917335,-1.730929494,-1.731055975,-1.733340383,-1.731616855,-1.731820226,-1.730743885,-1.72869885,-1.725153089,-1.7209692,-1.713045955,-1.708260298,-1.704235315,-1.702940583,-1.700029135,-1.699608922,-1.698292136,-1.699364066,-1.698806047,-1.698349476,-1.702604651,-1.700847507,-1.702379704,-1.700269103,-1.703293681,-1.704770207,-1.705456018,-1.705774784,-1.706079841,-1.708936334,-1.713230848,-1.715467691,-1.715329409,-1.71725893,-1.717561007,-1.720812917,-1.723454952,-1.725273609,-1.728108764,-1.732653737,-1.736767888,3.9
7,-1.753854871,-1.756550193,-1.753824949,-1.752380013,-1.740082145,-1.748743176,-1.736833215,-1.733939409,-1.734360218,-1.723220468,-1.727303743,-1.723570704,-1.72264564,-1.7283777,-1.728679061,-1.72842145,-1.728459358,-1.728710771,-1.731888175,-1.733981133,-1.732627273,-1.734254479,-1.734544754,-1.734529853,-1.737288475,-1.737351418,-1.737475991,-1.735189319,-1.734031916,-1.732837915,-1.728982925,-1.72641778,-1.726185083,-1.719914436,-1.718557,-1.709462285,-1.702431321,-1.696444035,-1.701965332,-1.698473454,-1.695557833,-1.694951892,-1.696689487,-1.696788549,-1.6930511,-1.695243597,-1.695599437,-1.697365522,-1.697417736,-1.695770741,-1.698704362,-1.69791913,-1.70117712,-1.701982141,-1.701254249,-1.702310681,-1.697970033,-1.700070858,-1.694581151,-1.695185184,-1.692034602,-1.690707326,-1.685457826,-1.679762244,-1.679955244,-1.676490068,-1.673401594,-1.672528744,-1.670022368,-1.663225889,-1.65993011,-1.651060939,-1.645150661,-1.640146613,-1.636507988,-1.631303906,-1.630247712,-1.628430843,-1.62846601,-1.626751781,-1.623926163,-1.628090382,-1.626962543,-1.625254273,-1.625347495,-1.629571319,-1.630559206,-1.633932948,-1.631869435,-1.63426578,-1.639677882,-1.638477921,-1.638060331,-1.638931274,-1.642836213,-1.642973542,-1.645889163,-1.647467136,-1.647457004,-1.645885229,-1.648448944,-1.650132537,-1.651386738,-1.651474237,-1.653072953,-1.654810309,-1.655209303,-1.655582666,-1.657189727,-1.655691147,-1.657108665,-1.658203006,-1.659036636,-1.658811808,-1.659605503,-1.656757832,-1.657955408,-1.657644272,-1.660733461,-1.659564137,-1.657283545,-1.656696081,-1.656560421,-1.655966163,-1.65447247,-1.65349412,-1.651408076,-1.652516246,-1.651975393,-1.649900436,-1.652115107,-1.650960445,-1.654302716,-1.65119946,-1.654168725,-1.652805924,-1.65285182,-1.652053714,-1.653658509,-1.648817658,-1.649109483,-1.64536953,-1.641958833,-1.637359262,-1.630162716,-1.625105143,-1.621037006,-1.616850495,-1.615062475,-1.617254496,-1.612867117,-1.612806559,-1.615270853,-1.616677046,-1.617881775,-1.619951367,-1.617853403,-1.621719718,-1.620546579,-1.622915268,-1.625526071,-1.630928397,-1.630440831,-1.63059783,-1.634317398,-1.635125399,-1.638043761,-1.639782667,-1.643889546,-1.645389199,-1.647471428,-1.654847145,-1.660955429,-1.665060878,3.9
8,-1.798454642,-1.792957544,-1.786437511,-1.788578391,-1.789340138,-1.780600667,-1.786790013,-1.772596598,-1.774737358,-1.777145386,-1.77227211,-1.772544622,-1.777153015,-1.777775764,-1.778291225,-1.776696682,-1.78557229,-1.781956196,-1.785284162,-1.786988378,-1.789600015,-1.78778553,-1.791096568,-1.792833447,-1.795278072,-1.793316126,-1.790360451,-1.789413452,-1.787476659,-1.789772391,-1.78794539,-1.787692428,-1.784582376,-1.781074643,-1.775596023,-1.768879533,-1.764496326,-1.759288788,-1.757359266,-1.757651448,-1.758209348,-1.756695867,-1.756676078,-1.756874204,-1.758058667,-1.755763531,-1.757532358,-1.759624004,-1.757990718,-1.759177446,-1.760394096,-1.761147857,-1.760415912,-1.762390375,-1.760581374,-1.762165785,-1.759293675,-1.759071112,-1.756899476,-1.756371975,-1.752268314,-1.750345826,-1.74719727,-1.743319988,-1.741613746,-1.738603354,-1.736211538,-1.732533932,-1.733171225,-1.728427291,-1.72196722,-1.716863394,-1.709569693,-1.70059371,-1.696262717,-1.693931222,-1.692870259,-1.691417694,-1.688987732,-1.68834722,-1.685741663,-1.687644839,-1.686249137,-1.687949896,-1.69029665,-1.690255761,-1.691288352,-1.693304062,-1.695965648,-1.698477507,-1.698964834,-1.700868487,-1.702251077,-1.706159949,-1.70717442,-1.709010839,-1.710942149,-1.711077213,-1.714472771,-1.713208199,-1.715206265,-1.716511726,-1.72060895,-1.719250083,-1.720172763,-1.721951723,-1.721915007,-1.721717954,-1.723734975,-1.724470019,-1.724052072,-1.724354267,-1.724980354,-1.724871516,-1.726034641,-1.723296881,-1.725679994,-1.724816561,-1.726215124,-1.725991488,-1.724675775,-1.723310709,-1.72185576,-1.721565485,-1.720917702,-1.720081091,-1.719346881,-1.720463634,-1.718558908,-1.719158649,-1.719719768,-1.719508886,-1.72075963,-1.718585014,-1.720085144,-1.720474482,-1.719802022,-1.718839884,-1.719834924,-1.713912249,-1.713373065,-1.707680941,-1.706400752,-1.69849503,-1.694015384,-1.68843317,-1.686025023,-1.680953622,-1.680496573,-1.678057671,-1.676898837,-1.678966761,-1.678791881,-1.679229617,-1.679525733,-1.680976629,-1.680942297,-1.683739662,-1.682799816,-1.686048627,-1.687982321,-1.689588428,-1.692144156,-1.693947434,-1.69628036,-1.695192814,-1.6998595,-1.698281527,-1.700834632,-1.70441854,-1.70991683,-1.707245231,-1.716135979,-1.715266466,4.5
9,-1.780853748,-1.787444592,-1.788006186,-1.771047473,-1.779813409,-1.773093462,-1.77646637,-1.761026382,-1.768246174,-1.762021422,-1.768238664,-1.768635511,-1.764606595,-1.769902825,-1.772687793,-1.772065878,-1.771365047,-1.772490859,-1.777615786,-1.777309775,-1.775664091,-1.783635616,-1.783817649,-1.780289888,-1.783519983,-1.78433466,-1.780591488,-1.783911586,-1.778025627,-1.781948924,-1.780304432,-1.778133035,-1.778345227,-1.774642229,-1.764710069,-1.762609005,-1.757693887,-1.753434896,-1.75281918,-1.750219703,-1.74835825,-1.749062657,-1.746793628,-1.747164488,-1.748315454,-1.749273181,-1.751579881,-1.750210524,-1.753528237,-1.7513901,-1.751648068,-1.751731753,-1.754472971,-1.754779816,-1.755573034,-1.754131079,-1.754449964,-1.752628803,-1.750916839,-1.746815562,-1.746347547,-1.742341757,-1.739647269,-1.736204624,-1.736258745,-1.732098937,-1.729940653,-1.728908777,-1.724722624,-1.720868826,-1.718736172,-1.710700154,-1.706660748,-1.698898077,-1.693771482,-1.6922791,-1.689780593,-1.686318994,-1.687541485,-1.684910893,-1.685330987,-1.68427825,-1.68507123,-1.68622601,-1.685317874,-1.690778136,-1.688440204,-1.689923406,-1.691761255,-1.696478128,-1.69644928,-1.697705507,-1.697558761,-1.699605942,-1.702648044,-1.704094052,-1.706044436,-1.706317782,-1.708621979,-1.707416654,-1.710646868,-1.709853172,-1.713277459,-1.712826729,-1.715749264,-1.715521336,-1.715157032,-1.716186047,-1.717316628,-1.716120839,-1.717273712,-1.718063235,-1.71906352,-1.719480157,-1.720593572,-1.719628811,-1.720371604,-1.719784141,-1.718598008,-1.718199492,-1.720511198,-1.717348933,-1.717817187,-1.716379166,-1.715571761,-1.715734482,-1.717671156,-1.71522522,-1.714535713,-1.714067459,-1.714557171,-1.711950541,-1.714234829,-1.714153767,-1.715305328,-1.717641115,-1.718479991,-1.716109753,-1.716137648,-1.712956786,-1.714055181,-1.708054781,-1.702729225,-1.698820949,-1.691547275,-1.687969565,-1.685651779,-1.680544496,-1.683391809,-1.682634711,-1.677701235,-1.680081844,-1.680060625,-1.681159616,-1.683524609,-1.68406713,-1.685421228,-1.686226368,-1.6875422,-1.687863588,-1.690876484,-1.693804383,-1.690039277,-1.692224383,-1.695515513,-1.697786689,-1.698238134,-1.703505635,-1.703581095,-1.708494306,-1.708547711,-1.708681703,-1.712384939,-1.718063712,4.1
10,-1.797001481,-1.801979899,-1.799842954,-1.803371429,-1.795337439,-1.78691256,-1.788529038,-1.7825104,-1.78830874,-1.776252031,-1.781978607,-1.778842926,-1.784013271,-1.779308677,-1.782496095,-1.78196764,-1.785335898,-1.783893824,-1.792862177,-1.789765835,-1.793519616,-1.792725444,-1.79593277,-1.794997931,-1.79385066,-1.792351127,-1.797857165,-1.791252494,-1.792777658,-1.789057493,-1.789888859,-1.787498355,-1.784090757,-1.77878356,-1.775728703,-1.769158602,-1.762539148,-1.759421945,-1.755960822,-1.755998254,-1.753971696,-1.757528424,-1.753115058,-1.754875422,-1.752383232,-1.755840421,-1.756016612,-1.755784869,-1.757590771,-1.755348921,-1.756984115,-1.757856131,-1.758732438,-1.759115696,-1.755912542,-1.75864625,-1.757233381,-1.757202268,-1.753439426,-1.751925111,-1.749352217,-1.746471286,-1.74138093,-1.739231586,-1.73645854,-1.733990788,-1.731108427,-1.729997516,-1.72765398,-1.721463919,-1.71657455,-1.707479477,-1.703792691,-1.697210431,-1.694242597,-1.690873861,-1.688889503,-1.688093066,-1.685560465,-1.686549783,-1.684729576,-1.685339212,-1.684900403,-1.683277011,-1.683442235,-1.687910199,-1.689133286,-1.691233158,-1.692054391,-1.692611575,-1.695529938,-1.695554852,-1.695025086,-1.698559523,-1.69953692,-1.701183438,-1.702910542,-1.704590797,-1.705453992,-1.704057097,-1.708251119,-1.706740975,-1.710129976,-1.709432006,-1.711142063,-1.711317539,-1.713857532,-1.712542534,-1.712530494,-1.71207273,-1.712913632,-1.715685964,-1.717323422,-1.716847062,-1.716737866,-1.717091441,-1.716790557,-1.716573596,-1.715263605,-1.715743065,-1.715429664,-1.714787364,-1.713694334,-1.713708282,-1.711313963,-1.711121559,-1.70930624,-1.707482338,-1.711211205,-1.710641146,-1.711549878,-1.710391164,-1.71236217,-1.711048007,-1.709966183,-1.711366057,-1.711432815,-1.709368825,-1.712829232,-1.705054402,-1.705978751,-1.702688575,-1.698765516,-1.6937114,-1.687981725,-1.684765458,-1.6829983,-1.680297971,-1.680946708,-1.67931211,-1.678465962,-1.681256294,-1.677455187,-1.67649889,-1.67820406,-1.680283308,-1.68201828,-1.685275674,-1.687173963,-1.684276104,-1.687742829,-1.688994527,-1.691266298,-1.690351486,-1.694823623,-1.695092082,-1.697210073,-1.698541045,-1.700395226,-1.706914425,-1.707914114,-1.713145494,-1.717351556,-1.723142266,4.2
11,-1.724807858,-1.736537337,-1.734698772,-1.727246165,-1.735680103,-1.713788033,-1.721224666,-1.721485615,-1.718472362,-1.708442926,-1.715850592,-1.715393424,-1.7092309,-1.709221482,-1.711916447,-1.715355873,-1.721262217,-1.717564106,-1.721033454,-1.719307661,-1.724008203,-1.726046801,-1.726357937,-1.724371672,-1.725182652,-1.724468589,-1.727689385,-1.72302258,-1.724976659,-1.719889045,-1.718664527,-1.71738255,-1.715124369,-1.712023616,-1.70714891,-1.697637081,-1.693162322,-1.688799977,-1.682527781,-1.687001467,-1.685695171,-1.68782866,-1.683323979,-1.686494946,-1.684565187,-1.689149857,-1.688567281,-1.684949756,-1.686537504,-1.686051846,-1.69066608,-1.689191699,-1.688500762,-1.689957976,-1.689382434,-1.690067291,-1.687789202,-1.688500166,-1.68266046,-1.683502197,-1.678236604,-1.679072499,-1.672807813,-1.670839429,-1.668459654,-1.666518331,-1.662020206,-1.663615823,-1.660011411,-1.65519166,-1.653331995,-1.645488977,-1.641830206,-1.637018561,-1.634099007,-1.630279422,-1.632750392,-1.629178524,-1.630044937,-1.627150774,-1.625796676,-1.628491879,-1.62785399,-1.627942562,-1.627515435,-1.630060554,-1.63163054,-1.632454157,-1.632488132,-1.635496497,-1.636790395,-1.636594772,-1.636259198,-1.636932254,-1.640732884,-1.642474532,-1.642564058,-1.643126965,-1.645667791,-1.642174006,-1.646441698,-1.646445513,-1.650667429,-1.647152543,-1.649845243,-1.650501251,-1.649498582,-1.651786327,-1.652007103,-1.65157783,-1.653157473,-1.651401997,-1.651730895,-1.6531775,-1.652847528,-1.653685331,-1.65475595,-1.651750326,-1.651205659,-1.652878523,-1.652780056,-1.649629116,-1.653245091,-1.650122643,-1.648664117,-1.649581075,-1.646873116,-1.64619875,-1.649732351,-1.64750123,-1.649959683,-1.644282699,-1.648757458,-1.647415876,-1.649958134,-1.650486708,-1.651019931,-1.648398638,-1.650292873,-1.644212842,-1.644998789,-1.64063561,-1.638557434,-1.638035178,-1.630579233,-1.628261924,-1.622975469,-1.621092558,-1.622262716,-1.619756699,-1.620148182,-1.623029232,-1.621150494,-1.622300863,-1.624564409,-1.621198297,-1.624731898,-1.625591278,-1.626756787,-1.626488328,-1.6289711,-1.630175471,-1.631277323,-1.632176876,-1.635956407,-1.63478601,-1.637061834,-1.637600183,-1.640768766,-1.64422667,-1.646005034,-1.647682071,-1.654244542,-1.65451014,3.5
12,-1.752730727,-1.727089882,-1.729709983,-1.725402474,-1.732689857,-1.729869962,-1.726895571,-1.731481194,-1.721614957,-1.712281585,-1.716636539,-1.722480893,-1.713124394,-1.717234015,-1.717100978,-1.722166538,-1.724410772,-1.727185845,-1.724389553,-1.730696917,-1.728410959,-1.72945261,-1.732766271,-1.733602643,-1.731031895,-1.734297752,-1.735962629,-1.733361959,-1.730421185,-1.729954839,-1.727715492,-1.728122354,-1.72424686,-1.720885277,-1.715656757,-1.708717346,-1.700213194,-1.695546627,-1.702695012,-1.698875308,-1.695328593,-1.696658611,-1.695293188,-1.696949482,-1.695003033,-1.697313428,-1.697830439,-1.698800564,-1.699109435,-1.697748661,-1.699524045,-1.699960351,-1.70096755,-1.701553583,-1.700355768,-1.701890945,-1.698933959,-1.700287461,-1.698324442,-1.69499445,-1.692198396,-1.691580534,-1.687054038,-1.68374002,-1.681111217,-1.677922964,-1.675998092,-1.672876596,-1.67132175,-1.665976644,-1.66137898,-1.654402137,-1.64722538,-1.640561819,-1.635074735,-1.634513259,-1.634465814,-1.629648447,-1.628245473,-1.634117007,-1.629696965,-1.629042625,-1.628323317,-1.628046513,-1.629422307,-1.63293767,-1.633581281,-1.633600354,-1.63655293,-1.638796806,-1.641347885,-1.641907692,-1.642833591,-1.644259691,-1.647845626,-1.648933887,-1.649696589,-1.649761319,-1.65256691,-1.650233626,-1.651171327,-1.652878404,-1.656522155,-1.65747869,-1.658503652,-1.661787271,-1.660683155,-1.659883857,-1.661280274,-1.66085732,-1.663430572,-1.663963914,-1.666043997,-1.666429043,-1.663684368,-1.665069222,-1.663828969,-1.662659645,-1.664334774,-1.663364172,-1.66403687,-1.664112449,-1.662158728,-1.662480235,-1.65830934,-1.661556363,-1.659880757,-1.660186291,-1.658916116,-1.65788424,-1.658710361,-1.658043504,-1.657976031,-1.658311486,-1.659333229,-1.660830498,-1.65906024,-1.659178138,-1.659764647,-1.656674862,-1.654682517,-1.649848819,-1.64393878,-1.641924977,-1.6351583,-1.630578637,-1.625525951,-1.624650598,-1.624916315,-1.626331329,-1.62271297,-1.623704195,-1.623373747,-1.624175191,-1.629385948,-1.628483295,-1.628463507,-1.629873514,-1.631427765,-1.63388443,-1.634317636,-1.635687351,-1.636579275,-1.638354421,-1.639561653,-1.640548229,-1.646049857,-1.644838095,-1.648727894,-1.654283166,-1.654129267,-1.654852509,-1.660937428,-1.666904688,3.6
13,-1.833813071,-1.82979095,-1.831802607,-1.829931736,-1.843382955,-1.828077435,-1.822140098,-1.824194551,-1.823732018,-1.816206336,-1.813165307,-1.812500477,-1.815100312,-1.822939634,-1.816944003,-1.822295666,-1.815627813,-1.824236512,-1.814859867,-1.824445248,-1.826587319,-1.827336907,-1.829898357,-1.824068904,-1.827950478,-1.82721746,-1.82930541,-1.829039454,-1.827812076,-1.822687864,-1.819897771,-1.824183226,-1.821770787,-1.814818263,-1.812537551,-1.801900625,-1.79833591,-1.791966081,-1.792577863,-1.791980505,-1.790073395,-1.788180709,-1.789240718,-1.791678786,-1.788065672,-1.791431189,-1.793284774,-1.791566014,-1.794984937,-1.790497184,-1.793802619,-1.794195056,-1.796209693,-1.794823289,-1.797947526,-1.796045899,-1.793540001,-1.794896483,-1.788333178,-1.790554643,-1.784861207,-1.784648895,-1.780166984,-1.775675654,-1.774749398,-1.77176404,-1.767223835,-1.768191934,-1.765401244,-1.758412123,-1.75308919,-1.744384885,-1.738244772,-1.731380582,-1.726569891,-1.723261237,-1.721416354,-1.720312715,-1.720784068,-1.717870474,-1.715317965,-1.717923999,-1.718470812,-1.71725297,-1.718257308,-1.721618414,-1.723955631,-1.725668311,-1.726558328,-1.728574991,-1.730767608,-1.731557846,-1.73283577,-1.735347986,-1.736765504,-1.739056945,-1.740000248,-1.742284894,-1.743252873,-1.740851283,-1.745135307,-1.743583918,-1.748965859,-1.747671962,-1.748759389,-1.74882853,-1.74992311,-1.750743151,-1.752048969,-1.75255239,-1.754706144,-1.754193544,-1.756060481,-1.754900336,-1.753897667,-1.754388809,-1.756138563,-1.75725472,-1.755286574,-1.75532937,-1.753942013,-1.752832413,-1.752242565,-1.749620199,-1.748018742,-1.750568151,-1.750453353,-1.747743487,-1.749078155,-1.746604919,-1.748481989,-1.747643709,-1.747012019,-1.746937037,-1.74965167,-1.749298811,-1.750882387,-1.747326255,-1.749704957,-1.742515087,-1.744988918,-1.737163186,-1.730730057,-1.726204634,-1.717999578,-1.714142203,-1.710250497,-1.705499768,-1.70494163,-1.704057574,-1.702864408,-1.702706337,-1.703504086,-1.703539014,-1.705974698,-1.707045197,-1.708585501,-1.710728288,-1.712763786,-1.711627841,-1.716447592,-1.713206291,-1.717740178,-1.718201876,-1.722980142,-1.722318888,-1.728595376,-1.729191184,-1.732190251,-1.737899423,-1.737981915,-1.742431521,-1.746167421,-1.754564643,3.4
14,-1.771402955,-1.787582278,-1.772610426,-1.774686575,-1.773753881,-1.778677344,-1.769907117,-1.768524766,-1.766639352,-1.756890535,-1.759755135,-1.762329936,-1.764555454,-1.763926864,-1.762435555,-1.761977553,-1.760951757,-1.769705296,-1.767193556,-1.771959424,-1.772873521,-1.772919655,-1.774730802,-1.772075534,-1.775592923,-1.772107363,-1.773844242,-1.772493958,-1.774587035,-1.77068162,-1.770788074,-1.766905069,-1.762743711,-1.759738207,-1.753849626,-1.746419787,-1.7419945,-1.738557458,-1.737205029,-1.735534787,-1.735491633,-1.734988451,-1.732673168,-1.734338284,-1.735127687,-1.735094547,-1.734998107,-1.736024857,-1.736065626,-1.736428738,-1.73933351,-1.736906171,-1.739617586,-1.740265131,-1.741380215,-1.741740942,-1.735476017,-1.736721873,-1.732942462,-1.731649876,-1.729698539,-1.728433251,-1.723933458,-1.720891953,-1.716953039,-1.714522481,-1.712602973,-1.710654736,-1.707044601,-1.702486873,-1.695741057,-1.687332153,-1.680779338,-1.670468211,-1.670054436,-1.664130926,-1.664430857,-1.659734249,-1.660510778,-1.659562469,-1.656355619,-1.658579588,-1.660033703,-1.657475591,-1.65960741,-1.661920547,-1.661179423,-1.665356874,-1.664787054,-1.667899013,-1.670028925,-1.672727108,-1.672449589,-1.674276114,-1.677682996,-1.679868579,-1.681399345,-1.682926655,-1.683974385,-1.682715893,-1.686542511,-1.686959147,-1.691487432,-1.689386368,-1.691604972,-1.693839073,-1.692848921,-1.69455564,-1.69459641,-1.695683718,-1.696431875,-1.695893288,-1.697285533,-1.696620584,-1.6951648,-1.696211576,-1.69762516,-1.696566939,-1.698225379,-1.698235869,-1.697520137,-1.694834232,-1.694340467,-1.693856835,-1.690759659,-1.690633774,-1.691463113,-1.691083074,-1.69272697,-1.690639019,-1.690979958,-1.691953182,-1.691991925,-1.691635489,-1.692933321,-1.694374919,-1.691718698,-1.689970732,-1.690409422,-1.684458971,-1.684238553,-1.680952072,-1.676105618,-1.668350697,-1.661514282,-1.654728889,-1.652090907,-1.649337769,-1.647754431,-1.645975471,-1.646107197,-1.646551847,-1.644113064,-1.648279667,-1.649870992,-1.64756608,-1.650178552,-1.651466727,-1.653567076,-1.657202601,-1.659097552,-1.658635736,-1.662289619,-1.662520885,-1.665525675,-1.664733768,-1.670014143,-1.675068021,-1.675945282,-1.678610086,-1.683672428,-1.688700438,-1.690696239,-1.695915222,3.7
15,-1.843443394,-1.845812201,-1.856183529,-1.851175427,-1.845452309,-1.841079593,-1.843304873,-1.835060954,-1.832057476,-1.833098173,-1.830405593,-1.827995539,-1.829842091,-1.832625747,-1.830743074,-1.835187316,-1.830513954,-1.840851307,-1.837526798,-1.839031577,-1.842841506,-1.843478084,-1.844601631,-1.847326279,-1.846221209,-1.846699238,-1.845629811,-1.844795942,-1.841356277,-1.839243293,-1.83878696,-1.839384675,-1.837277055,-1.831690192,-1.82631731,-1.816171885,-1.815330625,-1.808334589,-1.807715535,-1.808369279,-1.808129191,-1.805513382,-1.805285931,-1.804745197,-1.803089976,-1.804780602,-1.807140231,-1.807003379,-1.809300542,-1.807632565,-1.809046388,-1.809105396,-1.811339498,-1.80972898,-1.812156558,-1.811855316,-1.809036493,-1.809777141,-1.807002425,-1.804691076,-1.801781654,-1.801034451,-1.797334552,-1.792360187,-1.789584279,-1.786312342,-1.782905698,-1.781891704,-1.778851748,-1.774657249,-1.76753521,-1.758895874,-1.75242424,-1.744868398,-1.738692999,-1.735248566,-1.736953974,-1.733080149,-1.732817411,-1.733063698,-1.729270697,-1.729711175,-1.73125267,-1.730910182,-1.730281711,-1.734598398,-1.735885978,-1.73842454,-1.738287807,-1.742111802,-1.743229389,-1.745011568,-1.746436834,-1.749293804,-1.750976563,-1.752889276,-1.754976869,-1.755481958,-1.758597493,-1.755807519,-1.759437203,-1.763165474,-1.764134645,-1.763789654,-1.76605463,-1.768187761,-1.766608953,-1.767876744,-1.768862486,-1.769719839,-1.770612001,-1.771444559,-1.771157384,-1.770782709,-1.770309091,-1.770452261,-1.7708112,-1.769972682,-1.771378994,-1.771050334,-1.770878911,-1.768690586,-1.768301964,-1.768866897,-1.766420603,-1.767168164,-1.766892672,-1.765351892,-1.764483929,-1.762868881,-1.763453484,-1.763786435,-1.765415072,-1.763997793,-1.764909148,-1.767648697,-1.768900037,-1.764076471,-1.765000582,-1.759603739,-1.761124253,-1.754891515,-1.75011301,-1.7449435,-1.735453248,-1.730491042,-1.722679973,-1.72139287,-1.721610785,-1.719813347,-1.719969511,-1.719952345,-1.719056606,-1.720221519,-1.722934365,-1.722913742,-1.725131154,-1.726384401,-1.727591038,-1.730038762,-1.731266022,-1.732910037,-1.734457254,-1.73689723,-1.73930037,-1.742645979,-1.744984508,-1.749502182,-1.749105811,-1.753745794,-1.756069303,-1.758641243,-1.762739182,-1.773481488,3.9
16,-1.774140239,-1.779530406,-1.778307199,-1.779036283,-1.770206928,-1.782696486,-1.758776426,-1.773352265,-1.756276846,-1.769028306,-1.761019707,-1.766844749,-1.759630799,-1.759871483,-1.764515758,-1.768926024,-1.764057636,-1.770597696,-1.768756747,-1.774692774,-1.774137855,-1.776634455,-1.777483821,-1.777798653,-1.779298782,-1.777273774,-1.777784348,-1.777151823,-1.773238897,-1.773003101,-1.772769451,-1.771968007,-1.767781973,-1.765499711,-1.758986115,-1.751476049,-1.74356699,-1.742074847,-1.739783287,-1.738586307,-1.738975644,-1.737242222,-1.739158273,-1.738529325,-1.736454606,-1.739745498,-1.740060687,-1.737413645,-1.739765644,-1.739212871,-1.743330598,-1.740969896,-1.740851402,-1.742425323,-1.741440296,-1.742751956,-1.740387082,-1.741226912,-1.735625505,-1.735557556,-1.734428048,-1.731518865,-1.726582766,-1.723811865,-1.72014451,-1.717873096,-1.715672374,-1.713940263,-1.711847544,-1.706033349,-1.703542948,-1.695786953,-1.687575221,-1.679297566,-1.67568171,-1.671489596,-1.670161724,-1.669172287,-1.66707468,-1.667087793,-1.665184617,-1.665246964,-1.66501081,-1.664575815,-1.667355299,-1.667845964,-1.666309595,-1.674177766,-1.6740762,-1.675374985,-1.67696023,-1.67966795,-1.679467797,-1.681969166,-1.684174418,-1.686223269,-1.686977148,-1.689632535,-1.69207108,-1.689672947,-1.692439556,-1.693606257,-1.697627902,-1.696140885,-1.696962833,-1.697680473,-1.698372245,-1.69713223,-1.699445963,-1.700374484,-1.699962616,-1.701150417,-1.702312112,-1.698868275,-1.70053637,-1.70309782,-1.701283574,-1.70230341,-1.700330496,-1.702446103,-1.701802015,-1.700411797,-1.699981332,-1.69867456,-1.697972059,-1.6972754,-1.697304964,-1.696782947,-1.696835756,-1.695136309,-1.697186947,-1.69314158,-1.695936799,-1.69588685,-1.695276618,-1.694865227,-1.693704844,-1.697080016,-1.695576072,-1.689731121,-1.688439965,-1.682953,-1.680939674,-1.673675776,-1.667828679,-1.6626513,-1.659293294,-1.655848384,-1.655468225,-1.652171373,-1.650241256,-1.650961637,-1.651976943,-1.654119372,-1.65654397,-1.655422449,-1.657169104,-1.659111738,-1.661765575,-1.661968827,-1.664178371,-1.665374994,-1.668508768,-1.669775844,-1.670662045,-1.670031309,-1.674960375,-1.679865718,-1.683135867,-1.684962749,-1.688614726,-1.690915585,-1.691854954,-1.699865937,4.1
17,-1.819590807,-1.81444633,-1.821002245,-1.810514212,-1.811858773,-1.802048087,-1.81309402,-1.797531486,-1.80558908,-1.79454577,-1.798207998,-1.801095724,-1.798311472,-1.797099233,-1.800480008,-1.812094927,-1.803102851,-1.803791761,-1.806566596,-1.80784905,-1.806790233,-1.81145072,-1.814697146,-1.810598254,-1.813242078,-1.811071396,-1.811215162,-1.809846878,-1.812230825,-1.806222796,-1.806417108,-1.805865049,-1.803166628,-1.799581647,-1.797662497,-1.785707235,-1.781034946,-1.776442766,-1.772266984,-1.774816751,-1.771823049,-1.773211956,-1.770598888,-1.772383332,-1.77122879,-1.771735787,-1.773558855,-1.77403295,-1.773114324,-1.773181558,-1.775946021,-1.777201653,-1.777013421,-1.77725184,-1.775133848,-1.77608633,-1.776019692,-1.775040746,-1.770630598,-1.77155304,-1.76824522,-1.766040564,-1.761624336,-1.756195545,-1.754264355,-1.751456857,-1.749353409,-1.747583985,-1.743544102,-1.738490582,-1.732428074,-1.723528385,-1.717431307,-1.708297133,-1.701902032,-1.698096752,-1.696972728,-1.692382693,-1.694205761,-1.69201231,-1.690394163,-1.693211794,-1.692893863,-1.691383481,-1.693516493,-1.69764483,-1.696461916,-1.700140357,-1.701182604,-1.704354048,-1.705764413,-1.70791018,-1.708804965,-1.711119413,-1.714699149,-1.716746449,-1.717320681,-1.719058037,-1.722938657,-1.719720244,-1.723925471,-1.725108624,-1.727074027,-1.725485206,-1.727841377,-1.72695303,-1.728295922,-1.729581833,-1.730230689,-1.731114745,-1.731145024,-1.729967356,-1.733103156,-1.732884884,-1.732320309,-1.732751369,-1.733202934,-1.733874917,-1.731635809,-1.729901314,-1.731513739,-1.72797823,-1.729504466,-1.728846908,-1.726104617,-1.725207925,-1.724869132,-1.722398043,-1.72484827,-1.72394979,-1.725173354,-1.727027774,-1.726814151,-1.725070238,-1.728788495,-1.725584984,-1.731670737,-1.726664662,-1.725131631,-1.722444296,-1.721525788,-1.715208054,-1.711064696,-1.704121709,-1.694382191,-1.687855601,-1.682794333,-1.679549456,-1.678542256,-1.675272226,-1.673556566,-1.675329447,-1.676890612,-1.678030252,-1.679064989,-1.678986669,-1.681507826,-1.68394053,-1.685160279,-1.687187314,-1.688529253,-1.691837311,-1.692363143,-1.693537593,-1.69934833,-1.701240063,-1.699806929,-1.706762791,-1.708494663,-1.710883379,-1.714509368,-1.716720939,-1.722305298,-1.729149818,4.5
18,-1.762051463,-1.763244152,-1.755813599,-1.75390029,-1.751523733,-1.74451232,-1.741821885,-1.7347821,-1.737956882,-1.718664289,-1.731946468,-1.728431106,-1.731055617,-1.734279871,-1.731926203,-1.745987296,-1.738523841,-1.736603498,-1.739509463,-1.735644579,-1.744269252,-1.738610506,-1.743482709,-1.744756341,-1.74383378,-1.740638375,-1.747181416,-1.738557458,-1.738827467,-1.736979365,-1.737280726,-1.733565211,-1.735695601,-1.727682471,-1.720158935,-1.714305401,-1.706766486,-1.701575041,-1.700874329,-1.699714661,-1.698012352,-1.699340343,-1.69651401,-1.696572542,-1.696068406,-1.697488546,-1.697703123,-1.700201273,-1.698104262,-1.698137999,-1.701403737,-1.699807644,-1.703620911,-1.702864766,-1.70476675,-1.701740742,-1.69891715,-1.701571584,-1.697159171,-1.696094513,-1.69108808,-1.689229131,-1.683951378,-1.680387259,-1.676640034,-1.674568772,-1.671017528,-1.669005036,-1.664983749,-1.661033392,-1.6543504,-1.644905806,-1.638272643,-1.630916476,-1.62410903,-1.61768043,-1.618424654,-1.614754319,-1.615939856,-1.612221837,-1.612914324,-1.611434579,-1.611618161,-1.612591863,-1.61169219,-1.614851236,-1.615852118,-1.621905565,-1.622163773,-1.622384787,-1.627355218,-1.629122615,-1.630211949,-1.633190513,-1.636321068,-1.638419747,-1.638898134,-1.63948667,-1.642277718,-1.639228463,-1.645445704,-1.64547658,-1.648092985,-1.646500587,-1.646904588,-1.649609208,-1.649148345,-1.653522491,-1.65083921,-1.652244568,-1.652756691,-1.652447581,-1.654630303,-1.654636979,-1.65557611,-1.653815031,-1.655311108,-1.654129982,-1.653543949,-1.653508186,-1.653727174,-1.650579095,-1.651630521,-1.648979902,-1.648342013,-1.650565743,-1.649269938,-1.645734429,-1.647199631,-1.646209598,-1.647368431,-1.646731138,-1.649163127,-1.648684382,-1.649689317,-1.649294615,-1.652174592,-1.64807713,-1.648057938,-1.644095182,-1.644615293,-1.637631774,-1.631593943,-1.621839285,-1.613369823,-1.60530436,-1.597084045,-1.59277916,-1.592244625,-1.587023616,-1.586259604,-1.586940408,-1.590277314,-1.588216543,-1.592417359,-1.594951034,-1.59612,-1.599120617,-1.601128459,-1.603681445,-1.606091022,-1.610360265,-1.613323331,-1.611670017,-1.6146456,-1.618229032,-1.6214329,-1.624781847,-1.630865097,-1.632613659,-1.634518623,-1.640397429,-1.647071362,-1.656359911,5
19,-1.769737124,-1.761050224,-1.760522962,-1.752977967,-1.755244493,-1.754021525,-1.745124221,-1.734801054,-1.732339263,-1.725839734,-1.730509639,-1.731090426,-1.73526895,-1.733169794,-1.733989835,-1.740675807,-1.743676782,-1.739385962,-1.745791078,-1.750032425,-1.744732499,-1.746874809,-1.749751449,-1.750880361,-1.751312733,-1.748550653,-1.754246712,-1.747562766,-1.745464802,-1.744074941,-1.742023587,-1.741780996,-1.738543987,-1.730313301,-1.726949692,-1.714823246,-1.708369613,-1.703847528,-1.703887463,-1.704209685,-1.698552608,-1.703446507,-1.700109959,-1.700199962,-1.698863149,-1.703546762,-1.701122165,-1.703092217,-1.70432055,-1.702972054,-1.705853105,-1.708160877,-1.706829786,-1.705039263,-1.710257649,-1.707051754,-1.704959869,-1.704570532,-1.698948264,-1.699076891,-1.694173574,-1.693964362,-1.689032435,-1.684229493,-1.682482004,-1.678370833,-1.672463536,-1.674116254,-1.669820666,-1.661985517,-1.656753063,-1.647810102,-1.642629981,-1.632502913,-1.630282998,-1.625276208,-1.625673652,-1.624856591,-1.622062802,-1.620631933,-1.619707584,-1.621247768,-1.620209217,-1.617652059,-1.619941115,-1.622355223,-1.623864889,-1.625943065,-1.627000451,-1.627792478,-1.633626938,-1.634109378,-1.635005236,-1.636342406,-1.639653802,-1.642421365,-1.640919685,-1.643915534,-1.646413803,-1.643598914,-1.646975517,-1.649076581,-1.652426481,-1.649050355,-1.652569413,-1.653568983,-1.652504086,-1.655522585,-1.655432582,-1.654680133,-1.658774257,-1.656858087,-1.659129143,-1.658372045,-1.657942414,-1.659031153,-1.659597516,-1.661388159,-1.656935334,-1.658915281,-1.657997727,-1.655305386,-1.655708075,-1.654280663,-1.65204215,-1.652526379,-1.651219249,-1.65009284,-1.64833045,-1.649136066,-1.650950193,-1.648595333,-1.652609587,-1.649412155,-1.651691079,-1.651022673,-1.649772406,-1.649304748,-1.651367664,-1.645137548,-1.644473314,-1.638462424,-1.632571578,-1.62821424,-1.6189785,-1.615416527,-1.611705542,-1.60619843,-1.606136441,-1.604081154,-1.600856423,-1.602451205,-1.602503777,-1.603101015,-1.606533885,-1.60701251,-1.608835697,-1.609494209,-1.613942862,-1.612408519,-1.617473841,-1.619073033,-1.621070623,-1.619189739,-1.626940012,-1.627910256,-1.635168791,-1.637965798,-1.635970712,-1.641417861,-1.642840981,-1.647506714,-1.652526379,-1.656912088,4.6
20,-1.712119222,-1.700846672,-1.713829041,-1.701717377,-1.702726245,-1.699838519,-1.690915346,-1.705479026,-1.687588692,-1.697188377,-1.695369482,-1.687117815,-1.695734859,-1.69602859,-1.698594809,-1.704187989,-1.695900559,-1.704516888,-1.706320524,-1.700541496,-1.709441185,-1.706270099,-1.708145738,-1.70805788,-1.7102108,-1.706961036,-1.707721949,-1.705344915,-1.707799673,-1.701119542,-1.704871893,-1.700584054,-1.700022221,-1.696942568,-1.694898009,-1.683207512,-1.682517409,-1.68385458,-1.675064921,-1.677797198,-1.676421523,-1.675401092,-1.677917719,-1.677152991,-1.67798841,-1.677039146,-1.678243995,-1.679921508,-1.677862406,-1.674871087,-1.680441499,-1.679420233,-1.681974292,-1.680768132,-1.683343291,-1.679772615,-1.678552747,-1.678720951,-1.675864935,-1.675386071,-1.673434138,-1.671107054,-1.668766499,-1.667093754,-1.663377166,-1.661518931,-1.659814835,-1.662096977,-1.65733254,-1.653384209,-1.649333954,-1.642829657,-1.640447497,-1.635215402,-1.631891131,-1.629543304,-1.629339099,-1.62632513,-1.624718904,-1.626567721,-1.624436378,-1.624332309,-1.62723732,-1.624935746,-1.625267267,-1.628315091,-1.627701998,-1.631300926,-1.630160689,-1.631282926,-1.634527564,-1.635105014,-1.63471818,-1.63436687,-1.636543274,-1.637869954,-1.638991475,-1.640881658,-1.643766522,-1.640176654,-1.643947482,-1.641951799,-1.646768808,-1.645205021,-1.645104527,-1.646284103,-1.645107031,-1.647550344,-1.64899385,-1.648408532,-1.648309112,-1.648894191,-1.648808956,-1.649213552,-1.64863205,-1.649478793,-1.650689363,-1.648696899,-1.651946783,-1.65037632,-1.652775645,-1.651264429,-1.649721861,-1.64797914,-1.646510601,-1.647221327,-1.648696899,-1.645710826,-1.648220181,-1.648327589,-1.647178769,-1.64522934,-1.64743638,-1.644051194,-1.648586988,-1.647293329,-1.647447586,-1.647887707,-1.647043228,-1.647503614,-1.645573616,-1.640488505,-1.637735009,-1.632376432,-1.628257513,-1.625651956,-1.623423457,-1.618879437,-1.620550752,-1.617837548,-1.617167354,-1.616130829,-1.619001865,-1.61975491,-1.619936347,-1.62021029,-1.619760275,-1.621491909,-1.623816252,-1.623981357,-1.626246095,-1.626749516,-1.629191518,-1.628708839,-1.631017447,-1.629992485,-1.636383891,-1.635847569,-1.637219071,-1.638848424,-1.64706862,-1.638111472,-1.647755623,-1.64651227,3.7
21,-1.78890729,-1.793274403,-1.783808231,-1.784829497,-1.786767483,-1.780326724,-1.779150367,-1.772617936,-1.775579691,-1.771396279,-1.769111633,-1.772996902,-1.773150206,-1.768949866,-1.771009564,-1.770640016,-1.78175652,-1.777973771,-1.778954744,-1.778936744,-1.779138565,-1.782390118,-1.781400204,-1.780228257,-1.782251716,-1.781372905,-1.783653498,-1.779203057,-1.78074789,-1.777318478,-1.77496469,-1.774974823,-1.776682615,-1.770317197,-1.768832445,-1.760857344,-1.755099058,-1.751272678,-1.751638055,-1.750564814,-1.749577641,-1.749249101,-1.74868083,-1.749629259,-1.747729182,-1.75105691,-1.751143694,-1.749168634,-1.753470659,-1.749806523,-1.751688361,-1.751949191,-1.753097653,-1.751579881,-1.751210809,-1.755045056,-1.749961853,-1.750094533,-1.747575283,-1.747385383,-1.743523002,-1.742557406,-1.740185738,-1.736865401,-1.736599207,-1.73340404,-1.730882168,-1.729954481,-1.726356864,-1.723026752,-1.719220877,-1.715250731,-1.710180283,-1.705665708,-1.701767802,-1.700932145,-1.701194763,-1.698865652,-1.697644949,-1.697012663,-1.695463419,-1.696424842,-1.694913745,-1.695405722,-1.696944714,-1.6976614,-1.69624877,-1.700019002,-1.700352192,-1.7015661,-1.704716802,-1.705126524,-1.706986547,-1.706089139,-1.707159162,-1.709652305,-1.712056637,-1.713464618,-1.712961316,-1.710508585,-1.713383436,-1.713479877,-1.717919111,-1.716582179,-1.717217326,-1.717630386,-1.71775341,-1.718890786,-1.719645262,-1.719184875,-1.722069621,-1.720298529,-1.721267104,-1.722352743,-1.721538424,-1.721945286,-1.72156477,-1.721847892,-1.721418023,-1.720766664,-1.720977545,-1.720122457,-1.72170651,-1.720883131,-1.717005014,-1.719004035,-1.718578339,-1.718219995,-1.717805743,-1.717938304,-1.718096137,-1.71584487,-1.717091203,-1.717259645,-1.719632983,-1.718607068,-1.717975855,-1.716363549,-1.719687343,-1.714476109,-1.713382602,-1.711905479,-1.70886004,-1.70517385,-1.701001406,-1.695759892,-1.691697717,-1.691884637,-1.690287948,-1.689571381,-1.687472343,-1.687423825,-1.690240622,-1.689973593,-1.692742586,-1.690597296,-1.692331433,-1.693295717,-1.693652272,-1.695693731,-1.699000478,-1.697472215,-1.702312827,-1.699674368,-1.70481348,-1.703519106,-1.706001401,-1.709483027,-1.710496306,-1.712961078,-1.713638783,-1.713115931,-1.721908092,-1.722252011,3.9
22,-1.795866489,-1.802229166,-1.801999688,-1.795325875,-1.803987026,-1.800857306,-1.788981318,-1.789552212,-1.782725096,-1.779452085,-1.779262185,-1.787656188,-1.780297875,-1.783827543,-1.784232616,-1.782802105,-1.787422061,-1.791235328,-1.791116238,-1.793436527,-1.791166186,-1.796176195,-1.797885537,-1.794146061,-1.796052694,-1.796042204,-1.798543096,-1.794031501,-1.794368625,-1.790755987,-1.788192511,-1.788218617,-1.787629128,-1.782492876,-1.778046846,-1.768680811,-1.763613105,-1.762376428,-1.75945127,-1.757000923,-1.756620407,-1.758120537,-1.756643534,-1.758043528,-1.756303191,-1.757745147,-1.756809473,-1.759670019,-1.757465482,-1.759873033,-1.760735989,-1.758682847,-1.760430813,-1.757940888,-1.761130691,-1.76074183,-1.757823348,-1.758594871,-1.756177783,-1.754388928,-1.751505852,-1.748067141,-1.746258616,-1.741669178,-1.738026738,-1.736340404,-1.734683156,-1.733426929,-1.730066657,-1.725774169,-1.720457077,-1.712567925,-1.708529234,-1.703226209,-1.700406551,-1.696270108,-1.696201682,-1.694624662,-1.69339478,-1.693689823,-1.691763639,-1.693076849,-1.693456531,-1.69200933,-1.693815112,-1.694229603,-1.694939971,-1.698086977,-1.696887493,-1.701410174,-1.704397917,-1.704011083,-1.704032421,-1.706919193,-1.707800627,-1.708948851,-1.709593415,-1.710502863,-1.712218404,-1.711058497,-1.715310097,-1.716020823,-1.715606809,-1.716181159,-1.715599298,-1.718551517,-1.717710853,-1.719120502,-1.718425393,-1.719375253,-1.721222878,-1.721767664,-1.721476316,-1.721393347,-1.719766617,-1.720138788,-1.719821811,-1.719046474,-1.718988776,-1.720937848,-1.723263741,-1.720874667,-1.722309947,-1.719520092,-1.715233088,-1.716421366,-1.715160012,-1.714483619,-1.716340303,-1.714918852,-1.716514945,-1.715781927,-1.716987252,-1.716728091,-1.717016935,-1.719326854,-1.720804095,-1.716266751,-1.716056705,-1.713938594,-1.715063572,-1.710030794,-1.705405116,-1.702102423,-1.692123413,-1.690399408,-1.689237475,-1.688212156,-1.686471462,-1.686710954,-1.685978651,-1.684939623,-1.684311748,-1.685120702,-1.687299848,-1.687555909,-1.688074946,-1.689730525,-1.692433238,-1.691102505,-1.694648981,-1.69522047,-1.696939588,-1.700034499,-1.700815797,-1.703657985,-1.705673337,-1.708437204,-1.708808422,-1.712311029,-1.713570952,-1.715657949,-1.721062183,-1.728149176,4.4
23,-1.727105856,-1.751680851,-1.741050243,-1.743387341,-1.732633114,-1.737152696,-1.732175708,-1.725317597,-1.724407673,-1.720849633,-1.721155882,-1.719492793,-1.718310714,-1.713526011,-1.722940445,-1.71985805,-1.723370075,-1.729699969,-1.722299695,-1.724760771,-1.726013422,-1.731434941,-1.728361011,-1.731833816,-1.7310431,-1.730852127,-1.736209393,-1.731903434,-1.730984926,-1.725815296,-1.725093842,-1.71968019,-1.720784307,-1.714741468,-1.7119807,-1.703950167,-1.700341702,-1.695255995,-1.689124823,-1.690678239,-1.686328769,-1.689148426,-1.689381957,-1.688231587,-1.685742259,-1.688145995,-1.687455416,-1.6887784,-1.691012025,-1.691570044,-1.690469384,-1.692333817,-1.69302094,-1.692498326,-1.692239165,-1.692358375,-1.690557241,-1.690807939,-1.685223341,-1.686269045,-1.681775928,-1.678558946,-1.676045895,-1.671102285,-1.668111444,-1.664819002,-1.66331327,-1.660679936,-1.657263517,-1.652802587,-1.645454407,-1.637399673,-1.630562425,-1.625495434,-1.619740367,-1.614274621,-1.614639997,-1.610166907,-1.610645771,-1.611176014,-1.606924415,-1.609693408,-1.607741714,-1.607452154,-1.609531522,-1.610758424,-1.613278508,-1.617007494,-1.616925001,-1.619906068,-1.623574018,-1.623841405,-1.623568773,-1.624360442,-1.628607512,-1.630151153,-1.632106781,-1.633475304,-1.636457682,-1.635933876,-1.638818026,-1.64065218,-1.641694188,-1.641654015,-1.640956402,-1.643059969,-1.642002344,-1.644310117,-1.645689845,-1.647561789,-1.649550319,-1.648360848,-1.647779822,-1.649185777,-1.647568226,-1.648530602,-1.647302508,-1.64573884,-1.646124125,-1.648779869,-1.648454428,-1.645131111,-1.643586755,-1.644112945,-1.640990376,-1.643919587,-1.643482089,-1.639983535,-1.64223206,-1.641698837,-1.641355634,-1.641590357,-1.641385794,-1.644110441,-1.642323136,-1.645216703,-1.642034769,-1.64371264,-1.641719937,-1.637966394,-1.635823846,-1.631256104,-1.627418041,-1.622099996,-1.615201354,-1.610775709,-1.605514407,-1.601285338,-1.602687478,-1.599580765,-1.596269488,-1.598748326,-1.599432468,-1.59956634,-1.599840641,-1.602600098,-1.603997588,-1.605854392,-1.608085275,-1.606484056,-1.610305667,-1.610689163,-1.613525271,-1.616749644,-1.618010402,-1.620137095,-1.624445677,-1.625082374,-1.630606294,-1.634227276,-1.637271762,-1.640841484,-1.643617749,-1.652990103,3.5
24,-1.743122101,-1.741143465,-1.754786491,-1.740368962,-1.745986223,-1.73217833,-1.736654758,-1.723063707,-1.7135818,-1.718335867,-1.72379458,-1.721329451,-1.718917251,-1.72107017,-1.728088021,-1.721004486,-1.729620576,-1.723706603,-1.736088634,-1.73445642,-1.733239651,-1.738953829,-1.739894629,-1.736813664,-1.740051985,-1.738381147,-1.741916895,-1.734723687,-1.735709429,-1.730585933,-1.730970502,-1.728502989,-1.728837132,-1.721855283,-1.714738131,-1.706532955,-1.695885181,-1.69087553,-1.686350107,-1.693067789,-1.689308882,-1.690054536,-1.689753175,-1.688271642,-1.686801553,-1.68910861,-1.688076854,-1.686853528,-1.691022992,-1.691959739,-1.694071412,-1.692997813,-1.694889545,-1.692677259,-1.692900062,-1.693143368,-1.691756606,-1.694440365,-1.687005877,-1.685674667,-1.679775119,-1.679107308,-1.673817754,-1.669801235,-1.666972756,-1.663049579,-1.661123872,-1.65973866,-1.655934572,-1.647857904,-1.644288659,-1.635236979,-1.626401186,-1.621275663,-1.616602778,-1.61109376,-1.610086441,-1.611279368,-1.608786941,-1.607478023,-1.606651783,-1.606568217,-1.60718894,-1.606721878,-1.609024048,-1.610007286,-1.609705925,-1.613439798,-1.613625646,-1.615942836,-1.618018031,-1.618540287,-1.619221568,-1.62378943,-1.626295924,-1.626168013,-1.628021955,-1.628597379,-1.631198883,-1.628020048,-1.633775473,-1.633798838,-1.638006926,-1.636336446,-1.637978673,-1.639809847,-1.637245059,-1.638990521,-1.640801072,-1.639557958,-1.639008641,-1.640736341,-1.643008947,-1.644593239,-1.644390941,-1.643427849,-1.644692659,-1.643366694,-1.646300316,-1.642898083,-1.643186331,-1.639949441,-1.641168356,-1.640820146,-1.63631928,-1.636442661,-1.637314081,-1.636357307,-1.634674788,-1.63199985,-1.634989619,-1.634485126,-1.636181831,-1.633603692,-1.634349585,-1.636012435,-1.633970737,-1.634478331,-1.635852695,-1.630651236,-1.630070567,-1.623524308,-1.620512009,-1.61531496,-1.608422518,-1.605939388,-1.603765845,-1.596926928,-1.599775195,-1.59918797,-1.595722556,-1.597417474,-1.597357035,-1.596445441,-1.598904371,-1.598308802,-1.603800178,-1.60357368,-1.601516962,-1.606002688,-1.60330987,-1.60637331,-1.610791445,-1.607616305,-1.610231161,-1.610806227,-1.611240268,-1.614544988,-1.623875141,-1.625461459,-1.627762675,-1.636156917,-1.643517613,-1.641193867,4.3
25,-1.786159396,-1.788527012,-1.784367919,-1.786705136,-1.788002849,-1.782509923,-1.784798384,-1.782760143,-1.771802902,-1.771765828,-1.774212241,-1.768953919,-1.772968769,-1.76829958,-1.774072051,-1.776984811,-1.771439314,-1.776637793,-1.77919364,-1.783499599,-1.78169632,-1.786360621,-1.786530852,-1.784836173,-1.785756111,-1.784224749,-1.782667756,-1.785752535,-1.783011556,-1.78108871,-1.778598785,-1.778755307,-1.778008699,-1.773416638,-1.768147111,-1.760274649,-1.754761696,-1.751834273,-1.751190186,-1.749490499,-1.747270584,-1.748187065,-1.746121526,-1.747006416,-1.747633934,-1.747982144,-1.748296261,-1.74767828,-1.74889648,-1.748732686,-1.750930429,-1.749597549,-1.752729177,-1.75161767,-1.752364159,-1.752070069,-1.749819517,-1.749495506,-1.746468663,-1.747048497,-1.741498113,-1.738821626,-1.73690331,-1.73038888,-1.730569959,-1.726919293,-1.724471927,-1.724718213,-1.721477509,-1.715790749,-1.713641763,-1.704548836,-1.697503209,-1.692807317,-1.687927842,-1.684030175,-1.684630752,-1.680974483,-1.683395982,-1.679082751,-1.679009199,-1.680374861,-1.680525899,-1.679588914,-1.679440737,-1.680881739,-1.683703423,-1.685061693,-1.684751987,-1.685397983,-1.68871367,-1.690750599,-1.691348195,-1.693462968,-1.695030808,-1.696829319,-1.697003007,-1.697775126,-1.700693607,-1.697946906,-1.700819373,-1.701080561,-1.704492927,-1.705909252,-1.705527067,-1.707323909,-1.70735383,-1.710698366,-1.710306525,-1.709870458,-1.710754514,-1.709485412,-1.711665988,-1.711538672,-1.711538672,-1.712821722,-1.711618781,-1.712760925,-1.712921858,-1.711449146,-1.711973906,-1.709903002,-1.711694121,-1.710127831,-1.71000421,-1.710134149,-1.708315969,-1.705993176,-1.707297683,-1.705408931,-1.708287835,-1.706320524,-1.707576871,-1.706933618,-1.707530379,-1.707359195,-1.709580183,-1.706780434,-1.7095052,-1.703923464,-1.703790903,-1.69987464,-1.694368362,-1.689586759,-1.681530595,-1.677623749,-1.675419092,-1.672371626,-1.670120478,-1.668504,-1.666709185,-1.669094324,-1.667745948,-1.666217804,-1.667829752,-1.669254541,-1.673394084,-1.674270749,-1.674398661,-1.678264618,-1.679342389,-1.681353569,-1.682987571,-1.682630181,-1.685191989,-1.687159061,-1.68932724,-1.689908147,-1.692849159,-1.696994662,-1.699027538,-1.7024616,-1.708522797,-1.714123845,4.7
26,-1.835485935,-1.840597987,-1.849390745,-1.851681113,-1.839885235,-1.841573358,-1.839963198,-1.836182833,-1.83299005,-1.832927704,-1.831120133,-1.831255913,-1.833436489,-1.834386587,-1.833284736,-1.839514613,-1.839354157,-1.838354349,-1.835699916,-1.846196651,-1.843644738,-1.846047759,-1.846102595,-1.845727801,-1.844707251,-1.846439362,-1.848763704,-1.842624187,-1.844416857,-1.84039402,-1.842254162,-1.840531349,-1.839686632,-1.83596015,-1.831889749,-1.825935721,-1.819353938,-1.814974427,-1.815148711,-1.813970447,-1.810213566,-1.815062761,-1.811768413,-1.813196778,-1.811225533,-1.814261436,-1.815510988,-1.814003944,-1.815726995,-1.816420436,-1.817074656,-1.816172361,-1.819103956,-1.817384958,-1.819207191,-1.819182038,-1.815809131,-1.816573501,-1.812843084,-1.811270833,-1.809080362,-1.808843851,-1.805546284,-1.800754189,-1.799721003,-1.796334028,-1.793827176,-1.790884256,-1.790552616,-1.785971642,-1.780757308,-1.773334622,-1.767952204,-1.760470271,-1.755870104,-1.751277804,-1.75068593,-1.748578668,-1.74947381,-1.750972867,-1.747098684,-1.747118831,-1.746979713,-1.745893359,-1.746224165,-1.750892997,-1.750738621,-1.753755927,-1.754505396,-1.758528829,-1.760609627,-1.762594223,-1.760756969,-1.763052464,-1.765341759,-1.767997146,-1.769153357,-1.770466924,-1.771965742,-1.7704494,-1.773246408,-1.772740722,-1.775777459,-1.773393154,-1.776762366,-1.776105046,-1.77790606,-1.779498339,-1.779742599,-1.78049469,-1.781323195,-1.780176044,-1.780973077,-1.780054092,-1.77996707,-1.780987144,-1.779563546,-1.780881166,-1.779412746,-1.781409979,-1.78109026,-1.778872848,-1.778387547,-1.775985241,-1.77304554,-1.775291443,-1.774254084,-1.773395896,-1.773922086,-1.771376967,-1.774615765,-1.773783922,-1.774919987,-1.775196552,-1.775732756,-1.776426673,-1.775162458,-1.774666309,-1.774075627,-1.768586874,-1.766310096,-1.762253642,-1.758703351,-1.752846718,-1.746832967,-1.740175724,-1.736598849,-1.732186794,-1.732114792,-1.729916096,-1.728955507,-1.733035803,-1.731954813,-1.734067559,-1.737174749,-1.735544801,-1.734712005,-1.737204194,-1.737211347,-1.73993969,-1.741473913,-1.744439483,-1.745890498,-1.74644804,-1.751552939,-1.751360536,-1.75228548,-1.755867004,-1.760370016,-1.763454795,-1.764023662,-1.762639642,-1.770527124,-1.772197485,4.7
27,-1.843796849,-1.835517287,-1.841643453,-1.838785052,-1.832190394,-1.83249867,-1.830371141,-1.828298807,-1.816866159,-1.821041346,-1.819676518,-1.816727281,-1.821761608,-1.823925495,-1.82075429,-1.822207093,-1.826319814,-1.825369477,-1.826514482,-1.830351233,-1.828195453,-1.832250476,-1.830394149,-1.832523704,-1.831656933,-1.829274774,-1.831519604,-1.828458428,-1.830101013,-1.825224757,-1.826331496,-1.824196696,-1.823324203,-1.818047047,-1.811354995,-1.804547548,-1.799608231,-1.795521975,-1.792389989,-1.792316914,-1.791701794,-1.790076733,-1.790249348,-1.791876554,-1.788428545,-1.790398836,-1.792380095,-1.790798068,-1.792796493,-1.794812202,-1.794087887,-1.792960405,-1.795112133,-1.793174982,-1.795358777,-1.795952082,-1.792236686,-1.793614388,-1.788662195,-1.786993504,-1.783919334,-1.782790303,-1.780663013,-1.775559545,-1.772618651,-1.769228578,-1.765763164,-1.762984753,-1.762329102,-1.756568313,-1.752326608,-1.743939877,-1.736491561,-1.730519772,-1.724458337,-1.721528769,-1.720128536,-1.71924448,-1.718620062,-1.714687586,-1.715733171,-1.716340542,-1.716374516,-1.715191007,-1.715760827,-1.720376134,-1.721496344,-1.723428965,-1.72328341,-1.728049517,-1.728460312,-1.727510214,-1.728962183,-1.731523037,-1.734897494,-1.736560345,-1.737516522,-1.740638733,-1.742443681,-1.739546657,-1.742668152,-1.744461656,-1.746911645,-1.745084643,-1.746124983,-1.746764779,-1.747456074,-1.74864924,-1.749365091,-1.74993062,-1.750148058,-1.749805689,-1.752074718,-1.750643969,-1.751603961,-1.751273036,-1.751827478,-1.751150489,-1.750534177,-1.750021219,-1.751519203,-1.749511719,-1.74992609,-1.748194695,-1.74621129,-1.747950673,-1.745839477,-1.745817423,-1.745710731,-1.743778467,-1.743624687,-1.744749904,-1.743540645,-1.743879914,-1.743311644,-1.743831038,-1.745630741,-1.742792487,-1.742401242,-1.739184618,-1.738350511,-1.73315835,-1.728379011,-1.723362684,-1.714049459,-1.709526777,-1.70486784,-1.699946404,-1.698347926,-1.69604075,-1.695257902,-1.697157264,-1.699004173,-1.698870659,-1.702348113,-1.701393247,-1.703460574,-1.70586729,-1.707646132,-1.708848953,-1.712030292,-1.714220524,-1.71628511,-1.718515873,-1.719953537,-1.72301209,-1.725253224,-1.729329109,-1.729768276,-1.731806159,-1.736357927,-1.736056447,-1.745640874,-1.753662944,3.9
28,-1.741140008,-1.73706007,-1.725615501,-1.728273988,-1.724270821,-1.728328824,-1.71093154,-1.70793736,-1.702387214,-1.711275935,-1.700674176,-1.700011492,-1.711310983,-1.707582474,-1.699567676,-1.712675214,-1.709824085,-1.712353945,-1.71063447,-1.717146277,-1.715461016,-1.7190938,-1.71602428,-1.718014717,-1.715194225,-1.716887832,-1.718235373,-1.71355176,-1.71195519,-1.709947228,-1.710077405,-1.708147287,-1.704948187,-1.699130177,-1.694450855,-1.685930967,-1.676819682,-1.670241117,-1.669766188,-1.666885853,-1.6676476,-1.669168353,-1.664801002,-1.666216016,-1.663840055,-1.66757369,-1.666568041,-1.666960597,-1.66809535,-1.67050159,-1.671778798,-1.671438575,-1.670651913,-1.671469569,-1.671681523,-1.671489835,-1.669311523,-1.670471907,-1.66392684,-1.664651394,-1.660176396,-1.658325911,-1.654034138,-1.647588611,-1.645405531,-1.641822815,-1.639057755,-1.637358427,-1.632390141,-1.629276276,-1.621096969,-1.611127615,-1.607447863,-1.599303961,-1.594740152,-1.589516997,-1.589021444,-1.586744308,-1.585502267,-1.584387422,-1.581921458,-1.585369706,-1.585146546,-1.585308433,-1.585723162,-1.588668466,-1.587755203,-1.5900383,-1.592235923,-1.594793558,-1.597090244,-1.595313072,-1.596829176,-1.600344658,-1.602455378,-1.604132414,-1.603845835,-1.60703814,-1.609616399,-1.605457902,-1.610168457,-1.611918807,-1.613553762,-1.614231825,-1.614646554,-1.61375165,-1.612962246,-1.61455369,-1.617882729,-1.617363691,-1.621698499,-1.620752811,-1.620004296,-1.620507121,-1.620102048,-1.619748473,-1.61808598,-1.6189152,-1.622396708,-1.6193645,-1.620885015,-1.617991686,-1.617823601,-1.615729928,-1.614585519,-1.614028692,-1.612597823,-1.6089499,-1.614235878,-1.610674858,-1.61282897,-1.612105966,-1.61039412,-1.611808181,-1.61378634,-1.613662481,-1.616705894,-1.610882878,-1.611942172,-1.607756138,-1.607199788,-1.603951216,-1.598603725,-1.593526006,-1.586588621,-1.582855821,-1.580410242,-1.573559046,-1.577827692,-1.575703621,-1.571083307,-1.571433306,-1.56973207,-1.574007869,-1.576756954,-1.57533586,-1.576482654,-1.577737808,-1.582235694,-1.582713723,-1.584464908,-1.582930565,-1.588382363,-1.588728786,-1.591562867,-1.591140151,-1.598598838,-1.600313902,-1.602786064,-1.606859922,-1.609451652,-1.611332893,-1.616435766,-1.630426526,4.5
29,-1.701031923,-1.700797796,-1.720092297,-1.69292593,-1.703251839,-1.692393303,-1.70100832,-1.685396791,-1.672816277,-1.678273201,-1.681261182,-1.672145963,-1.687226653,-1.686036348,-1.679648876,-1.679432392,-1.684887767,-1.687612534,-1.688461185,-1.692304611,-1.692674279,-1.692595124,-1.694683671,-1.695622563,-1.692174315,-1.693097472,-1.691790938,-1.69319129,-1.691722393,-1.687177181,-1.687438369,-1.684738636,-1.685666084,-1.676873803,-1.673872471,-1.665164113,-1.658990502,-1.652329683,-1.652419209,-1.64981091,-1.648928046,-1.650645137,-1.647447348,-1.65039432,-1.646157026,-1.650400996,-1.650751472,-1.648836136,-1.652167082,-1.649555206,-1.652176976,-1.652396441,-1.65343225,-1.653356194,-1.653924823,-1.65588665,-1.651380181,-1.651677132,-1.645241857,-1.646200538,-1.641500235,-1.638972282,-1.635225534,-1.631938457,-1.629363537,-1.624734521,-1.621529818,-1.622779012,-1.618170619,-1.611332178,-1.60556829,-1.598108411,-1.592330933,-1.58338213,-1.578823566,-1.574925184,-1.575509071,-1.570416451,-1.574367762,-1.571977973,-1.566304326,-1.567914963,-1.571558237,-1.566733003,-1.570056081,-1.571473122,-1.573985219,-1.576266885,-1.573273659,-1.580612302,-1.580011606,-1.583438635,-1.583597541,-1.58500886,-1.587991595,-1.589388728,-1.589593887,-1.591334105,-1.594569206,-1.589115739,-1.594545722,-1.594941258,-1.598945856,-1.598436356,-1.600667357,-1.601338267,-1.60025084,-1.600977659,-1.602063775,-1.603124499,-1.605220437,-1.604976177,-1.60642302,-1.604758382,-1.605838299,-1.604076385,-1.605187297,-1.605680704,-1.605850339,-1.605881214,-1.605425477,-1.601533055,-1.604607224,-1.604503155,-1.599296331,-1.600812435,-1.601017118,-1.59929347,-1.599655747,-1.598965168,-1.601354718,-1.599983215,-1.601394653,-1.600955963,-1.601442218,-1.603981256,-1.599763036,-1.601411104,-1.601475477,-1.595994949,-1.595760226,-1.59033823,-1.585194707,-1.582687497,-1.575626135,-1.569194794,-1.564214468,-1.562414765,-1.562853336,-1.560795188,-1.556210637,-1.559236765,-1.558179855,-1.557787061,-1.560810328,-1.561689138,-1.564426422,-1.567638516,-1.57173419,-1.572771549,-1.572386742,-1.574300528,-1.572744727,-1.578115582,-1.579048038,-1.581481934,-1.587282896,-1.589466929,-1.589549303,-1.592899799,-1.599770784,-1.599024057,-1.609056234,-1.608624578,3.7
30,-1.725537658,-1.74932003,-1.744838953,-1.746890545,-1.744969249,-1.742276669,-1.728723168,-1.731545329,-1.729848027,-1.726016045,-1.724803567,-1.727640152,-1.725523472,-1.73002255,-1.724440217,-1.714981318,-1.729007721,-1.735836029,-1.734912395,-1.735807896,-1.736497402,-1.736064792,-1.740428329,-1.736465693,-1.740925908,-1.738550782,-1.736452699,-1.738720179,-1.736509442,-1.732476592,-1.732754946,-1.730960131,-1.730001211,-1.723159194,-1.721947551,-1.712628484,-1.705792189,-1.699908853,-1.700600147,-1.697298169,-1.694583416,-1.698079109,-1.696648359,-1.6959306,-1.693703771,-1.697335124,-1.697983503,-1.696903944,-1.703301311,-1.696499825,-1.700968862,-1.699991703,-1.701158881,-1.700080037,-1.702078938,-1.701766372,-1.699369788,-1.699087858,-1.695994139,-1.694152832,-1.690372229,-1.688449502,-1.684314013,-1.681093335,-1.678037643,-1.675014853,-1.672363162,-1.670711994,-1.669133902,-1.659550548,-1.655130625,-1.647248745,-1.642046928,-1.635323048,-1.630450726,-1.626947761,-1.62725997,-1.624397755,-1.625108838,-1.621652961,-1.621976495,-1.624838829,-1.62392652,-1.623838782,-1.623394608,-1.626575351,-1.62767911,-1.630342722,-1.630007148,-1.634388089,-1.633820415,-1.635082722,-1.635544777,-1.637039185,-1.63985908,-1.642671227,-1.643868923,-1.64525044,-1.648769021,-1.642384171,-1.646588922,-1.64795053,-1.650846481,-1.649756908,-1.650747657,-1.653148651,-1.651670814,-1.654758453,-1.654290676,-1.654862285,-1.653935552,-1.65430665,-1.655844927,-1.655541301,-1.655402899,-1.6561023,-1.658319116,-1.65600276,-1.652859449,-1.655092478,-1.655060053,-1.651963353,-1.654626608,-1.651686311,-1.648331285,-1.650601268,-1.651016831,-1.647764087,-1.649847507,-1.649831414,-1.650821209,-1.650984526,-1.652623653,-1.65176785,-1.651290655,-1.650593638,-1.648497701,-1.646374345,-1.64719522,-1.644131303,-1.646176577,-1.6386621,-1.637399554,-1.630367637,-1.622324467,-1.619750857,-1.619040966,-1.615423322,-1.615150332,-1.615538836,-1.614294529,-1.612937212,-1.614845514,-1.618805885,-1.618192077,-1.615347028,-1.618457317,-1.621233463,-1.62376225,-1.62236464,-1.626332164,-1.625052691,-1.627909899,-1.630336642,-1.63575685,-1.631413341,-1.63758111,-1.637795329,-1.635607004,-1.643983603,-1.646498203,-1.648551702,-1.659789085,-1.658699989,3.7
31,-1.869403958,-1.869327068,-1.877015829,-1.866720557,-1.864366174,-1.870563149,-1.861869097,-1.860946178,-1.855953693,-1.856452942,-1.854182243,-1.861223578,-1.858753681,-1.854865909,-1.858711958,-1.860296845,-1.855011106,-1.86457777,-1.86402297,-1.863946199,-1.866567254,-1.865885139,-1.868497968,-1.871363163,-1.866135478,-1.869390965,-1.867782593,-1.866956711,-1.864666939,-1.865875125,-1.864640474,-1.863916397,-1.86070168,-1.857871652,-1.853315949,-1.846848488,-1.840712428,-1.840056658,-1.835911989,-1.835991144,-1.834925175,-1.836912513,-1.835004807,-1.835740209,-1.835293055,-1.8344028,-1.836822867,-1.836980343,-1.836433768,-1.837576032,-1.840216637,-1.837828636,-1.840860963,-1.83929944,-1.840960026,-1.840699077,-1.838495851,-1.838346601,-1.834666491,-1.834300399,-1.831438065,-1.828493118,-1.825796366,-1.822649956,-1.818145156,-1.816911459,-1.815310359,-1.814212441,-1.810754299,-1.806040406,-1.800474644,-1.792932749,-1.787234426,-1.779233932,-1.77427268,-1.770810723,-1.769227505,-1.767187595,-1.767156243,-1.766644359,-1.765475154,-1.764057875,-1.766206861,-1.765594006,-1.768160462,-1.769708991,-1.770464063,-1.772660136,-1.774237394,-1.7760607,-1.777415395,-1.779029846,-1.779178619,-1.783717394,-1.784013391,-1.786289096,-1.788484693,-1.789885044,-1.792791843,-1.790921211,-1.792913437,-1.79389298,-1.794548631,-1.794481516,-1.796244621,-1.798152804,-1.798500896,-1.800338626,-1.800268888,-1.800277114,-1.801124334,-1.800819278,-1.803208828,-1.803591013,-1.802876353,-1.803248763,-1.803664327,-1.801864147,-1.802330136,-1.802587032,-1.802566648,-1.801663637,-1.801185608,-1.800916433,-1.79899013,-1.799351692,-1.798329592,-1.795840979,-1.795809031,-1.795842052,-1.794259548,-1.796280861,-1.796582222,-1.793401718,-1.797044635,-1.79704833,-1.796780348,-1.795251608,-1.794585347,-1.790050149,-1.786280274,-1.782828212,-1.77801466,-1.773508072,-1.768858433,-1.76518774,-1.758053064,-1.757119417,-1.756944418,-1.754060507,-1.75396955,-1.755374551,-1.757213831,-1.757366776,-1.758414745,-1.758658171,-1.76005578,-1.760386348,-1.762733579,-1.761747837,-1.763691545,-1.767725587,-1.767599821,-1.769026041,-1.77304852,-1.777400851,-1.77635324,-1.782237172,-1.781430602,-1.78652668,-1.787266016,-1.79165256,-1.793483615,-1.797180414,3.5
32,-1.837630153,-1.832146406,-1.839813828,-1.832539082,-1.830973744,-1.8287673,-1.822777867,-1.818923831,-1.804234624,-1.811311603,-1.815790176,-1.813443661,-1.812124968,-1.809514999,-1.8095963,-1.809731722,-1.818617225,-1.819750547,-1.815487862,-1.819489598,-1.822516084,-1.819391847,-1.823050141,-1.8236444,-1.823853612,-1.821468472,-1.823828459,-1.821785688,-1.8217237,-1.817399502,-1.819678545,-1.816001534,-1.813589811,-1.810170174,-1.80649209,-1.797208309,-1.793663621,-1.7897228,-1.790818334,-1.788887739,-1.787209272,-1.786090612,-1.787815928,-1.786345482,-1.784562588,-1.788297892,-1.789073467,-1.78844142,-1.788224339,-1.786942363,-1.789537191,-1.790094137,-1.790069222,-1.791334987,-1.790023923,-1.790614843,-1.788364291,-1.789605021,-1.785027862,-1.784124255,-1.78052175,-1.779906154,-1.776144743,-1.774122715,-1.770967484,-1.770296931,-1.76778686,-1.765722394,-1.763149023,-1.757834315,-1.754555821,-1.747037172,-1.743940711,-1.73551476,-1.730993271,-1.727446795,-1.725889921,-1.724586964,-1.725492477,-1.723193407,-1.723294616,-1.723875046,-1.722891569,-1.723240018,-1.72405684,-1.727534413,-1.730493665,-1.730924845,-1.730584502,-1.735172033,-1.734122992,-1.735227227,-1.736647606,-1.73878634,-1.740119934,-1.742951989,-1.74467659,-1.745246172,-1.747630119,-1.745453835,-1.74851644,-1.748919487,-1.751433372,-1.75031352,-1.752617002,-1.752184749,-1.751800418,-1.753029943,-1.752804995,-1.755294323,-1.755105138,-1.754770994,-1.755741,-1.755467772,-1.756304502,-1.756040215,-1.755478978,-1.75626719,-1.75659883,-1.755400062,-1.755447388,-1.753144145,-1.754923463,-1.754669547,-1.754232287,-1.753283978,-1.751592159,-1.749918222,-1.750386477,-1.751600742,-1.751844645,-1.751874685,-1.750233293,-1.749445677,-1.749741554,-1.751392007,-1.750159502,-1.75003171,-1.750685811,-1.74731636,-1.74522841,-1.740862012,-1.737705588,-1.731357336,-1.72418344,-1.72032094,-1.717111349,-1.712806344,-1.712055922,-1.710873127,-1.708428264,-1.709762454,-1.708333611,-1.710444331,-1.713050365,-1.714925051,-1.716369033,-1.719125271,-1.718822122,-1.721147299,-1.722167134,-1.724736452,-1.728428245,-1.726181984,-1.730105877,-1.73132813,-1.733788848,-1.735875249,-1.741578817,-1.742951512,-1.746809483,-1.747087717,-1.751933336,-1.75689292,4.1
33,-1.80572927,-1.789283872,-1.804867625,-1.795608163,-1.791535378,-1.786628842,-1.787833095,-1.79049933,-1.775571704,-1.777778029,-1.78392601,-1.778031111,-1.775494933,-1.777839184,-1.779756427,-1.782222152,-1.784757257,-1.784915209,-1.792593122,-1.792516112,-1.792345405,-1.793558121,-1.796377182,-1.792474031,-1.795154333,-1.793128252,-1.793258786,-1.794934154,-1.792639971,-1.790339947,-1.788820028,-1.786569238,-1.782339811,-1.778576374,-1.776979685,-1.766563416,-1.763241172,-1.759164929,-1.761339307,-1.75521183,-1.75575161,-1.755336523,-1.753656268,-1.753937125,-1.751375198,-1.754636407,-1.754306912,-1.755980372,-1.755661845,-1.758748531,-1.757626176,-1.758212924,-1.75669384,-1.757466555,-1.76073122,-1.758596778,-1.757346272,-1.758849502,-1.755809188,-1.754000545,-1.751067758,-1.74822247,-1.744041562,-1.741852522,-1.738804698,-1.73694551,-1.734650493,-1.73154223,-1.730839968,-1.724665761,-1.721259952,-1.713288784,-1.708730698,-1.699451685,-1.693882585,-1.69034934,-1.690484047,-1.686484694,-1.688315988,-1.68762815,-1.684251189,-1.685546279,-1.685257077,-1.685765028,-1.686731815,-1.689525962,-1.690615654,-1.693788886,-1.694191694,-1.696925282,-1.698445559,-1.699629545,-1.70006609,-1.704005003,-1.70689714,-1.708382845,-1.71034801,-1.710204959,-1.713170767,-1.710959911,-1.712842345,-1.715471745,-1.717099547,-1.717714071,-1.717770815,-1.72019136,-1.720065236,-1.722652435,-1.721790195,-1.722431064,-1.723682165,-1.724077463,-1.723307848,-1.72369647,-1.723071694,-1.724873066,-1.726112008,-1.72683382,-1.725030422,-1.725073814,-1.722896338,-1.721764922,-1.72324121,-1.724230647,-1.720193267,-1.71969974,-1.719521761,-1.718748927,-1.720409751,-1.718071699,-1.71812582,-1.716719031,-1.717741728,-1.716685057,-1.720525861,-1.720458865,-1.717924833,-1.719064951,-1.719290614,-1.713298678,-1.711073041,-1.706761479,-1.70171082,-1.698650479,-1.690850258,-1.686250091,-1.680759907,-1.675807476,-1.674331188,-1.670080543,-1.671438217,-1.673016548,-1.672600389,-1.671781898,-1.673277974,-1.676470876,-1.679708481,-1.68158412,-1.680319905,-1.684486032,-1.685876012,-1.688824058,-1.689813733,-1.690369964,-1.693386078,-1.694636226,-1.697876453,-1.703008771,-1.704951406,-1.705422878,-1.713038683,-1.713987827,-1.716814518,-1.727179289,4.2
34,-1.79785049,-1.795204043,-1.786120176,-1.7847054,-1.789592862,-1.78267014,-1.780209064,-1.779945374,-1.769958854,-1.773916125,-1.758929372,-1.77188468,-1.76714468,-1.77028656,-1.771565199,-1.772663713,-1.772466302,-1.778989553,-1.774405718,-1.773744226,-1.779977083,-1.779301643,-1.781888008,-1.778897762,-1.777201653,-1.781914234,-1.778556705,-1.779946208,-1.775027275,-1.775642276,-1.77202642,-1.771821618,-1.765929937,-1.763776541,-1.758156061,-1.752888322,-1.74547255,-1.73726809,-1.732722163,-1.737015843,-1.734594345,-1.733623147,-1.73407793,-1.733458638,-1.731745601,-1.73281455,-1.733388066,-1.735999346,-1.736165166,-1.735334039,-1.738115788,-1.7388798,-1.739236593,-1.738573432,-1.741860509,-1.737357616,-1.737010717,-1.737710953,-1.732272625,-1.730085135,-1.727524042,-1.723388195,-1.721544385,-1.7167418,-1.714128017,-1.710677743,-1.706598282,-1.704851985,-1.701855421,-1.695950747,-1.688892245,-1.680000067,-1.67107892,-1.662577629,-1.657566428,-1.654502273,-1.651468635,-1.651087284,-1.650374293,-1.649047732,-1.647181034,-1.650346756,-1.647902131,-1.648623109,-1.651054502,-1.652971268,-1.653836846,-1.655829668,-1.657662272,-1.659468174,-1.661303401,-1.661975265,-1.664795876,-1.66570878,-1.668890834,-1.673370838,-1.673841953,-1.676830292,-1.678670526,-1.675650835,-1.680544376,-1.680025935,-1.683471799,-1.685369015,-1.686459541,-1.686827183,-1.687963486,-1.688871145,-1.688147902,-1.688304663,-1.68827045,-1.688363314,-1.688413024,-1.68996346,-1.690176964,-1.690600514,-1.690722942,-1.689466,-1.690931916,-1.687313914,-1.687719464,-1.687652111,-1.688743949,-1.68834424,-1.685963631,-1.684055209,-1.684943438,-1.681852579,-1.683432102,-1.681720614,-1.681409001,-1.682068825,-1.684172511,-1.684321404,-1.683263659,-1.683807015,-1.684196472,-1.682172298,-1.682036042,-1.678763986,-1.676018,-1.671700358,-1.665473819,-1.657194853,-1.650544763,-1.6457901,-1.641277313,-1.638587594,-1.637638688,-1.637819052,-1.634600639,-1.635742188,-1.636367798,-1.636698842,-1.640007973,-1.639831305,-1.641559243,-1.644510388,-1.642172813,-1.646008611,-1.646802187,-1.65359056,-1.653337955,-1.65661931,-1.658602953,-1.660718083,-1.661329508,-1.66303587,-1.667800784,-1.669166327,-1.673399806,-1.681875944,-1.686192989,-1.69632411,4.3
35,-1.763151765,-1.773478627,-1.776638508,-1.769579411,-1.765924692,-1.757761717,-1.756249189,-1.760363936,-1.744117975,-1.749165654,-1.747810602,-1.747069836,-1.743426681,-1.746909857,-1.747824073,-1.746996641,-1.749007344,-1.751762748,-1.751439691,-1.756020665,-1.75771451,-1.757241488,-1.759587526,-1.75724411,-1.761746526,-1.756198525,-1.75635767,-1.758179545,-1.75594449,-1.752667308,-1.750651121,-1.751473546,-1.748419881,-1.744727492,-1.737458706,-1.731800437,-1.723953366,-1.719839811,-1.714745283,-1.716584802,-1.714879274,-1.718530178,-1.713708043,-1.714994669,-1.712679863,-1.716959834,-1.715662241,-1.715948343,-1.716218591,-1.717448115,-1.717714548,-1.716793418,-1.717535615,-1.717201352,-1.721241951,-1.716892958,-1.716231585,-1.71625638,-1.711747408,-1.710564852,-1.709324002,-1.705669165,-1.70212245,-1.698810101,-1.696106791,-1.691557527,-1.689350128,-1.689259171,-1.684650779,-1.679148912,-1.673950076,-1.666903019,-1.660944581,-1.653925776,-1.648732662,-1.64558363,-1.642345548,-1.640709758,-1.639871478,-1.641013145,-1.63885355,-1.639713287,-1.638507009,-1.637354016,-1.637064815,-1.643350601,-1.642556667,-1.643506527,-1.644243836,-1.646334767,-1.649885535,-1.650289893,-1.651685715,-1.652398348,-1.655503035,-1.655766249,-1.659076095,-1.659909487,-1.662519336,-1.660027862,-1.66380322,-1.664623857,-1.666544914,-1.666465402,-1.668243289,-1.668360829,-1.670367599,-1.669768333,-1.671212316,-1.670132041,-1.672955155,-1.672354698,-1.672426224,-1.67259109,-1.672303677,-1.672301173,-1.672290564,-1.673807383,-1.672051072,-1.673703313,-1.67317152,-1.670428872,-1.671568394,-1.670648456,-1.668410659,-1.669695616,-1.66958797,-1.66678679,-1.666543126,-1.666113019,-1.667138934,-1.66727984,-1.667237043,-1.667913675,-1.668898344,-1.666945934,-1.669426441,-1.666800022,-1.667587638,-1.662612915,-1.664279103,-1.657583833,-1.653229475,-1.648222923,-1.641850114,-1.63673389,-1.63498354,-1.626259804,-1.627368569,-1.623937011,-1.6230551,-1.62413609,-1.626033783,-1.624506593,-1.630458474,-1.628321052,-1.629492164,-1.634072185,-1.630989313,-1.631555319,-1.63702774,-1.640029788,-1.641971946,-1.643329859,-1.646751642,-1.647054195,-1.650320053,-1.654241443,-1.656577706,-1.656513691,-1.662500024,-1.664926648,-1.669190288,-1.674953103,4.2
36,-1.764129639,-1.761933923,-1.744012117,-1.757347941,-1.732503891,-1.743102312,-1.74375999,-1.738065362,-1.731344819,-1.730883956,-1.721425295,-1.719199538,-1.72822988,-1.724582195,-1.724540114,-1.727501392,-1.72791791,-1.73263073,-1.733792901,-1.737825632,-1.734917402,-1.737145305,-1.740753174,-1.738357544,-1.742870688,-1.736546397,-1.739094138,-1.734556675,-1.736499786,-1.733834863,-1.730464339,-1.730113029,-1.728285789,-1.721379519,-1.715810537,-1.703812122,-1.698118806,-1.69442904,-1.688362002,-1.688711286,-1.688741922,-1.688322783,-1.688289762,-1.688174248,-1.684431195,-1.687200427,-1.689088345,-1.687771082,-1.69143033,-1.688346982,-1.691144466,-1.693192244,-1.692904472,-1.693860412,-1.693929911,-1.69243145,-1.690403223,-1.689182758,-1.684965372,-1.68262887,-1.679333925,-1.675180674,-1.670294523,-1.663955212,-1.663305998,-1.656651497,-1.653684139,-1.652161241,-1.64773643,-1.639313579,-1.632775426,-1.618937969,-1.609872103,-1.599024057,-1.592025995,-1.588050485,-1.588002086,-1.584882379,-1.582348704,-1.584541202,-1.580723763,-1.581633568,-1.582470298,-1.58258462,-1.583086014,-1.587018728,-1.587520838,-1.591078877,-1.591917515,-1.595450521,-1.595200539,-1.599078178,-1.599806547,-1.604908943,-1.609407783,-1.609431028,-1.610082388,-1.613398194,-1.61621201,-1.615371943,-1.619521737,-1.617680192,-1.623552322,-1.624410868,-1.626570582,-1.627267241,-1.627421975,-1.629657149,-1.630922675,-1.630655289,-1.633298159,-1.632239223,-1.633550763,-1.63483274,-1.634749651,-1.634879231,-1.634584785,-1.63632071,-1.633783221,-1.633452058,-1.633426547,-1.632779241,-1.634286761,-1.63183713,-1.628401041,-1.6268574,-1.627652287,-1.626300693,-1.629086494,-1.624664426,-1.627908111,-1.628375411,-1.627445102,-1.626582265,-1.628501892,-1.62736237,-1.624858141,-1.626299858,-1.628360033,-1.623507261,-1.619032741,-1.61452508,-1.607366323,-1.60061419,-1.593943834,-1.586268306,-1.582844734,-1.579723954,-1.579770923,-1.578317046,-1.575669408,-1.579299688,-1.578050017,-1.577255726,-1.57892251,-1.578329086,-1.583660245,-1.585664511,-1.584373474,-1.587342262,-1.586760759,-1.591918945,-1.597663641,-1.596508145,-1.600074649,-1.601131678,-1.60310638,-1.609023571,-1.610601187,-1.618181825,-1.624983907,-1.629893064,-1.636193871,-1.641126156,4.6
37,-1.814967752,-1.802915096,-1.808787346,-1.80930841,-1.799240112,-1.790018797,-1.794936657,-1.787905216,-1.791811585,-1.792816877,-1.786725879,-1.779208541,-1.779394507,-1.784242392,-1.784438729,-1.788238168,-1.785088539,-1.792213559,-1.790741682,-1.793457747,-1.791037202,-1.797766805,-1.797097087,-1.798852086,-1.795757413,-1.798794985,-1.794784427,-1.796538353,-1.798050284,-1.790743947,-1.790964007,-1.790475845,-1.788133502,-1.782769918,-1.776727676,-1.768901706,-1.763454914,-1.759086132,-1.758756876,-1.756835341,-1.755549669,-1.755409241,-1.756323695,-1.756425738,-1.756138086,-1.756807566,-1.758048534,-1.757680655,-1.757065415,-1.758897781,-1.760061026,-1.758341193,-1.762292743,-1.761069894,-1.76020658,-1.762536883,-1.759750724,-1.759623051,-1.756242514,-1.755156398,-1.751198411,-1.748119116,-1.745450258,-1.741388202,-1.738652825,-1.735541463,-1.73366785,-1.73217392,-1.729284763,-1.72390008,-1.720750213,-1.713464737,-1.705993772,-1.699048638,-1.696444273,-1.690590024,-1.692162395,-1.689579248,-1.688655615,-1.687313676,-1.686630368,-1.688082576,-1.688849568,-1.687445521,-1.688475609,-1.690347433,-1.691073179,-1.692361593,-1.694636106,-1.696110368,-1.69789362,-1.699415565,-1.701183438,-1.701992631,-1.704695821,-1.706236005,-1.705972552,-1.708676696,-1.71143055,-1.707112789,-1.711119413,-1.712242603,-1.715164542,-1.715398192,-1.715965509,-1.715776563,-1.716430068,-1.718243241,-1.718871355,-1.719838142,-1.720332742,-1.718389511,-1.720251322,-1.720559835,-1.720169067,-1.72057128,-1.720074058,-1.720978737,-1.719352245,-1.720555425,-1.719452381,-1.720249057,-1.719246387,-1.717312336,-1.716110229,-1.715888143,-1.712700963,-1.713381052,-1.716360688,-1.715008259,-1.71472156,-1.713150382,-1.712843776,-1.713526607,-1.715589523,-1.715883493,-1.717425823,-1.713497639,-1.714728832,-1.711365819,-1.711407781,-1.705646396,-1.700634241,-1.696883798,-1.692210674,-1.688977361,-1.685954571,-1.683169961,-1.682336211,-1.679648638,-1.680919051,-1.684215665,-1.682993412,-1.683461308,-1.685659289,-1.686095834,-1.684946179,-1.686005473,-1.687480092,-1.69036305,-1.688728213,-1.689879298,-1.693550944,-1.695441723,-1.697407722,-1.699282289,-1.703477263,-1.704191208,-1.706153154,-1.708496213,-1.711335778,-1.718462467,-1.71767354,-1.72298646,4.3
38,-1.779031873,-1.777992129,-1.759749174,-1.759004712,-1.760598779,-1.744418263,-1.753782392,-1.755186081,-1.748768568,-1.735134244,-1.738327742,-1.735927701,-1.73801291,-1.748896003,-1.743137836,-1.746816993,-1.741732478,-1.745576859,-1.745618105,-1.748149037,-1.746863246,-1.749255061,-1.752023816,-1.751886487,-1.75048852,-1.749712944,-1.750230432,-1.7470963,-1.744566917,-1.745945811,-1.749035597,-1.742202282,-1.740559936,-1.732297778,-1.728293777,-1.719982505,-1.714085221,-1.706110597,-1.699121118,-1.704222083,-1.700740218,-1.701997638,-1.701403737,-1.700138211,-1.699570656,-1.70073545,-1.703220367,-1.702067256,-1.704288602,-1.703451753,-1.704007506,-1.705537558,-1.706649065,-1.705064654,-1.706619143,-1.704309344,-1.703681231,-1.703517795,-1.696532369,-1.698959231,-1.693624973,-1.690117359,-1.683285236,-1.682329655,-1.675944567,-1.673678517,-1.671709895,-1.668230414,-1.662883759,-1.656965017,-1.649756312,-1.640314698,-1.628631949,-1.620631337,-1.613787651,-1.606394172,-1.603887081,-1.599736094,-1.600212693,-1.599004626,-1.597573996,-1.598275423,-1.59653306,-1.599644661,-1.600865483,-1.599339366,-1.603684068,-1.607341766,-1.60834837,-1.614513636,-1.615693808,-1.619036078,-1.620129704,-1.623586416,-1.625635982,-1.627408981,-1.629504323,-1.630881906,-1.636138201,-1.631183386,-1.637417674,-1.635346055,-1.640130639,-1.640489817,-1.642685056,-1.642528296,-1.641820192,-1.647040725,-1.648346543,-1.646761894,-1.647358775,-1.649087548,-1.650802493,-1.648991346,-1.650045872,-1.648772001,-1.649006724,-1.647167921,-1.647699594,-1.650225282,-1.649096966,-1.647991776,-1.647826791,-1.644165754,-1.642708063,-1.641210079,-1.639492035,-1.639969945,-1.639438391,-1.640123606,-1.638525724,-1.639082193,-1.639344454,-1.639637709,-1.638368964,-1.643387794,-1.642876983,-1.641013145,-1.640177846,-1.634269834,-1.632281661,-1.62490201,-1.619708419,-1.605768204,-1.597404957,-1.589001536,-1.580706358,-1.575649858,-1.573723197,-1.569483519,-1.569111347,-1.573366523,-1.570705771,-1.572655082,-1.575148344,-1.577508092,-1.576181054,-1.580955386,-1.580965519,-1.585528016,-1.588494539,-1.590839028,-1.595854163,-1.593566775,-1.599568009,-1.602066636,-1.604518533,-1.61372745,-1.617929459,-1.61832273,-1.623282433,-1.627214074,-1.640743494,-1.64534843,4.5
39,-1.817533374,-1.81365943,-1.816124082,-1.812790394,-1.810678601,-1.813963056,-1.807737827,-1.81289959,-1.799935818,-1.79768157,-1.805210114,-1.799013972,-1.802359343,-1.800423026,-1.804207921,-1.802510381,-1.80600071,-1.810424805,-1.811271906,-1.813282609,-1.812122226,-1.815226555,-1.814518094,-1.815313458,-1.815176368,-1.817570686,-1.816440105,-1.817560315,-1.815517664,-1.811092257,-1.811820745,-1.810500741,-1.810744047,-1.807562232,-1.80173254,-1.794204712,-1.789210558,-1.784042478,-1.784721851,-1.781487584,-1.779408574,-1.780906916,-1.78083992,-1.778727055,-1.780099034,-1.780435085,-1.780664206,-1.782473803,-1.782295227,-1.782643795,-1.786173224,-1.786102533,-1.78672874,-1.785728574,-1.786984801,-1.785951495,-1.7834903,-1.785043597,-1.779841185,-1.77982533,-1.776103735,-1.771906853,-1.770079494,-1.766015291,-1.764702916,-1.760858774,-1.757367969,-1.756485581,-1.752641201,-1.748378515,-1.74225986,-1.733150125,-1.726531267,-1.717462778,-1.71405983,-1.710817218,-1.708035707,-1.705964088,-1.706842542,-1.704399705,-1.701931596,-1.703007817,-1.704301715,-1.704109073,-1.704395413,-1.707073212,-1.707026839,-1.709026933,-1.712027431,-1.715293169,-1.717863798,-1.718325853,-1.718018174,-1.721237659,-1.723595738,-1.725196123,-1.726777911,-1.727927208,-1.729061842,-1.728230953,-1.732715011,-1.733228087,-1.73544383,-1.735644698,-1.736795783,-1.73763144,-1.737828732,-1.739499569,-1.74178493,-1.740525007,-1.741611242,-1.741328597,-1.742715716,-1.742235065,-1.742253304,-1.742241502,-1.742161632,-1.742408752,-1.742428422,-1.742584586,-1.740743876,-1.738711596,-1.740681171,-1.739302993,-1.737785935,-1.737117052,-1.737528682,-1.735530257,-1.735729694,-1.735345125,-1.734781981,-1.735471129,-1.737887383,-1.737144351,-1.737425447,-1.737685442,-1.735060096,-1.734696984,-1.735309243,-1.729704738,-1.730196834,-1.724921227,-1.718838215,-1.713882089,-1.706137061,-1.702123284,-1.695211053,-1.692433238,-1.691043496,-1.689367652,-1.686099052,-1.689466596,-1.689497828,-1.686933517,-1.689552546,-1.692201972,-1.693760991,-1.695295572,-1.697137475,-1.699755549,-1.701384902,-1.702937603,-1.705234885,-1.707041621,-1.70880878,-1.713541865,-1.714628816,-1.717882037,-1.717708707,-1.719241619,-1.725266337,-1.729602098,-1.73261869,-1.735478163,4.1
40,-1.800999641,-1.794874072,-1.796836734,-1.793977737,-1.792818546,-1.794419527,-1.792250991,-1.787521005,-1.772186279,-1.777655363,-1.785061002,-1.779938102,-1.777909517,-1.773411512,-1.783114433,-1.779919744,-1.785684824,-1.791201115,-1.788262606,-1.787450314,-1.791152716,-1.784984708,-1.792885184,-1.789417267,-1.789393306,-1.791054845,-1.78832078,-1.788743973,-1.787562013,-1.786227107,-1.785118699,-1.784621835,-1.785758853,-1.776010275,-1.773721933,-1.765765429,-1.756963849,-1.753249884,-1.752208591,-1.752057076,-1.750416279,-1.750949979,-1.750748158,-1.750345945,-1.747017622,-1.75172317,-1.75306201,-1.750194311,-1.756666183,-1.752206445,-1.753912926,-1.754341006,-1.756520629,-1.753788233,-1.756022692,-1.754391551,-1.753163695,-1.753437638,-1.749079585,-1.747832537,-1.744856358,-1.742744327,-1.737636805,-1.735003471,-1.734726071,-1.72886312,-1.725491524,-1.725337625,-1.721828938,-1.717891455,-1.713372827,-1.70488441,-1.697002172,-1.689313054,-1.684929013,-1.682203293,-1.67985785,-1.679001093,-1.678817749,-1.676325679,-1.674160004,-1.674664617,-1.676577926,-1.676644444,-1.675395489,-1.677089095,-1.67873323,-1.683030605,-1.682118416,-1.686118841,-1.687926531,-1.687597513,-1.68875587,-1.689716578,-1.693543196,-1.693949699,-1.696268201,-1.695790172,-1.699452281,-1.697081208,-1.700720906,-1.702109814,-1.706302762,-1.705445886,-1.707768679,-1.707794666,-1.706018925,-1.707869291,-1.707305193,-1.708240271,-1.708909392,-1.708955884,-1.711894035,-1.710627556,-1.710268259,-1.710098028,-1.709703922,-1.711802483,-1.710973978,-1.712269545,-1.711411834,-1.708626509,-1.708979011,-1.708340764,-1.707942963,-1.708776712,-1.70807147,-1.704604864,-1.705677986,-1.70474875,-1.705587626,-1.705744505,-1.708032846,-1.708766103,-1.708195925,-1.709546804,-1.709452868,-1.706399202,-1.706639528,-1.701774001,-1.699852943,-1.6963135,-1.689454675,-1.687479496,-1.681179285,-1.67933166,-1.674523115,-1.668765187,-1.667649627,-1.664486647,-1.665740967,-1.668603182,-1.66546917,-1.666991115,-1.668767333,-1.672714353,-1.675257325,-1.674606323,-1.674978733,-1.678127885,-1.681205988,-1.681823373,-1.68539989,-1.685102224,-1.688338161,-1.690398693,-1.692341566,-1.69467926,-1.695575118,-1.699172378,-1.703300834,-1.706822872,-1.70701468,-1.712912202,5.2
41,-1.759505272,-1.763622403,-1.75669539,-1.766028643,-1.756411433,-1.756933093,-1.760739446,-1.752200127,-1.751655579,-1.74699223,-1.743702173,-1.746667385,-1.746317267,-1.742622852,-1.744673848,-1.740583181,-1.745187759,-1.74841857,-1.752790213,-1.749572277,-1.7485919,-1.752998471,-1.755232811,-1.758444071,-1.757311702,-1.754371405,-1.755552649,-1.75193274,-1.751455665,-1.75079608,-1.745459676,-1.749601126,-1.746686459,-1.740228534,-1.737223029,-1.729417324,-1.728242755,-1.719506383,-1.717397809,-1.719100833,-1.719941258,-1.71772635,-1.719649553,-1.717205286,-1.718503714,-1.719996572,-1.717458606,-1.718028426,-1.720488667,-1.719570041,-1.720093966,-1.721431255,-1.722578645,-1.721262336,-1.721354485,-1.722545743,-1.718865991,-1.720965028,-1.716143727,-1.716854215,-1.712749362,-1.71158886,-1.706217647,-1.703299522,-1.699409604,-1.6990453,-1.696410775,-1.696573377,-1.692231536,-1.689300656,-1.687559962,-1.679595232,-1.672755241,-1.668488503,-1.666800499,-1.661768317,-1.662544966,-1.659609199,-1.660950899,-1.658453703,-1.658031702,-1.660903215,-1.658041954,-1.659340382,-1.657388091,-1.660738945,-1.660222769,-1.661818504,-1.663038969,-1.66543889,-1.66650176,-1.669638515,-1.66948545,-1.672338009,-1.672659755,-1.674279809,-1.67367816,-1.675698519,-1.675053716,-1.675984263,-1.678019285,-1.679019213,-1.680450678,-1.680631042,-1.681267381,-1.681662917,-1.682616949,-1.683523655,-1.683677793,-1.684276104,-1.684152484,-1.684325099,-1.687236071,-1.686362267,-1.686904192,-1.686988354,-1.687926412,-1.687004924,-1.686212659,-1.687260985,-1.687713742,-1.685139775,-1.685635209,-1.685844302,-1.684843659,-1.682709813,-1.683564901,-1.683859468,-1.681882739,-1.680557609,-1.681635976,-1.680843234,-1.683102846,-1.681878924,-1.682517767,-1.682595253,-1.68119812,-1.683127761,-1.684064031,-1.680274248,-1.67672503,-1.672975302,-1.668674231,-1.666596293,-1.659903646,-1.656457543,-1.653895378,-1.650787354,-1.649159789,-1.6488626,-1.648263931,-1.647360921,-1.649558663,-1.650752902,-1.652734041,-1.652968884,-1.654023528,-1.656175017,-1.655809402,-1.657087445,-1.659031391,-1.660294652,-1.665926218,-1.662589788,-1.664111376,-1.667710304,-1.672838688,-1.675712943,-1.672346115,-1.677144527,-1.680096507,-1.681504369,-1.68289113,-1.689461112,3.5
42,-1.781239867,-1.777011991,-1.777588606,-1.77238977,-1.768403888,-1.764482379,-1.765085101,-1.752741218,-1.751879334,-1.752178788,-1.751162648,-1.752186775,-1.752816558,-1.748981714,-1.753144264,-1.757787824,-1.758034468,-1.757130265,-1.767574787,-1.762829304,-1.764683366,-1.76787746,-1.769478798,-1.763709664,-1.768784285,-1.76658082,-1.766652226,-1.765564203,-1.762464523,-1.758850336,-1.761550426,-1.756906986,-1.75838387,-1.75007081,-1.7466712,-1.736116648,-1.731749296,-1.724419117,-1.726379633,-1.723861575,-1.721950412,-1.721759081,-1.721984982,-1.72300899,-1.716824174,-1.721997261,-1.723482132,-1.7229985,-1.724633217,-1.722968221,-1.725673199,-1.724832773,-1.726859212,-1.727641463,-1.727460384,-1.727358818,-1.725553989,-1.725450993,-1.72048521,-1.720937848,-1.717065573,-1.714497328,-1.711490631,-1.704856992,-1.702967048,-1.697395802,-1.694805384,-1.6937356,-1.689216018,-1.683828831,-1.677546501,-1.666476965,-1.659775376,-1.650865197,-1.645315051,-1.642199636,-1.641567588,-1.63789916,-1.638678193,-1.638332844,-1.636770606,-1.638627291,-1.637486458,-1.636993766,-1.637963653,-1.640572429,-1.641133308,-1.644891858,-1.645713568,-1.647809386,-1.650988102,-1.652962446,-1.653086066,-1.655488729,-1.656949043,-1.660565019,-1.663582444,-1.663001418,-1.665415049,-1.661684752,-1.666802168,-1.668497682,-1.670851231,-1.67130208,-1.671852946,-1.674562097,-1.672653079,-1.675221205,-1.676906586,-1.67682457,-1.678780913,-1.677270532,-1.679048896,-1.678410769,-1.67694819,-1.679118872,-1.677631855,-1.676921844,-1.677592039,-1.677863717,-1.678697348,-1.674295187,-1.677790761,-1.674525619,-1.673587084,-1.674772024,-1.674526811,-1.672250152,-1.671062469,-1.670096993,-1.672927141,-1.671396255,-1.674522638,-1.674413443,-1.675132155,-1.673190832,-1.671672106,-1.670362353,-1.673067689,-1.665549994,-1.665417075,-1.660906196,-1.655636907,-1.649603367,-1.640714288,-1.636465669,-1.633849621,-1.626088977,-1.628545523,-1.625356793,-1.626119971,-1.628391743,-1.626885772,-1.626750827,-1.632513046,-1.628841996,-1.632466078,-1.633226752,-1.635016322,-1.637168288,-1.637593389,-1.638803601,-1.643505812,-1.643076897,-1.647587538,-1.648909688,-1.648048401,-1.653455496,-1.659892678,-1.665350437,-1.664780259,-1.670020342,-1.678476572,-1.677908421,5
43,-1.842233777,-1.830813766,-1.833604932,-1.831659794,-1.829391003,-1.825746298,-1.825366497,-1.825728655,-1.82605207,-1.815846443,-1.820568919,-1.825078845,-1.820382595,-1.824913859,-1.82888329,-1.822578073,-1.828246713,-1.833745003,-1.830851674,-1.83475399,-1.835826755,-1.834532619,-1.839235902,-1.83840704,-1.840068579,-1.838676929,-1.838876724,-1.839301109,-1.835470915,-1.835922837,-1.83399725,-1.831252933,-1.82950604,-1.827391386,-1.822995424,-1.815338373,-1.809901118,-1.808039665,-1.806954741,-1.804540634,-1.803812861,-1.803298831,-1.803906322,-1.804550767,-1.803759694,-1.806345463,-1.805381775,-1.808495402,-1.804873228,-1.807368159,-1.808232427,-1.808488369,-1.811305523,-1.809687376,-1.808077455,-1.809063673,-1.809586525,-1.80793047,-1.804683805,-1.802894115,-1.800900936,-1.798441768,-1.795095325,-1.792812943,-1.790775061,-1.786424398,-1.785505652,-1.783255577,-1.781279683,-1.777946353,-1.773619056,-1.763643861,-1.757656574,-1.749864817,-1.746833682,-1.7421422,-1.739644766,-1.737451196,-1.737664938,-1.738207936,-1.735758901,-1.736038446,-1.736596704,-1.737288952,-1.736419082,-1.739250183,-1.741345525,-1.743448734,-1.744692087,-1.747379899,-1.750510097,-1.75186789,-1.753586769,-1.755823374,-1.756271482,-1.759070158,-1.759223104,-1.760762811,-1.762944818,-1.763105989,-1.763923049,-1.765604019,-1.76716578,-1.766991854,-1.768822789,-1.768620133,-1.769431591,-1.769819379,-1.769908071,-1.770864367,-1.771340609,-1.771708608,-1.772627115,-1.771556377,-1.771192908,-1.77212441,-1.773539662,-1.774824977,-1.771182895,-1.770350695,-1.770766377,-1.770113945,-1.770281911,-1.768491507,-1.766961575,-1.768318534,-1.767509818,-1.76734376,-1.766363144,-1.764314532,-1.765447855,-1.765105844,-1.764240742,-1.764706254,-1.765711784,-1.765938401,-1.77068007,-1.767125249,-1.768014669,-1.763287425,-1.758794427,-1.7549932,-1.750329733,-1.744321108,-1.739244938,-1.733709812,-1.728749514,-1.725057602,-1.722714067,-1.722946763,-1.721127272,-1.720950484,-1.721914649,-1.722360134,-1.727094173,-1.724207401,-1.726882219,-1.730408192,-1.731660604,-1.731995344,-1.734109282,-1.737363458,-1.738707781,-1.739941001,-1.741631746,-1.742576122,-1.746945858,-1.749878407,-1.750782251,-1.754359961,-1.755873919,-1.753155828,-1.765814185,-1.761787415,4.6
44,-1.812110066,-1.823436499,-1.82910347,-1.822000742,-1.815059185,-1.816408396,-1.808265448,-1.808694124,-1.80218184,-1.808818817,-1.80532074,-1.805714726,-1.804899573,-1.806334138,-1.804675579,-1.80905664,-1.809859514,-1.812683344,-1.815884352,-1.81686151,-1.815462708,-1.817847371,-1.820376754,-1.819883943,-1.817104578,-1.820213199,-1.819613814,-1.819895864,-1.817172647,-1.816055179,-1.813985944,-1.812692285,-1.811829448,-1.806595922,-1.802359581,-1.796164632,-1.790352225,-1.78613615,-1.785339594,-1.784753561,-1.783691525,-1.783324361,-1.78219676,-1.782794595,-1.782784343,-1.782931089,-1.784846783,-1.784354925,-1.786321044,-1.785465956,-1.786565661,-1.785834074,-1.789883733,-1.78841722,-1.788259745,-1.789581537,-1.785199404,-1.785785437,-1.783231854,-1.782610536,-1.779743195,-1.776170135,-1.774517298,-1.76985383,-1.767120242,-1.764967561,-1.762553334,-1.758524179,-1.758370399,-1.752312779,-1.746981263,-1.738242626,-1.728547812,-1.723489165,-1.71598208,-1.711062789,-1.709426761,-1.707218051,-1.706501245,-1.704461575,-1.704242349,-1.70456028,-1.705695629,-1.705179572,-1.707544684,-1.707713842,-1.709728837,-1.712002277,-1.713252187,-1.716771126,-1.720706344,-1.721240163,-1.721551538,-1.723648667,-1.7281003,-1.730427027,-1.731855154,-1.733928084,-1.736030221,-1.732592463,-1.735945344,-1.738200784,-1.740536928,-1.740289092,-1.741563439,-1.741984606,-1.743762732,-1.744888783,-1.744621396,-1.745030761,-1.748569965,-1.747201443,-1.748855829,-1.749140024,-1.748657465,-1.748828173,-1.749142528,-1.748225331,-1.747477293,-1.747727394,-1.747226596,-1.745877743,-1.747446656,-1.746149659,-1.744256377,-1.742586851,-1.74308455,-1.738832235,-1.741556168,-1.740390778,-1.742364645,-1.741270185,-1.743323088,-1.743806481,-1.743396878,-1.742552638,-1.741113901,-1.741438866,-1.74389708,-1.737760186,-1.736234069,-1.731852293,-1.726702213,-1.717956066,-1.707212806,-1.6984725,-1.692200065,-1.688298583,-1.684954405,-1.685466528,-1.680827379,-1.68481636,-1.683992386,-1.685578823,-1.68943572,-1.689959407,-1.691996813,-1.692565799,-1.693823814,-1.698209882,-1.699493647,-1.702633858,-1.705118418,-1.705106735,-1.708949924,-1.711318612,-1.71341157,-1.719156623,-1.719450474,-1.72250545,-1.729806066,-1.731505632,-1.737849593,-1.739060521,5.6
45,-1.793975711,-1.798825502,-1.78620553,-1.798178315,-1.783665061,-1.784772992,-1.784255505,-1.775033593,-1.786548972,-1.773456097,-1.777511239,-1.776921034,-1.771537781,-1.77615881,-1.774608254,-1.783673167,-1.778665781,-1.784270644,-1.782194972,-1.788070798,-1.785269856,-1.788902521,-1.786750555,-1.78685236,-1.788011551,-1.787641048,-1.79298985,-1.788703561,-1.788595676,-1.783790946,-1.781290054,-1.781803131,-1.778758764,-1.774353266,-1.771369338,-1.764337659,-1.759670496,-1.75364852,-1.748692393,-1.753913164,-1.749841571,-1.752746105,-1.751663923,-1.751898408,-1.749089956,-1.751357913,-1.750906467,-1.749862194,-1.752482057,-1.753055334,-1.755099416,-1.754809618,-1.754451036,-1.755342484,-1.751652122,-1.754897237,-1.753129005,-1.754883409,-1.750028968,-1.749971986,-1.747678876,-1.742812276,-1.742820978,-1.736777306,-1.735308766,-1.732449889,-1.73103261,-1.727515459,-1.726995826,-1.722001791,-1.717496395,-1.70953095,-1.705360055,-1.698870301,-1.695529699,-1.691516757,-1.688519716,-1.686208248,-1.686125636,-1.686071754,-1.685072899,-1.686375022,-1.686040282,-1.686153054,-1.687680483,-1.688706994,-1.690514445,-1.692219496,-1.691834688,-1.694487333,-1.696352124,-1.696316123,-1.695953488,-1.69968307,-1.702057838,-1.70348227,-1.704468012,-1.706272244,-1.709313989,-1.70704937,-1.711117387,-1.709236383,-1.711678386,-1.710771441,-1.71196866,-1.713184357,-1.711519003,-1.713176966,-1.713955879,-1.715741515,-1.716002464,-1.716112614,-1.716943979,-1.716811895,-1.71688199,-1.717437506,-1.716894031,-1.716685414,-1.716467023,-1.71516335,-1.717364311,-1.714504242,-1.714571834,-1.712533951,-1.713576555,-1.713036418,-1.713171959,-1.709993601,-1.711300373,-1.708559394,-1.708168983,-1.7071594,-1.709415078,-1.708995938,-1.711319685,-1.711945295,-1.712909341,-1.711987138,-1.711468577,-1.707973003,-1.706328034,-1.703738809,-1.698477983,-1.694701076,-1.686995864,-1.686579466,-1.6808815,-1.679008126,-1.679224014,-1.677408695,-1.675626278,-1.677898049,-1.677533746,-1.677184939,-1.67619729,-1.67598474,-1.680637121,-1.680627942,-1.679563642,-1.682816744,-1.682405233,-1.686656713,-1.686155915,-1.687455773,-1.690551043,-1.691242576,-1.694630384,-1.69798696,-1.703077674,-1.704087615,-1.705509305,-1.7073282,-1.712969422,-1.719202399,4.3
46,-1.783948421,-1.791276574,-1.789785266,-1.768651009,-1.771321654,-1.782739997,-1.77095437,-1.776922584,-1.759680748,-1.763516784,-1.766485572,-1.758483052,-1.769099116,-1.763844013,-1.760941505,-1.768425345,-1.774107575,-1.771445155,-1.772962689,-1.774844646,-1.779478192,-1.777288198,-1.77847743,-1.780205488,-1.780718684,-1.78032434,-1.774614811,-1.776813865,-1.776229382,-1.774527073,-1.769693971,-1.768172264,-1.768318772,-1.764296174,-1.755803823,-1.751036882,-1.742873907,-1.736549139,-1.742848992,-1.737521887,-1.738525867,-1.73618114,-1.736097813,-1.736172438,-1.73770833,-1.737978697,-1.737502694,-1.737290263,-1.739085078,-1.740988016,-1.740743637,-1.740855098,-1.742846251,-1.741818309,-1.742370367,-1.742836833,-1.741304159,-1.740605235,-1.738531709,-1.73415482,-1.73383379,-1.731501222,-1.7267102,-1.723944068,-1.719098687,-1.71629858,-1.714631677,-1.714310169,-1.710240245,-1.705579519,-1.698303223,-1.69057703,-1.682486892,-1.675591946,-1.671355486,-1.666895866,-1.666000605,-1.663034201,-1.663362026,-1.663722992,-1.662708163,-1.662686586,-1.663973331,-1.664821148,-1.664069414,-1.666275263,-1.66856873,-1.669578075,-1.67173028,-1.672898173,-1.675661802,-1.677666903,-1.676626205,-1.67803812,-1.681178331,-1.682502151,-1.684725285,-1.686589718,-1.689217567,-1.687751293,-1.688457489,-1.691329479,-1.691855192,-1.693648458,-1.695745111,-1.695577264,-1.695034385,-1.698409677,-1.699129224,-1.699443936,-1.702645779,-1.701054335,-1.703188062,-1.702522278,-1.700957775,-1.701102853,-1.703282714,-1.701605439,-1.700927854,-1.70166719,-1.700945616,-1.701436758,-1.701191664,-1.698981524,-1.698335648,-1.698905349,-1.69831419,-1.69686234,-1.696600676,-1.696844697,-1.695221186,-1.69466579,-1.69676435,-1.697936058,-1.699149132,-1.698166728,-1.697505713,-1.696075797,-1.693848252,-1.692200541,-1.690743446,-1.68693316,-1.680497169,-1.676467419,-1.671478152,-1.666723847,-1.662667871,-1.661566496,-1.661230564,-1.661734343,-1.658240318,-1.658898473,-1.659363389,-1.660345197,-1.660736799,-1.664309382,-1.663406134,-1.662015319,-1.667427778,-1.667661667,-1.671295404,-1.672420144,-1.675614476,-1.675628781,-1.67907238,-1.678819895,-1.683902621,-1.685202122,-1.689355493,-1.692779064,-1.695914388,-1.699335098,-1.702440619,-1.709603906,4.1
47,-1.819858551,-1.821754813,-1.814109802,-1.821787834,-1.804526448,-1.811397791,-1.808767796,-1.806498885,-1.808493495,-1.796938777,-1.805728674,-1.798336387,-1.797147751,-1.80415678,-1.800683975,-1.802322626,-1.799786806,-1.80927062,-1.809941173,-1.808875799,-1.810187578,-1.814565301,-1.810374618,-1.815104604,-1.813030481,-1.812725663,-1.814884067,-1.808963299,-1.810138345,-1.809386969,-1.810009956,-1.804749846,-1.801016212,-1.796762109,-1.794774294,-1.786226749,-1.779060721,-1.776522636,-1.775846243,-1.771508694,-1.775503278,-1.771933556,-1.772618651,-1.771733403,-1.770014763,-1.772293925,-1.771416903,-1.775516629,-1.773703337,-1.773989558,-1.776279688,-1.775910735,-1.778417468,-1.776521564,-1.778901458,-1.777549505,-1.775178909,-1.774650931,-1.772176504,-1.770088911,-1.765217423,-1.765274405,-1.762984633,-1.756369829,-1.753988385,-1.750028014,-1.746548772,-1.747018218,-1.743146181,-1.738029242,-1.731638551,-1.721947551,-1.715541124,-1.708101869,-1.702805161,-1.697829723,-1.69817698,-1.694357991,-1.695418954,-1.694398403,-1.692584515,-1.693517566,-1.692817092,-1.693064809,-1.694150686,-1.697300911,-1.697939515,-1.700066209,-1.701393723,-1.706198096,-1.70677042,-1.708884835,-1.708680868,-1.710901141,-1.714566112,-1.716689587,-1.71690166,-1.719990134,-1.719410896,-1.720176697,-1.724179268,-1.723478794,-1.724591136,-1.724944115,-1.7268399,-1.726952195,-1.72845149,-1.729752064,-1.73077929,-1.7314744,-1.73462534,-1.732493758,-1.734445214,-1.73262167,-1.733136058,-1.733084321,-1.732681513,-1.731796026,-1.732696891,-1.731479406,-1.732830048,-1.73050952,-1.730474353,-1.728681087,-1.7273736,-1.728352904,-1.728264689,-1.724701881,-1.728268743,-1.725899339,-1.726188302,-1.72753036,-1.728334785,-1.727552176,-1.727708697,-1.727757692,-1.728190422,-1.725261211,-1.725928545,-1.721870422,-1.722083688,-1.716228247,-1.711844921,-1.704426885,-1.697034597,-1.690678358,-1.687336922,-1.6852566,-1.683842659,-1.681723356,-1.679935932,-1.68114233,-1.682162166,-1.683594465,-1.683168769,-1.683661819,-1.686232567,-1.687746286,-1.690069437,-1.691449165,-1.693851352,-1.696561456,-1.698660135,-1.700503826,-1.702722907,-1.704806566,-1.706131458,-1.712245822,-1.716785431,-1.714595079,-1.717953563,-1.726409554,-1.731192708,-1.73229444,4.1
48,-1.843016624,-1.85316813,-1.853932381,-1.848423004,-1.845710635,-1.845102072,-1.844578385,-1.827732682,-1.83773613,-1.832858086,-1.836031795,-1.831650376,-1.836038947,-1.835753918,-1.833429813,-1.849189281,-1.836292028,-1.843378186,-1.841090798,-1.843652248,-1.846799254,-1.845862389,-1.847862601,-1.848347425,-1.847660422,-1.848671556,-1.850339413,-1.847731948,-1.847756743,-1.841457486,-1.843710661,-1.84214735,-1.838816047,-1.837255597,-1.830680728,-1.823787093,-1.819801092,-1.815822244,-1.814043045,-1.81369698,-1.814264178,-1.811704278,-1.811998487,-1.812173486,-1.812102437,-1.815735817,-1.814695716,-1.814816236,-1.81547296,-1.816004395,-1.815970063,-1.816918373,-1.817225337,-1.816899538,-1.817081928,-1.816706538,-1.817402601,-1.816575885,-1.812666893,-1.812489748,-1.809770703,-1.806715846,-1.804643512,-1.800805807,-1.797954202,-1.795473695,-1.79265964,-1.792207241,-1.788560152,-1.78396821,-1.778515816,-1.771064281,-1.76637578,-1.760982633,-1.755351067,-1.750077009,-1.750160456,-1.747139931,-1.747537851,-1.747756839,-1.745731711,-1.746467113,-1.745802522,-1.746303082,-1.747489572,-1.749932766,-1.750522614,-1.754250407,-1.753916979,-1.756210208,-1.758388877,-1.759118319,-1.758624434,-1.762307167,-1.763487339,-1.767206669,-1.76790905,-1.768674731,-1.770953894,-1.769667268,-1.771243334,-1.771394372,-1.774995327,-1.776046038,-1.777365923,-1.776022196,-1.776966572,-1.776801825,-1.779123664,-1.780400038,-1.780894518,-1.779971242,-1.780550957,-1.783139944,-1.781172872,-1.780360937,-1.781684875,-1.779575586,-1.779231906,-1.781643391,-1.781128645,-1.779736519,-1.778631687,-1.777726054,-1.776646137,-1.779454947,-1.778203726,-1.777592778,-1.777179956,-1.775004983,-1.776209831,-1.775996804,-1.776858568,-1.777144194,-1.778205991,-1.778533578,-1.777839184,-1.777382255,-1.777426839,-1.773649335,-1.77461195,-1.766291022,-1.762529135,-1.754517198,-1.751184344,-1.746216059,-1.742481709,-1.737907171,-1.736695647,-1.73614049,-1.736243606,-1.738404989,-1.73733449,-1.739062309,-1.740284681,-1.740463853,-1.740562439,-1.741174936,-1.745576978,-1.747407675,-1.747703195,-1.748713851,-1.750495672,-1.75253582,-1.753516316,-1.756380796,-1.760451674,-1.764016628,-1.76548028,-1.766814113,-1.768759012,-1.772464752,-1.776774406,-1.778093696,4.5
49,-1.793403387,-1.795791864,-1.791216969,-1.793248057,-1.798712492,-1.785260797,-1.780630112,-1.788206339,-1.784351468,-1.778447032,-1.777463675,-1.772894859,-1.772754073,-1.774793863,-1.776848793,-1.776813149,-1.779533625,-1.782531023,-1.78605485,-1.78564024,-1.785073638,-1.78935802,-1.789151907,-1.79117012,-1.792024016,-1.791413188,-1.796842217,-1.790347457,-1.789376259,-1.788349986,-1.787708163,-1.785225868,-1.783773661,-1.779289246,-1.774222612,-1.767463207,-1.760084748,-1.755973339,-1.754283667,-1.75310421,-1.752770305,-1.754881978,-1.754143238,-1.754580379,-1.754704237,-1.754548311,-1.754044652,-1.754984856,-1.756238461,-1.755303025,-1.757423878,-1.757968783,-1.75793314,-1.757623672,-1.759406924,-1.758010983,-1.754229546,-1.756862402,-1.750789642,-1.74965632,-1.749266148,-1.745371819,-1.743023515,-1.738989234,-1.734060884,-1.73267293,-1.730208755,-1.727650642,-1.725284576,-1.721459866,-1.716841102,-1.710489511,-1.703898549,-1.699140906,-1.694644928,-1.688530564,-1.689505219,-1.686313152,-1.687141061,-1.687364817,-1.686022758,-1.686290026,-1.685662866,-1.684767246,-1.686365485,-1.689424157,-1.688623667,-1.691049576,-1.691922784,-1.695731163,-1.695932746,-1.697128296,-1.699451685,-1.701350331,-1.702402711,-1.703908086,-1.706375837,-1.707738757,-1.709213138,-1.708830595,-1.711828113,-1.711537838,-1.713598132,-1.713107347,-1.715478659,-1.71542871,-1.715806127,-1.718508005,-1.718206882,-1.718435049,-1.720886588,-1.720062971,-1.721749067,-1.721312761,-1.721635461,-1.721486092,-1.72148633,-1.721305728,-1.722877264,-1.720763803,-1.722228885,-1.719411731,-1.718860626,-1.719095349,-1.718153358,-1.717106462,-1.71571672,-1.714773893,-1.716670513,-1.7156111,-1.717046618,-1.712776303,-1.713966846,-1.71578598,-1.717718959,-1.717363596,-1.716876388,-1.716683865,-1.713234067,-1.710273147,-1.709026456,-1.705217361,-1.703826547,-1.699281931,-1.690174222,-1.685773253,-1.683991194,-1.679971814,-1.68019259,-1.675896049,-1.676855206,-1.67536962,-1.677266836,-1.675749302,-1.677913547,-1.680899978,-1.681308985,-1.680935979,-1.684092164,-1.685895562,-1.6867733,-1.688760638,-1.690977573,-1.690757036,-1.694036007,-1.695134282,-1.698303342,-1.705835342,-1.705801845,-1.707996964,-1.711236715,-1.707503796,-1.718574762,-1.720084786,4.4
50,-1.789762735,-1.787015557,-1.781442642,-1.778467298,-1.772479415,-1.775069237,-1.776967645,-1.759011388,-1.763983488,-1.757801533,-1.759556532,-1.76293385,-1.763683081,-1.758214116,-1.764901638,-1.763603449,-1.763707399,-1.772332668,-1.765968323,-1.769706845,-1.769319177,-1.769723892,-1.775215149,-1.770510554,-1.772298455,-1.772844195,-1.773656249,-1.772096515,-1.769663572,-1.767941236,-1.766078472,-1.764943838,-1.762268186,-1.76036489,-1.755371928,-1.747546196,-1.742373824,-1.739725471,-1.73743546,-1.737703323,-1.733161926,-1.736763477,-1.73506546,-1.736417532,-1.733987808,-1.735030174,-1.735135317,-1.737686753,-1.73878181,-1.739355922,-1.739953041,-1.739385724,-1.739378929,-1.741223574,-1.740218878,-1.741278768,-1.737174392,-1.73763001,-1.73519659,-1.733365297,-1.729632139,-1.727816939,-1.725331068,-1.721172929,-1.717544556,-1.715168953,-1.713803172,-1.709755898,-1.7104038,-1.703823805,-1.698941827,-1.692156553,-1.685782909,-1.68020153,-1.677874446,-1.673804164,-1.673083544,-1.670660257,-1.670463324,-1.672511458,-1.669223785,-1.667542577,-1.668586373,-1.669278979,-1.669692039,-1.670849562,-1.672565818,-1.671506047,-1.672357917,-1.674948812,-1.678380966,-1.679353237,-1.679299593,-1.683715105,-1.682756186,-1.684874415,-1.68541801,-1.685115099,-1.687625408,-1.686286211,-1.687852025,-1.689942122,-1.693515182,-1.694224715,-1.69460845,-1.697718024,-1.69549942,-1.695565581,-1.696809649,-1.69572866,-1.6968081,-1.697517991,-1.697709441,-1.697028518,-1.697069287,-1.698387504,-1.700144053,-1.701158285,-1.698422551,-1.698342443,-1.698185802,-1.695490599,-1.69733882,-1.695981503,-1.694372177,-1.694623113,-1.695052385,-1.690986514,-1.695290327,-1.694762349,-1.694561124,-1.692915082,-1.693348646,-1.694185615,-1.693458796,-1.693181872,-1.694426417,-1.69219017,-1.694315791,-1.690118909,-1.690198064,-1.686406612,-1.682563543,-1.677907467,-1.672163248,-1.669149041,-1.663371563,-1.661761522,-1.661265373,-1.661428571,-1.659873843,-1.661031961,-1.661429048,-1.661813974,-1.664944291,-1.665358067,-1.664634228,-1.665925741,-1.666809082,-1.667989731,-1.668454647,-1.670844674,-1.670593858,-1.672179341,-1.676401734,-1.676339626,-1.677532315,-1.684712172,-1.686755538,-1.687962294,-1.690771341,-1.694314241,-1.695129871,-1.704504967,3.6
51,-1.778252006,-1.779376626,-1.782824278,-1.771454096,-1.777114391,-1.762001753,-1.776128888,-1.761944652,-1.76487422,-1.750317931,-1.751122713,-1.753979325,-1.758133173,-1.750673532,-1.748976111,-1.757056713,-1.758629441,-1.756548047,-1.761660933,-1.767500401,-1.760543942,-1.764671326,-1.769909739,-1.767313123,-1.765205741,-1.764613867,-1.769779086,-1.766112328,-1.763269663,-1.761965036,-1.76131916,-1.758998156,-1.757519364,-1.7495929,-1.745087147,-1.738488078,-1.731274724,-1.722985625,-1.72486496,-1.725292921,-1.721656322,-1.722271085,-1.723835468,-1.723365188,-1.721578836,-1.720894694,-1.72563076,-1.724012852,-1.728856444,-1.725042939,-1.728069305,-1.72758925,-1.728423476,-1.728274703,-1.727160811,-1.727809787,-1.725262165,-1.727127552,-1.722988248,-1.721184254,-1.715828538,-1.715959191,-1.70881331,-1.707719922,-1.704234004,-1.701926589,-1.697091818,-1.697851419,-1.692330718,-1.68801105,-1.683919072,-1.673810244,-1.670622468,-1.662685513,-1.65816319,-1.653764009,-1.652980089,-1.652844787,-1.652759671,-1.651300788,-1.650846601,-1.648863435,-1.649594426,-1.649436593,-1.650567889,-1.652111411,-1.6516366,-1.65591085,-1.655264378,-1.658344984,-1.660513639,-1.663041592,-1.661040068,-1.664057136,-1.665403724,-1.668737054,-1.669210672,-1.670922756,-1.673996687,-1.669835567,-1.674505711,-1.67606473,-1.680573463,-1.680724859,-1.681272745,-1.682534337,-1.681325197,-1.682333469,-1.682210207,-1.684529781,-1.685972691,-1.686410546,-1.687862396,-1.68928659,-1.686189771,-1.687120914,-1.68760705,-1.686386943,-1.685061932,-1.686854005,-1.685228586,-1.682424784,-1.684152842,-1.684081793,-1.682099462,-1.682829738,-1.680022478,-1.678431988,-1.680233359,-1.678472996,-1.680905938,-1.677577615,-1.67910099,-1.679986238,-1.681434393,-1.681232929,-1.682922721,-1.67845583,-1.681536674,-1.676725268,-1.678308368,-1.670329332,-1.666670322,-1.664590955,-1.655485392,-1.653566837,-1.646795869,-1.647338629,-1.644653678,-1.646630764,-1.643478036,-1.643817067,-1.644087315,-1.643168211,-1.647380352,-1.64645803,-1.647201777,-1.648373604,-1.648420334,-1.652866602,-1.654784083,-1.654297113,-1.656817675,-1.658337116,-1.66024673,-1.662185788,-1.663208604,-1.671169162,-1.672014117,-1.673604012,-1.678193808,-1.677481651,-1.686230421,-1.693434,3.8
52,-1.851088166,-1.8453269,-1.850412369,-1.856343865,-1.836454988,-1.839450955,-1.839265943,-1.843934417,-1.831868052,-1.83063221,-1.83504498,-1.833926916,-1.833362579,-1.837289929,-1.829046607,-1.828924894,-1.838910103,-1.841617107,-1.841140985,-1.841258883,-1.839920759,-1.84401834,-1.842522383,-1.844377875,-1.844838142,-1.844962597,-1.845250368,-1.843712807,-1.841826797,-1.838779807,-1.839882016,-1.837981105,-1.834286809,-1.831992507,-1.829625845,-1.822645068,-1.815304041,-1.815462112,-1.811534286,-1.811388493,-1.811590075,-1.81033051,-1.81150353,-1.810655355,-1.80901444,-1.813472152,-1.813746452,-1.812937975,-1.811808705,-1.815973878,-1.813760638,-1.815090299,-1.814094305,-1.814194798,-1.815810919,-1.814776421,-1.812850952,-1.813924551,-1.81004405,-1.811178923,-1.806473255,-1.805089712,-1.801295161,-1.798466563,-1.797321796,-1.792377949,-1.790747643,-1.789433599,-1.786796927,-1.78267777,-1.776902676,-1.770385504,-1.763890982,-1.757584214,-1.752199292,-1.747314334,-1.746113062,-1.74314034,-1.743461728,-1.740939021,-1.741224408,-1.742043734,-1.742634058,-1.742678046,-1.743304014,-1.743960738,-1.74595654,-1.749028921,-1.747863412,-1.752898932,-1.753700733,-1.754656076,-1.756995678,-1.758004189,-1.760311961,-1.762154818,-1.765501022,-1.766496539,-1.768013,-1.765029907,-1.769092083,-1.768467665,-1.771134019,-1.771065235,-1.771801472,-1.772639871,-1.77209115,-1.774945021,-1.777368307,-1.776887059,-1.775569558,-1.77796793,-1.778646469,-1.778571725,-1.775801063,-1.778139591,-1.776864648,-1.776735187,-1.776805401,-1.778496504,-1.777906179,-1.775864124,-1.774671674,-1.773852825,-1.773335576,-1.772115231,-1.77312851,-1.772564411,-1.773031354,-1.770841479,-1.771604657,-1.770128489,-1.770866871,-1.771928072,-1.77146256,-1.771136642,-1.771921754,-1.772225618,-1.771458149,-1.767302394,-1.766367912,-1.7601372,-1.755662203,-1.748053312,-1.742442012,-1.736677885,-1.729227543,-1.724946499,-1.723915458,-1.721807122,-1.722717285,-1.722720742,-1.722772241,-1.725391865,-1.7259413,-1.726338267,-1.728211522,-1.728258252,-1.734256506,-1.734402537,-1.74071002,-1.739925981,-1.74269402,-1.743009329,-1.743360043,-1.746610641,-1.753495932,-1.752264023,-1.754384041,-1.75846231,-1.758796334,-1.764663219,-1.765913844,-1.768738151,4.1
53,-1.908257246,-1.898625016,-1.899377704,-1.905845404,-1.908934951,-1.900092363,-1.903117657,-1.894872427,-1.894420385,-1.893292069,-1.892755747,-1.892102599,-1.889992952,-1.892493844,-1.892915964,-1.894251823,-1.897193313,-1.898684382,-1.896089435,-1.898015618,-1.899524331,-1.903308153,-1.903403401,-1.901959419,-1.902936578,-1.90078795,-1.899214625,-1.900527,-1.898715496,-1.896673203,-1.896554947,-1.897002816,-1.897086143,-1.892949343,-1.890354633,-1.881296396,-1.87774241,-1.872483373,-1.873920918,-1.873883724,-1.870636582,-1.872705936,-1.870901108,-1.871303439,-1.86989522,-1.871741652,-1.873666167,-1.871654272,-1.875559926,-1.870916367,-1.874028444,-1.874131799,-1.874233961,-1.874493599,-1.872812748,-1.876545787,-1.87176609,-1.872917175,-1.869345665,-1.868449807,-1.86646843,-1.863999844,-1.859071851,-1.857463837,-1.854984283,-1.852144599,-1.848821878,-1.848394394,-1.846205473,-1.842273116,-1.835789084,-1.827709317,-1.821656466,-1.816349745,-1.80973053,-1.80797863,-1.806348562,-1.804071784,-1.803685904,-1.805536509,-1.800784707,-1.802109718,-1.802291632,-1.800602317,-1.803747416,-1.80577457,-1.806013346,-1.807260156,-1.807986617,-1.811951637,-1.813200474,-1.814915061,-1.81486237,-1.818453789,-1.821180105,-1.821435452,-1.821676373,-1.823304176,-1.825808883,-1.824874282,-1.825430512,-1.826953053,-1.82779038,-1.827706218,-1.828961253,-1.832167745,-1.832558513,-1.834132314,-1.833627105,-1.833896756,-1.835825443,-1.833737731,-1.836511135,-1.83632791,-1.836660385,-1.836541653,-1.83585465,-1.835786462,-1.834608912,-1.834819913,-1.835360527,-1.83382988,-1.834372997,-1.833237886,-1.831152678,-1.832166791,-1.83184731,-1.829876423,-1.830934763,-1.829674363,-1.8325845,-1.830558538,-1.832647562,-1.830846548,-1.831989646,-1.832538486,-1.831728101,-1.830308676,-1.830106139,-1.827035189,-1.824609518,-1.820854068,-1.816329122,-1.812139392,-1.805852294,-1.801164627,-1.796735525,-1.792551756,-1.792842388,-1.792217016,-1.789907336,-1.790258527,-1.789743781,-1.790585279,-1.792727709,-1.7942487,-1.794535756,-1.796341181,-1.796351314,-1.799612164,-1.800276518,-1.803227067,-1.804736376,-1.805301666,-1.809772849,-1.809145808,-1.815594435,-1.816728711,-1.816209197,-1.821089983,-1.8212111,-1.825296044,-1.826769352,-1.833234191,3.9
54,-1.808240294,-1.807572126,-1.800485373,-1.808708668,-1.802606225,-1.800552368,-1.79545784,-1.794459701,-1.79617095,-1.790401101,-1.795833468,-1.782485247,-1.795598626,-1.787565589,-1.78836,-1.791171551,-1.794371247,-1.799243569,-1.796629906,-1.79496634,-1.800965071,-1.801094651,-1.800423861,-1.802775264,-1.802329063,-1.802478194,-1.80546701,-1.803272724,-1.799830079,-1.800386786,-1.800396323,-1.796728849,-1.797718883,-1.790963292,-1.786731243,-1.779102445,-1.771372318,-1.770284295,-1.766669273,-1.76481688,-1.766356468,-1.764827371,-1.766272545,-1.765527606,-1.763328075,-1.765272498,-1.765993237,-1.765923262,-1.76834166,-1.767013192,-1.768818736,-1.768396974,-1.769740582,-1.770539403,-1.770002246,-1.77058208,-1.767058849,-1.769449234,-1.764358878,-1.764053822,-1.75985229,-1.758159518,-1.752565026,-1.749078035,-1.745743275,-1.743840814,-1.741046071,-1.73942852,-1.737061977,-1.73215282,-1.72849679,-1.720443606,-1.714310408,-1.708095074,-1.703300118,-1.699377418,-1.699211001,-1.695608974,-1.695152283,-1.694286466,-1.694224238,-1.694362164,-1.696004868,-1.695095181,-1.694978714,-1.696741343,-1.698134899,-1.69999814,-1.70176363,-1.703170419,-1.705028415,-1.707071543,-1.70822382,-1.711720347,-1.711874962,-1.711732626,-1.71373868,-1.71480155,-1.718185425,-1.714960694,-1.719356775,-1.717836142,-1.721819282,-1.721260309,-1.722538471,-1.725659847,-1.72414577,-1.725442052,-1.727488995,-1.728198767,-1.727936506,-1.72618854,-1.727809787,-1.727237821,-1.726049542,-1.727253675,-1.727080107,-1.727179527,-1.727652431,-1.726824164,-1.727474093,-1.725730896,-1.724921703,-1.72378993,-1.723047614,-1.723448396,-1.725324631,-1.72047925,-1.723805189,-1.720701933,-1.722139001,-1.721852422,-1.72267592,-1.724406242,-1.723674893,-1.725644469,-1.724908471,-1.72194016,-1.722569227,-1.718269467,-1.716872215,-1.714536309,-1.71081686,-1.70557034,-1.69813323,-1.693956852,-1.690604448,-1.688507915,-1.686774731,-1.685594678,-1.682547569,-1.682422638,-1.687014699,-1.68514812,-1.687942982,-1.68896699,-1.690840006,-1.691565394,-1.691578507,-1.69647789,-1.697434187,-1.695506334,-1.697629571,-1.703025341,-1.704696417,-1.705937505,-1.710638881,-1.712265253,-1.711920261,-1.715231895,-1.715947628,-1.718761921,-1.724013209,-1.729581833,5.5
55,-1.775884628,-1.780815482,-1.786013961,-1.783841729,-1.778039455,-1.772966862,-1.774735212,-1.763598919,-1.768206596,-1.763875246,-1.756655455,-1.766066074,-1.761919975,-1.766386032,-1.768715858,-1.767082691,-1.771242023,-1.774874091,-1.772836924,-1.774947405,-1.779022574,-1.774045467,-1.782405853,-1.778006196,-1.782727361,-1.780674338,-1.779356122,-1.781022668,-1.778357506,-1.777882338,-1.777079821,-1.774621606,-1.769312143,-1.767184854,-1.760314941,-1.753290296,-1.748224378,-1.74192369,-1.737442136,-1.738776445,-1.737297416,-1.739421248,-1.738391995,-1.739361525,-1.736399174,-1.737582564,-1.737902403,-1.740654945,-1.740575552,-1.740324736,-1.743043184,-1.741256595,-1.743317366,-1.744483709,-1.743399739,-1.744868279,-1.740959406,-1.74326694,-1.737817883,-1.737248182,-1.734217763,-1.728836894,-1.72538054,-1.72236979,-1.71596241,-1.715392947,-1.710530281,-1.708747864,-1.703760862,-1.698246241,-1.692816496,-1.681647301,-1.673092604,-1.664482832,-1.660524726,-1.654257298,-1.65369463,-1.650108099,-1.649288416,-1.648114562,-1.64796865,-1.648916841,-1.648376465,-1.650892854,-1.650066972,-1.654150963,-1.656042099,-1.657241344,-1.657514691,-1.660751343,-1.663388371,-1.665122151,-1.663967371,-1.670039773,-1.671513557,-1.674314141,-1.674953699,-1.67777586,-1.679383516,-1.6778754,-1.681005597,-1.683088183,-1.686096191,-1.686400533,-1.687547445,-1.689467072,-1.689791083,-1.690577149,-1.6919204,-1.693680525,-1.695635915,-1.693426967,-1.695527673,-1.693529248,-1.695026278,-1.695343733,-1.695120692,-1.693528533,-1.694630861,-1.694977999,-1.696204662,-1.692735195,-1.692883968,-1.692914128,-1.690515518,-1.691341877,-1.690583229,-1.687420011,-1.687481523,-1.686300516,-1.686470747,-1.686779618,-1.688024044,-1.690062284,-1.690510154,-1.688662052,-1.689488053,-1.68804431,-1.68637979,-1.682857633,-1.682077527,-1.676724195,-1.669723034,-1.665609241,-1.65915525,-1.651690125,-1.650057912,-1.646725893,-1.644759655,-1.645062923,-1.642338514,-1.64360857,-1.643817306,-1.641642809,-1.643036604,-1.645315766,-1.648034573,-1.649841785,-1.649412036,-1.651038408,-1.65380621,-1.655791402,-1.658778429,-1.660683513,-1.66503036,-1.663581252,-1.670081377,-1.673177123,-1.669906735,-1.679071784,-1.680904865,-1.681026101,-1.683997512,-1.690734386,4.6
56,-1.804983616,-1.798811793,-1.80111742,-1.798010588,-1.794059515,-1.794515133,-1.783808589,-1.78425312,-1.780886292,-1.782101512,-1.784204006,-1.784949422,-1.783195615,-1.783346415,-1.779012322,-1.794118762,-1.790551424,-1.790675163,-1.791055441,-1.793273449,-1.794813752,-1.798059106,-1.79834938,-1.79473114,-1.798267961,-1.799350739,-1.799028397,-1.795497298,-1.796264172,-1.79196167,-1.79303968,-1.791542768,-1.789814711,-1.785540581,-1.779923439,-1.771416545,-1.76566112,-1.760526776,-1.760025859,-1.760114789,-1.75713706,-1.758972049,-1.757069468,-1.757742763,-1.755497932,-1.756624579,-1.758954525,-1.757101655,-1.759765506,-1.759905696,-1.762449503,-1.7630229,-1.763272762,-1.762387037,-1.765558243,-1.763318539,-1.759891868,-1.75888443,-1.756560564,-1.754715562,-1.75167501,-1.749409556,-1.745970488,-1.742347598,-1.737848043,-1.735301018,-1.732620239,-1.729721069,-1.726492167,-1.72146821,-1.713929534,-1.704363823,-1.697518229,-1.690790176,-1.685698509,-1.680951238,-1.680348277,-1.679110765,-1.678111672,-1.675490856,-1.674844384,-1.676926732,-1.676900148,-1.675690651,-1.67698276,-1.678844929,-1.680553198,-1.684118152,-1.685102463,-1.685851216,-1.689256668,-1.690607548,-1.69173491,-1.693263173,-1.695626259,-1.699237823,-1.69993937,-1.702052951,-1.705810905,-1.704170108,-1.705439329,-1.707723022,-1.710005164,-1.710798144,-1.711749196,-1.712010741,-1.712158322,-1.713790536,-1.715689301,-1.715995669,-1.716167212,-1.715649486,-1.717413664,-1.715533972,-1.714988708,-1.716977358,-1.715630531,-1.720143557,-1.718709111,-1.717410684,-1.717034221,-1.715168834,-1.714196682,-1.712022781,-1.712340713,-1.711678386,-1.711071372,-1.709720492,-1.709227324,-1.709418297,-1.710651994,-1.709977865,-1.71032393,-1.71257472,-1.712506771,-1.713788986,-1.713424444,-1.710765958,-1.711216331,-1.704551697,-1.704787493,-1.700519443,-1.69621706,-1.687795639,-1.683232069,-1.678379774,-1.671688199,-1.669033647,-1.669613004,-1.668306947,-1.667928338,-1.668384671,-1.669937491,-1.670639157,-1.673913598,-1.673051715,-1.67378068,-1.674753904,-1.676312208,-1.676346064,-1.67993772,-1.681011558,-1.679727912,-1.683779597,-1.689405203,-1.688690901,-1.690042377,-1.694465995,-1.696333885,-1.700378656,-1.703093171,-1.704355001,-1.711971521,-1.714278102,4.8
57,-1.838339329,-1.840937495,-1.848461747,-1.849781752,-1.843074679,-1.840705872,-1.83553946,-1.831675529,-1.827975392,-1.835157275,-1.832022429,-1.827297568,-1.82434988,-1.824210405,-1.827695847,-1.827960968,-1.827025652,-1.832149506,-1.830081463,-1.833256364,-1.830976605,-1.837576151,-1.836208582,-1.835214257,-1.838446975,-1.836277246,-1.839656711,-1.831346393,-1.835366368,-1.83022964,-1.831068039,-1.827463031,-1.829368711,-1.823630691,-1.820738673,-1.81315887,-1.808205009,-1.804679155,-1.802641273,-1.802273393,-1.798314929,-1.799637079,-1.799664855,-1.800688744,-1.800741792,-1.799565077,-1.802495837,-1.801595449,-1.805886865,-1.800287366,-1.804161072,-1.803700566,-1.804796338,-1.806152344,-1.807568192,-1.806990743,-1.803272128,-1.804823399,-1.800187111,-1.799173713,-1.797002673,-1.793566227,-1.790290475,-1.788271308,-1.784841061,-1.782754064,-1.778614759,-1.778743267,-1.774514318,-1.76871717,-1.763586044,-1.756024241,-1.750157595,-1.7440027,-1.739012957,-1.735123158,-1.733872414,-1.731694937,-1.732624531,-1.731287122,-1.730873466,-1.731237054,-1.731560946,-1.731887579,-1.731731415,-1.735185266,-1.735442519,-1.736510515,-1.737151384,-1.738460183,-1.741554499,-1.743685961,-1.743609667,-1.745305538,-1.749213934,-1.748682976,-1.748878598,-1.752034545,-1.755065918,-1.753044844,-1.755978465,-1.75519371,-1.759740233,-1.75919199,-1.760056257,-1.761318207,-1.762410164,-1.763249755,-1.763439775,-1.762576938,-1.764313579,-1.765417576,-1.765626788,-1.766862512,-1.765939116,-1.767416835,-1.767835855,-1.766985893,-1.766310334,-1.7649827,-1.763817072,-1.76316309,-1.763932109,-1.762889385,-1.760789275,-1.762527108,-1.760499835,-1.7587502,-1.75951159,-1.758273721,-1.759693146,-1.756804585,-1.759072781,-1.759877801,-1.758962989,-1.760335565,-1.760015845,-1.759697676,-1.758869529,-1.755310535,-1.756916285,-1.751612425,-1.745130777,-1.741351485,-1.733849406,-1.730267882,-1.727346539,-1.723078847,-1.721672058,-1.721578479,-1.718414307,-1.718984485,-1.718946815,-1.719146729,-1.719034553,-1.721936345,-1.726560831,-1.728733182,-1.728739858,-1.729905963,-1.730957031,-1.732145548,-1.735388398,-1.733825684,-1.738108635,-1.737097859,-1.743116021,-1.74493432,-1.746326327,-1.748975039,-1.750906467,-1.755149603,-1.759087205,-1.76097548,4
58,-1.758531928,-1.782014012,-1.783498764,-1.779382467,-1.77301228,-1.782248139,-1.768061638,-1.769382834,-1.767040491,-1.758512259,-1.763515234,-1.759376407,-1.759856939,-1.760462642,-1.755971909,-1.762740731,-1.766685128,-1.769680858,-1.769907594,-1.76585114,-1.771281123,-1.771718025,-1.771006465,-1.770552516,-1.777040839,-1.770651579,-1.770688534,-1.770338774,-1.769227386,-1.765553474,-1.767160296,-1.763399601,-1.76306951,-1.76012671,-1.751244426,-1.741914511,-1.738973856,-1.731952906,-1.727220774,-1.731491685,-1.728265405,-1.730178714,-1.727930069,-1.729705453,-1.724935651,-1.728586912,-1.729992867,-1.7293576,-1.732005835,-1.728914618,-1.732822418,-1.731476903,-1.730901837,-1.731722832,-1.732256413,-1.731759191,-1.72927916,-1.731215,-1.726682782,-1.725457191,-1.72132647,-1.716701388,-1.712430477,-1.710683584,-1.70560801,-1.704244494,-1.700249791,-1.699185967,-1.694548011,-1.689397693,-1.682782531,-1.674511909,-1.665933609,-1.655646801,-1.650337934,-1.646143675,-1.643972158,-1.642413616,-1.643864155,-1.642166734,-1.641004682,-1.640796661,-1.642448545,-1.639461994,-1.641556978,-1.645950437,-1.646566033,-1.650283933,-1.650394678,-1.652750134,-1.655766964,-1.655751109,-1.65667665,-1.659824848,-1.66108501,-1.664171457,-1.666210413,-1.669037819,-1.670948267,-1.666485906,-1.672576547,-1.671858072,-1.676504135,-1.677454352,-1.678912044,-1.679818511,-1.678276181,-1.680922747,-1.682886481,-1.680595875,-1.684271455,-1.683925033,-1.685097575,-1.685840368,-1.684504628,-1.684305191,-1.685343146,-1.68481791,-1.685653448,-1.685311198,-1.685715437,-1.682131171,-1.681680322,-1.681125402,-1.678492069,-1.679377675,-1.680573106,-1.676946044,-1.675968051,-1.67591238,-1.677557945,-1.675898314,-1.67697835,-1.677265525,-1.677452445,-1.677562475,-1.679530025,-1.678123951,-1.677110076,-1.671750665,-1.67228055,-1.664087534,-1.658516526,-1.656234384,-1.648691773,-1.641225338,-1.63953805,-1.635168433,-1.635839581,-1.634709239,-1.632925749,-1.634094954,-1.632106304,-1.636262536,-1.636864901,-1.636470795,-1.638059616,-1.64060545,-1.642245531,-1.643451571,-1.64499402,-1.64778018,-1.651435137,-1.649043322,-1.653327584,-1.657618046,-1.66084516,-1.666775107,-1.666360855,-1.669283867,-1.672504306,-1.675871372,-1.679713607,-1.690663338,4.6
59,-1.824876189,-1.834109664,-1.83040452,-1.827186346,-1.827257872,-1.823908806,-1.824075818,-1.813370943,-1.82199347,-1.808195472,-1.815654874,-1.809543133,-1.810581207,-1.812045336,-1.810132861,-1.815963864,-1.81798327,-1.817858696,-1.819542527,-1.81659472,-1.819863796,-1.823547482,-1.824185967,-1.822979927,-1.823470354,-1.822859883,-1.82201767,-1.819542408,-1.822844744,-1.818460464,-1.81919229,-1.816343307,-1.815511346,-1.812421679,-1.808355212,-1.799396276,-1.794053078,-1.788236856,-1.787787557,-1.786115766,-1.785371184,-1.786548495,-1.784056425,-1.785042882,-1.784748673,-1.784585834,-1.786270976,-1.786186814,-1.786898494,-1.788247705,-1.789842606,-1.789659977,-1.791026711,-1.790107489,-1.792628288,-1.791500211,-1.788686991,-1.788860679,-1.785182834,-1.783744454,-1.77956593,-1.778521419,-1.774218202,-1.769314528,-1.764578342,-1.762347102,-1.759955645,-1.759047508,-1.754917502,-1.749677539,-1.745086074,-1.735048294,-1.730774522,-1.720620871,-1.716100931,-1.711914301,-1.710327864,-1.707239151,-1.708488226,-1.70591259,-1.705895662,-1.707178831,-1.706064701,-1.705446482,-1.706932187,-1.710658312,-1.710405111,-1.714539051,-1.714728594,-1.715951562,-1.719827175,-1.722029686,-1.721501708,-1.723140478,-1.725707293,-1.728742599,-1.728897095,-1.730339527,-1.732010365,-1.730778933,-1.735029459,-1.735526562,-1.738010645,-1.735919595,-1.738510728,-1.739777327,-1.739093304,-1.74083066,-1.742638946,-1.742826939,-1.743325233,-1.744313359,-1.746459246,-1.746096253,-1.746905327,-1.744975328,-1.74844718,-1.747735143,-1.747689486,-1.747561455,-1.748187184,-1.744839072,-1.745623231,-1.742716908,-1.741445303,-1.740688443,-1.740611792,-1.738305807,-1.739872217,-1.737600207,-1.740003109,-1.740030646,-1.740318656,-1.739700556,-1.740125299,-1.740079641,-1.740502119,-1.739753127,-1.740679383,-1.732970119,-1.730921626,-1.727711201,-1.72152698,-1.718750358,-1.713178396,-1.70806706,-1.703786373,-1.699910522,-1.699137449,-1.697240114,-1.696596026,-1.698951602,-1.698479652,-1.696849942,-1.699932575,-1.701268792,-1.700950623,-1.703315973,-1.704396486,-1.705877781,-1.708951116,-1.709328771,-1.711850524,-1.712334394,-1.716265798,-1.71741128,-1.721736431,-1.721511722,-1.726158261,-1.727434754,-1.730757952,-1.730964184,-1.735278487,-1.740178585,4.2
60,-1.749567866,-1.758003831,-1.749119163,-1.755442023,-1.75188911,-1.729890943,-1.737903714,-1.733242631,-1.733187795,-1.733650446,-1.728768826,-1.729476929,-1.727710366,-1.734362245,-1.737048984,-1.732871652,-1.73495245,-1.739670634,-1.740029335,-1.742864966,-1.740538597,-1.740828514,-1.746166587,-1.745928884,-1.744192004,-1.744779706,-1.746629357,-1.740785122,-1.7414217,-1.737905145,-1.737221241,-1.736447811,-1.731244206,-1.727879167,-1.723036885,-1.715801716,-1.708486676,-1.704948187,-1.700356483,-1.700759649,-1.702886939,-1.701343179,-1.698062539,-1.699669242,-1.6989187,-1.699881196,-1.703231812,-1.702712655,-1.702764988,-1.701523304,-1.706771374,-1.706292033,-1.706248045,-1.705783248,-1.705572128,-1.706167579,-1.70460701,-1.702963948,-1.700578809,-1.698309541,-1.69616282,-1.692753553,-1.689874887,-1.686648726,-1.682492137,-1.679913163,-1.67808187,-1.675020099,-1.673066616,-1.668633461,-1.662059784,-1.65468061,-1.648607016,-1.641187668,-1.635499358,-1.631639361,-1.630511403,-1.629615903,-1.628511906,-1.628591061,-1.626772761,-1.62751615,-1.626270771,-1.627909184,-1.626783967,-1.628133535,-1.630947948,-1.632041216,-1.633742571,-1.636082649,-1.64071393,-1.637985229,-1.639631629,-1.642380238,-1.643956184,-1.646873236,-1.647785544,-1.649108648,-1.651942968,-1.648079991,-1.653167963,-1.652801991,-1.65754354,-1.657016397,-1.656490326,-1.660368919,-1.658893108,-1.661415339,-1.661138654,-1.659935832,-1.662273645,-1.662899733,-1.664247632,-1.664189577,-1.664613128,-1.664203763,-1.663509727,-1.66265285,-1.665497303,-1.665744305,-1.664189577,-1.662819028,-1.662978888,-1.66043365,-1.659620404,-1.656797886,-1.658174038,-1.655571699,-1.657222509,-1.655382276,-1.655345798,-1.655022264,-1.656175971,-1.657400966,-1.658992171,-1.659442306,-1.658985496,-1.657738686,-1.657075047,-1.653409839,-1.654854894,-1.648491383,-1.642932057,-1.637824416,-1.632056236,-1.624575496,-1.618459821,-1.617448807,-1.61789,-1.616922379,-1.616192937,-1.616040826,-1.618223429,-1.618322372,-1.618229389,-1.61826694,-1.619581699,-1.620202184,-1.626058459,-1.624671817,-1.627839804,-1.628733516,-1.630936265,-1.632807493,-1.635416269,-1.636918664,-1.641456604,-1.640390158,-1.646820903,-1.649903059,-1.651869655,-1.651697755,-1.660182595,-1.666309357,4.7
61,-1.877426028,-1.873025417,-1.8719908,-1.878248334,-1.869912624,-1.861767292,-1.868279457,-1.847858787,-1.860045671,-1.857053518,-1.85583508,-1.855415463,-1.860852838,-1.854588628,-1.860438585,-1.861121655,-1.864305735,-1.86538887,-1.866473794,-1.865570188,-1.86788106,-1.868443608,-1.86998117,-1.870009542,-1.871139169,-1.868268013,-1.869564056,-1.866697669,-1.866288304,-1.865368724,-1.862215996,-1.864441395,-1.863992333,-1.859788656,-1.854974151,-1.850288868,-1.845451236,-1.84138298,-1.844943762,-1.841686368,-1.838057041,-1.839655519,-1.840039134,-1.840462208,-1.839341402,-1.83926332,-1.84189868,-1.840602398,-1.840667844,-1.843134642,-1.843305707,-1.84328723,-1.843971729,-1.843694329,-1.84416461,-1.844322085,-1.842875719,-1.841056824,-1.840117574,-1.838684201,-1.835797191,-1.834035993,-1.830544353,-1.828033566,-1.825163841,-1.823583245,-1.822295308,-1.821258664,-1.817627072,-1.812971234,-1.809258699,-1.800954819,-1.795339942,-1.789113283,-1.78498435,-1.782746673,-1.781394362,-1.779973865,-1.778166294,-1.777002692,-1.77700901,-1.778917313,-1.780342817,-1.779844284,-1.781358242,-1.780848622,-1.782629728,-1.784813285,-1.78494823,-1.786954045,-1.78995955,-1.791910172,-1.792773485,-1.794628859,-1.794061303,-1.796168685,-1.796885133,-1.798138261,-1.799298763,-1.799261332,-1.802555919,-1.801577687,-1.803375721,-1.805239558,-1.806223035,-1.80640161,-1.807350516,-1.807379723,-1.808736444,-1.809201717,-1.810108542,-1.809455395,-1.811571479,-1.810138583,-1.809727073,-1.810354114,-1.810523629,-1.811627507,-1.810058713,-1.810588717,-1.813030481,-1.81004703,-1.809111238,-1.807569385,-1.80562377,-1.805942297,-1.805473328,-1.804559946,-1.803600311,-1.804504514,-1.805427909,-1.804917812,-1.805244327,-1.805816889,-1.807626009,-1.805527687,-1.808971405,-1.805924416,-1.806238055,-1.802474976,-1.800743341,-1.798559904,-1.792649865,-1.786601305,-1.782717466,-1.777591944,-1.775591373,-1.772541046,-1.771367788,-1.769694805,-1.768996716,-1.767221332,-1.767795563,-1.76950264,-1.770650744,-1.770589232,-1.772058249,-1.776030064,-1.776753664,-1.779544353,-1.779198289,-1.78121686,-1.782989502,-1.785971761,-1.786608577,-1.787195325,-1.789959788,-1.7923702,-1.79112947,-1.794472814,-1.795892596,-1.796560526,-1.799372077,-1.805594325,4
62,-1.827210903,-1.82985723,-1.835672975,-1.827922463,-1.821588516,-1.828581452,-1.824730873,-1.825849533,-1.8231709,-1.813909292,-1.822242379,-1.813574076,-1.813573003,-1.816480875,-1.819572568,-1.818032384,-1.823760748,-1.824020743,-1.822009683,-1.828114748,-1.831127286,-1.828047991,-1.829832435,-1.831888556,-1.832036257,-1.831005812,-1.833504915,-1.830511093,-1.831003308,-1.827641368,-1.826276064,-1.82461822,-1.820504904,-1.820847631,-1.814017773,-1.807443023,-1.803200364,-1.800307989,-1.796320677,-1.796197176,-1.793398976,-1.796578884,-1.794983149,-1.794808388,-1.796099901,-1.794036865,-1.797005773,-1.795721531,-1.798277378,-1.797726035,-1.797331452,-1.798816919,-1.801532388,-1.799211621,-1.800365448,-1.800587535,-1.799804807,-1.7994591,-1.795709372,-1.793671012,-1.790586472,-1.789031625,-1.785668373,-1.781717658,-1.780297995,-1.778769732,-1.776242614,-1.775407076,-1.771917224,-1.76653862,-1.760831118,-1.753562212,-1.747231245,-1.741696119,-1.738058925,-1.735707045,-1.734447837,-1.73202014,-1.733413339,-1.729674101,-1.730740428,-1.731561184,-1.730042696,-1.732196331,-1.732358932,-1.735876799,-1.735566497,-1.737477183,-1.73792398,-1.742583394,-1.743228674,-1.746298075,-1.745424151,-1.746524334,-1.74862206,-1.751107693,-1.752312183,-1.753394365,-1.75601387,-1.755805135,-1.759226441,-1.756804705,-1.760869265,-1.761853099,-1.762719989,-1.765161633,-1.765336514,-1.765018225,-1.766152382,-1.765552402,-1.766389966,-1.766390324,-1.767712951,-1.769910336,-1.768888831,-1.768476009,-1.768923998,-1.769307852,-1.76803112,-1.766613364,-1.766609073,-1.766448021,-1.766297221,-1.766167641,-1.765522122,-1.764793515,-1.763316512,-1.762042522,-1.762274623,-1.762719154,-1.763255,-1.763089538,-1.76471293,-1.763478637,-1.765874743,-1.764241815,-1.762827516,-1.762024164,-1.763237953,-1.759580255,-1.758660078,-1.755282164,-1.75071013,-1.746721029,-1.737713456,-1.735795856,-1.731389523,-1.728873372,-1.728148699,-1.729151249,-1.726443291,-1.728573799,-1.726966977,-1.72703886,-1.730804443,-1.731919408,-1.730747581,-1.732833505,-1.73289299,-1.737161517,-1.736731172,-1.737787247,-1.739801526,-1.741796851,-1.743019342,-1.748806119,-1.749299765,-1.751719236,-1.753357887,-1.756826282,-1.758374333,-1.762163162,-1.764568567,-1.763901591,3.9
63,-1.773811221,-1.780550957,-1.771285772,-1.774183035,-1.771155953,-1.776937127,-1.763260007,-1.758032918,-1.764455438,-1.750322104,-1.763349414,-1.763562202,-1.755154967,-1.761094451,-1.75899756,-1.772093296,-1.766900778,-1.768288732,-1.768202186,-1.77209425,-1.775688291,-1.777829409,-1.780007362,-1.779236913,-1.778597474,-1.78112936,-1.774908781,-1.773908138,-1.774229527,-1.775265694,-1.769931316,-1.769024134,-1.770151615,-1.762315869,-1.754006147,-1.74543345,-1.73696208,-1.729982972,-1.728800535,-1.729990959,-1.729022503,-1.727703333,-1.725811601,-1.726736307,-1.727191329,-1.729388952,-1.729563475,-1.728696942,-1.729131222,-1.732975364,-1.732065558,-1.736478329,-1.735027313,-1.733679771,-1.73315382,-1.734522581,-1.732557535,-1.733449221,-1.726238608,-1.722263694,-1.723257661,-1.716981053,-1.710785866,-1.70552659,-1.702640176,-1.694635272,-1.692831039,-1.689460993,-1.683017254,-1.677575707,-1.667488575,-1.651465178,-1.640576482,-1.626872301,-1.619338989,-1.613129497,-1.612219691,-1.60761559,-1.608219504,-1.610396862,-1.605609298,-1.604810119,-1.606276512,-1.607285619,-1.612906933,-1.612175703,-1.614421606,-1.620723367,-1.621315002,-1.625506997,-1.628283501,-1.631816864,-1.634232163,-1.636343479,-1.641299129,-1.642691612,-1.645745873,-1.648087144,-1.651386499,-1.65016818,-1.654557347,-1.658380032,-1.661577106,-1.660603046,-1.662827492,-1.665545583,-1.665379524,-1.666687965,-1.665959001,-1.668585539,-1.669252992,-1.669707775,-1.672278762,-1.671293855,-1.672698855,-1.671491861,-1.671325922,-1.668730855,-1.670034409,-1.668460011,-1.666918278,-1.665663838,-1.666786909,-1.666489482,-1.660931468,-1.663431764,-1.661613822,-1.660059333,-1.658319831,-1.65729785,-1.658283114,-1.656656861,-1.658802152,-1.657079101,-1.657325029,-1.65966928,-1.660346985,-1.657489538,-1.657924771,-1.650541186,-1.647498131,-1.637368441,-1.628762841,-1.608180165,-1.60581243,-1.597008705,-1.591079235,-1.585976958,-1.583316565,-1.581289887,-1.578878045,-1.579847693,-1.580644011,-1.583955884,-1.587123156,-1.585549116,-1.589275479,-1.591836095,-1.598919272,-1.59918344,-1.600599885,-1.603958607,-1.605662823,-1.609023213,-1.613882422,-1.617412925,-1.620802879,-1.630033374,-1.629999757,-1.632842064,-1.642737031,-1.646964073,-1.651394367,-1.663705945,5.05
64,-1.784393191,-1.790998578,-1.765988827,-1.7840873,-1.77357471,-1.768305779,-1.761144757,-1.76303196,-1.754600406,-1.756083965,-1.757376432,-1.748780847,-1.762055874,-1.754023671,-1.751812935,-1.760354161,-1.757235169,-1.756641388,-1.759739161,-1.756972075,-1.766066432,-1.766104817,-1.764671206,-1.762783527,-1.767029524,-1.763136148,-1.765138984,-1.763286352,-1.760677576,-1.757075667,-1.756675005,-1.756846428,-1.753959656,-1.745740891,-1.740477324,-1.731895089,-1.725383162,-1.719607949,-1.715330243,-1.718086243,-1.716671586,-1.718566179,-1.716492057,-1.718441963,-1.713831067,-1.718439102,-1.718006015,-1.718543768,-1.721959591,-1.718673587,-1.721477151,-1.720526218,-1.722598791,-1.721143365,-1.722301126,-1.723019361,-1.717422366,-1.719937444,-1.714350343,-1.712988257,-1.70931685,-1.704473257,-1.701409936,-1.695781231,-1.692058206,-1.689918756,-1.686058044,-1.685463309,-1.681398034,-1.672929406,-1.666445494,-1.656210184,-1.647426009,-1.639436007,-1.631766677,-1.626784086,-1.626983285,-1.620777607,-1.621390581,-1.621729732,-1.61789465,-1.62180686,-1.62068212,-1.620849252,-1.621547103,-1.627630591,-1.626829624,-1.62814796,-1.630011439,-1.633641601,-1.636592031,-1.637476325,-1.638003111,-1.641476512,-1.644318461,-1.646858454,-1.649273396,-1.649878263,-1.654455543,-1.651688218,-1.656210065,-1.656716704,-1.661928773,-1.658102632,-1.658014417,-1.662661076,-1.660602331,-1.662759304,-1.664587498,-1.664268017,-1.664710045,-1.666592598,-1.669164538,-1.66753304,-1.667519569,-1.669128656,-1.667523146,-1.667920589,-1.667002439,-1.667639017,-1.667000175,-1.663991928,-1.665907741,-1.661583066,-1.662405968,-1.661805749,-1.661733627,-1.658825874,-1.660945892,-1.657539248,-1.657960773,-1.660475612,-1.661566138,-1.660887122,-1.661665797,-1.660969615,-1.661670446,-1.658463955,-1.661361217,-1.656168938,-1.652702928,-1.646850109,-1.638669372,-1.644317627,-1.624034882,-1.61762321,-1.609846473,-1.606458783,-1.606949687,-1.601599813,-1.600991249,-1.60005331,-1.604673147,-1.602752209,-1.609895945,-1.608074188,-1.611359239,-1.611961484,-1.615003347,-1.617722988,-1.621544838,-1.622364521,-1.62401104,-1.627398372,-1.628908515,-1.630890608,-1.635755181,-1.639128447,-1.63898468,-1.650545597,-1.65542376,-1.659798622,-1.668482184,-1.676979184,4.85
65,-1.87699151,-1.880598903,-1.861953378,-1.875669241,-1.863496423,-1.86303401,-1.85532999,-1.855306864,-1.851235151,-1.85097754,-1.856048822,-1.84945631,-1.854797125,-1.84914887,-1.849938989,-1.861987352,-1.850340843,-1.850345373,-1.853111148,-1.854101062,-1.86029613,-1.858065486,-1.857956886,-1.855368853,-1.858742595,-1.858359337,-1.856349826,-1.856319308,-1.854656577,-1.852190733,-1.850633025,-1.851072431,-1.848113894,-1.842634678,-1.837852001,-1.830552101,-1.823389649,-1.819483161,-1.814252973,-1.818112254,-1.816573739,-1.817274809,-1.816751719,-1.817372084,-1.81373775,-1.818276286,-1.817755818,-1.818577528,-1.819895744,-1.817780495,-1.820798516,-1.821179271,-1.821777105,-1.820519686,-1.820461035,-1.821311235,-1.817137122,-1.819606781,-1.819522142,-1.813227057,-1.810729742,-1.806060195,-1.804555178,-1.798986912,-1.794544101,-1.793688774,-1.790761113,-1.788546085,-1.786060929,-1.779348254,-1.772670627,-1.762214303,-1.754770994,-1.748000026,-1.740409613,-1.736786008,-1.737199903,-1.73235929,-1.73127234,-1.73036921,-1.728559494,-1.731295228,-1.730146527,-1.731951356,-1.731412888,-1.734986424,-1.735426664,-1.736552954,-1.738823175,-1.741575599,-1.74424243,-1.745752692,-1.74625361,-1.747567654,-1.750391483,-1.752381206,-1.755410314,-1.755420446,-1.759643435,-1.757889628,-1.762538433,-1.763014078,-1.765330195,-1.763793945,-1.764026999,-1.767035961,-1.765254617,-1.768052459,-1.768699527,-1.768293381,-1.768641353,-1.770546794,-1.772811413,-1.770458341,-1.771179557,-1.771233082,-1.770755291,-1.771552086,-1.770804882,-1.770366311,-1.769845247,-1.767044783,-1.768634081,-1.766109824,-1.76595819,-1.76529479,-1.764971614,-1.761824608,-1.763632655,-1.759197354,-1.761767387,-1.763670683,-1.764456868,-1.764327288,-1.76397872,-1.763581157,-1.765728474,-1.763686776,-1.765213251,-1.761912823,-1.757815242,-1.75031805,-1.745595813,-1.745174408,-1.732333064,-1.726001978,-1.721398354,-1.721097827,-1.719354749,-1.714691997,-1.715753794,-1.713677764,-1.718834281,-1.716675282,-1.721460581,-1.720107317,-1.723707318,-1.723852515,-1.72699666,-1.728460908,-1.732226968,-1.732136607,-1.73329103,-1.737776279,-1.737164736,-1.738480568,-1.739633083,-1.742935777,-1.746496081,-1.754568934,-1.757030129,-1.763130069,-1.76857245,-1.774836302,4.8
66,-1.846208215,-1.859323859,-1.853093505,-1.845758677,-1.840923071,-1.844677925,-1.84011662,-1.838446736,-1.834697247,-1.832105994,-1.828559637,-1.829439402,-1.828793526,-1.828832269,-1.835050583,-1.836708665,-1.834843278,-1.838927507,-1.835976005,-1.8406322,-1.841580272,-1.844850779,-1.843274474,-1.84676671,-1.848471403,-1.843557119,-1.846745491,-1.844024539,-1.843201876,-1.840698838,-1.839846134,-1.83827889,-1.837409377,-1.833135843,-1.826178908,-1.817294955,-1.810904503,-1.805410385,-1.8041116,-1.804087877,-1.801910758,-1.803733587,-1.802063465,-1.80273819,-1.802226067,-1.802533269,-1.804477692,-1.803340912,-1.805833936,-1.807538033,-1.807551384,-1.806641698,-1.80630815,-1.806781769,-1.80719161,-1.808773875,-1.807078719,-1.806346416,-1.802965522,-1.800960898,-1.797047377,-1.791156411,-1.78760612,-1.785440326,-1.783118248,-1.779714704,-1.775004268,-1.772586226,-1.766452789,-1.760975957,-1.753851414,-1.744076133,-1.736320138,-1.727428555,-1.720757484,-1.71744895,-1.713686228,-1.712459803,-1.710442901,-1.709530234,-1.710019946,-1.711146116,-1.710570097,-1.711333513,-1.713532448,-1.715973377,-1.71723175,-1.720323086,-1.720501184,-1.722688556,-1.726312518,-1.727730632,-1.730187774,-1.731984377,-1.735118389,-1.735151172,-1.738299251,-1.738696098,-1.742647409,-1.741096854,-1.744589448,-1.744012713,-1.747240782,-1.747354507,-1.74902451,-1.750721812,-1.751950264,-1.7529006,-1.751964927,-1.754094243,-1.753277421,-1.754455686,-1.756587386,-1.755039334,-1.755611777,-1.756200552,-1.756027937,-1.753759742,-1.752643347,-1.754070163,-1.752735972,-1.751417279,-1.750388145,-1.750257015,-1.74787569,-1.747415781,-1.745786071,-1.744351268,-1.745656729,-1.745799184,-1.744282842,-1.743852258,-1.744025469,-1.74503386,-1.744540215,-1.744070888,-1.744603038,-1.743486643,-1.744190574,-1.740297794,-1.736989021,-1.730221748,-1.724338293,-1.718461275,-1.706755161,-1.700753689,-1.693593144,-1.690452814,-1.690160036,-1.687662005,-1.687123299,-1.687315941,-1.690548182,-1.692528725,-1.693596244,-1.695411205,-1.695441246,-1.699173689,-1.698267102,-1.701412439,-1.703270555,-1.706218719,-1.708060622,-1.710033536,-1.714712739,-1.715451121,-1.718101501,-1.721068025,-1.724149704,-1.727930784,-1.735125542,-1.736593246,-1.745453835,-1.750936747,4.9
67,-1.79133451,-1.779640794,-1.772442102,-1.760989308,-1.776081204,-1.783307076,-1.774123192,-1.76938653,-1.765256286,-1.756720901,-1.760780096,-1.764557958,-1.770105004,-1.762912512,-1.76559484,-1.758225679,-1.775657177,-1.768772483,-1.775886774,-1.777336359,-1.777172804,-1.779745221,-1.780012012,-1.783507228,-1.785180569,-1.78034842,-1.779494524,-1.780919433,-1.780332804,-1.7739048,-1.77348578,-1.773932219,-1.770277262,-1.768678784,-1.760399103,-1.753318071,-1.741942406,-1.739540935,-1.733780503,-1.733422279,-1.736300468,-1.733679891,-1.734930634,-1.732526422,-1.734191656,-1.734577894,-1.736308098,-1.736533046,-1.736782551,-1.738945723,-1.741710186,-1.738965988,-1.741679668,-1.740635872,-1.738857269,-1.73890841,-1.736702442,-1.738129854,-1.733861685,-1.734371543,-1.727488399,-1.72298491,-1.718767166,-1.714973807,-1.709762454,-1.706107855,-1.702571869,-1.70115912,-1.696579218,-1.690813422,-1.683460832,-1.672539115,-1.664553165,-1.656092763,-1.647288203,-1.645169854,-1.642009377,-1.639986277,-1.638183713,-1.638019323,-1.636848211,-1.637910485,-1.637858629,-1.639243364,-1.641195536,-1.643085599,-1.644711852,-1.646304607,-1.648773432,-1.653223276,-1.65356946,-1.656194568,-1.656895638,-1.660770893,-1.662089705,-1.6667943,-1.668625116,-1.670930028,-1.672565699,-1.671286345,-1.672724962,-1.673071384,-1.676780462,-1.677520514,-1.677976727,-1.680543423,-1.678370953,-1.681827545,-1.681790233,-1.684329152,-1.684576273,-1.686563849,-1.685746074,-1.68534565,-1.687105417,-1.685594201,-1.682703972,-1.684307933,-1.683568716,-1.6823107,-1.684843779,-1.681970477,-1.681095362,-1.681899667,-1.678751945,-1.678197622,-1.677902699,-1.673020005,-1.677666664,-1.675245404,-1.676970482,-1.675289392,-1.676567793,-1.677014351,-1.677237749,-1.679029465,-1.681483388,-1.678855181,-1.677307606,-1.672048569,-1.67005372,-1.665752769,-1.660024524,-1.655052304,-1.642432451,-1.638667583,-1.62820065,-1.627327442,-1.626795769,-1.622386575,-1.624889016,-1.625334978,-1.62515378,-1.625589967,-1.625842571,-1.629062772,-1.632427216,-1.630823135,-1.6352458,-1.63730967,-1.641016245,-1.640273571,-1.642986655,-1.648533225,-1.645612001,-1.650978327,-1.651293874,-1.654453278,-1.660072684,-1.665136099,-1.671003461,-1.673082471,-1.680110812,-1.690228581,4.4
68,-1.818603277,-1.837514877,-1.823837042,-1.821064115,-1.812316656,-1.817682981,-1.814967752,-1.811799169,-1.803811193,-1.803011656,-1.801368952,-1.803506017,-1.801762581,-1.803033948,-1.808216572,-1.807661057,-1.809357405,-1.812973142,-1.810434461,-1.816369891,-1.813857675,-1.81953764,-1.818013549,-1.821319103,-1.822589278,-1.818140626,-1.822417259,-1.818078399,-1.816084027,-1.814814806,-1.812665224,-1.811336279,-1.809329629,-1.804662704,-1.79696703,-1.789612651,-1.779440522,-1.774043202,-1.772602558,-1.772698402,-1.769164801,-1.772596717,-1.769828677,-1.769426823,-1.770574331,-1.769949198,-1.773185611,-1.771976471,-1.773368239,-1.776698709,-1.775096655,-1.775614738,-1.775537729,-1.776580334,-1.776189566,-1.777562737,-1.775987625,-1.774875402,-1.770540118,-1.76829648,-1.763950109,-1.757605553,-1.754019022,-1.750185609,-1.749311805,-1.743855715,-1.737962842,-1.735800028,-1.728345394,-1.723319411,-1.71487987,-1.704567671,-1.695451498,-1.685881138,-1.679002285,-1.675562739,-1.671018124,-1.670248032,-1.668203354,-1.667188644,-1.666961789,-1.668188095,-1.668145418,-1.669756413,-1.671671033,-1.673832655,-1.675947428,-1.678619862,-1.679789186,-1.680951595,-1.685351491,-1.687028289,-1.689404726,-1.69163394,-1.693742871,-1.695097208,-1.698740125,-1.698383093,-1.70295763,-1.701523185,-1.705011249,-1.706061244,-1.708752155,-1.707723141,-1.711368084,-1.712864757,-1.713817477,-1.714041829,-1.71375668,-1.715742707,-1.715649247,-1.716014743,-1.717712641,-1.716284394,-1.717274308,-1.717439055,-1.718471408,-1.717424154,-1.715257645,-1.717121482,-1.714975238,-1.713394523,-1.71249938,-1.71059072,-1.708153605,-1.709982991,-1.707971454,-1.706747532,-1.707329154,-1.707722783,-1.705676317,-1.705147266,-1.70575726,-1.705245256,-1.706282139,-1.704656363,-1.706925869,-1.704425216,-1.704080224,-1.699771166,-1.698865294,-1.691289425,-1.684306383,-1.6832304,-1.665998816,-1.660855412,-1.653380394,-1.64811635,-1.650649667,-1.647305965,-1.645860195,-1.647676587,-1.650050402,-1.651849389,-1.65290606,-1.655342579,-1.655122876,-1.659122705,-1.65774703,-1.661308289,-1.662603259,-1.666956067,-1.667024136,-1.669870496,-1.673855662,-1.67682302,-1.678602934,-1.683713078,-1.685990691,-1.689773917,-1.697622657,-1.699104309,-1.706412554,-1.715428829,4.9
69,-1.770047069,-1.781951785,-1.776339293,-1.765386581,-1.773817301,-1.75738728,-1.764632821,-1.762337327,-1.754516006,-1.750463724,-1.744299412,-1.743271351,-1.754406214,-1.747450352,-1.746355295,-1.751225233,-1.756524563,-1.756014943,-1.760591269,-1.760595918,-1.762475729,-1.761264086,-1.764689565,-1.763975859,-1.76377368,-1.764314771,-1.762349129,-1.761724949,-1.761502266,-1.757390976,-1.75729692,-1.756871343,-1.754294157,-1.74595654,-1.737814069,-1.727775097,-1.719289303,-1.712244511,-1.710380912,-1.71040535,-1.70632267,-1.709844232,-1.706092715,-1.709180355,-1.706263423,-1.710414648,-1.712454319,-1.711455345,-1.711999536,-1.713015079,-1.713676333,-1.714817643,-1.715467572,-1.712971807,-1.716805696,-1.714594126,-1.713670135,-1.711532474,-1.707342386,-1.70238018,-1.699028015,-1.695893764,-1.687444806,-1.682175398,-1.67789185,-1.671196699,-1.668230057,-1.664726615,-1.656491756,-1.651991367,-1.639552832,-1.62663269,-1.611425042,-1.599614501,-1.591945529,-1.588095307,-1.581413388,-1.578986168,-1.578950286,-1.577713847,-1.578617692,-1.577884436,-1.580312848,-1.57912302,-1.57992506,-1.586700916,-1.584615111,-1.590973735,-1.591720104,-1.597062826,-1.59948945,-1.601130009,-1.606349707,-1.607986689,-1.612539887,-1.615625143,-1.615851045,-1.617712498,-1.622843862,-1.620507598,-1.624218106,-1.629230976,-1.632417917,-1.631598592,-1.633783579,-1.633394003,-1.635526299,-1.637993455,-1.638009191,-1.638511181,-1.63962543,-1.638952136,-1.641786218,-1.642221689,-1.642266393,-1.643432021,-1.641388059,-1.639326453,-1.640527248,-1.638053417,-1.637508512,-1.634874582,-1.634376287,-1.634572387,-1.632337093,-1.633901,-1.629565716,-1.626797557,-1.62901032,-1.628947377,-1.628483295,-1.627343655,-1.629456878,-1.628662467,-1.629260302,-1.628621697,-1.631173611,-1.628959179,-1.627971411,-1.621979713,-1.618364096,-1.613942623,-1.599150658,-1.580078959,-1.581899524,-1.572566867,-1.569180965,-1.561802864,-1.560294867,-1.554249406,-1.553587437,-1.558387041,-1.558898807,-1.558254123,-1.564298153,-1.566208124,-1.565670729,-1.565815687,-1.571879029,-1.571659565,-1.577255726,-1.580599785,-1.583862662,-1.584180474,-1.587837577,-1.592514873,-1.589382052,-1.598732591,-1.603067756,-1.609874845,-1.616338611,-1.624358773,-1.634456515,-1.643383145,4.55
70,-1.833794355,-1.836787701,-1.821797132,-1.833145857,-1.822624803,-1.818930149,-1.810287952,-1.813566566,-1.805159807,-1.803264856,-1.806308627,-1.800388694,-1.807895422,-1.801567435,-1.803011298,-1.817273617,-1.805224657,-1.801092386,-1.808143139,-1.80581069,-1.814558029,-1.812433004,-1.813677669,-1.809955597,-1.814443111,-1.810382724,-1.808454275,-1.810820699,-1.806971312,-1.804437399,-1.803204536,-1.803692341,-1.799852729,-1.793234706,-1.784938812,-1.777091742,-1.770079374,-1.762664914,-1.758708239,-1.760827541,-1.760271192,-1.760640621,-1.759159565,-1.760597944,-1.756589293,-1.761597872,-1.761560678,-1.761352181,-1.764863968,-1.761269093,-1.764507532,-1.763989449,-1.766027451,-1.764409184,-1.763415456,-1.765437245,-1.759105682,-1.763681293,-1.758990049,-1.755540967,-1.751860857,-1.747040391,-1.74450767,-1.736939788,-1.733158469,-1.731767058,-1.726916909,-1.726138353,-1.721715808,-1.712700725,-1.70494318,-1.692691922,-1.683468699,-1.6751436,-1.667157054,-1.660826564,-1.660842061,-1.655904889,-1.654707789,-1.655406117,-1.652468681,-1.655638218,-1.654539108,-1.655753255,-1.65594089,-1.661248326,-1.662029266,-1.663309455,-1.66535604,-1.66894722,-1.673250318,-1.674422264,-1.674699664,-1.678168654,-1.681145668,-1.683992863,-1.686274409,-1.687411308,-1.692328572,-1.690743089,-1.695407152,-1.696071029,-1.699537277,-1.698362708,-1.698007107,-1.701743484,-1.700481892,-1.703185797,-1.704082251,-1.704270482,-1.704695344,-1.70574832,-1.709180593,-1.708147287,-1.708304167,-1.707489967,-1.706745386,-1.708324552,-1.707627773,-1.707172036,-1.706000924,-1.70415473,-1.704791903,-1.700898528,-1.701106906,-1.699974418,-1.699215055,-1.696129322,-1.698214054,-1.692285299,-1.69551599,-1.698334098,-1.699989915,-1.698965788,-1.699516296,-1.697659254,-1.700333953,-1.697026014,-1.69874382,-1.69321239,-1.689085126,-1.682503104,-1.675577879,-1.675474644,-1.657518506,-1.647281408,-1.640212178,-1.638722062,-1.636826515,-1.631309032,-1.631027102,-1.631999969,-1.636074781,-1.635023952,-1.640299797,-1.639220238,-1.643577456,-1.644289374,-1.647313714,-1.650519967,-1.653902888,-1.654864907,-1.656513929,-1.661663413,-1.663230538,-1.663706422,-1.666117668,-1.671117187,-1.673306108,-1.685613513,-1.689962745,-1.698971868,-1.705628037,-1.712570429,4.4
71,-1.870281935,-1.890267849,-1.873430014,-1.870250463,-1.868534446,-1.869117498,-1.868211985,-1.864461899,-1.859826088,-1.855924129,-1.85705328,-1.85922122,-1.856871605,-1.857226014,-1.862430811,-1.861819506,-1.861178398,-1.86389792,-1.86335218,-1.867521405,-1.864600539,-1.871005416,-1.868869543,-1.874016881,-1.873247027,-1.868904471,-1.870136499,-1.869773984,-1.867770076,-1.868127346,-1.864535809,-1.862530828,-1.862828851,-1.858895302,-1.851633549,-1.846030235,-1.83866632,-1.831915259,-1.831785202,-1.830864549,-1.829753041,-1.831009388,-1.8298527,-1.829562426,-1.830087423,-1.830766082,-1.832787275,-1.831377506,-1.832175851,-1.835707307,-1.833848476,-1.834657192,-1.833890438,-1.836008787,-1.834570646,-1.836358547,-1.835795283,-1.835291505,-1.831224084,-1.828271389,-1.826586127,-1.820625186,-1.817428589,-1.815034032,-1.812630415,-1.810442209,-1.805632472,-1.803951621,-1.797242999,-1.793137312,-1.785827756,-1.77720511,-1.76850462,-1.759526014,-1.754261732,-1.751347065,-1.749220848,-1.746741056,-1.745025039,-1.744181156,-1.744531035,-1.745389104,-1.744334936,-1.746243954,-1.748885036,-1.749834418,-1.752386808,-1.753028989,-1.755584359,-1.757951498,-1.761245251,-1.762941718,-1.765169144,-1.767104745,-1.768620372,-1.769153833,-1.77256906,-1.773558974,-1.776227593,-1.775721073,-1.779182792,-1.779718876,-1.78209269,-1.781816006,-1.7848984,-1.7851547,-1.787324429,-1.786974907,-1.786655664,-1.788951516,-1.788520575,-1.788504243,-1.790838361,-1.788873076,-1.790876627,-1.790374875,-1.79125905,-1.790999055,-1.789535522,-1.790673494,-1.787574649,-1.788696051,-1.786407113,-1.784523964,-1.782708168,-1.784780383,-1.78284502,-1.782578349,-1.781804323,-1.782797694,-1.780966878,-1.780235291,-1.780225277,-1.781198025,-1.779906154,-1.779187918,-1.780922413,-1.778860807,-1.780833244,-1.775784731,-1.773148537,-1.766413569,-1.762239456,-1.761335969,-1.74642241,-1.739142179,-1.733492494,-1.728519797,-1.729030728,-1.726572514,-1.726276755,-1.72810483,-1.730857849,-1.733013988,-1.733757377,-1.73562479,-1.734511495,-1.73774147,-1.737458467,-1.73994565,-1.742572665,-1.746728539,-1.747442365,-1.749955058,-1.752645016,-1.755168438,-1.757163763,-1.76001811,-1.764543772,-1.766572475,-1.773080587,-1.772010684,-1.780253291,-1.788409233,4.65
72,-1.837264061,-1.846232891,-1.828526378,-1.830190063,-1.836149454,-1.845923781,-1.82063663,-1.82626605,-1.819651604,-1.823089957,-1.816256404,-1.812714219,-1.815714002,-1.820349455,-1.823590398,-1.822592258,-1.815713167,-1.821813107,-1.826082468,-1.827683091,-1.827855706,-1.830955029,-1.829646945,-1.83003819,-1.832294941,-1.825963378,-1.831498742,-1.826382399,-1.830209851,-1.824285388,-1.823991537,-1.822328568,-1.817959905,-1.814772367,-1.809963346,-1.797123432,-1.795520425,-1.791195154,-1.785629272,-1.788559437,-1.789371967,-1.784224749,-1.78397572,-1.785585046,-1.786468863,-1.785938859,-1.786443591,-1.786607742,-1.78664422,-1.78866899,-1.790408254,-1.790107489,-1.791355014,-1.790709019,-1.78990221,-1.788845181,-1.787766218,-1.787549734,-1.7849195,-1.778888822,-1.777906179,-1.775014758,-1.771216273,-1.766089201,-1.76169765,-1.75954926,-1.756249905,-1.753565192,-1.752313375,-1.744047046,-1.738179803,-1.725086331,-1.718310833,-1.709226251,-1.70402956,-1.697970867,-1.696755648,-1.694086313,-1.692271829,-1.692403436,-1.692896605,-1.69147718,-1.69442904,-1.694832921,-1.69650507,-1.700234771,-1.701499224,-1.700578451,-1.70463717,-1.705376148,-1.710197687,-1.710139036,-1.710865259,-1.714534998,-1.717947483,-1.718842745,-1.721183658,-1.722041488,-1.726101518,-1.723093867,-1.727081418,-1.728907704,-1.729936838,-1.729083776,-1.732502341,-1.733222842,-1.733997583,-1.736838102,-1.737201214,-1.736931205,-1.739101648,-1.738509059,-1.739891648,-1.74083817,-1.739183784,-1.738434076,-1.740916252,-1.738532424,-1.736301303,-1.738895059,-1.738009572,-1.735135198,-1.736354709,-1.735944629,-1.73291266,-1.733878374,-1.732646704,-1.730523825,-1.731139302,-1.730531216,-1.731521726,-1.731895924,-1.730771065,-1.731485367,-1.732296586,-1.732901812,-1.73138988,-1.730393529,-1.729358435,-1.725857973,-1.725270867,-1.717736721,-1.712628484,-1.695785046,-1.693974018,-1.688355207,-1.683092475,-1.676454425,-1.677431107,-1.674726486,-1.675045133,-1.67435658,-1.675649762,-1.676565647,-1.680169702,-1.678542852,-1.68657732,-1.686802149,-1.689937949,-1.689054251,-1.692417979,-1.693901777,-1.695783615,-1.699712157,-1.700678945,-1.701944351,-1.705581188,-1.708654642,-1.71214366,-1.717056394,-1.723385334,-1.727085471,-1.734899044,-1.74063313,4.55
73,-1.803439856,-1.818081498,-1.80674541,-1.808242559,-1.812486291,-1.80197227,-1.803986311,-1.787016392,-1.792551875,-1.794454813,-1.788771868,-1.791739464,-1.791472912,-1.794710517,-1.799566984,-1.795030355,-1.79472518,-1.799819708,-1.803640008,-1.805810213,-1.804244876,-1.803140521,-1.80809319,-1.80773747,-1.808327079,-1.806368351,-1.801846266,-1.808143258,-1.80613327,-1.802960396,-1.802258611,-1.797549605,-1.797303438,-1.790762782,-1.786344647,-1.776515126,-1.769791245,-1.768604636,-1.764139891,-1.763509512,-1.763395548,-1.763602138,-1.764734387,-1.762658,-1.762595296,-1.76305902,-1.762615919,-1.76645577,-1.765129447,-1.768812418,-1.768518925,-1.767907619,-1.768286228,-1.767380595,-1.76764369,-1.766953707,-1.766079664,-1.76556015,-1.75975132,-1.75915134,-1.75496614,-1.753916502,-1.749029636,-1.742874503,-1.741369247,-1.737279058,-1.734722972,-1.732911706,-1.728589654,-1.721122265,-1.717422366,-1.707939982,-1.699154973,-1.688771486,-1.685567856,-1.681005239,-1.679699421,-1.678236127,-1.676661849,-1.673648357,-1.673228741,-1.675624371,-1.67538774,-1.677545786,-1.677314997,-1.680021644,-1.680155873,-1.684164643,-1.685017228,-1.687734008,-1.689767838,-1.693353772,-1.693950772,-1.696031451,-1.69828403,-1.698646426,-1.700886369,-1.703601241,-1.706452727,-1.703180552,-1.707809925,-1.708623052,-1.710720658,-1.71147275,-1.713282943,-1.713373184,-1.715353489,-1.716644287,-1.715240955,-1.715819597,-1.71677351,-1.716210723,-1.718066096,-1.719949126,-1.719098568,-1.717388749,-1.717550516,-1.716661572,-1.718570113,-1.719491005,-1.716608047,-1.716062665,-1.716422915,-1.715877414,-1.71472466,-1.71217072,-1.712949038,-1.710394859,-1.71072638,-1.709634185,-1.710542679,-1.710223794,-1.712251782,-1.709512472,-1.712536216,-1.711857796,-1.712238312,-1.712390304,-1.709519982,-1.705460548,-1.705913663,-1.700384855,-1.694848895,-1.699011922,-1.680252314,-1.672717333,-1.665712714,-1.662095428,-1.66184032,-1.658988833,-1.658615708,-1.659790874,-1.660768628,-1.661630034,-1.663517952,-1.663960695,-1.666077614,-1.671847463,-1.66934824,-1.671544313,-1.674871922,-1.675605536,-1.679483891,-1.683722138,-1.685878038,-1.689416647,-1.687629342,-1.695910573,-1.697143912,-1.701222658,-1.704570413,-1.714785457,-1.714097142,-1.723017931,4.6
74,-1.753749728,-1.747151732,-1.7374686,-1.719781518,-1.737608671,-1.749832988,-1.736575007,-1.729231238,-1.72242105,-1.716520429,-1.718723655,-1.720696807,-1.729515433,-1.720717907,-1.726351619,-1.718308449,-1.731115818,-1.725000739,-1.729903817,-1.73194468,-1.73669672,-1.735258341,-1.735026598,-1.73703301,-1.737686038,-1.735371113,-1.735360146,-1.736213923,-1.73231101,-1.727922797,-1.727891564,-1.727819562,-1.724934697,-1.721656203,-1.713913798,-1.70790267,-1.696604729,-1.69382298,-1.690091372,-1.689180136,-1.69070518,-1.688310981,-1.690401196,-1.689472556,-1.688208699,-1.690239906,-1.692715883,-1.691857696,-1.690744996,-1.692680478,-1.695083141,-1.693205833,-1.695053935,-1.694033623,-1.693186283,-1.692353845,-1.690909028,-1.691509962,-1.688234687,-1.685321093,-1.680104256,-1.67729187,-1.672577024,-1.668200374,-1.66277349,-1.659777761,-1.656863093,-1.654913306,-1.649894595,-1.645311475,-1.638316035,-1.626078963,-1.617895484,-1.606574416,-1.602629066,-1.597278476,-1.597583413,-1.596404672,-1.591718793,-1.592696905,-1.591185808,-1.593774915,-1.592349291,-1.594214559,-1.59691,-1.597203016,-1.599762082,-1.602065325,-1.605220675,-1.607359529,-1.610621333,-1.610754132,-1.612770677,-1.616205454,-1.617284894,-1.621525884,-1.625016332,-1.62587595,-1.628207564,-1.626026511,-1.628853798,-1.628310204,-1.632508874,-1.633367777,-1.635181665,-1.637256384,-1.634688616,-1.637688041,-1.636931062,-1.639786482,-1.63979888,-1.642009735,-1.641306758,-1.641720772,-1.642849207,-1.641865253,-1.639964461,-1.641139984,-1.639206886,-1.639002562,-1.641175508,-1.637313604,-1.637543201,-1.637365341,-1.633558273,-1.636275768,-1.636148214,-1.631065607,-1.633346319,-1.632135868,-1.633247972,-1.632345438,-1.633473158,-1.634702682,-1.634625554,-1.636166096,-1.637462378,-1.635405064,-1.634216547,-1.629221082,-1.628003955,-1.621592045,-1.616877317,-1.609452128,-1.600015283,-1.597378731,-1.588038921,-1.583341479,-1.584985852,-1.579494119,-1.582154632,-1.583436012,-1.58379817,-1.583635807,-1.584199429,-1.587694526,-1.59061265,-1.591616511,-1.593042612,-1.593998075,-1.598405361,-1.59954536,-1.603696823,-1.608474016,-1.606482387,-1.608017325,-1.610800266,-1.616233468,-1.619949698,-1.626040816,-1.629433513,-1.635389209,-1.640495777,-1.649434686,3.6500000000000004
75,-1.752125382,-1.768938541,-1.748842597,-1.754167795,-1.754921079,-1.77563107,-1.748341322,-1.747476339,-1.744312167,-1.746461272,-1.737959743,-1.736301541,-1.738417387,-1.745761871,-1.747331977,-1.745019197,-1.743339181,-1.742630124,-1.750832558,-1.750287771,-1.74934566,-1.754941821,-1.75406301,-1.751498103,-1.75693512,-1.749664903,-1.754815936,-1.750261188,-1.755207658,-1.74771297,-1.748069763,-1.747741461,-1.743710518,-1.738381147,-1.736970544,-1.725387335,-1.722278595,-1.717803478,-1.71105814,-1.714832544,-1.715855837,-1.710181713,-1.710990906,-1.711977243,-1.712256789,-1.712913036,-1.7137537,-1.714846492,-1.712611914,-1.716747046,-1.71716094,-1.716996789,-1.717942238,-1.717130423,-1.716514945,-1.714125752,-1.713541269,-1.714127302,-1.711510062,-1.70672524,-1.703556538,-1.702286005,-1.698064208,-1.694385409,-1.68923676,-1.687507749,-1.685121059,-1.683995843,-1.681335807,-1.672508717,-1.66867733,-1.656948686,-1.652036786,-1.644640803,-1.641018629,-1.635931849,-1.635429263,-1.633767128,-1.63198328,-1.631468177,-1.63188529,-1.630697131,-1.633006215,-1.633999228,-1.633298874,-1.637747288,-1.638190985,-1.636627078,-1.641672611,-1.642143965,-1.645370245,-1.644787192,-1.644263864,-1.648120046,-1.651884794,-1.652375817,-1.654241323,-1.65461123,-1.658841848,-1.654882908,-1.659145832,-1.661441803,-1.662615061,-1.661543727,-1.663430929,-1.664569139,-1.667167068,-1.669444084,-1.668582559,-1.6674335,-1.670972228,-1.668830991,-1.67190659,-1.672397971,-1.671190977,-1.670175552,-1.674030185,-1.672340393,-1.669155836,-1.672113061,-1.670431018,-1.667654157,-1.66975069,-1.670216322,-1.666362286,-1.667681932,-1.66627419,-1.663927317,-1.66529727,-1.663832664,-1.666212916,-1.664954185,-1.665002584,-1.666983724,-1.666630507,-1.666816115,-1.665825844,-1.665065765,-1.664393902,-1.660344005,-1.662370324,-1.655969977,-1.651732087,-1.635842323,-1.636646509,-1.632891774,-1.630862832,-1.624701738,-1.627305269,-1.624175906,-1.625298381,-1.62565732,-1.62380898,-1.626146436,-1.62915194,-1.626528263,-1.63468945,-1.63570559,-1.63586092,-1.636556745,-1.637751698,-1.641442895,-1.641404033,-1.645321727,-1.646776199,-1.644447327,-1.650919318,-1.651750565,-1.655044675,-1.65919292,-1.663678408,-1.66721034,-1.673117757,-1.677757502,3.8
76,-1.854923368,-1.851448655,-1.840781212,-1.853172302,-1.841255784,-1.836684942,-1.835590363,-1.840221882,-1.824987292,-1.828047752,-1.831400871,-1.826077223,-1.832208991,-1.826962948,-1.829157352,-1.830232739,-1.831800818,-1.831989527,-1.834163189,-1.834863424,-1.83943975,-1.839724422,-1.840110898,-1.836389899,-1.841319084,-1.837699652,-1.838475466,-1.837701678,-1.837080836,-1.832461476,-1.832047343,-1.832286358,-1.829374313,-1.821683288,-1.817366481,-1.80863452,-1.803887486,-1.797600508,-1.795620322,-1.796752572,-1.795433283,-1.794714212,-1.794605136,-1.796022177,-1.792413235,-1.796384811,-1.796618223,-1.796515107,-1.797211528,-1.796815634,-1.799770355,-1.79914701,-1.800672531,-1.799006701,-1.799364209,-1.800124645,-1.795963883,-1.797571182,-1.793402314,-1.79286325,-1.787643194,-1.78342998,-1.780248046,-1.775403142,-1.770315528,-1.768704057,-1.765580416,-1.762741089,-1.759400368,-1.750471592,-1.745251179,-1.733262539,-1.724779248,-1.716204524,-1.708194971,-1.703231096,-1.704236031,-1.698813796,-1.697433233,-1.698165655,-1.695335507,-1.698754072,-1.69752872,-1.698271036,-1.698868513,-1.704686284,-1.7044909,-1.705728412,-1.70687449,-1.711505651,-1.714780211,-1.716312647,-1.716292381,-1.719300628,-1.722413778,-1.724213004,-1.727068782,-1.728701353,-1.732587814,-1.731581688,-1.734939218,-1.736260891,-1.739657164,-1.73725605,-1.737954974,-1.741344571,-1.73963964,-1.741889477,-1.743771315,-1.74379921,-1.744201303,-1.744914293,-1.748299003,-1.747205019,-1.746455908,-1.747381449,-1.74665761,-1.747002125,-1.747161388,-1.746852756,-1.745899439,-1.742781281,-1.744349718,-1.740163565,-1.739497304,-1.739056945,-1.738943934,-1.736112118,-1.737320185,-1.735226989,-1.734855652,-1.736425996,-1.738606095,-1.737901092,-1.737862349,-1.738645434,-1.739146948,-1.735134125,-1.737262845,-1.732752681,-1.729756474,-1.72382462,-1.717001081,-1.716988802,-1.700000405,-1.692891479,-1.685310602,-1.683621407,-1.681877732,-1.678685784,-1.676939964,-1.676168084,-1.680015087,-1.678524971,-1.685667157,-1.684508085,-1.68804872,-1.6896137,-1.691695094,-1.69393301,-1.695390701,-1.697126508,-1.699611783,-1.70476687,-1.705727696,-1.70761013,-1.709836602,-1.713130713,-1.714337826,-1.723916531,-1.728001475,-1.734073281,-1.739717007,-1.744578123,4.45
77,-1.852201581,-1.86177218,-1.848894715,-1.855109215,-1.853294969,-1.846688986,-1.847587943,-1.836101055,-1.835269094,-1.840570688,-1.834503293,-1.835904837,-1.834599853,-1.840886116,-1.841182947,-1.837530971,-1.836026669,-1.841082573,-1.84458077,-1.848366022,-1.844474077,-1.844217181,-1.85045898,-1.847061753,-1.848718524,-1.845878601,-1.844171524,-1.847956657,-1.84644258,-1.843647242,-1.841655254,-1.838353515,-1.837503552,-1.831457973,-1.829770565,-1.819176197,-1.813620329,-1.811372399,-1.808965921,-1.80866158,-1.80791688,-1.807921529,-1.809312582,-1.805955172,-1.807319999,-1.807999015,-1.807396054,-1.810814738,-1.809640408,-1.812556267,-1.812458873,-1.81134522,-1.812307477,-1.812043667,-1.811432004,-1.811802149,-1.809808731,-1.80924058,-1.804196835,-1.803946853,-1.801048398,-1.799662709,-1.795887589,-1.790660262,-1.789064169,-1.786047578,-1.783831,-1.78148663,-1.777872443,-1.771442175,-1.768140078,-1.758754611,-1.750329018,-1.741515398,-1.737015486,-1.731574178,-1.729485631,-1.727306485,-1.726910591,-1.726648569,-1.723452449,-1.725586295,-1.72562778,-1.727508783,-1.728443384,-1.730731249,-1.731465936,-1.733998895,-1.737226963,-1.73930645,-1.741066098,-1.745045304,-1.745538473,-1.746703863,-1.749757051,-1.751750827,-1.752599478,-1.755035996,-1.757939458,-1.754639268,-1.75853622,-1.76112783,-1.763281584,-1.763716936,-1.764642835,-1.765975118,-1.7671597,-1.767459631,-1.766674995,-1.766910315,-1.767883062,-1.767675757,-1.76992476,-1.77091217,-1.770083427,-1.768821359,-1.767964482,-1.767827868,-1.769329071,-1.769661784,-1.76570034,-1.766807318,-1.766829848,-1.765608788,-1.764058352,-1.762390971,-1.762684703,-1.761755705,-1.762480021,-1.761613607,-1.761725545,-1.760677576,-1.762629986,-1.760946631,-1.763274193,-1.76241374,-1.76245904,-1.761268497,-1.759789824,-1.755825281,-1.75539732,-1.749617338,-1.744047523,-1.734122515,-1.724430084,-1.717293859,-1.709949255,-1.704861164,-1.70377183,-1.700396895,-1.69948554,-1.701119661,-1.701814175,-1.703850985,-1.707893848,-1.70849669,-1.710196495,-1.715034962,-1.71411097,-1.7174896,-1.719058752,-1.721286535,-1.726827741,-1.730223536,-1.733330965,-1.734140038,-1.735358,-1.743139863,-1.744458556,-1.748514414,-1.753308296,-1.763834953,-1.762991071,-1.770410061,4.35
78,-1.81839931,-1.83436656,-1.820528984,-1.815956116,-1.814155102,-1.815316558,-1.808795452,-1.805823088,-1.800427198,-1.800317883,-1.796810508,-1.800898552,-1.799601793,-1.798259377,-1.803067327,-1.804298639,-1.804351807,-1.807155609,-1.804747105,-1.810017824,-1.808849335,-1.814426184,-1.812431216,-1.816287994,-1.815234423,-1.812056541,-1.814343452,-1.812376261,-1.809920549,-1.808272004,-1.806820989,-1.805902362,-1.803719997,-1.79990375,-1.791381598,-1.784792542,-1.77515614,-1.767928481,-1.768683434,-1.766441584,-1.765209436,-1.767133832,-1.766558528,-1.764825702,-1.765883446,-1.766515255,-1.769347429,-1.766430497,-1.767664194,-1.771047235,-1.770200372,-1.769437075,-1.769982338,-1.771515489,-1.769532204,-1.771258473,-1.770540953,-1.770151496,-1.766396046,-1.763065577,-1.759477496,-1.753090739,-1.749529123,-1.746311188,-1.743715525,-1.740440726,-1.735631943,-1.733112454,-1.726013422,-1.721112847,-1.712677121,-1.702718854,-1.693879247,-1.682260513,-1.676092505,-1.672087312,-1.66806066,-1.666401386,-1.664340496,-1.663436294,-1.662979364,-1.665052652,-1.66492939,-1.665865064,-1.668633461,-1.671293497,-1.672986269,-1.6749897,-1.676546693,-1.678694844,-1.682347178,-1.684996963,-1.686809897,-1.690001249,-1.692865491,-1.693240523,-1.697135806,-1.697322845,-1.700787425,-1.699831128,-1.704229116,-1.703871012,-1.707134008,-1.705418348,-1.709785342,-1.710139632,-1.712427735,-1.711557508,-1.711678028,-1.713226557,-1.713960528,-1.713117599,-1.716306329,-1.715419173,-1.715694427,-1.71515882,-1.715821624,-1.7149055,-1.713942289,-1.714957237,-1.712598324,-1.712392449,-1.711457491,-1.709692121,-1.7053442,-1.707777262,-1.706337452,-1.705732942,-1.705143452,-1.706015348,-1.704159141,-1.70451498,-1.704733014,-1.704124451,-1.704818487,-1.704116344,-1.706348777,-1.702602386,-1.702875614,-1.697248816,-1.694586635,-1.688000083,-1.68247366,-1.683552027,-1.661296129,-1.654586196,-1.643722534,-1.639775395,-1.64138031,-1.638132215,-1.636882544,-1.63774395,-1.641167283,-1.644841909,-1.646402597,-1.649162173,-1.648406982,-1.652449846,-1.651392937,-1.65417254,-1.658528447,-1.661557674,-1.662962198,-1.665242791,-1.66873014,-1.670568347,-1.676228404,-1.680687904,-1.683084011,-1.687027335,-1.695490837,-1.696519017,-1.704958439,-1.715899348,4.5
79,-1.846677303,-1.857231498,-1.847949505,-1.850900769,-1.847226501,-1.857060432,-1.838415146,-1.842666268,-1.832857251,-1.83726871,-1.83125186,-1.827166677,-1.830096602,-1.833737612,-1.831494689,-1.827527404,-1.832987666,-1.830478668,-1.840778351,-1.838380694,-1.840478301,-1.843527794,-1.842487335,-1.841341376,-1.845118403,-1.837062478,-1.844034314,-1.837471604,-1.841529012,-1.834273219,-1.834812999,-1.833682656,-1.830521822,-1.824761868,-1.821449161,-1.810598254,-1.805966139,-1.801129937,-1.795315385,-1.797902465,-1.798113346,-1.794353008,-1.793763161,-1.794642448,-1.794505477,-1.795507789,-1.795648217,-1.79678297,-1.796309829,-1.798275113,-1.800032139,-1.800056458,-1.80156064,-1.799882054,-1.800598741,-1.797590375,-1.796962619,-1.797149539,-1.794326663,-1.788653374,-1.786600351,-1.784754634,-1.779377937,-1.775372744,-1.768321395,-1.767035842,-1.762557983,-1.760296583,-1.757755637,-1.748262405,-1.742580295,-1.727501154,-1.719397068,-1.707444668,-1.701386333,-1.695312738,-1.693359971,-1.691073298,-1.689483881,-1.689091444,-1.687754393,-1.68743825,-1.688943148,-1.690466166,-1.691211462,-1.695927143,-1.697078228,-1.696558475,-1.701270103,-1.703258991,-1.707227349,-1.706613779,-1.708938122,-1.711847305,-1.716788411,-1.718171716,-1.719768643,-1.721067786,-1.725114942,-1.722775459,-1.727460027,-1.73003304,-1.731321096,-1.730519176,-1.732918024,-1.733340383,-1.735837936,-1.738828897,-1.739047766,-1.738143444,-1.741043091,-1.73946166,-1.741454005,-1.741732597,-1.740360618,-1.739352822,-1.741799951,-1.740723729,-1.738132238,-1.739664793,-1.738566875,-1.736257434,-1.737152696,-1.737087488,-1.733824372,-1.734025955,-1.733043194,-1.731925964,-1.732200265,-1.730063438,-1.731827378,-1.731280208,-1.731863737,-1.731978297,-1.733122826,-1.732848763,-1.732369542,-1.729807734,-1.7296592,-1.724339008,-1.724888206,-1.716995955,-1.710716486,-1.693241715,-1.690714478,-1.685291648,-1.681011558,-1.672582388,-1.674254179,-1.671313524,-1.670703411,-1.671945453,-1.671179533,-1.673489809,-1.677022576,-1.675837398,-1.68398726,-1.683590174,-1.68392396,-1.684959531,-1.688776493,-1.692235589,-1.693613172,-1.696687579,-1.70012176,-1.699026108,-1.704884648,-1.707532167,-1.712363243,-1.71588099,-1.721921802,-1.726651549,-1.735052466,-1.741386294,4.95
80,-1.815916657,-1.830689073,-1.814389944,-1.823062181,-1.818101287,-1.809633732,-1.809345722,-1.801952004,-1.795425653,-1.804305077,-1.794511199,-1.797153234,-1.793883443,-1.800223231,-1.802531481,-1.7979846,-1.797708392,-1.803791404,-1.805980563,-1.810419679,-1.807428598,-1.805463433,-1.813435316,-1.808066487,-1.81009078,-1.808254361,-1.807695031,-1.808585405,-1.807166576,-1.804278374,-1.802423954,-1.799932599,-1.798932314,-1.790325046,-1.785898089,-1.773073912,-1.767510891,-1.764971137,-1.762042522,-1.761552691,-1.760263443,-1.760765195,-1.761900306,-1.758337021,-1.759213328,-1.762069225,-1.759566069,-1.762817621,-1.763211131,-1.765319467,-1.765458465,-1.763822079,-1.764719129,-1.763688087,-1.764691234,-1.765238762,-1.761864424,-1.761110067,-1.75568521,-1.754657865,-1.75222981,-1.749938011,-1.744186163,-1.738607764,-1.735673785,-1.731617689,-1.728371739,-1.724682093,-1.721167922,-1.714078188,-1.709287763,-1.69837749,-1.68897295,-1.678739905,-1.672838211,-1.66760242,-1.667054415,-1.662370801,-1.662590981,-1.661215186,-1.658293366,-1.660909772,-1.661543846,-1.661931515,-1.663761258,-1.666499138,-1.666798592,-1.669713855,-1.671814919,-1.674628377,-1.676454663,-1.680309176,-1.680100679,-1.683165908,-1.685731769,-1.687178373,-1.688533545,-1.692384601,-1.69553411,-1.690763831,-1.69553709,-1.697631478,-1.701761127,-1.70133388,-1.702985883,-1.704251766,-1.706205487,-1.707149148,-1.706401587,-1.70598948,-1.708490252,-1.707362413,-1.70996213,-1.709831238,-1.709563494,-1.709487677,-1.707921386,-1.707471728,-1.708058834,-1.709304214,-1.706034541,-1.704566002,-1.706927776,-1.704905033,-1.70311141,-1.702299714,-1.702675462,-1.700166106,-1.700859189,-1.699319124,-1.700292826,-1.698855639,-1.700205564,-1.698579788,-1.701056361,-1.700775862,-1.699795008,-1.700341225,-1.698618174,-1.694049835,-1.693843842,-1.68649292,-1.678343773,-1.670707107,-1.662364125,-1.655425429,-1.64832449,-1.643691301,-1.642824888,-1.642036438,-1.639321208,-1.640357137,-1.641412616,-1.642322063,-1.646278977,-1.646391869,-1.648375392,-1.654227376,-1.650797606,-1.655322433,-1.658697963,-1.658994317,-1.664131522,-1.668113232,-1.670604467,-1.672705531,-1.673358321,-1.681602836,-1.6816715,-1.687917829,-1.694744229,-1.703662515,-1.705270886,-1.716974974,4.7
81,-1.849070668,-1.83794558,-1.834949255,-1.816801786,-1.824976087,-1.818830371,-1.819032907,-1.810240149,-1.805625558,-1.806801677,-1.799424171,-1.798370004,-1.804151058,-1.801268816,-1.799050689,-1.808578849,-1.803411841,-1.808509111,-1.800612211,-1.809800982,-1.810522556,-1.807044029,-1.810037255,-1.810971856,-1.81355691,-1.809427857,-1.807204366,-1.806311369,-1.80592823,-1.80224812,-1.803593993,-1.7983675,-1.79532361,-1.789968729,-1.784730673,-1.774347544,-1.770783782,-1.763217807,-1.762753606,-1.760494828,-1.755946755,-1.76157403,-1.759812355,-1.758512855,-1.758847952,-1.757636786,-1.761027455,-1.759987712,-1.761293411,-1.759827256,-1.763317227,-1.762603998,-1.76271069,-1.764520288,-1.762251019,-1.763655901,-1.760938764,-1.758817554,-1.755675912,-1.753443837,-1.751849771,-1.746169209,-1.742938757,-1.74062252,-1.735902667,-1.732156992,-1.728511214,-1.725787401,-1.721446633,-1.71720624,-1.70990169,-1.702542067,-1.693794012,-1.68746829,-1.682067275,-1.676172495,-1.676050782,-1.674028039,-1.673904538,-1.673489213,-1.670598865,-1.671129704,-1.671272635,-1.671563506,-1.67388308,-1.675193191,-1.678232908,-1.679886222,-1.677057624,-1.682223797,-1.685618997,-1.688195467,-1.689000607,-1.688730001,-1.690711021,-1.694214463,-1.694616795,-1.698164821,-1.702455521,-1.697855592,-1.702296972,-1.703562617,-1.706690311,-1.704822183,-1.708901882,-1.709160447,-1.708831906,-1.711330056,-1.712314725,-1.71144259,-1.712803125,-1.712263942,-1.713599443,-1.71203196,-1.713646412,-1.713888884,-1.714274526,-1.713944554,-1.711839437,-1.712829709,-1.709719896,-1.711593509,-1.71218276,-1.710302114,-1.705908418,-1.707248926,-1.706334949,-1.708359122,-1.708469987,-1.705016494,-1.707006693,-1.705182791,-1.708573937,-1.706397295,-1.707996011,-1.707873464,-1.709678411,-1.705917001,-1.706407428,-1.699852824,-1.701495767,-1.695288062,-1.69174397,-1.688768625,-1.677299976,-1.671500802,-1.664588213,-1.661970735,-1.660347104,-1.659534097,-1.660035729,-1.659241438,-1.664167285,-1.660253763,-1.663971424,-1.660696387,-1.666307211,-1.669447899,-1.673176646,-1.673714519,-1.674821019,-1.677080154,-1.679051042,-1.680193186,-1.681126833,-1.684782147,-1.689744353,-1.693075776,-1.693033218,-1.697470546,-1.703744769,-1.709267497,-1.717397928,-1.723082423,5.1
82,-1.810560465,-1.814320564,-1.806194544,-1.795794845,-1.794562459,-1.803369522,-1.79148519,-1.784507036,-1.782228112,-1.774217486,-1.778206468,-1.780736685,-1.776781321,-1.78043437,-1.785281777,-1.786061287,-1.781193376,-1.787287116,-1.789763927,-1.794195771,-1.79262948,-1.794381618,-1.794378519,-1.794902921,-1.796979666,-1.79762423,-1.7930094,-1.795749187,-1.792802095,-1.788096428,-1.789563894,-1.785724044,-1.785857797,-1.778976679,-1.771073818,-1.762034655,-1.753593087,-1.746403813,-1.746000648,-1.74233675,-1.741597176,-1.742659092,-1.74391067,-1.741117954,-1.740876794,-1.742482781,-1.744463325,-1.746270418,-1.7490834,-1.746968269,-1.750184655,-1.74782896,-1.749086499,-1.749767423,-1.749665022,-1.751417994,-1.747028351,-1.745969892,-1.743783355,-1.739931464,-1.7363379,-1.73320365,-1.725276351,-1.721802592,-1.715598226,-1.713551044,-1.70919323,-1.707119226,-1.700456381,-1.694278717,-1.684861541,-1.673953414,-1.662814498,-1.650878429,-1.646121621,-1.639026165,-1.637439847,-1.634446859,-1.633572459,-1.632675529,-1.632398129,-1.634770632,-1.635213137,-1.634599686,-1.634800553,-1.638779521,-1.640950918,-1.643782973,-1.646146536,-1.648831487,-1.654225945,-1.654194951,-1.655989289,-1.659786701,-1.661765099,-1.664580107,-1.668245435,-1.671197891,-1.673069239,-1.671190977,-1.675734401,-1.676503897,-1.680853724,-1.681244016,-1.681914687,-1.687083125,-1.686480403,-1.687518477,-1.687482238,-1.689079762,-1.689927459,-1.690572023,-1.690935969,-1.689950109,-1.690462947,-1.68923831,-1.69063139,-1.687745214,-1.688954234,-1.686995387,-1.687631965,-1.687664151,-1.686366439,-1.685317159,-1.681677341,-1.683485031,-1.681710958,-1.680666327,-1.680163264,-1.680065989,-1.679726958,-1.679221869,-1.680893183,-1.680207849,-1.681902647,-1.68330133,-1.680355668,-1.682099104,-1.678374171,-1.674383521,-1.670060277,-1.662841439,-1.658093572,-1.64652741,-1.637887001,-1.628486753,-1.620289683,-1.614943862,-1.612403154,-1.611308813,-1.612561345,-1.612499833,-1.611495972,-1.61611402,-1.618966699,-1.61763072,-1.619824171,-1.626817822,-1.62481463,-1.628184795,-1.632817388,-1.63611114,-1.637114286,-1.642653584,-1.640857697,-1.646730542,-1.650517821,-1.654437542,-1.659333348,-1.661592722,-1.667969584,-1.677352548,-1.684913874,-1.692046642,5.05
83,-1.835217953,-1.833387971,-1.825633526,-1.82087779,-1.805745959,-1.818861485,-1.807331204,-1.800969005,-1.802055359,-1.792166114,-1.795152426,-1.795925021,-1.79950738,-1.798152208,-1.801297545,-1.794608951,-1.798207164,-1.795877576,-1.806234479,-1.808363438,-1.802729607,-1.807911396,-1.807601213,-1.808290601,-1.80715692,-1.803282261,-1.808122754,-1.809129477,-1.802693844,-1.802469254,-1.801713705,-1.796130061,-1.794912219,-1.792732596,-1.781666756,-1.773507595,-1.763174653,-1.756742239,-1.754775763,-1.758081079,-1.751547217,-1.75283742,-1.751902103,-1.75164938,-1.75523603,-1.750903964,-1.75400424,-1.755946755,-1.757973313,-1.7568084,-1.756763101,-1.755891562,-1.757032156,-1.758654594,-1.756835341,-1.755426288,-1.757178664,-1.753985882,-1.749949694,-1.750709295,-1.745228052,-1.738965631,-1.734812379,-1.729024529,-1.725096703,-1.7192384,-1.71542418,-1.710674763,-1.707898021,-1.70088923,-1.692926884,-1.680434346,-1.670591831,-1.660024881,-1.654801488,-1.649044991,-1.648086071,-1.643946171,-1.642845631,-1.643507838,-1.641880035,-1.643311262,-1.644432425,-1.645466685,-1.645717502,-1.6469208,-1.649647236,-1.652599931,-1.654469252,-1.655625463,-1.662955046,-1.664026856,-1.665016413,-1.669556618,-1.671963215,-1.673072219,-1.675502539,-1.677181482,-1.680831194,-1.681981921,-1.682803988,-1.685973287,-1.68615818,-1.689652562,-1.689828157,-1.69064033,-1.690651774,-1.692394614,-1.693359613,-1.696754456,-1.694988728,-1.696706533,-1.696844339,-1.698578596,-1.697455168,-1.697607279,-1.699136496,-1.696026921,-1.695051312,-1.694490433,-1.693956256,-1.691328287,-1.693833709,-1.694324732,-1.692594767,-1.691872001,-1.688825727,-1.68667686,-1.686415434,-1.68743515,-1.687307119,-1.686775446,-1.687503099,-1.687797189,-1.688936591,-1.687214732,-1.687901258,-1.687612414,-1.687072635,-1.684373021,-1.682830095,-1.674109697,-1.665710449,-1.647511959,-1.647347331,-1.643020034,-1.639902592,-1.634622335,-1.629695535,-1.630557179,-1.627522469,-1.631990552,-1.634032965,-1.633935571,-1.63791573,-1.637418985,-1.639138699,-1.643958449,-1.642887592,-1.648056507,-1.651809692,-1.650655031,-1.656611323,-1.655143261,-1.660579205,-1.661888361,-1.666148067,-1.670810223,-1.673067331,-1.676427603,-1.683650851,-1.692302227,-1.699457288,-1.705984354,4.9
84,-1.817658067,-1.820994616,-1.816771865,-1.811569452,-1.81768322,-1.805969238,-1.80735147,-1.802855968,-1.799318075,-1.793791056,-1.791809678,-1.788773417,-1.796589851,-1.794068694,-1.794870496,-1.796406984,-1.800896525,-1.799403191,-1.805254579,-1.806430101,-1.80869329,-1.807617188,-1.811649323,-1.810193419,-1.809274912,-1.811044574,-1.81107688,-1.808292866,-1.807533979,-1.805964828,-1.804550529,-1.802637577,-1.801699877,-1.792333007,-1.786868334,-1.777157545,-1.769610047,-1.763128996,-1.761012197,-1.761324883,-1.758761287,-1.761788726,-1.757772446,-1.759996176,-1.75766325,-1.76039958,-1.762207627,-1.762485623,-1.763184786,-1.7637254,-1.765102863,-1.7668854,-1.765632153,-1.764162779,-1.76799643,-1.765843987,-1.765109777,-1.762931466,-1.758107543,-1.755729079,-1.751377821,-1.748265743,-1.742798686,-1.736406565,-1.732815385,-1.728826046,-1.72396791,-1.721758962,-1.714221358,-1.709289432,-1.698715925,-1.686991811,-1.67536974,-1.664017677,-1.657803297,-1.652706742,-1.64863205,-1.646374583,-1.646075726,-1.645263195,-1.646251559,-1.644184947,-1.645792365,-1.646895289,-1.646509409,-1.651969671,-1.652337074,-1.656320572,-1.656191826,-1.660977244,-1.66331923,-1.665020347,-1.668212533,-1.671128511,-1.673976064,-1.677294612,-1.677431107,-1.678103924,-1.683195591,-1.681994319,-1.684394836,-1.688243389,-1.692001104,-1.6909374,-1.693033814,-1.693173051,-1.694202781,-1.695776701,-1.696450233,-1.697660327,-1.698573828,-1.697914958,-1.699764729,-1.700876832,-1.702143431,-1.701572895,-1.699488878,-1.697663784,-1.699639916,-1.696464896,-1.695909381,-1.694286108,-1.692690134,-1.693752527,-1.691923738,-1.692097545,-1.68942523,-1.685750723,-1.688012362,-1.688183665,-1.689505816,-1.689068437,-1.689977527,-1.689765573,-1.68880415,-1.688750744,-1.690819979,-1.686650157,-1.687416553,-1.683295727,-1.677740335,-1.674352884,-1.663652182,-1.647675395,-1.646818995,-1.6364429,-1.633092046,-1.626667976,-1.625113726,-1.620244026,-1.618659735,-1.622747183,-1.621747494,-1.623946548,-1.62756145,-1.629995346,-1.631952405,-1.632360578,-1.637618661,-1.636303782,-1.641955733,-1.645168304,-1.648273706,-1.64908421,-1.652104139,-1.654900312,-1.655477881,-1.660279751,-1.665673256,-1.669886708,-1.674699426,-1.682297587,-1.691745162,-1.697613358,5.3
85,-1.789711595,-1.794742227,-1.781974792,-1.771988511,-1.76689887,-1.764883876,-1.757689953,-1.753098011,-1.761932969,-1.744413733,-1.744567394,-1.750391841,-1.751370192,-1.749189377,-1.757533908,-1.747975349,-1.751401901,-1.748612881,-1.76056087,-1.761385083,-1.75685215,-1.761289954,-1.758484602,-1.761709809,-1.757620931,-1.755303025,-1.760355592,-1.759315491,-1.753791571,-1.757052064,-1.751196265,-1.746001482,-1.745454073,-1.743662477,-1.731380701,-1.721275091,-1.71297574,-1.705614924,-1.704007387,-1.707224846,-1.70107162,-1.701633692,-1.700788975,-1.701364636,-1.706157088,-1.701782465,-1.703612804,-1.705041051,-1.706484437,-1.706884146,-1.706673384,-1.705491662,-1.706853986,-1.707615376,-1.705728054,-1.706211805,-1.705468297,-1.702589512,-1.699216366,-1.697656751,-1.69430542,-1.68859458,-1.683125973,-1.676916003,-1.672291517,-1.668423176,-1.664544106,-1.662089348,-1.657106757,-1.6506598,-1.644355536,-1.63176465,-1.621197104,-1.613204956,-1.609267831,-1.602558374,-1.602200747,-1.598193526,-1.597286701,-1.597878337,-1.597052693,-1.597573161,-1.598371983,-1.599450946,-1.599775434,-1.599871874,-1.602775931,-1.605758548,-1.606538296,-1.60920167,-1.614399552,-1.616724253,-1.616302848,-1.621169686,-1.623120546,-1.623337865,-1.625424147,-1.627849579,-1.629547358,-1.633546472,-1.63313961,-1.636006117,-1.636542678,-1.641237259,-1.638736129,-1.640325665,-1.639619708,-1.641183496,-1.643257499,-1.646438122,-1.644362092,-1.645748377,-1.645609379,-1.647754312,-1.646575332,-1.646791339,-1.647998691,-1.645433545,-1.646272898,-1.644471169,-1.644406796,-1.642698646,-1.642814755,-1.64380455,-1.642076254,-1.642784834,-1.640497923,-1.638895035,-1.637742639,-1.638402939,-1.636993647,-1.635088921,-1.638237596,-1.638047099,-1.640071988,-1.637958765,-1.63877058,-1.638964057,-1.637134552,-1.634196043,-1.634777308,-1.625992894,-1.618956923,-1.604672551,-1.602824092,-1.599556565,-1.599181533,-1.593839765,-1.589863539,-1.589538693,-1.587184668,-1.591557384,-1.593444109,-1.594409466,-1.597580433,-1.596990108,-1.597861409,-1.600343823,-1.60073638,-1.605196357,-1.609336972,-1.608549714,-1.612687707,-1.613718271,-1.61573267,-1.613795042,-1.618229985,-1.624441862,-1.624789,-1.630608678,-1.635623336,-1.644373178,-1.655051708,-1.658010125,4.4
86,-1.836735487,-1.849540949,-1.837962508,-1.825150251,-1.828911424,-1.832799673,-1.820955634,-1.818956494,-1.820826888,-1.816607237,-1.807082295,-1.813174367,-1.813757658,-1.8098737,-1.818067551,-1.819488049,-1.821082592,-1.825238466,-1.825246215,-1.825335741,-1.825666428,-1.829081774,-1.827799797,-1.830031514,-1.831555247,-1.833680511,-1.827712417,-1.828675151,-1.827097774,-1.827864408,-1.823978782,-1.823330164,-1.816530108,-1.813557506,-1.805853009,-1.797725558,-1.789848804,-1.7835356,-1.781356454,-1.782448411,-1.780272365,-1.781892419,-1.781051636,-1.780754685,-1.777508616,-1.778541803,-1.782339215,-1.783202648,-1.786229014,-1.786132097,-1.784940004,-1.786182046,-1.786803603,-1.785996795,-1.788306355,-1.786125302,-1.78646791,-1.785720944,-1.782402039,-1.77863431,-1.772733808,-1.769417763,-1.763988972,-1.758801103,-1.75387454,-1.750967383,-1.748498559,-1.742542744,-1.739610434,-1.730760217,-1.7245332,-1.709677696,-1.700343728,-1.688009977,-1.682184815,-1.676716208,-1.674128413,-1.67237258,-1.670416117,-1.670698881,-1.670661926,-1.670418978,-1.671243191,-1.672489047,-1.67266202,-1.677770495,-1.67798543,-1.681905746,-1.682792544,-1.688534975,-1.687692523,-1.691147447,-1.693668246,-1.697185636,-1.699872851,-1.701063037,-1.706240177,-1.706558228,-1.711594701,-1.710186958,-1.713472247,-1.716167331,-1.717366815,-1.718684196,-1.720098615,-1.724400163,-1.724473834,-1.723971128,-1.725215316,-1.725694299,-1.728309512,-1.729097605,-1.728677154,-1.730285525,-1.72877264,-1.731629491,-1.728265882,-1.728844643,-1.726369381,-1.729377627,-1.728223562,-1.72279489,-1.726563096,-1.724608183,-1.723001599,-1.721933722,-1.721272111,-1.717573881,-1.720294714,-1.71836257,-1.71900022,-1.718414068,-1.719944358,-1.719782472,-1.721047997,-1.720069528,-1.72084403,-1.718835235,-1.717944741,-1.714021802,-1.710144281,-1.701828718,-1.69417274,-1.688908458,-1.679909706,-1.671048522,-1.664113998,-1.660754561,-1.659677625,-1.654425979,-1.65645659,-1.657850027,-1.660347104,-1.660270572,-1.661774755,-1.664338827,-1.664441705,-1.669210553,-1.67148447,-1.671884418,-1.676234484,-1.676944613,-1.679500103,-1.683894753,-1.682780266,-1.68799305,-1.683919072,-1.693678379,-1.698235154,-1.702237368,-1.707846045,-1.712056994,-1.721389532,-1.729291558,4.85
87,-1.70190084,-1.716035366,-1.698712707,-1.691580653,-1.691982031,-1.698396683,-1.680203915,-1.683234453,-1.684795618,-1.683595181,-1.665854573,-1.67812109,-1.677377224,-1.671659589,-1.681481481,-1.684180856,-1.688642859,-1.692862391,-1.691675901,-1.692308068,-1.694104195,-1.698407531,-1.695763826,-1.698121667,-1.701155305,-1.7005651,-1.694125891,-1.69896996,-1.695100188,-1.694827199,-1.690505743,-1.691516519,-1.679770231,-1.680675387,-1.667295098,-1.658722043,-1.650508523,-1.638195157,-1.639713168,-1.640031576,-1.636648536,-1.640028596,-1.63912046,-1.638196111,-1.635023594,-1.634850621,-1.641179085,-1.641133308,-1.645083427,-1.643684983,-1.642332554,-1.644564152,-1.644882202,-1.644196868,-1.646040916,-1.642549157,-1.643689871,-1.64136517,-1.638970137,-1.634076118,-1.626494884,-1.624013186,-1.616255522,-1.610916853,-1.606116056,-1.601284742,-1.599203944,-1.591421962,-1.588015437,-1.578208923,-1.572246075,-1.557988763,-1.549337506,-1.539437056,-1.533923984,-1.528904438,-1.527918935,-1.525387645,-1.524959445,-1.52627337,-1.524361849,-1.524749517,-1.526705623,-1.526591063,-1.526885033,-1.532741785,-1.530678034,-1.535355449,-1.53464973,-1.540629506,-1.539429188,-1.541174293,-1.54451251,-1.54647553,-1.549652576,-1.549675584,-1.556086063,-1.556770205,-1.561082959,-1.559042454,-1.562010527,-1.566326022,-1.565913796,-1.567964077,-1.571070552,-1.573562026,-1.573683262,-1.572632909,-1.574182272,-1.574322581,-1.577413321,-1.577866435,-1.57790339,-1.579538226,-1.576493025,-1.580235243,-1.576990962,-1.577576995,-1.575261712,-1.578288317,-1.578712821,-1.571743727,-1.576799393,-1.573589087,-1.572530866,-1.572220683,-1.569161654,-1.563596129,-1.56973803,-1.566940665,-1.567953229,-1.567284346,-1.569570899,-1.569717288,-1.568268657,-1.571847558,-1.570536375,-1.568927169,-1.566983104,-1.564450145,-1.559861183,-1.553818107,-1.545115471,-1.542749643,-1.535982132,-1.529722333,-1.519002438,-1.520663619,-1.520524859,-1.514262319,-1.516698718,-1.516999602,-1.52114737,-1.520359278,-1.520406365,-1.525078177,-1.522932053,-1.527593017,-1.528750658,-1.529773474,-1.533296704,-1.535435796,-1.536721945,-1.543171883,-1.537862897,-1.543550134,-1.538986802,-1.548373699,-1.554638624,-1.561210752,-1.565464616,-1.571872592,-1.581930876,-1.58855927,4.5
88,-1.894868135,-1.887643337,-1.880592704,-1.864103079,-1.86912179,-1.869852424,-1.858485818,-1.846051574,-1.850292206,-1.845972419,-1.83754766,-1.834438682,-1.841241717,-1.840240955,-1.83720994,-1.84436667,-1.840939403,-1.842958808,-1.838111877,-1.841872215,-1.846524,-1.843060493,-1.845752001,-1.848736763,-1.848106265,-1.845394731,-1.841741323,-1.84188664,-1.839247108,-1.838676333,-1.838379264,-1.833713412,-1.829831719,-1.823576212,-1.816196799,-1.807336092,-1.799336195,-1.794546366,-1.79172039,-1.790117979,-1.786437273,-1.790811658,-1.789737463,-1.786722302,-1.79050529,-1.784933686,-1.788664341,-1.79092586,-1.79137218,-1.789184093,-1.793445706,-1.792396426,-1.794839025,-1.793736815,-1.791023016,-1.795767069,-1.791149378,-1.788764477,-1.783356547,-1.782488585,-1.77968812,-1.773630261,-1.770045638,-1.766832948,-1.759553432,-1.755922794,-1.750791192,-1.747943401,-1.741548896,-1.737576723,-1.725895643,-1.714295864,-1.701047659,-1.693338394,-1.685546637,-1.677420616,-1.674546719,-1.671534181,-1.673579454,-1.670449853,-1.669713378,-1.669337273,-1.669488668,-1.671245933,-1.674349308,-1.675061822,-1.682546616,-1.682090759,-1.680453658,-1.685739398,-1.689813852,-1.694837809,-1.694552541,-1.69636941,-1.699790359,-1.702337027,-1.703907013,-1.709549785,-1.712935209,-1.70957458,-1.714600563,-1.716407657,-1.718889713,-1.719613552,-1.722976804,-1.724255204,-1.724491596,-1.727423191,-1.726928353,-1.728329182,-1.728514433,-1.729515672,-1.728998423,-1.729707241,-1.73056674,-1.728769422,-1.731855512,-1.72958982,-1.726341486,-1.727706194,-1.724351287,-1.728723764,-1.726348877,-1.725087047,-1.723309278,-1.722579718,-1.720420837,-1.721905351,-1.721032619,-1.719956756,-1.721243382,-1.719719291,-1.721954465,-1.721202731,-1.722368121,-1.721435547,-1.722642541,-1.720347762,-1.719807386,-1.713620424,-1.713218093,-1.705078959,-1.697747946,-1.697438478,-1.67945528,-1.670235872,-1.662805319,-1.658994913,-1.655053616,-1.656180978,-1.656386375,-1.654125333,-1.658434272,-1.656044602,-1.660372972,-1.658994675,-1.664140821,-1.667039275,-1.674001217,-1.674967766,-1.676390052,-1.679347873,-1.682708859,-1.685956717,-1.684489131,-1.68801856,-1.69312489,-1.69914782,-1.702115178,-1.705120921,-1.716224432,-1.720807552,-1.734102368,-1.739442348,5.25
89,-1.786780477,-1.803331971,-1.783556104,-1.786176562,-1.772960901,-1.779321909,-1.773867488,-1.766346812,-1.764427543,-1.754427433,-1.751768827,-1.759048223,-1.758021832,-1.760356545,-1.769299984,-1.764459968,-1.760584116,-1.766484261,-1.771631479,-1.773043752,-1.77329123,-1.774368286,-1.776993275,-1.775911808,-1.778030157,-1.777646184,-1.772993445,-1.775672436,-1.773133755,-1.767333627,-1.769227386,-1.765692711,-1.764393091,-1.757615805,-1.748335958,-1.738457918,-1.729362845,-1.72173512,-1.719940305,-1.71733892,-1.716531634,-1.71665895,-1.717249155,-1.715535879,-1.714671254,-1.717583656,-1.719353795,-1.720688343,-1.72366941,-1.721049309,-1.724743605,-1.723669648,-1.723539591,-1.72520709,-1.725800276,-1.725766659,-1.721497774,-1.720402241,-1.717521071,-1.713895798,-1.710214376,-1.706741691,-1.698564053,-1.69393754,-1.686776996,-1.684502363,-1.679778099,-1.676187396,-1.670251846,-1.663463354,-1.653286338,-1.641000867,-1.630997896,-1.617827177,-1.613459587,-1.606010437,-1.603851318,-1.601891756,-1.599561572,-1.599249005,-1.598579764,-1.600078583,-1.603049517,-1.60128665,-1.601715922,-1.606850624,-1.606999516,-1.608963728,-1.613454223,-1.614860415,-1.619865656,-1.621011138,-1.622252703,-1.626649141,-1.628325105,-1.630936861,-1.634319067,-1.637820721,-1.638783574,-1.638298988,-1.642127872,-1.642937064,-1.647168994,-1.647531509,-1.649107933,-1.654287457,-1.653118968,-1.654373884,-1.653336406,-1.656148791,-1.655565977,-1.657162547,-1.658368707,-1.6566571,-1.657651186,-1.656978846,-1.656484365,-1.654820561,-1.655672431,-1.652141809,-1.653677583,-1.654644966,-1.652437568,-1.651222944,-1.647893786,-1.649255753,-1.648773551,-1.645986676,-1.646047831,-1.645563245,-1.646089673,-1.647338748,-1.647885561,-1.646977782,-1.647722602,-1.649700522,-1.646317124,-1.649977446,-1.644794345,-1.64107275,-1.636196852,-1.629003882,-1.625113368,-1.62213397,-1.60499537,-1.596211672,-1.589656115,-1.583535075,-1.580379725,-1.57650423,-1.579324126,-1.578097701,-1.577666521,-1.583639741,-1.586690068,-1.584821343,-1.584691048,-1.59273982,-1.591025352,-1.596710205,-1.597882032,-1.60149014,-1.601343036,-1.608464122,-1.606915951,-1.613567948,-1.61489737,-1.621842861,-1.626712084,-1.627647519,-1.636423469,-1.645032525,-1.653817415,-1.665349483,5.8
90,-1.802217722,-1.801824331,-1.79363513,-1.790765762,-1.78359735,-1.788985252,-1.776596785,-1.773966074,-1.772851467,-1.766326427,-1.767267942,-1.767517567,-1.772081017,-1.768686652,-1.771620154,-1.768597722,-1.770898938,-1.773212314,-1.779918432,-1.783038139,-1.776629329,-1.78099823,-1.782653689,-1.783482671,-1.783123255,-1.77899766,-1.779337287,-1.785066366,-1.777507067,-1.77724278,-1.776926279,-1.771667838,-1.771699667,-1.765782237,-1.756250262,-1.748409271,-1.738804102,-1.731225014,-1.727594256,-1.731352448,-1.726341605,-1.726657867,-1.726040721,-1.725850821,-1.72889173,-1.725706697,-1.729257941,-1.72784698,-1.73272562,-1.730832219,-1.732504725,-1.732826471,-1.730779648,-1.733528614,-1.733204961,-1.731283545,-1.732324481,-1.728809834,-1.725018024,-1.723444343,-1.721144199,-1.714223266,-1.708767772,-1.702618718,-1.698194027,-1.69367373,-1.688881636,-1.686268091,-1.681094766,-1.674611211,-1.665246487,-1.653017521,-1.641687632,-1.631129742,-1.624236226,-1.618689299,-1.61876595,-1.615770578,-1.612865329,-1.613072872,-1.611067414,-1.614683628,-1.613801956,-1.61394155,-1.61516428,-1.617055416,-1.62016499,-1.623017907,-1.62324512,-1.628439188,-1.631169796,-1.634951115,-1.635400891,-1.641102314,-1.64210093,-1.643357277,-1.645316005,-1.648205757,-1.651154518,-1.653377652,-1.65364933,-1.656010866,-1.657342434,-1.661120057,-1.660989881,-1.662256241,-1.662231565,-1.664403558,-1.665496111,-1.66803205,-1.666722059,-1.66651988,-1.668932796,-1.669439197,-1.669222713,-1.670689464,-1.671144605,-1.666852355,-1.66670239,-1.665798306,-1.666061401,-1.662727952,-1.663908601,-1.66307807,-1.662069082,-1.66029048,-1.659871817,-1.657271028,-1.658160686,-1.657304764,-1.656518102,-1.655673027,-1.65726757,-1.657250404,-1.659659743,-1.656933069,-1.658251762,-1.657363653,-1.6583004,-1.652926803,-1.651154637,-1.642396212,-1.631828904,-1.613938332,-1.614798069,-1.607998967,-1.605837226,-1.598356247,-1.594444752,-1.592992663,-1.590580344,-1.595075965,-1.595729589,-1.598804116,-1.601271629,-1.601384282,-1.602235436,-1.605637908,-1.607689381,-1.610711575,-1.61408484,-1.61576879,-1.6208992,-1.61911273,-1.624424338,-1.625788569,-1.630201221,-1.63659966,-1.637996793,-1.643835068,-1.647969127,-1.656966448,-1.66591239,-1.669834137,4.8
91,-1.727942228,-1.749072075,-1.729966044,-1.727832913,-1.71785152,-1.722411394,-1.716423273,-1.704814553,-1.701918602,-1.698944211,-1.693789482,-1.7008636,-1.6963135,-1.699272394,-1.708834529,-1.708324552,-1.701281905,-1.706620574,-1.712311864,-1.71368587,-1.715100408,-1.715752125,-1.719018698,-1.717482567,-1.720545411,-1.719383001,-1.715138912,-1.716975689,-1.715080619,-1.707443953,-1.711493492,-1.706122041,-1.705711365,-1.6982584,-1.690074801,-1.674027562,-1.668193579,-1.661441803,-1.657938242,-1.652963638,-1.652963758,-1.65498364,-1.653696418,-1.652535796,-1.651027679,-1.653470039,-1.65668118,-1.656933665,-1.662596583,-1.658933997,-1.660976052,-1.660159945,-1.660393238,-1.661555767,-1.662651181,-1.662181139,-1.657745361,-1.655392289,-1.652261138,-1.649484634,-1.642439246,-1.640053749,-1.630832791,-1.626703501,-1.618083715,-1.616649985,-1.609625936,-1.606944323,-1.600310802,-1.593533754,-1.58383441,-1.568415284,-1.559374452,-1.547558427,-1.539190888,-1.53018117,-1.526661158,-1.527313232,-1.522361755,-1.523017764,-1.521735311,-1.523207426,-1.526313066,-1.523954391,-1.525151134,-1.528464079,-1.528468966,-1.533245564,-1.537463307,-1.539315224,-1.544784069,-1.546668887,-1.548090339,-1.552401423,-1.55504334,-1.558534861,-1.560651064,-1.564154983,-1.566732407,-1.565209508,-1.570053577,-1.570867896,-1.575701475,-1.575621486,-1.577324629,-1.582231283,-1.582306504,-1.584136724,-1.583363771,-1.585189462,-1.586502433,-1.586888433,-1.587261319,-1.586355686,-1.586505294,-1.584779024,-1.58530283,-1.584111691,-1.586257577,-1.58186686,-1.582515836,-1.582848787,-1.58182776,-1.579710007,-1.575835824,-1.577504992,-1.577603936,-1.573567271,-1.573786378,-1.572987318,-1.573665142,-1.574129581,-1.576206684,-1.573889732,-1.575824142,-1.579368472,-1.573833823,-1.578448772,-1.572743893,-1.56731987,-1.56427145,-1.556043386,-1.550011635,-1.537097454,-1.525774598,-1.512559056,-1.506846428,-1.497331262,-1.492869854,-1.49122715,-1.49119103,-1.49254334,-1.492530227,-1.498084903,-1.49908793,-1.50119102,-1.500006914,-1.514026284,-1.507233262,-1.513066292,-1.517564416,-1.522574186,-1.520098209,-1.52910006,-1.52631855,-1.537300587,-1.541483402,-1.544074059,-1.549921036,-1.553677201,-1.560044885,-1.570997357,-1.584354877,-1.591962218,4.9
92,-1.765291691,-1.766842484,-1.758383989,-1.754815817,-1.760757565,-1.738625765,-1.749586582,-1.748401165,-1.734527946,-1.730269432,-1.729170918,-1.726387262,-1.730156302,-1.733167291,-1.731340647,-1.721572995,-1.738237977,-1.73785913,-1.743569613,-1.743989348,-1.745519757,-1.744565606,-1.748640656,-1.749604821,-1.74649632,-1.749879956,-1.745272756,-1.746378064,-1.743709564,-1.740969896,-1.741628051,-1.739404678,-1.737586379,-1.728853941,-1.720968962,-1.709790826,-1.70100069,-1.693189025,-1.692833066,-1.690600395,-1.688428998,-1.692236423,-1.688557506,-1.691084862,-1.689266562,-1.692914605,-1.693585873,-1.693981886,-1.696049333,-1.693800092,-1.696001053,-1.698941827,-1.697160244,-1.697500825,-1.699852347,-1.697890759,-1.698348522,-1.69547987,-1.689214826,-1.687008619,-1.682653189,-1.679826856,-1.672439098,-1.665201664,-1.662666321,-1.657500148,-1.653041124,-1.646167755,-1.641850114,-1.637119055,-1.624533534,-1.612388849,-1.59844768,-1.588197589,-1.578682542,-1.576792359,-1.570363045,-1.56768465,-1.569229364,-1.568130612,-1.568630099,-1.566336751,-1.569021583,-1.569039345,-1.569003105,-1.57371974,-1.574708343,-1.579145789,-1.579297066,-1.58483851,-1.585023642,-1.588819027,-1.592769861,-1.594720244,-1.598488569,-1.602285266,-1.602228522,-1.603884816,-1.609352469,-1.607877493,-1.610398889,-1.614084363,-1.617996573,-1.617273331,-1.620977521,-1.620480895,-1.621616244,-1.624124408,-1.625291586,-1.624829531,-1.625466466,-1.625590563,-1.629359007,-1.62891829,-1.630300999,-1.630776167,-1.628223896,-1.627045512,-1.628948212,-1.62484014,-1.623445988,-1.622439504,-1.622708797,-1.622177958,-1.619711995,-1.622636557,-1.618992329,-1.616193771,-1.618262887,-1.618946671,-1.618822336,-1.616436362,-1.616061687,-1.619601965,-1.61839056,-1.619311452,-1.620563984,-1.616789699,-1.61768055,-1.611503601,-1.607035995,-1.603990674,-1.591826797,-1.579930902,-1.575323462,-1.566693783,-1.567644715,-1.559039593,-1.556627631,-1.551948905,-1.551848292,-1.555421233,-1.556045413,-1.554466128,-1.561382174,-1.562678695,-1.562359571,-1.562550783,-1.569236279,-1.568395734,-1.572323084,-1.577875257,-1.578760505,-1.578707457,-1.582411647,-1.587050319,-1.587451458,-1.594394445,-1.598964691,-1.602721691,-1.612229943,-1.6187433,-1.62923491,-1.634034753,4.1
93,-1.753599048,-1.762086749,-1.761438131,-1.755691409,-1.756067157,-1.73421526,-1.750343919,-1.747885823,-1.733823538,-1.732401729,-1.727906942,-1.727528572,-1.726494789,-1.732964396,-1.73229146,-1.732061744,-1.736533046,-1.741793513,-1.747136474,-1.743854165,-1.746947646,-1.748669624,-1.751345992,-1.752128243,-1.752507687,-1.751477003,-1.748632312,-1.748429537,-1.747742534,-1.742600918,-1.745685935,-1.740272522,-1.739881992,-1.730004787,-1.721467853,-1.711070538,-1.701397181,-1.692057371,-1.689281106,-1.690018654,-1.683282256,-1.690122843,-1.688294172,-1.689119577,-1.68688941,-1.68946898,-1.692836165,-1.692845941,-1.69260478,-1.69073236,-1.694902778,-1.697519183,-1.69735527,-1.695905089,-1.698261142,-1.697502494,-1.694225192,-1.693623304,-1.686619043,-1.683966041,-1.68048656,-1.675114751,-1.668081999,-1.659386992,-1.653739333,-1.649098277,-1.643400431,-1.636487007,-1.6300565,-1.62584269,-1.611737251,-1.596277595,-1.580732346,-1.568528414,-1.557343006,-1.552570939,-1.547255993,-1.543575168,-1.545859337,-1.542609096,-1.544496179,-1.545619488,-1.545046926,-1.544390082,-1.54417789,-1.551356554,-1.556310058,-1.556587815,-1.558984876,-1.563201427,-1.567102909,-1.56907773,-1.574774146,-1.576783419,-1.580628753,-1.585996151,-1.585001469,-1.587269664,-1.594245076,-1.591171622,-1.595396996,-1.599828482,-1.603758335,-1.60313046,-1.607433677,-1.607122898,-1.607140779,-1.611721396,-1.612517715,-1.613268733,-1.614880323,-1.613800049,-1.617566705,-1.616878748,-1.616280198,-1.617756844,-1.616348505,-1.613894343,-1.617192149,-1.613898993,-1.612293482,-1.608855128,-1.607768774,-1.609201908,-1.606742859,-1.606242299,-1.603510737,-1.599773169,-1.601673722,-1.603076458,-1.604105592,-1.601092815,-1.600103736,-1.602554321,-1.601831079,-1.603694201,-1.605374694,-1.601501465,-1.602167249,-1.593945861,-1.589382768,-1.58453083,-1.568801522,-1.54739809,-1.549910665,-1.536982298,-1.536091566,-1.527629137,-1.524910927,-1.518915892,-1.520141959,-1.521065354,-1.522265077,-1.520454049,-1.528436542,-1.52938962,-1.531780481,-1.532589316,-1.537232757,-1.538181067,-1.541413665,-1.547435522,-1.550127745,-1.552134633,-1.555280685,-1.559382915,-1.559974074,-1.565291166,-1.574519753,-1.580050707,-1.587017894,-1.599232197,-1.605259299,-1.617988348,4.5
94,-1.820801497,-1.820478439,-1.817901015,-1.819806933,-1.816885591,-1.808253169,-1.80716157,-1.794540405,-1.79500103,-1.798272491,-1.796125054,-1.792760491,-1.793233871,-1.798486948,-1.797874451,-1.798395276,-1.797200084,-1.804059029,-1.807306647,-1.810457349,-1.808299065,-1.808716774,-1.814344406,-1.810326815,-1.813610196,-1.811005831,-1.811299562,-1.810720563,-1.811293244,-1.806702614,-1.805016756,-1.802364469,-1.800217509,-1.792310476,-1.78772676,-1.772650957,-1.765753031,-1.760657668,-1.757120848,-1.756936312,-1.755720377,-1.756372571,-1.757380366,-1.754750729,-1.75472784,-1.757255197,-1.756276608,-1.760254145,-1.760750175,-1.763656616,-1.762949586,-1.761918664,-1.76282084,-1.762479186,-1.76342082,-1.763939261,-1.760554075,-1.759865761,-1.753925562,-1.751291394,-1.74823916,-1.744820714,-1.737884045,-1.730655551,-1.726693511,-1.721424818,-1.717312336,-1.7140131,-1.708265305,-1.69908762,-1.690482736,-1.674913049,-1.660760403,-1.647152424,-1.639368415,-1.631873131,-1.629133224,-1.62506783,-1.62534523,-1.623154998,-1.620064259,-1.622995257,-1.624628425,-1.62511456,-1.625899315,-1.630312324,-1.631500006,-1.636508465,-1.639391899,-1.645138741,-1.647401214,-1.652518153,-1.652025223,-1.657514691,-1.660543799,-1.663708687,-1.665420651,-1.669779181,-1.673854709,-1.67091012,-1.675278425,-1.677635074,-1.682386041,-1.681920528,-1.684109569,-1.686621547,-1.688698411,-1.68923223,-1.688723683,-1.688537002,-1.692410827,-1.691143155,-1.69327414,-1.692082286,-1.693242669,-1.693261862,-1.692632437,-1.689473629,-1.690176249,-1.691025376,-1.688034296,-1.685596466,-1.687940598,-1.686268449,-1.683341026,-1.68150413,-1.679853797,-1.67930913,-1.680115461,-1.67788589,-1.679446459,-1.678391814,-1.679601312,-1.677936435,-1.680182576,-1.678826332,-1.681194782,-1.678117871,-1.67543447,-1.669453859,-1.669317722,-1.660038471,-1.650490284,-1.639355898,-1.623999357,-1.613226652,-1.604560018,-1.598103762,-1.594002843,-1.589312196,-1.585733533,-1.589113593,-1.59007442,-1.593161941,-1.597815871,-1.59836328,-1.600976467,-1.608374715,-1.609397173,-1.613248944,-1.616519213,-1.618192315,-1.623561502,-1.628366947,-1.633094192,-1.634557962,-1.63867712,-1.647822738,-1.649049163,-1.654758811,-1.661603212,-1.675795794,-1.680541396,-1.688740134,5.1
95,-1.883182526,-1.873380184,-1.870924354,-1.852845669,-1.866215348,-1.861721873,-1.853445172,-1.842678428,-1.83641839,-1.835252047,-1.829185367,-1.828392863,-1.834208727,-1.830465317,-1.824844718,-1.836569905,-1.835864544,-1.835012317,-1.832886577,-1.84078002,-1.840180159,-1.837688327,-1.84030807,-1.841374993,-1.843344331,-1.839534402,-1.8368783,-1.835803032,-1.83492434,-1.831197023,-1.831917048,-1.826898217,-1.823149443,-1.814874172,-1.808900595,-1.795820236,-1.789653897,-1.779812932,-1.77862072,-1.777248263,-1.772523999,-1.778456926,-1.774684906,-1.773569822,-1.77352643,-1.772167325,-1.777124763,-1.775678873,-1.779976606,-1.776491046,-1.780699372,-1.779526472,-1.781447649,-1.781708956,-1.780244946,-1.782461166,-1.77837944,-1.776148915,-1.770977974,-1.768944025,-1.765027165,-1.757933855,-1.7520262,-1.747473359,-1.739641309,-1.734971285,-1.728405476,-1.725087643,-1.717811823,-1.709091783,-1.695713043,-1.679678559,-1.662547827,-1.649840474,-1.637993217,-1.627671242,-1.624802828,-1.623144388,-1.623007536,-1.620106816,-1.61799252,-1.617390394,-1.619141817,-1.620731711,-1.623741746,-1.627007484,-1.633606434,-1.635102987,-1.633446574,-1.639375567,-1.646066666,-1.650601149,-1.651940703,-1.6553514,-1.659552097,-1.663917899,-1.666002631,-1.671413064,-1.67713201,-1.672103167,-1.677990317,-1.68053329,-1.685451031,-1.684644341,-1.688518524,-1.690988421,-1.691803813,-1.693618536,-1.69476366,-1.695922971,-1.696955919,-1.69665885,-1.69811368,-1.697057009,-1.696552873,-1.696725845,-1.697817564,-1.697275877,-1.692622066,-1.692963839,-1.689480901,-1.690688848,-1.689932466,-1.688896775,-1.684300661,-1.683343768,-1.682528138,-1.682855725,-1.683633924,-1.679345489,-1.681624293,-1.680850983,-1.684761047,-1.681712151,-1.682979941,-1.68279314,-1.683808565,-1.679780602,-1.679329157,-1.671594858,-1.668775082,-1.660449386,-1.649245143,-1.636812687,-1.621487856,-1.608580112,-1.597284794,-1.588805199,-1.585540533,-1.584888577,-1.58445704,-1.583887935,-1.588265538,-1.586051941,-1.591896534,-1.590393662,-1.599159598,-1.602274895,-1.611303091,-1.61200726,-1.61526978,-1.618746758,-1.62259376,-1.627518058,-1.628902435,-1.635150909,-1.641968489,-1.647521973,-1.650575995,-1.656796098,-1.670338988,-1.674810529,-1.693497896,-1.704878926,5.35
96,-1.815922141,-1.823293686,-1.822087765,-1.804877043,-1.807381153,-1.811342001,-1.799893498,-1.798799753,-1.795389295,-1.78865099,-1.781722188,-1.789227486,-1.788553119,-1.792047858,-1.790862799,-1.795051217,-1.796540856,-1.799556017,-1.800865293,-1.803409457,-1.802342534,-1.806460381,-1.806626797,-1.807073236,-1.808659077,-1.809305668,-1.804701924,-1.805369854,-1.803119302,-1.802900672,-1.80013454,-1.799229383,-1.792064071,-1.786884069,-1.779586315,-1.768146157,-1.758494735,-1.749887347,-1.747587204,-1.748188496,-1.746797442,-1.747738481,-1.74650836,-1.746772051,-1.742979527,-1.744421482,-1.749180555,-1.749152899,-1.753126979,-1.751893163,-1.751582265,-1.752500057,-1.753686666,-1.752524018,-1.754252076,-1.752328157,-1.750775695,-1.750837445,-1.746055961,-1.742355347,-1.734646082,-1.731317401,-1.723576188,-1.716259241,-1.711244345,-1.70507133,-1.70193243,-1.693716407,-1.688854575,-1.676323891,-1.665812373,-1.644750834,-1.629072666,-1.612701178,-1.599978924,-1.591940284,-1.587505817,-1.584382534,-1.582280993,-1.58247745,-1.580269575,-1.579993606,-1.58345902,-1.58297956,-1.585677266,-1.593529701,-1.594590306,-1.599652648,-1.602155328,-1.609409451,-1.610963464,-1.616253853,-1.620144606,-1.625374317,-1.628736854,-1.630867243,-1.637346745,-1.639831185,-1.644603848,-1.643437982,-1.647402287,-1.652343988,-1.655186057,-1.655934691,-1.658442378,-1.662082314,-1.665488243,-1.665161252,-1.665484309,-1.665944457,-1.669692636,-1.669858575,-1.669335842,-1.6699754,-1.669616818,-1.671152711,-1.668714404,-1.668181777,-1.665009975,-1.666512132,-1.665388346,-1.660485744,-1.663502097,-1.661023021,-1.657714963,-1.658316851,-1.654712081,-1.651987672,-1.653446436,-1.650963426,-1.652462959,-1.650823593,-1.652358651,-1.652412772,-1.65313828,-1.653296232,-1.654525638,-1.651609898,-1.650622964,-1.641777158,-1.637245297,-1.625597358,-1.611706257,-1.606280446,-1.584921122,-1.572626829,-1.557381868,-1.551454544,-1.548936248,-1.543021083,-1.543019056,-1.544980168,-1.54741478,-1.548243523,-1.554602623,-1.556511164,-1.559268236,-1.564870477,-1.568249106,-1.570839167,-1.576586843,-1.579831839,-1.584535122,-1.588992,-1.587939858,-1.596303105,-1.595581174,-1.607230544,-1.612138152,-1.619647026,-1.628005385,-1.636265159,-1.650214434,-1.662677526,4.45
97,-1.87330842,-1.863083005,-1.866660118,-1.848396778,-1.852376938,-1.846558332,-1.844002724,-1.833536029,-1.83305943,-1.832697511,-1.823884368,-1.828375101,-1.826772332,-1.828567505,-1.826812744,-1.830869913,-1.832056284,-1.83411634,-1.829263568,-1.835135818,-1.838202596,-1.836067915,-1.838616371,-1.837381482,-1.838101149,-1.837138772,-1.836282611,-1.833204746,-1.83174336,-1.829422951,-1.829374313,-1.824729443,-1.821359158,-1.815051556,-1.810475469,-1.797276258,-1.792811871,-1.784683347,-1.784456491,-1.781382442,-1.778009057,-1.782038927,-1.779503107,-1.779606223,-1.779803753,-1.778644562,-1.781437397,-1.781373978,-1.783456564,-1.781450868,-1.784942269,-1.784862876,-1.785467386,-1.785550833,-1.784269333,-1.786141992,-1.782378912,-1.780617118,-1.776066422,-1.774520874,-1.771272659,-1.764962792,-1.760476351,-1.75626719,-1.750521541,-1.746013522,-1.740329981,-1.736977577,-1.732176065,-1.72560966,-1.714872599,-1.702020764,-1.691131234,-1.678993821,-1.672806978,-1.665787816,-1.664173245,-1.661383748,-1.66203475,-1.661211491,-1.657607317,-1.658545375,-1.659240484,-1.659937739,-1.662131429,-1.664785504,-1.66773057,-1.671029329,-1.668176293,-1.674839258,-1.678351402,-1.682812691,-1.68270278,-1.68425405,-1.688152075,-1.690884829,-1.692453742,-1.696665168,-1.702253461,-1.697508335,-1.702246904,-1.704824328,-1.708234072,-1.706182957,-1.70937264,-1.712435722,-1.7130723,-1.714305401,-1.715943336,-1.715955973,-1.717701316,-1.717131972,-1.718212485,-1.716633081,-1.717722535,-1.718082905,-1.719888806,-1.719002128,-1.715766549,-1.715641856,-1.714065433,-1.71313417,-1.714415312,-1.712224007,-1.70796597,-1.708778381,-1.706730604,-1.705634236,-1.708870769,-1.70556128,-1.706037998,-1.705075145,-1.70765698,-1.706184506,-1.707343221,-1.707579136,-1.707971811,-1.704373121,-1.704856634,-1.697611213,-1.697293401,-1.689588785,-1.683409095,-1.683932543,-1.663227797,-1.656494379,-1.648329854,-1.643239021,-1.639684796,-1.640425086,-1.641182899,-1.640468836,-1.644246459,-1.641633153,-1.645202279,-1.643253803,-1.648430347,-1.651765823,-1.656957865,-1.65704453,-1.659742951,-1.661677957,-1.666057587,-1.668561578,-1.669042826,-1.673222184,-1.678121448,-1.68215239,-1.68327868,-1.690084338,-1.698769212,-1.704051375,-1.717364073,-1.72464931,4.95
98,-1.906297565,-1.900187969,-1.89161396,-1.877898812,-1.8826859,-1.88581264,-1.876828909,-1.86367774,-1.864302039,-1.860320449,-1.852239013,-1.853155613,-1.855570912,-1.855764031,-1.849462867,-1.858824372,-1.856308103,-1.856940627,-1.852567434,-1.858135939,-1.858186007,-1.856624842,-1.858528018,-1.861091137,-1.860518813,-1.857025266,-1.85423553,-1.853559852,-1.852487922,-1.849931598,-1.850820661,-1.845686197,-1.841717362,-1.835476875,-1.829791188,-1.816390395,-1.814773798,-1.807606101,-1.805479765,-1.804381967,-1.80011797,-1.804786563,-1.802975893,-1.800725818,-1.802874207,-1.799873471,-1.803922772,-1.80320549,-1.805226088,-1.802050591,-1.806962371,-1.805280447,-1.807460427,-1.806487203,-1.804659247,-1.807963014,-1.803060532,-1.801931739,-1.797957063,-1.795284033,-1.792510867,-1.787137389,-1.782160163,-1.779728889,-1.773083806,-1.768788457,-1.76550281,-1.762559056,-1.755631566,-1.751544714,-1.740228772,-1.72956419,-1.717217684,-1.708908081,-1.700542927,-1.692998409,-1.691184521,-1.688171506,-1.690246701,-1.686263204,-1.684735775,-1.685613871,-1.685519934,-1.687513351,-1.690107465,-1.691257834,-1.698109508,-1.697959185,-1.695927262,-1.700891256,-1.706140757,-1.70988667,-1.710177541,-1.711471796,-1.714733362,-1.717908144,-1.718822122,-1.723470926,-1.728287101,-1.723770976,-1.728672028,-1.731137872,-1.733622789,-1.7337569,-1.737361789,-1.738636851,-1.739285111,-1.740577459,-1.741342783,-1.741499186,-1.743068933,-1.74306035,-1.744001031,-1.74400425,-1.744217038,-1.743605018,-1.74484086,-1.744019985,-1.740667462,-1.742782712,-1.739510298,-1.740603566,-1.739894509,-1.739409924,-1.735811472,-1.73588562,-1.734228849,-1.735872149,-1.736339092,-1.733358264,-1.735305905,-1.733201623,-1.73582375,-1.733848214,-1.735882044,-1.735358119,-1.73623085,-1.73398304,-1.733763099,-1.727305055,-1.7260921,-1.71898663,-1.711610317,-1.706478119,-1.692639112,-1.686088085,-1.680354238,-1.674625874,-1.67025125,-1.670526981,-1.671046257,-1.671220899,-1.674569011,-1.672087669,-1.675786495,-1.673031807,-1.679690838,-1.681946158,-1.688691378,-1.689102054,-1.689780474,-1.69307518,-1.695827007,-1.697356939,-1.699369073,-1.701777458,-1.707612276,-1.711476445,-1.714187026,-1.719082952,-1.728097916,-1.732394457,-1.747618437,-1.754256487,5.5
99,-1.762178183,-1.760747194,-1.751285434,-1.749834657,-1.750044703,-1.757616878,-1.74350071,-1.746060848,-1.737992764,-1.730536342,-1.735399008,-1.739271402,-1.740526915,-1.741666198,-1.733989,-1.744781137,-1.744341016,-1.746209145,-1.745002747,-1.751858711,-1.75785625,-1.756832957,-1.7570014,-1.758888006,-1.757573843,-1.757629752,-1.759398937,-1.759870648,-1.757337332,-1.753059506,-1.751716614,-1.749004364,-1.746699333,-1.74152565,-1.734526873,-1.723569512,-1.717102885,-1.712004066,-1.707970858,-1.707755804,-1.706736207,-1.706241131,-1.707242131,-1.707888484,-1.703483701,-1.707773209,-1.708078861,-1.708949924,-1.708162665,-1.711157918,-1.712308764,-1.710820675,-1.711931705,-1.711901784,-1.711050749,-1.711203694,-1.707639217,-1.70786202,-1.702228785,-1.7022717,-1.697211385,-1.694081187,-1.690195322,-1.683632493,-1.680490971,-1.676839113,-1.673602343,-1.671493888,-1.666244745,-1.661415458,-1.654701829,-1.645592809,-1.638156652,-1.631942153,-1.625621319,-1.619651794,-1.617694497,-1.617353201,-1.617311478,-1.623122573,-1.614505529,-1.61656642,-1.616503,-1.615841746,-1.617839456,-1.618729591,-1.620557547,-1.624261618,-1.625754595,-1.627727985,-1.630136728,-1.631243467,-1.631489038,-1.63527143,-1.635385394,-1.639544964,-1.642225623,-1.642179251,-1.644489765,-1.641709685,-1.64564085,-1.646351576,-1.648671269,-1.64815402,-1.650746822,-1.653682828,-1.652411103,-1.650824308,-1.654732466,-1.654667258,-1.657595754,-1.655876398,-1.656311393,-1.656220794,-1.656561017,-1.657827735,-1.656760931,-1.657542229,-1.655765057,-1.657509685,-1.657263279,-1.652838707,-1.654479623,-1.651119471,-1.651644826,-1.650630355,-1.651165247,-1.644394636,-1.648407936,-1.648481131,-1.647022486,-1.648872137,-1.650820613,-1.651130438,-1.64830935,-1.647308111,-1.647710085,-1.647174597,-1.646435499,-1.641780376,-1.641438246,-1.637844682,-1.631935596,-1.641003966,-1.61918366,-1.611826658,-1.607342601,-1.606976748,-1.604169846,-1.60359323,-1.600791335,-1.603906393,-1.603883147,-1.607775211,-1.609428644,-1.608978629,-1.609057665,-1.607801557,-1.611809492,-1.613627791,-1.616788507,-1.616542816,-1.618705869,-1.618330836,-1.622134209,-1.625387669,-1.628235459,-1.63430655,-1.634554386,-1.638479829,-1.641025782,-1.643366933,-1.653021932,-1.651393533,4.55
100,-1.792248487,-1.806060433,-1.804790735,-1.807141423,-1.79321003,-1.804118156,-1.791574717,-1.78350997,-1.774961114,-1.774312615,-1.777134418,-1.771374106,-1.776015043,-1.784116387,-1.777118564,-1.779185176,-1.781174541,-1.781818986,-1.782989025,-1.784442425,-1.788544297,-1.790680408,-1.790669799,-1.789742827,-1.79172349,-1.790312767,-1.786324501,-1.788679242,-1.785107255,-1.783489347,-1.783793449,-1.781622887,-1.775541306,-1.774629354,-1.763853788,-1.752943516,-1.745408058,-1.742069006,-1.740549922,-1.739119291,-1.735672474,-1.73391521,-1.735043406,-1.734603167,-1.733225107,-1.737100601,-1.736681461,-1.738223195,-1.740107417,-1.7403965,-1.741030455,-1.739078999,-1.742866635,-1.741158247,-1.739456654,-1.738712907,-1.738144994,-1.736590624,-1.734219909,-1.731324434,-1.724920034,-1.723805666,-1.715999126,-1.711581945,-1.706307054,-1.702338338,-1.699546218,-1.69489336,-1.690876722,-1.685163856,-1.675406098,-1.661677957,-1.650315285,-1.642547607,-1.634736896,-1.6300776,-1.629425645,-1.627325177,-1.625597954,-1.62377131,-1.622744083,-1.624591827,-1.626542091,-1.62389493,-1.627383709,-1.628552079,-1.63116312,-1.632228732,-1.634388447,-1.636245012,-1.640460849,-1.642408609,-1.643675327,-1.646601796,-1.65024972,-1.650924206,-1.653529882,-1.653803587,-1.660586953,-1.659553647,-1.663787723,-1.662080288,-1.665969253,-1.666130543,-1.666861057,-1.668265104,-1.669684052,-1.670672417,-1.672124147,-1.671724558,-1.672850132,-1.672874093,-1.673768878,-1.675186515,-1.674809456,-1.673204899,-1.674271226,-1.670078278,-1.673336983,-1.671623111,-1.67140162,-1.669499397,-1.671113849,-1.668391466,-1.66597271,-1.666931629,-1.666155338,-1.66248405,-1.663706899,-1.661872506,-1.665164232,-1.662577748,-1.666474938,-1.66414094,-1.664745569,-1.665109396,-1.665179253,-1.664039016,-1.663230538,-1.660150647,-1.655018806,-1.650267959,-1.641362309,-1.631999731,-1.62542665,-1.618822336,-1.618080378,-1.612591505,-1.611818433,-1.611903429,-1.609114766,-1.610296488,-1.61138165,-1.610561609,-1.615782619,-1.61547637,-1.618202806,-1.619402051,-1.619704962,-1.620859146,-1.624697804,-1.624760985,-1.629043698,-1.630117774,-1.62956965,-1.63477397,-1.633791089,-1.643297672,-1.64290905,-1.652080655,-1.655316472,-1.663963199,-1.665574193,-1.683090329,4.2
101,-1.838881373,-1.836074948,-1.831813455,-1.833538413,-1.826209784,-1.831013083,-1.829220057,-1.818515062,-1.815090418,-1.816471815,-1.810802698,-1.810773373,-1.817836642,-1.819090605,-1.820399404,-1.820245028,-1.821193814,-1.825295568,-1.82787931,-1.824555755,-1.826895714,-1.827637792,-1.830147862,-1.828573465,-1.830562592,-1.832232475,-1.824343443,-1.832117677,-1.824668527,-1.824933767,-1.824597955,-1.822441697,-1.820291758,-1.816088796,-1.808336735,-1.796826124,-1.792438149,-1.787569642,-1.787051558,-1.784945607,-1.782271266,-1.78362143,-1.783049345,-1.783656359,-1.78376925,-1.783355117,-1.786365747,-1.785988212,-1.785989404,-1.786313534,-1.787299395,-1.79018271,-1.790738463,-1.789072871,-1.787550449,-1.788983703,-1.78676343,-1.786370516,-1.781762481,-1.780305147,-1.775461555,-1.773646474,-1.767467618,-1.765213966,-1.757327914,-1.754961967,-1.751844168,-1.747769117,-1.743754745,-1.737480283,-1.730570316,-1.719900727,-1.709944844,-1.699343324,-1.69568193,-1.690587878,-1.686395288,-1.685864449,-1.683464885,-1.683351755,-1.683060884,-1.684624076,-1.683998227,-1.684162378,-1.687161446,-1.690252304,-1.69039166,-1.694388747,-1.693825603,-1.698151588,-1.702134013,-1.70290637,-1.704751492,-1.706840754,-1.70900166,-1.711253881,-1.712867737,-1.714811325,-1.718070507,-1.718215704,-1.721426487,-1.722929716,-1.723641038,-1.725047708,-1.72424376,-1.725475073,-1.728378296,-1.727435708,-1.73006928,-1.730054736,-1.729758263,-1.731388688,-1.733322263,-1.733723164,-1.732757807,-1.730613112,-1.73058629,-1.731511712,-1.733709574,-1.731508493,-1.731550574,-1.730917931,-1.72753191,-1.725567937,-1.722926259,-1.723144412,-1.720913053,-1.720449805,-1.722648263,-1.722307205,-1.719175577,-1.718642354,-1.720406532,-1.720662832,-1.72145915,-1.723138332,-1.72305572,-1.720810533,-1.720114112,-1.716477752,-1.714748144,-1.704732299,-1.698580861,-1.696875215,-1.67783761,-1.670601606,-1.666652322,-1.661233664,-1.657436371,-1.654583931,-1.655135512,-1.655687809,-1.660294294,-1.658981204,-1.664730549,-1.667350173,-1.665256619,-1.665112734,-1.668344855,-1.672878265,-1.676310182,-1.679961681,-1.68053472,-1.684129357,-1.687292099,-1.689583302,-1.693732977,-1.699805617,-1.701534033,-1.703899503,-1.709761262,-1.710082531,-1.716696858,-1.727686882,4.8
102,-1.745761633,-1.75020957,-1.743017793,-1.746648788,-1.737307429,-1.742095828,-1.734532595,-1.72495997,-1.72065413,-1.720561743,-1.717380762,-1.717314959,-1.71681273,-1.725150347,-1.725344181,-1.722254992,-1.730757475,-1.72814846,-1.734332442,-1.730630755,-1.735757351,-1.732466698,-1.735540271,-1.736287117,-1.734787226,-1.735286593,-1.737114668,-1.732226372,-1.731626153,-1.730678558,-1.724454522,-1.727058411,-1.72254777,-1.719443202,-1.709176183,-1.699757576,-1.694880247,-1.692570567,-1.689676881,-1.68792069,-1.688100696,-1.690128207,-1.687457323,-1.689433694,-1.687381387,-1.686898232,-1.688078523,-1.689132452,-1.689143658,-1.693341374,-1.691530228,-1.692349076,-1.693331838,-1.690543175,-1.694453716,-1.691073656,-1.689878702,-1.691090822,-1.684863806,-1.68370688,-1.680319905,-1.676733375,-1.673181057,-1.667761564,-1.660448432,-1.659346938,-1.655956149,-1.655855179,-1.649336576,-1.644566536,-1.63747704,-1.628762722,-1.617839336,-1.60775733,-1.605753899,-1.600137353,-1.600513458,-1.593871593,-1.594751358,-1.593930602,-1.591442943,-1.595098853,-1.594225287,-1.593811989,-1.596443653,-1.596004844,-1.598360419,-1.60265398,-1.604939818,-1.606473923,-1.608987927,-1.61167872,-1.611743927,-1.612709999,-1.617787719,-1.618117929,-1.62055397,-1.620936155,-1.62458539,-1.624265552,-1.628239274,-1.629361272,-1.629932046,-1.631493092,-1.634491086,-1.632756948,-1.633904338,-1.634477019,-1.635577321,-1.638124347,-1.636852503,-1.63609159,-1.638544559,-1.636484265,-1.637498856,-1.638755679,-1.636712193,-1.637653828,-1.636263132,-1.635344744,-1.637572885,-1.635689855,-1.635558605,-1.635527015,-1.632929683,-1.63392055,-1.63337481,-1.631783843,-1.630540967,-1.628440261,-1.62599647,-1.62777102,-1.627071977,-1.627675176,-1.628729463,-1.629863858,-1.628564954,-1.623331308,-1.626199007,-1.622315288,-1.61929667,-1.614117265,-1.607949972,-1.605114579,-1.59180963,-1.584971309,-1.576354027,-1.570712209,-1.570287466,-1.568853259,-1.567105532,-1.560306311,-1.56993866,-1.573575377,-1.572034597,-1.57221508,-1.576374769,-1.579843998,-1.579000592,-1.58567667,-1.587388396,-1.589106321,-1.590565681,-1.594810009,-1.593905568,-1.601653457,-1.599017501,-1.605040312,-1.610247731,-1.612364173,-1.61674881,-1.626999259,-1.631774068,-1.641091466,5.4
103,-1.802418113,-1.79909718,-1.794730902,-1.790647388,-1.782107234,-1.784337044,-1.788995028,-1.784050107,-1.770362616,-1.774162292,-1.767198563,-1.766246676,-1.774730563,-1.776051879,-1.776459932,-1.775774479,-1.779893041,-1.783581257,-1.783475757,-1.781729221,-1.784241796,-1.785041451,-1.783316374,-1.786226273,-1.786211014,-1.787842393,-1.784193277,-1.788462758,-1.7809273,-1.780521631,-1.782118559,-1.778867126,-1.774349928,-1.771769762,-1.757579684,-1.748749018,-1.742406964,-1.739559054,-1.739809632,-1.736177444,-1.733726263,-1.736296773,-1.733463645,-1.736528516,-1.734492779,-1.735825658,-1.736420631,-1.739804506,-1.736701608,-1.738738656,-1.739257455,-1.742425323,-1.743342519,-1.741400957,-1.740449429,-1.741571069,-1.738909245,-1.739174724,-1.733516097,-1.730878353,-1.728521585,-1.724557996,-1.71823287,-1.71419847,-1.708143592,-1.70410645,-1.702353001,-1.698719621,-1.693461895,-1.686823368,-1.67973423,-1.669152617,-1.65914607,-1.648987174,-1.646283388,-1.64273262,-1.638555884,-1.63635695,-1.635089517,-1.63551724,-1.635396123,-1.636797905,-1.635371447,-1.635666132,-1.639474988,-1.643118858,-1.641579986,-1.64508462,-1.644437551,-1.649223328,-1.654385686,-1.65359354,-1.655205369,-1.657768488,-1.658941388,-1.661878586,-1.662921071,-1.665008664,-1.668202639,-1.669005156,-1.67203629,-1.67492497,-1.674670696,-1.675603867,-1.67612195,-1.67868042,-1.679678917,-1.680126905,-1.684579611,-1.682367563,-1.682309389,-1.683959603,-1.686899424,-1.686726928,-1.685883403,-1.683791041,-1.684298515,-1.684096694,-1.687486768,-1.685634851,-1.685945272,-1.684758782,-1.683223009,-1.681872606,-1.677667379,-1.678483009,-1.677285433,-1.674696445,-1.678656936,-1.677321196,-1.675241113,-1.675722122,-1.676744938,-1.679066062,-1.678447247,-1.678374052,-1.681539536,-1.677909613,-1.677837849,-1.67355895,-1.671673656,-1.663904071,-1.65647471,-1.648652911,-1.640191793,-1.635231495,-1.633903623,-1.629001617,-1.628002405,-1.624557853,-1.624754548,-1.625981212,-1.629287481,-1.628769398,-1.633144259,-1.634187698,-1.632584453,-1.632037759,-1.636015534,-1.63752079,-1.641120195,-1.643047571,-1.644201517,-1.648950458,-1.650703788,-1.654865742,-1.656641245,-1.661249399,-1.664011598,-1.667487383,-1.67218256,-1.673420072,-1.678643942,-1.690775275,4.15
104,-1.704907656,-1.725646615,-1.702883363,-1.70595026,-1.702267408,-1.696231723,-1.685231209,-1.68877387,-1.683555603,-1.687585473,-1.676267982,-1.680676937,-1.687792182,-1.683605075,-1.685830951,-1.686027884,-1.680655956,-1.69716239,-1.69497478,-1.693732142,-1.692202806,-1.701485038,-1.695395827,-1.698096395,-1.704897404,-1.7010324,-1.696034551,-1.700081944,-1.697806716,-1.694744468,-1.690686464,-1.68830955,-1.68600142,-1.680524111,-1.67562592,-1.660755038,-1.654984117,-1.648898721,-1.648562908,-1.645146608,-1.646831632,-1.642674685,-1.642342329,-1.64479661,-1.641757369,-1.646201849,-1.64396894,-1.645474911,-1.645976901,-1.644822598,-1.647275209,-1.648203254,-1.6498245,-1.651427388,-1.650488138,-1.651270509,-1.645435929,-1.644171,-1.642434001,-1.638944149,-1.633911848,-1.629982233,-1.624975324,-1.6197052,-1.617018819,-1.611182332,-1.605336785,-1.60415554,-1.599608898,-1.592515588,-1.583700776,-1.573945642,-1.563606739,-1.551782846,-1.548610687,-1.543334007,-1.544467926,-1.539117217,-1.540606856,-1.539869308,-1.539938331,-1.540911913,-1.539821148,-1.538921833,-1.541820288,-1.542451978,-1.547763705,-1.547139883,-1.551243544,-1.552099943,-1.558089614,-1.560631752,-1.559989333,-1.561214447,-1.563398004,-1.568436503,-1.569731355,-1.571692944,-1.573290229,-1.572866082,-1.575196028,-1.576981425,-1.582337379,-1.579633355,-1.584205627,-1.586874366,-1.586131573,-1.587426305,-1.587427139,-1.587749839,-1.591514826,-1.591372371,-1.590239525,-1.590052724,-1.591645598,-1.592389703,-1.59234941,-1.590248585,-1.592426777,-1.592407942,-1.590641856,-1.589775801,-1.591748357,-1.58861053,-1.585911155,-1.586790562,-1.58652401,-1.583579302,-1.582282186,-1.582086325,-1.582731605,-1.58237195,-1.583445907,-1.58211863,-1.586722016,-1.586496353,-1.585170984,-1.584864259,-1.584461331,-1.576326728,-1.574216127,-1.572096705,-1.564652085,-1.561717391,-1.545816183,-1.539415717,-1.536652923,-1.525477886,-1.528025866,-1.526410222,-1.525256038,-1.526087284,-1.529756784,-1.526997447,-1.527549386,-1.531612992,-1.5354774,-1.53578639,-1.538666844,-1.539260626,-1.542706609,-1.543624401,-1.547985792,-1.546459913,-1.552167058,-1.551104784,-1.557329297,-1.561600685,-1.567955375,-1.567958117,-1.575911522,-1.583273888,-1.595390558,-1.599411607,4.4
105,-1.750006676,-1.763310313,-1.744529843,-1.741378784,-1.741886258,-1.730215549,-1.727895737,-1.741154552,-1.722077966,-1.73081851,-1.722095132,-1.717242956,-1.726361036,-1.726851821,-1.724300742,-1.719251752,-1.72335124,-1.737302065,-1.735586882,-1.729250669,-1.731614709,-1.735395908,-1.733908296,-1.734795213,-1.739939451,-1.736137152,-1.732009172,-1.735679626,-1.734219909,-1.731099725,-1.726112366,-1.725554228,-1.72275126,-1.715430975,-1.711530209,-1.701922417,-1.695638299,-1.691573977,-1.688246846,-1.690108538,-1.68777144,-1.688090682,-1.684655786,-1.688353062,-1.684978962,-1.689314842,-1.687909126,-1.687561035,-1.690288186,-1.686797619,-1.689864874,-1.690126896,-1.691168666,-1.694097996,-1.691556096,-1.693498373,-1.688038468,-1.687403202,-1.686414242,-1.683204055,-1.675862908,-1.673963785,-1.66886282,-1.66559422,-1.664470077,-1.657630324,-1.654849052,-1.653842449,-1.647670507,-1.641085267,-1.634771943,-1.625386834,-1.617906809,-1.607473969,-1.605325341,-1.60085988,-1.602067351,-1.597589135,-1.599203467,-1.596759915,-1.599172235,-1.598717928,-1.597491741,-1.597315788,-1.599348545,-1.599928498,-1.603286982,-1.604025602,-1.608136296,-1.608664274,-1.612466455,-1.613466263,-1.614378333,-1.614411831,-1.616349578,-1.619854331,-1.621956825,-1.62320435,-1.625878334,-1.623846173,-1.626785398,-1.627053738,-1.630706668,-1.628982782,-1.632187366,-1.634141326,-1.634814143,-1.634875298,-1.635319829,-1.635341525,-1.638736844,-1.638059258,-1.636532664,-1.637118101,-1.638520479,-1.638656855,-1.638412356,-1.635441899,-1.638943315,-1.638236642,-1.63693738,-1.63490355,-1.636487126,-1.635070801,-1.631955624,-1.633177638,-1.63328588,-1.632726908,-1.629262924,-1.627581477,-1.630001903,-1.629016757,-1.629157662,-1.62983036,-1.634051442,-1.631348014,-1.632573128,-1.630787492,-1.631976843,-1.626231074,-1.623314261,-1.620530963,-1.613254309,-1.607975602,-1.596339583,-1.594179749,-1.591654301,-1.585078955,-1.587560177,-1.583764195,-1.583381772,-1.584116817,-1.588938832,-1.586634517,-1.587042332,-1.590123296,-1.592330337,-1.592806935,-1.596583366,-1.597267389,-1.601493597,-1.601039886,-1.602057099,-1.603636503,-1.608756304,-1.606369853,-1.613025665,-1.614659786,-1.621807337,-1.621633291,-1.6281811,-1.629878402,-1.644142747,-1.651548266,4.15
106,-1.850960374,-1.853829503,-1.853909612,-1.854019761,-1.859847665,-1.857270479,-1.849800348,-1.838800192,-1.839598179,-1.835212469,-1.833715796,-1.833180666,-1.839855433,-1.842394114,-1.835280538,-1.8432616,-1.840991855,-1.844550967,-1.842421412,-1.845231414,-1.849723697,-1.849825859,-1.848526955,-1.849357128,-1.851632595,-1.846925497,-1.848578095,-1.848377943,-1.844769716,-1.845348954,-1.843666792,-1.843767762,-1.840408683,-1.837504983,-1.829765558,-1.824752212,-1.818478823,-1.815116286,-1.812545061,-1.811758995,-1.811884046,-1.80927074,-1.811115026,-1.809264898,-1.809323907,-1.810856819,-1.812405348,-1.813302994,-1.814030051,-1.812016606,-1.814157844,-1.813979268,-1.814545155,-1.814588547,-1.814103365,-1.814504862,-1.811846852,-1.812467456,-1.807936072,-1.805077076,-1.803137541,-1.801647663,-1.797071934,-1.795816302,-1.79105413,-1.787014008,-1.783323288,-1.781876922,-1.779106379,-1.774471879,-1.765806437,-1.75766933,-1.749017358,-1.740158439,-1.734795213,-1.734371066,-1.732277751,-1.727698445,-1.726014256,-1.724849582,-1.724109411,-1.727163553,-1.72498703,-1.72402966,-1.726976395,-1.730017543,-1.729956865,-1.733923435,-1.735087156,-1.739094019,-1.741058707,-1.743107915,-1.744269013,-1.744769573,-1.748418212,-1.750952244,-1.75286746,-1.755088806,-1.757894039,-1.755861759,-1.758313537,-1.759774446,-1.762594461,-1.762754321,-1.763916016,-1.764070153,-1.764861822,-1.764272451,-1.765829206,-1.766907811,-1.768697023,-1.768026233,-1.769259453,-1.768191934,-1.769055486,-1.768764973,-1.769275904,-1.767294765,-1.768375039,-1.768112063,-1.767224789,-1.766188264,-1.766904712,-1.764792085,-1.76220715,-1.763549566,-1.762618899,-1.761535883,-1.761324644,-1.760236025,-1.760353565,-1.759699225,-1.759771228,-1.763273239,-1.761215448,-1.761510372,-1.763946652,-1.759034157,-1.760103583,-1.756115198,-1.752000451,-1.7486552,-1.742464304,-1.742534041,-1.726156712,-1.719282985,-1.712987065,-1.711271763,-1.709443331,-1.705786228,-1.703536153,-1.70573318,-1.708647013,-1.707227707,-1.711507916,-1.712279081,-1.711522102,-1.71457541,-1.717645526,-1.721348166,-1.721683502,-1.725609303,-1.727573872,-1.725597143,-1.73189199,-1.732096553,-1.73718977,-1.73930645,-1.742711782,-1.746376157,-1.750809789,-1.75769937,-1.757054806,-1.769300342,4
107,-1.82856822,-1.842166305,-1.823494911,-1.843582153,-1.844249487,-1.836888194,-1.825084209,-1.814442754,-1.817439914,-1.816537857,-1.808345675,-1.812691212,-1.815698743,-1.820837975,-1.811419606,-1.817505002,-1.816881776,-1.825528741,-1.818670511,-1.822016001,-1.826366305,-1.828562379,-1.826314211,-1.828208208,-1.830109477,-1.828361988,-1.827275515,-1.826998591,-1.823503017,-1.824933052,-1.822912812,-1.822381258,-1.818339705,-1.814573646,-1.808384061,-1.800875425,-1.794197202,-1.789772868,-1.788804889,-1.787202358,-1.787150979,-1.784343362,-1.787197471,-1.783741593,-1.7857337,-1.786146283,-1.787430286,-1.788120985,-1.789751649,-1.785999894,-1.789615631,-1.790080667,-1.790316105,-1.790317416,-1.7894876,-1.789152145,-1.785371423,-1.787290931,-1.783684134,-1.779202104,-1.780198693,-1.775418282,-1.771502376,-1.769883156,-1.763663411,-1.760782719,-1.75617671,-1.755610108,-1.751350284,-1.748645782,-1.738948584,-1.729745626,-1.720973849,-1.711649299,-1.705499172,-1.705161572,-1.703410506,-1.699241161,-1.696979284,-1.695988894,-1.696321368,-1.699062943,-1.696755767,-1.695430994,-1.699666142,-1.702835441,-1.702959657,-1.705604315,-1.707575321,-1.711522341,-1.713263392,-1.714928389,-1.71744442,-1.718141198,-1.72061348,-1.723703027,-1.725113511,-1.728389263,-1.730747104,-1.729190826,-1.732072353,-1.73456955,-1.735996366,-1.737217426,-1.73877883,-1.738685608,-1.740525126,-1.739816189,-1.740135908,-1.740043283,-1.741747141,-1.742428899,-1.744594216,-1.743244648,-1.743335843,-1.743086219,-1.742748618,-1.742564797,-1.743506193,-1.74210453,-1.741622806,-1.741597533,-1.740587473,-1.739052415,-1.73496294,-1.7374264,-1.737769008,-1.737315178,-1.736921549,-1.736639977,-1.735788465,-1.735741973,-1.736122131,-1.736916304,-1.736078858,-1.737574697,-1.740355492,-1.734173059,-1.736649871,-1.731794715,-1.727363467,-1.723981261,-1.717063427,-1.716537952,-1.702557325,-1.696516633,-1.688823462,-1.687715292,-1.684616923,-1.682070017,-1.679816604,-1.682225466,-1.685854435,-1.684499979,-1.687848091,-1.688433528,-1.687725186,-1.691357374,-1.693582058,-1.698567986,-1.70075047,-1.702762604,-1.703033447,-1.702292442,-1.707249284,-1.710478425,-1.711567283,-1.715291619,-1.717635989,-1.722011805,-1.72745502,-1.734727859,-1.734176159,-1.745233893,4.4
108,-1.70907855,-1.713833809,-1.715399265,-1.715412378,-1.712917209,-1.727060437,-1.701373458,-1.699121714,-1.69652307,-1.699235916,-1.697015762,-1.703177452,-1.700804949,-1.702924728,-1.706130981,-1.704151154,-1.712074637,-1.709241033,-1.717653036,-1.717248678,-1.719138861,-1.719619632,-1.723803878,-1.724000216,-1.722653627,-1.722611904,-1.71902132,-1.71841681,-1.717720509,-1.717738032,-1.71752882,-1.715405703,-1.712287188,-1.704787254,-1.697552562,-1.686124086,-1.678980947,-1.67333591,-1.671323895,-1.669406891,-1.668248892,-1.67280519,-1.668039322,-1.669941783,-1.667340159,-1.670829535,-1.671375155,-1.672680855,-1.67238903,-1.672997713,-1.67618835,-1.674718022,-1.680381298,-1.675408959,-1.677942991,-1.677135825,-1.675349951,-1.671061754,-1.668860078,-1.666370392,-1.660836935,-1.659850121,-1.653135061,-1.646783471,-1.644932508,-1.63990438,-1.635362864,-1.633449316,-1.626997352,-1.617618084,-1.612209558,-1.601097584,-1.589187741,-1.577453494,-1.569481373,-1.566003442,-1.564825535,-1.562932253,-1.562773705,-1.561074853,-1.559922576,-1.560808301,-1.562829137,-1.563169718,-1.562934279,-1.564984679,-1.567114592,-1.571731448,-1.57237637,-1.578949332,-1.579087973,-1.582240582,-1.584979534,-1.587341428,-1.589536786,-1.592509985,-1.593238831,-1.595936537,-1.599884152,-1.596499681,-1.603230238,-1.602501154,-1.607460022,-1.606515408,-1.608186126,-1.607360005,-1.610565662,-1.612681508,-1.612328649,-1.612664938,-1.614256859,-1.615784407,-1.61721909,-1.615927935,-1.616111279,-1.616393685,-1.616230011,-1.61418736,-1.614333272,-1.614565372,-1.613841414,-1.610180259,-1.611939788,-1.611847758,-1.607435107,-1.605893373,-1.606427073,-1.604570508,-1.604881525,-1.603570461,-1.603817821,-1.604536295,-1.604014993,-1.603057384,-1.603533387,-1.606418133,-1.609654784,-1.606035948,-1.604960322,-1.601104021,-1.598859906,-1.589740157,-1.581636786,-1.574398041,-1.562197208,-1.562745214,-1.550708532,-1.546075344,-1.544822335,-1.545429707,-1.542443037,-1.544149637,-1.547199249,-1.549478889,-1.549338102,-1.549323201,-1.554021955,-1.558799505,-1.55759263,-1.562493205,-1.564130068,-1.564723849,-1.564544916,-1.569803953,-1.571134806,-1.573386669,-1.57986927,-1.578950286,-1.582785487,-1.587752461,-1.594725609,-1.596515059,-1.601616502,-1.617989421,4.5
109,-1.787790656,-1.780008554,-1.784724236,-1.780972362,-1.780833244,-1.774674416,-1.763183355,-1.767722845,-1.759158611,-1.756026983,-1.763172626,-1.763739467,-1.763029456,-1.760089755,-1.762009025,-1.766754389,-1.762423873,-1.771876216,-1.770277739,-1.772771239,-1.775566101,-1.779096723,-1.778415203,-1.777598619,-1.77679038,-1.778112888,-1.777285218,-1.779524684,-1.776062369,-1.771658778,-1.768220663,-1.771197915,-1.763563156,-1.761674166,-1.75236249,-1.744847775,-1.735398173,-1.73665905,-1.727151871,-1.731247306,-1.73061645,-1.730014324,-1.731239676,-1.729348063,-1.729712248,-1.731465697,-1.730514765,-1.731094241,-1.732009411,-1.733121634,-1.734143853,-1.734854937,-1.734400034,-1.73576653,-1.735360503,-1.736900687,-1.732749581,-1.733474731,-1.726731181,-1.726435542,-1.723155737,-1.718634248,-1.716910839,-1.711713552,-1.708295822,-1.704825282,-1.70003736,-1.695317626,-1.692245007,-1.686870337,-1.679669976,-1.670047879,-1.661709905,-1.651415825,-1.645450473,-1.640489936,-1.640645742,-1.638322711,-1.638572335,-1.639248729,-1.636793852,-1.636305451,-1.636913776,-1.63653183,-1.640725851,-1.642189503,-1.642408133,-1.646026134,-1.647029638,-1.650438905,-1.651805639,-1.655880094,-1.655892611,-1.65774703,-1.659692526,-1.661461473,-1.662954092,-1.66419363,-1.668661356,-1.665250897,-1.667947888,-1.67041862,-1.674357057,-1.67308712,-1.67382288,-1.675671339,-1.675563455,-1.677225709,-1.676261544,-1.677378178,-1.679954648,-1.67980814,-1.681579828,-1.681336999,-1.681967378,-1.680867672,-1.680259824,-1.681050539,-1.678754926,-1.679337263,-1.676872015,-1.676240802,-1.675474524,-1.67469883,-1.672669649,-1.671386123,-1.670900345,-1.668789983,-1.670369864,-1.671620488,-1.670503259,-1.669667721,-1.671359301,-1.669531822,-1.671216965,-1.670767307,-1.670963287,-1.670944571,-1.671706796,-1.667051435,-1.6640836,-1.658282995,-1.65155673,-1.657278419,-1.638338447,-1.634504437,-1.62650466,-1.623563886,-1.622558832,-1.622722268,-1.619549274,-1.618474364,-1.619814515,-1.621997952,-1.625867009,-1.622992516,-1.62765789,-1.629322171,-1.630995393,-1.630626202,-1.634152889,-1.636716366,-1.639649034,-1.640700221,-1.643665433,-1.645538092,-1.646482229,-1.650493264,-1.652549863,-1.656225443,-1.658738732,-1.666083932,-1.673692465,-1.679629922,5.25
110,-1.790649652,-1.795343399,-1.776272893,-1.787813187,-1.775699139,-1.785696149,-1.775465488,-1.769520521,-1.760570168,-1.757044196,-1.756378174,-1.763240695,-1.762787104,-1.762080312,-1.753221273,-1.763609648,-1.766292691,-1.764090538,-1.76187849,-1.772264957,-1.773484588,-1.77108109,-1.772698402,-1.77558589,-1.771284819,-1.772976995,-1.775736928,-1.774659395,-1.771656632,-1.768813729,-1.766118646,-1.764951229,-1.761811376,-1.757066846,-1.750169516,-1.741717577,-1.733022094,-1.728728533,-1.72441721,-1.725935698,-1.722622395,-1.722630978,-1.724522114,-1.723340034,-1.720222116,-1.72486186,-1.72468102,-1.724764705,-1.726036429,-1.727108359,-1.729846716,-1.726934791,-1.729098797,-1.728231668,-1.725400805,-1.726731539,-1.724449277,-1.723335028,-1.718401909,-1.717787743,-1.71218574,-1.710723877,-1.706543565,-1.700637937,-1.697695017,-1.693224311,-1.689286947,-1.687026381,-1.682694674,-1.675768018,-1.667043328,-1.657689214,-1.648252249,-1.640469313,-1.633826375,-1.627248883,-1.62607348,-1.624768019,-1.624662399,-1.630930901,-1.620872378,-1.622717142,-1.62356329,-1.623461962,-1.625233054,-1.62708509,-1.629594922,-1.632980347,-1.635524273,-1.636704206,-1.639901996,-1.640719414,-1.640690446,-1.644546509,-1.646469831,-1.650062323,-1.652255774,-1.653397322,-1.65603435,-1.652768016,-1.656766415,-1.656901598,-1.660077214,-1.660492778,-1.662738323,-1.665186644,-1.663440704,-1.66411376,-1.667395353,-1.667538404,-1.669978023,-1.668955326,-1.669733405,-1.668681264,-1.668840051,-1.670538783,-1.668903947,-1.669344544,-1.668507099,-1.66686368,-1.666311979,-1.662471414,-1.665560603,-1.662539363,-1.661353707,-1.660998106,-1.660413861,-1.653966904,-1.658742785,-1.658198118,-1.658124089,-1.659811974,-1.661829472,-1.659417987,-1.659271121,-1.65880537,-1.657811642,-1.657175422,-1.656272173,-1.651329875,-1.650980949,-1.643819213,-1.635830402,-1.639923453,-1.622164249,-1.613391995,-1.606909156,-1.606301069,-1.603029966,-1.602983356,-1.59872818,-1.601849318,-1.604077458,-1.6071136,-1.608477712,-1.610820532,-1.610507846,-1.607712269,-1.612845182,-1.612885356,-1.619099379,-1.616890788,-1.620301485,-1.621230483,-1.626094699,-1.628640652,-1.634730339,-1.645598888,-1.638570428,-1.644938469,-1.650128007,-1.652777076,-1.663772106,-1.666378856,5.05
111,-1.7306844,-1.731198311,-1.726284385,-1.724289656,-1.727399468,-1.736279249,-1.716297746,-1.712193131,-1.713541865,-1.713484406,-1.71119988,-1.717799067,-1.711770654,-1.712638021,-1.718725085,-1.716186523,-1.719690323,-1.719448566,-1.730338335,-1.726804137,-1.728112817,-1.731153369,-1.732832789,-1.736539841,-1.731580257,-1.731826782,-1.727998972,-1.730118632,-1.728558302,-1.729037046,-1.72783041,-1.725491524,-1.723145962,-1.717810154,-1.710082769,-1.696771026,-1.69304347,-1.687583923,-1.686634541,-1.682413697,-1.681707382,-1.687180519,-1.682046175,-1.685137987,-1.684200525,-1.684883833,-1.685360789,-1.686916947,-1.686649919,-1.687095165,-1.689266682,-1.689842939,-1.692139149,-1.6895082,-1.690670729,-1.690782905,-1.688901186,-1.684874773,-1.683885098,-1.680864096,-1.676318407,-1.675158024,-1.669974208,-1.663152218,-1.662891746,-1.65915525,-1.654509425,-1.654234409,-1.64778018,-1.641204596,-1.635678649,-1.626681209,-1.618151546,-1.608142614,-1.602574587,-1.598351359,-1.597276449,-1.596816659,-1.595639467,-1.593880653,-1.595225692,-1.59712851,-1.595797062,-1.595552802,-1.597509265,-1.596772432,-1.599751115,-1.604522824,-1.605221391,-1.610302448,-1.609924316,-1.61406219,-1.616111875,-1.617666125,-1.618234873,-1.621202469,-1.62275815,-1.626329184,-1.626806736,-1.625610709,-1.630997777,-1.630151749,-1.634694457,-1.634764314,-1.634956241,-1.634778857,-1.637881637,-1.640586853,-1.639435053,-1.639843345,-1.639944077,-1.641908288,-1.643120408,-1.642055392,-1.642103553,-1.642675757,-1.643694639,-1.641538024,-1.640755773,-1.640968561,-1.640707374,-1.637221098,-1.639079571,-1.641209006,-1.635258794,-1.634543896,-1.635956287,-1.632617831,-1.633551836,-1.631968975,-1.632016063,-1.632096171,-1.633019447,-1.632067919,-1.633592129,-1.635059476,-1.637861133,-1.635868549,-1.634298444,-1.630958438,-1.629778385,-1.622082472,-1.613620162,-1.609610438,-1.597486496,-1.597092628,-1.585956573,-1.583951354,-1.580832601,-1.582749724,-1.578992009,-1.57904923,-1.584656477,-1.584992766,-1.585401535,-1.585414767,-1.587888598,-1.592627287,-1.594270229,-1.597041011,-1.598270297,-1.599814653,-1.598078012,-1.60473907,-1.605683565,-1.609830499,-1.613550901,-1.613712072,-1.618206739,-1.620684028,-1.62750566,-1.628833652,-1.632061124,-1.647025228,4.65
112,-1.754262805,-1.759644628,-1.745668888,-1.746789455,-1.739938498,-1.741043329,-1.747323155,-1.742281914,-1.726899028,-1.727879643,-1.725905418,-1.726136327,-1.729876518,-1.731928706,-1.735825539,-1.729990602,-1.736340046,-1.73840189,-1.743923783,-1.738374829,-1.743168235,-1.746033907,-1.743780494,-1.743605614,-1.745769978,-1.746854544,-1.741588354,-1.746867776,-1.739737272,-1.737730384,-1.741342783,-1.738358855,-1.734379172,-1.730898738,-1.724176526,-1.709730744,-1.704815269,-1.700275421,-1.699828506,-1.700727344,-1.69639802,-1.698736072,-1.695955276,-1.697813869,-1.695928216,-1.697566152,-1.699704289,-1.700884223,-1.70001471,-1.699209332,-1.70033741,-1.70356667,-1.704493523,-1.702289701,-1.700181961,-1.703557968,-1.700135946,-1.702167034,-1.693482637,-1.694452047,-1.690505981,-1.688161254,-1.680154443,-1.678024411,-1.671994567,-1.6698066,-1.666748643,-1.664307117,-1.660038114,-1.653747678,-1.648647547,-1.640628934,-1.632412195,-1.623859048,-1.620345235,-1.617516518,-1.614508986,-1.612613678,-1.612419367,-1.611748457,-1.6103369,-1.613212228,-1.61184597,-1.611004114,-1.614263654,-1.617930412,-1.616903186,-1.619859099,-1.617436886,-1.622865796,-1.627093673,-1.627167344,-1.627426744,-1.629341125,-1.630623579,-1.633369088,-1.63336432,-1.635290265,-1.638723612,-1.637401342,-1.640908718,-1.642824292,-1.643980742,-1.644629836,-1.64294529,-1.645562172,-1.646350145,-1.646405816,-1.649966955,-1.648814559,-1.648359656,-1.649659276,-1.651905894,-1.652606845,-1.651939034,-1.650412917,-1.649792671,-1.650404215,-1.653829813,-1.651494861,-1.652553201,-1.650838971,-1.650381804,-1.647235394,-1.643994808,-1.644836307,-1.644287109,-1.642712116,-1.64689827,-1.645721316,-1.643640399,-1.642692327,-1.644592643,-1.646217108,-1.646578789,-1.646254063,-1.649267673,-1.645046949,-1.64590764,-1.641298413,-1.642573357,-1.633353591,-1.628299713,-1.629301071,-1.611194849,-1.607618809,-1.604679823,-1.599934816,-1.599029183,-1.596523523,-1.595243931,-1.597440958,-1.599385858,-1.597409129,-1.60340476,-1.604767799,-1.603110313,-1.602976918,-1.60595572,-1.608081222,-1.612065673,-1.612365246,-1.615276694,-1.619602203,-1.621420503,-1.623538971,-1.628308654,-1.631199837,-1.631863236,-1.635532737,-1.639914751,-1.635919452,-1.645268917,-1.655886531,4.8
113,-1.71394074,-1.725215673,-1.696253181,-1.705466509,-1.692241311,-1.706791401,-1.689079404,-1.692030668,-1.687068224,-1.672918916,-1.679987907,-1.687077522,-1.683083057,-1.68516922,-1.672645926,-1.68575263,-1.684458971,-1.683949232,-1.684251189,-1.68852675,-1.695822477,-1.689903259,-1.693084002,-1.69691813,-1.693114042,-1.693986893,-1.692877173,-1.696954012,-1.689885259,-1.688766479,-1.686323285,-1.684757829,-1.68158555,-1.67494607,-1.669101834,-1.66266191,-1.653654456,-1.649188638,-1.644454718,-1.648188472,-1.645304322,-1.642135262,-1.645321012,-1.644657969,-1.642058015,-1.64505744,-1.645022631,-1.646094084,-1.644346356,-1.647497773,-1.650277972,-1.64844203,-1.647624612,-1.648417711,-1.643485427,-1.646632314,-1.644626141,-1.642914653,-1.637856126,-1.637876391,-1.634302616,-1.630373478,-1.626004338,-1.621424794,-1.617569327,-1.614046335,-1.610918045,-1.608760476,-1.603626966,-1.599757671,-1.590469837,-1.581671953,-1.571978092,-1.565628171,-1.558335662,-1.552226782,-1.549338222,-1.548139811,-1.548330069,-1.556915879,-1.546234488,-1.546829343,-1.547171235,-1.547494888,-1.549596906,-1.550769329,-1.554606557,-1.557149529,-1.559694767,-1.56162107,-1.563621759,-1.564734817,-1.565660715,-1.570290089,-1.569687247,-1.57387495,-1.57715559,-1.577245712,-1.579230547,-1.575807452,-1.5818187,-1.58283484,-1.58365953,-1.584267259,-1.586582184,-1.589569926,-1.589223504,-1.586823225,-1.590968609,-1.590523005,-1.593847752,-1.591865778,-1.593379736,-1.591594815,-1.592962503,-1.594264984,-1.592519641,-1.594091892,-1.593652487,-1.592119694,-1.591201544,-1.588592052,-1.589925885,-1.587937117,-1.587750673,-1.587193727,-1.585648179,-1.579122543,-1.583877444,-1.583354473,-1.58305192,-1.582880139,-1.587382555,-1.583828449,-1.584785342,-1.584751368,-1.583498716,-1.582445502,-1.580923915,-1.57698071,-1.576511145,-1.570714593,-1.561092734,-1.56412518,-1.5490731,-1.540095091,-1.533837318,-1.530765891,-1.52834332,-1.529433489,-1.525325894,-1.528571248,-1.531365871,-1.5326823,-1.533624053,-1.535487771,-1.535123467,-1.531166434,-1.539197445,-1.539004803,-1.546316147,-1.543651819,-1.545623541,-1.548578978,-1.552480221,-1.553904057,-1.560714483,-1.571372986,-1.564725161,-1.571309447,-1.577977061,-1.581625104,-1.593292117,-1.595831752,4.75
114,-1.772444725,-1.755405784,-1.764571786,-1.758256316,-1.762355924,-1.752794623,-1.741340876,-1.74837172,-1.734424829,-1.738152266,-1.741418362,-1.743922949,-1.740819812,-1.739324927,-1.742273569,-1.746711612,-1.74443996,-1.749974012,-1.752313852,-1.751793861,-1.759849429,-1.75799036,-1.759942293,-1.761064172,-1.759493351,-1.760888934,-1.75780344,-1.760740161,-1.758255124,-1.753782034,-1.75105536,-1.753878236,-1.743412375,-1.744273782,-1.733377814,-1.725572944,-1.716005564,-1.716321111,-1.706008554,-1.709137321,-1.710579038,-1.708769321,-1.711611152,-1.708045244,-1.708212495,-1.709874034,-1.710195541,-1.710650802,-1.711188912,-1.714370489,-1.714041471,-1.71567142,-1.714936256,-1.716446877,-1.715899825,-1.71688056,-1.714376807,-1.713414788,-1.710826755,-1.706100583,-1.70182991,-1.697471738,-1.693400025,-1.689207911,-1.686472058,-1.681801915,-1.675410986,-1.672023177,-1.667558908,-1.661928058,-1.652018905,-1.640933871,-1.631548882,-1.619141579,-1.614570737,-1.607482672,-1.607119203,-1.605917215,-1.604474425,-1.605616927,-1.602673173,-1.600335717,-1.603942037,-1.602439284,-1.607620716,-1.607481003,-1.609166503,-1.612546325,-1.614841938,-1.61745441,-1.620167851,-1.62377131,-1.624833226,-1.627907872,-1.630364299,-1.632323503,-1.63425076,-1.635399818,-1.639618874,-1.636695147,-1.641970277,-1.64325273,-1.648032308,-1.646140933,-1.647573233,-1.649312019,-1.649022579,-1.651628613,-1.649795651,-1.652473927,-1.655177951,-1.653382897,-1.65506351,-1.656886458,-1.657193899,-1.656651616,-1.654679179,-1.6553514,-1.653001308,-1.653843403,-1.650621295,-1.649976254,-1.651218772,-1.6486516,-1.647938251,-1.645520687,-1.644507647,-1.64109242,-1.64339602,-1.645029664,-1.644899964,-1.642881393,-1.645307183,-1.644715786,-1.644972324,-1.645581603,-1.643270373,-1.643707752,-1.643310547,-1.639194131,-1.636921644,-1.629542351,-1.622768164,-1.619106174,-1.606568933,-1.600899458,-1.593036413,-1.589217424,-1.587136149,-1.588227749,-1.584156513,-1.583193541,-1.584641337,-1.586710334,-1.589848876,-1.588881135,-1.593654037,-1.594450712,-1.59726131,-1.598297477,-1.602237582,-1.603868723,-1.607916474,-1.60832262,-1.611911535,-1.614994526,-1.617513657,-1.621214628,-1.622718215,-1.628850102,-1.630923629,-1.637719035,-1.647860289,-1.653438449,5.3
115,-1.870028377,-1.878023744,-1.858488083,-1.866904378,-1.85878551,-1.869646907,-1.855098367,-1.855501294,-1.848349452,-1.838818312,-1.846424103,-1.851026773,-1.848504305,-1.850776553,-1.836922526,-1.845083833,-1.852327824,-1.849473834,-1.847589731,-1.854999304,-1.857696414,-1.855270505,-1.855757952,-1.858594298,-1.855311871,-1.857109427,-1.856487632,-1.858053803,-1.854759336,-1.851634264,-1.851419449,-1.849618077,-1.845411181,-1.840969563,-1.837245464,-1.828923225,-1.82191503,-1.81870544,-1.813376546,-1.813689947,-1.81360507,-1.813200831,-1.814657927,-1.813581824,-1.811850548,-1.812751055,-1.813941479,-1.814049482,-1.813840866,-1.815157175,-1.816528201,-1.815739512,-1.816147923,-1.816603184,-1.813459158,-1.814594865,-1.812992096,-1.812454224,-1.807852983,-1.807776809,-1.80385375,-1.799291968,-1.796501637,-1.791980505,-1.787899375,-1.783821821,-1.780908823,-1.780630827,-1.774782062,-1.770070076,-1.758942366,-1.751141548,-1.741967916,-1.735748172,-1.728332758,-1.721085668,-1.719189167,-1.717825294,-1.719105244,-1.722928524,-1.715299964,-1.716732025,-1.716486335,-1.71711576,-1.719426036,-1.71948278,-1.723482966,-1.72637701,-1.728175521,-1.73089242,-1.732825637,-1.733938336,-1.735342979,-1.738478661,-1.739456058,-1.741736531,-1.744638801,-1.747011781,-1.748410821,-1.745287061,-1.749691486,-1.750019431,-1.753173947,-1.753212333,-1.754190803,-1.75749898,-1.756948113,-1.755688071,-1.758939266,-1.759480953,-1.761462927,-1.75976944,-1.759814382,-1.76007092,-1.760933518,-1.762151361,-1.758935809,-1.760794163,-1.759207249,-1.758355975,-1.757879138,-1.755942106,-1.757835984,-1.754086614,-1.752149463,-1.752868176,-1.752223611,-1.746692061,-1.749411345,-1.748427272,-1.748563766,-1.749149919,-1.752704382,-1.75132978,-1.750704646,-1.750273824,-1.749452233,-1.746953726,-1.746689558,-1.742161751,-1.740613461,-1.736283779,-1.726284742,-1.721796989,-1.713026047,-1.70388937,-1.696853876,-1.694521666,-1.692023396,-1.690752387,-1.687869191,-1.690675855,-1.69303441,-1.694342136,-1.696525335,-1.698290348,-1.698567271,-1.696591735,-1.70387125,-1.703052163,-1.708737254,-1.708025217,-1.710783362,-1.710615277,-1.714771509,-1.718407393,-1.724775553,-1.732051611,-1.727203131,-1.734335423,-1.738436699,-1.74132669,-1.751084924,-1.755204678,5.35
116,-1.849525213,-1.855282784,-1.851757765,-1.85296607,-1.862278104,-1.847575784,-1.846278429,-1.83930409,-1.836851835,-1.838208914,-1.833661079,-1.836512327,-1.838446975,-1.844518423,-1.835686207,-1.842176318,-1.840257883,-1.847416997,-1.843819022,-1.84747231,-1.849772692,-1.85339129,-1.850100994,-1.852411747,-1.852546573,-1.852097273,-1.851748347,-1.850922704,-1.846496463,-1.84804666,-1.845874906,-1.845868111,-1.841871381,-1.839444518,-1.831015348,-1.825324535,-1.8180058,-1.814536333,-1.813052297,-1.811533809,-1.810682178,-1.809763432,-1.810652733,-1.809101462,-1.809738755,-1.810334563,-1.812744737,-1.812593818,-1.813337207,-1.812169194,-1.814697862,-1.814541459,-1.815031767,-1.814865112,-1.814008236,-1.814260602,-1.8116256,-1.81194818,-1.808334708,-1.806343913,-1.803773284,-1.801181078,-1.796524644,-1.79479444,-1.789765358,-1.786174297,-1.782878876,-1.78241837,-1.777372479,-1.774091125,-1.766326904,-1.758603811,-1.750547171,-1.742726445,-1.73931396,-1.737438321,-1.736103177,-1.732629061,-1.731271386,-1.729590893,-1.729491949,-1.731588602,-1.730369449,-1.729474783,-1.731703043,-1.734518886,-1.734691739,-1.736740112,-1.73849535,-1.742540359,-1.743918896,-1.74451673,-1.745980859,-1.746563196,-1.749560952,-1.752117395,-1.754130125,-1.755865574,-1.758657455,-1.756339788,-1.759322643,-1.760378838,-1.763375401,-1.762952566,-1.764265418,-1.764805913,-1.765330195,-1.766146421,-1.766284108,-1.766123533,-1.767314553,-1.768874645,-1.76864624,-1.767166257,-1.76840353,-1.768903255,-1.768456936,-1.76699996,-1.768595338,-1.767570496,-1.767228723,-1.766276121,-1.765604615,-1.764825225,-1.762240052,-1.763984203,-1.764689088,-1.762729049,-1.763099909,-1.76158905,-1.761831164,-1.760766387,-1.761771441,-1.762982249,-1.760789871,-1.761749983,-1.763222933,-1.760105729,-1.760911465,-1.757085204,-1.754969597,-1.752196312,-1.745626926,-1.742950439,-1.732723832,-1.726993561,-1.722461343,-1.7206949,-1.717703819,-1.715721011,-1.713246107,-1.715511322,-1.718116879,-1.715847373,-1.720388532,-1.720505834,-1.719583511,-1.723428369,-1.725416183,-1.729830742,-1.728814244,-1.732037306,-1.73197341,-1.732485414,-1.736291409,-1.737874031,-1.741895914,-1.746212721,-1.745123744,-1.750354648,-1.754475594,-1.76068604,-1.761147261,-1.771714091,4.55
117,-1.796957493,-1.787388086,-1.783548832,-1.804502845,-1.782690763,-1.781582355,-1.774278879,-1.770414352,-1.766160727,-1.767941952,-1.761360168,-1.762260079,-1.760679841,-1.771967053,-1.763896704,-1.766961336,-1.765818357,-1.768578768,-1.767289281,-1.772859216,-1.772894621,-1.776024699,-1.773983955,-1.77278626,-1.773996234,-1.776189804,-1.769352317,-1.774733305,-1.769973516,-1.768343687,-1.765437484,-1.764755249,-1.757194757,-1.755097151,-1.745791316,-1.738170266,-1.727289081,-1.724306822,-1.72404027,-1.72122407,-1.720611572,-1.722233653,-1.720271587,-1.721814394,-1.720006108,-1.721741915,-1.722082257,-1.722377062,-1.726014137,-1.723730326,-1.725899339,-1.725525856,-1.727302313,-1.727431536,-1.726469874,-1.724482775,-1.72492373,-1.722154856,-1.716633916,-1.716989636,-1.710995436,-1.709011078,-1.702505469,-1.699354768,-1.695657253,-1.691544175,-1.689286232,-1.686908245,-1.68285954,-1.676358819,-1.672383666,-1.661936283,-1.653574944,-1.647142529,-1.642839313,-1.641201854,-1.640885472,-1.638738513,-1.637935162,-1.637387037,-1.636594057,-1.637814522,-1.637865067,-1.637349606,-1.638649821,-1.639600515,-1.64283514,-1.645145416,-1.644159079,-1.6470052,-1.650416255,-1.652468204,-1.652789116,-1.654345632,-1.657339692,-1.658613205,-1.659452677,-1.660184979,-1.661653042,-1.660189629,-1.66588676,-1.666298985,-1.668261886,-1.668993354,-1.671621919,-1.671097398,-1.670114636,-1.672713757,-1.67168057,-1.672966361,-1.671944618,-1.67391181,-1.673407078,-1.674338698,-1.674364805,-1.674711347,-1.676059842,-1.673984647,-1.674869299,-1.673995376,-1.676460505,-1.6729002,-1.671390057,-1.673214316,-1.669879913,-1.668880582,-1.668148041,-1.665974498,-1.667762041,-1.66753006,-1.666774035,-1.66814661,-1.668142915,-1.66669476,-1.66786325,-1.669095635,-1.668293953,-1.66822052,-1.66728127,-1.666301131,-1.663316488,-1.656831622,-1.654224515,-1.661026478,-1.642118812,-1.639814138,-1.633079052,-1.633641958,-1.630035639,-1.627615929,-1.628136754,-1.628034949,-1.630412698,-1.630423665,-1.63246727,-1.63099277,-1.632432699,-1.634508491,-1.634966016,-1.636812449,-1.63906455,-1.638425708,-1.642146468,-1.644946694,-1.647614717,-1.648091435,-1.650891662,-1.657534719,-1.655744433,-1.663043737,-1.664862037,-1.672696471,-1.681400895,-1.687155843,4.7
118,-1.719151974,-1.728273153,-1.726695657,-1.710429192,-1.71901989,-1.728182673,-1.701667547,-1.713911891,-1.70345664,-1.702654719,-1.699902177,-1.696984768,-1.700124741,-1.701132894,-1.702618361,-1.711215377,-1.710025907,-1.707387805,-1.711457729,-1.714792252,-1.715239882,-1.718633294,-1.71919322,-1.723712564,-1.722137451,-1.71975863,-1.714731216,-1.721930504,-1.713115454,-1.717346311,-1.71638608,-1.711054325,-1.706162333,-1.705587745,-1.695195675,-1.685492992,-1.676304579,-1.671729326,-1.6710428,-1.672874451,-1.668733597,-1.66979146,-1.670564175,-1.670482159,-1.669139266,-1.670945048,-1.67263031,-1.672758341,-1.6731143,-1.6770612,-1.675272703,-1.676784754,-1.676983953,-1.677116156,-1.674220085,-1.674193144,-1.674827456,-1.674136043,-1.669809341,-1.667082429,-1.665594935,-1.662794352,-1.654923081,-1.651976824,-1.647269726,-1.643018723,-1.642495751,-1.638073921,-1.635016203,-1.628157258,-1.620436907,-1.611673713,-1.602570415,-1.593446136,-1.590954542,-1.58724761,-1.586936355,-1.582700253,-1.58335042,-1.581100225,-1.57957828,-1.58035028,-1.580269575,-1.582844377,-1.584173679,-1.585173368,-1.58412993,-1.587742209,-1.591022253,-1.593344092,-1.594901443,-1.598560333,-1.597933531,-1.600352287,-1.601132512,-1.603253007,-1.606847644,-1.607831717,-1.610450745,-1.609030843,-1.611842752,-1.611509323,-1.616662502,-1.614835978,-1.615499735,-1.618687272,-1.619533896,-1.618759036,-1.62058413,-1.621236563,-1.622170568,-1.621533871,-1.621830463,-1.623259187,-1.621864915,-1.622592568,-1.620112419,-1.61989975,-1.620390773,-1.620159984,-1.620024323,-1.615825057,-1.616411567,-1.613843679,-1.61413455,-1.614936352,-1.613648772,-1.611306787,-1.611364841,-1.613122702,-1.612105131,-1.611201644,-1.609437466,-1.612552047,-1.61342144,-1.608968019,-1.611147761,-1.610593081,-1.609384418,-1.608650804,-1.605562687,-1.599789739,-1.593390107,-1.587745428,-1.579140902,-1.572903633,-1.566243291,-1.561234593,-1.56056273,-1.560277343,-1.559338093,-1.558463454,-1.560043454,-1.564253807,-1.564866424,-1.566920161,-1.567247152,-1.56869626,-1.570174456,-1.570868015,-1.575576901,-1.573200226,-1.577511072,-1.577637672,-1.582727671,-1.582945824,-1.59017396,-1.594017267,-1.593547225,-1.594950318,-1.600848556,-1.606525421,-1.613357782,-1.619590044,4.7
119,-1.797141314,-1.80405724,-1.799112558,-1.799611449,-1.783659935,-1.792629838,-1.786243558,-1.777792096,-1.770037413,-1.770194411,-1.775764227,-1.768575191,-1.776447415,-1.773081779,-1.770385623,-1.776156902,-1.777361631,-1.777304292,-1.778874397,-1.782257557,-1.780604482,-1.781788111,-1.786571264,-1.782287955,-1.785075307,-1.78267169,-1.787072659,-1.780097961,-1.777627587,-1.776949644,-1.776375055,-1.776332974,-1.77225256,-1.766713262,-1.759947538,-1.753304362,-1.746676207,-1.742730975,-1.737724662,-1.740343928,-1.735021353,-1.737702966,-1.736345053,-1.736035109,-1.737897396,-1.739341855,-1.739768863,-1.739337206,-1.743659258,-1.744017839,-1.744157672,-1.740916133,-1.744280338,-1.743545055,-1.743476152,-1.743865132,-1.738514543,-1.740926147,-1.734931231,-1.735232234,-1.730466962,-1.729960203,-1.721061826,-1.719249606,-1.7144382,-1.711161017,-1.709268808,-1.706542253,-1.700588942,-1.69570148,-1.688954115,-1.676149964,-1.668782234,-1.658323646,-1.65546906,-1.647839785,-1.648789406,-1.642187238,-1.645394564,-1.644486666,-1.64214766,-1.642490864,-1.6444484,-1.645164967,-1.64600718,-1.650491714,-1.650323272,-1.654793262,-1.65322566,-1.656871557,-1.660428762,-1.661139965,-1.662141204,-1.665326834,-1.665878773,-1.670307517,-1.671188354,-1.672602654,-1.677221894,-1.672870755,-1.678190112,-1.678471446,-1.68152833,-1.68211627,-1.682351351,-1.685676575,-1.685440063,-1.685827017,-1.686711192,-1.687034488,-1.688756108,-1.688501596,-1.688863635,-1.688856483,-1.688579798,-1.68718791,-1.687655687,-1.685192108,-1.685726881,-1.685829043,-1.685535312,-1.683851838,-1.68307972,-1.684204221,-1.679849148,-1.680876255,-1.681091189,-1.6798774,-1.681748748,-1.680922985,-1.680340171,-1.676632047,-1.680410385,-1.677108407,-1.679982305,-1.679547906,-1.680774093,-1.675848484,-1.676127195,-1.670531511,-1.672234058,-1.66738534,-1.659074903,-1.650999427,-1.642019153,-1.635701299,-1.628037572,-1.62819922,-1.622965932,-1.621467352,-1.620888591,-1.621700644,-1.624323845,-1.62221992,-1.625584126,-1.627569675,-1.630098939,-1.630574346,-1.634079695,-1.636207104,-1.639571905,-1.642375469,-1.644745588,-1.647208095,-1.649210334,-1.648075223,-1.654280305,-1.659359217,-1.663207769,-1.664643049,-1.669339538,-1.676660657,-1.679431796,-1.688459396,4.9
120,-1.744851232,-1.744459152,-1.750543118,-1.748423576,-1.746896267,-1.753850102,-1.74258101,-1.7346946,-1.734387875,-1.730595946,-1.732910872,-1.744586468,-1.733537912,-1.736376166,-1.740063906,-1.739234924,-1.744757533,-1.743541718,-1.752908111,-1.750804186,-1.750283718,-1.758378506,-1.756199121,-1.758407235,-1.757671475,-1.755813718,-1.754640937,-1.753157616,-1.752365947,-1.753332615,-1.752402544,-1.749889851,-1.747130871,-1.741741657,-1.733401179,-1.724937439,-1.718509316,-1.713487029,-1.711277843,-1.708711267,-1.707922101,-1.713302016,-1.709142447,-1.709026694,-1.709636211,-1.710783839,-1.710733652,-1.713161111,-1.71077466,-1.711950064,-1.715456009,-1.714524627,-1.717387199,-1.715223789,-1.715971708,-1.715687275,-1.7133919,-1.711027145,-1.709579229,-1.705430508,-1.701856256,-1.701182365,-1.695551157,-1.689926624,-1.688189507,-1.685296297,-1.680574536,-1.678664565,-1.674147487,-1.667513251,-1.66246295,-1.652180552,-1.645253062,-1.635913849,-1.628389359,-1.625476241,-1.624095798,-1.623570323,-1.622998476,-1.619500637,-1.620037675,-1.623552799,-1.622918963,-1.621698976,-1.62280345,-1.624094248,-1.622574568,-1.63042295,-1.62970829,-1.635293126,-1.635305166,-1.638984084,-1.640547752,-1.641718268,-1.643756747,-1.645644546,-1.646425366,-1.64944613,-1.650217414,-1.649622321,-1.654269695,-1.653489351,-1.657777548,-1.657100081,-1.658319831,-1.656496406,-1.659721851,-1.661715984,-1.660881996,-1.661899805,-1.66236043,-1.664433837,-1.666018963,-1.665149212,-1.665005922,-1.664480925,-1.664056182,-1.661918998,-1.662798047,-1.662626266,-1.660910726,-1.660061479,-1.661216259,-1.662871838,-1.655609727,-1.656239629,-1.656040311,-1.652558565,-1.654993892,-1.656892538,-1.654374242,-1.654606581,-1.654159069,-1.653706312,-1.653653741,-1.656076074,-1.657916903,-1.656329155,-1.654646158,-1.651809812,-1.65023315,-1.641735315,-1.635541081,-1.637691855,-1.62098825,-1.620278358,-1.610331178,-1.605743051,-1.604189515,-1.60546279,-1.602179885,-1.603514552,-1.60755372,-1.608777523,-1.609689832,-1.608032227,-1.611436844,-1.617126822,-1.615079045,-1.620421886,-1.620952725,-1.621993184,-1.619596243,-1.623636484,-1.626693249,-1.63023603,-1.633632064,-1.631320715,-1.636813879,-1.641031861,-1.646141171,-1.644831896,-1.647948861,-1.662286878,4.9
121,-1.770452261,-1.776570797,-1.7772156,-1.778151274,-1.760319233,-1.766891718,-1.760411024,-1.75627017,-1.743113875,-1.744393706,-1.74674058,-1.744760752,-1.74985218,-1.745993137,-1.743849277,-1.753233552,-1.749244094,-1.750041127,-1.753970861,-1.756054759,-1.753941059,-1.756533146,-1.759293556,-1.758163095,-1.760277033,-1.754593611,-1.762098432,-1.75560987,-1.751765728,-1.751065731,-1.749965906,-1.751214147,-1.746068001,-1.740217447,-1.733821869,-1.725627422,-1.717624545,-1.71374464,-1.708001733,-1.711277843,-1.706133366,-1.709111094,-1.707662106,-1.707980633,-1.707724094,-1.710057378,-1.71118319,-1.711114526,-1.713400006,-1.71411109,-1.715870023,-1.712574244,-1.71557045,-1.715105176,-1.714897633,-1.71423471,-1.710982084,-1.712027073,-1.706633329,-1.70706737,-1.701128006,-1.699645519,-1.691810369,-1.688619375,-1.683627129,-1.68067503,-1.679590464,-1.675425887,-1.668521285,-1.663068056,-1.657386661,-1.643009186,-1.6343472,-1.624597192,-1.620435834,-1.61224246,-1.61169374,-1.606591344,-1.608701944,-1.607382655,-1.60719049,-1.607380867,-1.608993649,-1.609846234,-1.610910773,-1.615596056,-1.615139484,-1.620196462,-1.618273497,-1.622743249,-1.625565648,-1.625968575,-1.629084229,-1.63181901,-1.633391738,-1.637554765,-1.638772488,-1.640731215,-1.644650578,-1.6410743,-1.64572835,-1.645384789,-1.649250984,-1.649578691,-1.650937319,-1.653395057,-1.652416945,-1.654497623,-1.655379057,-1.656440854,-1.657471538,-1.658261657,-1.65881741,-1.65958178,-1.659317136,-1.657799482,-1.658077955,-1.656058192,-1.657075286,-1.65599215,-1.656403065,-1.654141307,-1.654271603,-1.652806282,-1.649729729,-1.650972843,-1.650938272,-1.647860289,-1.649790406,-1.649125457,-1.648568988,-1.645681143,-1.649070144,-1.646446347,-1.649707079,-1.649131179,-1.650216341,-1.646262169,-1.644308805,-1.639441609,-1.640144944,-1.632212877,-1.624567151,-1.620377183,-1.607888341,-1.601477981,-1.594531059,-1.591121912,-1.588511229,-1.58583653,-1.586314321,-1.587188959,-1.589148998,-1.587853074,-1.589390159,-1.592027545,-1.592844129,-1.596773148,-1.602241516,-1.602833509,-1.605692148,-1.606665373,-1.612103462,-1.613152266,-1.615393639,-1.61743331,-1.621359348,-1.628317595,-1.630037665,-1.631772757,-1.637328029,-1.643705249,-1.646757245,-1.659118414,4.9
122,-1.764223933,-1.777447701,-1.76117003,-1.762939215,-1.75765872,-1.767634392,-1.743094683,-1.752877831,-1.744866252,-1.74290669,-1.74039042,-1.739069819,-1.740013838,-1.74401629,-1.746040583,-1.748128057,-1.74924171,-1.746910572,-1.751594067,-1.75286305,-1.757067323,-1.758153558,-1.758196235,-1.762207031,-1.76065588,-1.759526253,-1.756827474,-1.759235859,-1.753804207,-1.756909609,-1.755657554,-1.750589132,-1.746394277,-1.74605906,-1.736449122,-1.725964427,-1.716597915,-1.71260345,-1.709695816,-1.711793423,-1.707888722,-1.709919214,-1.709777474,-1.70834136,-1.709650636,-1.711435914,-1.711505175,-1.710855842,-1.712699294,-1.71779418,-1.714224696,-1.7156955,-1.716591597,-1.716336012,-1.713853717,-1.713396072,-1.712938666,-1.712212801,-1.709258318,-1.705906987,-1.702649832,-1.700402975,-1.691644549,-1.689035535,-1.685752511,-1.680201054,-1.677795172,-1.673807979,-1.669893146,-1.664511561,-1.655102491,-1.64539516,-1.636040926,-1.626426816,-1.623142838,-1.618278742,-1.618895173,-1.615015149,-1.615240097,-1.612795711,-1.613122582,-1.613132119,-1.614337444,-1.616231918,-1.617382646,-1.619478464,-1.619442344,-1.622243404,-1.625821829,-1.628108859,-1.62888658,-1.632028103,-1.632292867,-1.635373116,-1.636572719,-1.637139082,-1.641590357,-1.643435597,-1.646414399,-1.644573212,-1.647691131,-1.647761941,-1.651480079,-1.650681734,-1.651248813,-1.653692961,-1.654244184,-1.65596664,-1.657735944,-1.657211185,-1.658899188,-1.658205032,-1.658414602,-1.659597158,-1.659025431,-1.659122705,-1.658214211,-1.657255769,-1.658845544,-1.657280445,-1.657969117,-1.653911948,-1.654828787,-1.654092789,-1.653392434,-1.652448058,-1.650845647,-1.649256706,-1.649671078,-1.647850752,-1.648323417,-1.647221565,-1.646646023,-1.64897728,-1.649587154,-1.646867633,-1.649122715,-1.650292158,-1.647293687,-1.64399004,-1.642278194,-1.637449384,-1.632978201,-1.629858375,-1.618624568,-1.613032222,-1.605019808,-1.600653172,-1.601790786,-1.602774024,-1.60099268,-1.600543857,-1.600112557,-1.604443789,-1.604777932,-1.606194019,-1.607204199,-1.606208563,-1.60947001,-1.611457348,-1.614967108,-1.61402142,-1.618078232,-1.618688107,-1.62502408,-1.62392664,-1.630057693,-1.633307695,-1.635498047,-1.639367819,-1.643796325,-1.647752166,-1.656912923,-1.659490585,4.85
123,-1.731344819,-1.750939727,-1.739613414,-1.752886891,-1.732090354,-1.741378069,-1.732403398,-1.730588078,-1.721383691,-1.718412399,-1.727135777,-1.718767881,-1.719852209,-1.731256843,-1.721218348,-1.724520087,-1.726753235,-1.726976156,-1.729912162,-1.731602192,-1.735184908,-1.735832572,-1.735822797,-1.732583284,-1.73812747,-1.735952973,-1.731978774,-1.735130191,-1.731523037,-1.72854352,-1.732058406,-1.726785779,-1.723809361,-1.720689535,-1.711115003,-1.702047467,-1.695935369,-1.693138003,-1.69073534,-1.690865278,-1.687576294,-1.686363101,-1.686312437,-1.686925173,-1.686312079,-1.689127922,-1.688460708,-1.690164685,-1.692753673,-1.692146659,-1.694674492,-1.692446589,-1.694980264,-1.694031715,-1.693247676,-1.692416787,-1.69158709,-1.690495729,-1.687501192,-1.684114695,-1.679767132,-1.679502964,-1.672149897,-1.668860555,-1.665117621,-1.659873486,-1.657442093,-1.65618825,-1.651212811,-1.64650929,-1.639009714,-1.625675201,-1.616172671,-1.608467579,-1.600921869,-1.596630096,-1.595695496,-1.592453957,-1.591303945,-1.591083527,-1.589877129,-1.591534853,-1.593556285,-1.591636896,-1.594824672,-1.596542239,-1.599229097,-1.600208402,-1.602593422,-1.60483706,-1.609068394,-1.611531854,-1.612255454,-1.615285873,-1.618929267,-1.619655728,-1.622749209,-1.623164654,-1.628359079,-1.626473427,-1.631039023,-1.630429029,-1.63397944,-1.63357389,-1.634437799,-1.635712266,-1.637827873,-1.638761163,-1.638816833,-1.639892459,-1.640222549,-1.640942931,-1.64081037,-1.642820358,-1.641691685,-1.640204668,-1.641637087,-1.63819921,-1.640499711,-1.640321732,-1.639027834,-1.637756705,-1.639715552,-1.63726294,-1.63480854,-1.635883093,-1.635777116,-1.633293867,-1.632784724,-1.630325317,-1.633401513,-1.633287072,-1.635351419,-1.633819938,-1.633206129,-1.63369,-1.63440764,-1.633130908,-1.631102085,-1.629137635,-1.623816729,-1.620878339,-1.611755729,-1.61317122,-1.593007445,-1.586612582,-1.583341599,-1.578395724,-1.577546477,-1.576679349,-1.573785305,-1.573826432,-1.576565385,-1.578045607,-1.58153975,-1.58162117,-1.584423423,-1.584914565,-1.585005045,-1.588488102,-1.591176391,-1.591323376,-1.59600234,-1.599870682,-1.600896239,-1.604138255,-1.602460384,-1.61033237,-1.613639355,-1.621741891,-1.624809384,-1.632817864,-1.634068251,-1.648891926,4.5
124,-1.85535121,-1.865632534,-1.85349524,-1.860973358,-1.865948319,-1.86284256,-1.84841013,-1.841554046,-1.839640021,-1.839224339,-1.832567334,-1.83427453,-1.838141918,-1.844518423,-1.835760832,-1.841862321,-1.842161775,-1.847312212,-1.84272635,-1.846119881,-1.848989248,-1.851889729,-1.849949598,-1.851903558,-1.853124499,-1.851001978,-1.848956108,-1.85067451,-1.84691906,-1.847354054,-1.846367955,-1.844835281,-1.841253281,-1.838499188,-1.830523252,-1.824550271,-1.816928267,-1.812855124,-1.811450601,-1.809515238,-1.809092045,-1.806747317,-1.808545828,-1.805902719,-1.80756855,-1.807984829,-1.811193585,-1.810538411,-1.811547875,-1.809711695,-1.812217712,-1.811564565,-1.811893344,-1.813154459,-1.811665177,-1.811548948,-1.807847023,-1.81019628,-1.805430532,-1.803078532,-1.800577879,-1.797234893,-1.79308176,-1.790615439,-1.783291101,-1.780496597,-1.776712418,-1.775581121,-1.77047646,-1.766568422,-1.756678343,-1.747125149,-1.737617373,-1.728551269,-1.721473932,-1.721006513,-1.718918562,-1.714559913,-1.713620543,-1.711437941,-1.712123513,-1.714150906,-1.711810708,-1.710653424,-1.714851737,-1.717817068,-1.718733191,-1.72165978,-1.723145366,-1.727449656,-1.729207516,-1.731072783,-1.732653499,-1.735219717,-1.738218665,-1.740730762,-1.742304325,-1.745030403,-1.748454571,-1.746512294,-1.749591112,-1.751536489,-1.753027916,-1.753801942,-1.756316543,-1.755654335,-1.757144451,-1.756961942,-1.757420063,-1.758456707,-1.760874033,-1.761880159,-1.761961818,-1.76137054,-1.760511637,-1.761020541,-1.760985136,-1.760631919,-1.762029052,-1.759666681,-1.759663939,-1.758788824,-1.758614659,-1.756908894,-1.754180074,-1.756124616,-1.75574708,-1.754673481,-1.753531814,-1.752844453,-1.753199816,-1.752991676,-1.752299428,-1.755559325,-1.753649831,-1.753730774,-1.755728841,-1.751164794,-1.752652407,-1.748182535,-1.744015455,-1.742184043,-1.733589649,-1.724754095,-1.716147661,-1.708586574,-1.702140808,-1.70054698,-1.696849346,-1.692144156,-1.69089663,-1.693704605,-1.696336269,-1.695309162,-1.700052261,-1.700830698,-1.699704885,-1.703609467,-1.706285477,-1.710358739,-1.711995721,-1.713163853,-1.715193629,-1.714718223,-1.720551491,-1.722107768,-1.724410057,-1.729900718,-1.732496142,-1.735750794,-1.740214825,-1.749051452,-1.747926712,-1.76312995,4.65
125,-1.866582751,-1.862748742,-1.852971554,-1.849787951,-1.859251976,-1.871079445,-1.856367707,-1.847486854,-1.84635222,-1.836374998,-1.840171337,-1.836954355,-1.846492171,-1.843129039,-1.844931245,-1.841433406,-1.848083973,-1.844997406,-1.851742387,-1.851379156,-1.853085995,-1.853633404,-1.85311377,-1.854557514,-1.856394053,-1.854022861,-1.852626443,-1.853960037,-1.851114869,-1.848873734,-1.848523736,-1.846229434,-1.843896627,-1.842363596,-1.834345102,-1.825907946,-1.819944859,-1.814525127,-1.812071085,-1.813018203,-1.813727736,-1.812229156,-1.812936902,-1.811924934,-1.811104655,-1.813013554,-1.81392014,-1.813337564,-1.814291,-1.815822244,-1.817405105,-1.815791607,-1.818113446,-1.816583395,-1.816911459,-1.816655636,-1.815517545,-1.815151215,-1.81162715,-1.812392592,-1.805351377,-1.802607894,-1.798454285,-1.794607759,-1.790061831,-1.787086844,-1.784086108,-1.783118844,-1.778298497,-1.773525357,-1.766971588,-1.755590439,-1.746328712,-1.736466527,-1.729879737,-1.724942923,-1.723621845,-1.722035885,-1.718287587,-1.719604254,-1.716332316,-1.718545198,-1.718627453,-1.720402598,-1.721441627,-1.723906279,-1.724979639,-1.727711201,-1.731363177,-1.733463645,-1.734972596,-1.736981034,-1.740581512,-1.743113756,-1.744831681,-1.747796893,-1.75070107,-1.752713799,-1.755390763,-1.753919005,-1.755385518,-1.754753828,-1.757904053,-1.759593964,-1.761387825,-1.762430668,-1.761715531,-1.763102055,-1.7635324,-1.765332341,-1.765258074,-1.76612711,-1.76600194,-1.766994238,-1.766111612,-1.765952349,-1.765084505,-1.764832377,-1.763658643,-1.764511347,-1.765430689,-1.76224649,-1.763366103,-1.763087392,-1.760271907,-1.760764241,-1.760616422,-1.758141398,-1.757539511,-1.757041931,-1.757280827,-1.757383943,-1.758992434,-1.759961724,-1.759047985,-1.760436058,-1.760577917,-1.758336186,-1.758684993,-1.752312183,-1.750330567,-1.744596124,-1.737816453,-1.73088479,-1.720639467,-1.714550614,-1.703840733,-1.699574232,-1.700806499,-1.695881367,-1.696087599,-1.697002053,-1.698598266,-1.697669625,-1.699772835,-1.70426178,-1.706832051,-1.708504319,-1.709612727,-1.711373448,-1.715282559,-1.716404557,-1.719795585,-1.723095179,-1.724064469,-1.725983024,-1.72776413,-1.732803106,-1.737225652,-1.742842793,-1.746326208,-1.749585986,-1.757450223,-1.764356136,4.55
126,-1.855314255,-1.855897665,-1.84376955,-1.857458949,-1.837884068,-1.834556103,-1.828412652,-1.822654366,-1.823939204,-1.823601246,-1.814935803,-1.815097332,-1.813618779,-1.825834632,-1.816261172,-1.821070194,-1.817470431,-1.822922349,-1.819414735,-1.820527196,-1.824005604,-1.824540734,-1.824747443,-1.824334025,-1.8246243,-1.824847579,-1.816203356,-1.826628685,-1.822385073,-1.820129991,-1.814441681,-1.814824343,-1.807200193,-1.805615425,-1.796019316,-1.791480064,-1.777320385,-1.778329372,-1.775374055,-1.773719192,-1.771051645,-1.773927569,-1.772425771,-1.772225142,-1.772053957,-1.773043036,-1.772474885,-1.77382493,-1.774837732,-1.775715947,-1.776642084,-1.776467919,-1.77808702,-1.778149366,-1.776779771,-1.774539113,-1.775619626,-1.772298098,-1.769699812,-1.768804908,-1.762121558,-1.759509802,-1.753853083,-1.749701738,-1.74549222,-1.742888212,-1.73972857,-1.736113071,-1.732127786,-1.727009773,-1.720800042,-1.711427093,-1.70178628,-1.694301367,-1.691069961,-1.687752366,-1.685797453,-1.68532896,-1.682665944,-1.682803988,-1.682382464,-1.682730794,-1.681711912,-1.682516694,-1.68485105,-1.686211824,-1.688353181,-1.690959334,-1.690472722,-1.694594502,-1.697739005,-1.701202869,-1.699099779,-1.701100469,-1.704969287,-1.705834985,-1.708463073,-1.709732294,-1.710618138,-1.710404038,-1.71519053,-1.716063499,-1.717050076,-1.717166543,-1.721835494,-1.720560312,-1.720990777,-1.722487211,-1.722934604,-1.723424673,-1.722455859,-1.725289226,-1.723700166,-1.724259615,-1.724755883,-1.72567904,-1.72791934,-1.724654436,-1.725300789,-1.724863648,-1.726837158,-1.723679662,-1.72133553,-1.723756909,-1.721093535,-1.720434666,-1.719667196,-1.719421864,-1.718516588,-1.717899919,-1.717637539,-1.719643831,-1.719186068,-1.718026161,-1.718583465,-1.720947146,-1.720810413,-1.718428373,-1.719221234,-1.716537833,-1.711699009,-1.708013654,-1.703755021,-1.696445107,-1.690787435,-1.685490489,-1.679259062,-1.679874778,-1.673876524,-1.672281265,-1.673724055,-1.673040271,-1.674234509,-1.675486088,-1.677298307,-1.67562592,-1.677073598,-1.679117799,-1.681819677,-1.683343291,-1.687548518,-1.686254144,-1.69064045,-1.693263531,-1.696569085,-1.696624041,-1.698153257,-1.705377817,-1.705442905,-1.712278962,-1.715071201,-1.722764373,-1.733167052,-1.739766717,4.85
127,-1.781151891,-1.792432785,-1.780723333,-1.790163517,-1.778013349,-1.791584492,-1.764550805,-1.762557507,-1.757626891,-1.756006956,-1.758936882,-1.753977656,-1.755010128,-1.763087511,-1.763237834,-1.756898403,-1.764279962,-1.763230085,-1.764652967,-1.765064716,-1.769256473,-1.768490672,-1.770771861,-1.767566562,-1.771760345,-1.771500826,-1.764210463,-1.769364595,-1.764601707,-1.765124202,-1.763812065,-1.762583375,-1.756196976,-1.75486052,-1.744511485,-1.735013604,-1.726908565,-1.725199103,-1.723200321,-1.722753048,-1.718544602,-1.716932893,-1.719073296,-1.717509151,-1.718031883,-1.720725298,-1.720919728,-1.721891522,-1.724852324,-1.722611547,-1.725996852,-1.723355293,-1.726848245,-1.724439144,-1.72394526,-1.723102927,-1.723344922,-1.72111702,-1.718357205,-1.715492129,-1.71030724,-1.709441066,-1.702126265,-1.698673129,-1.693652034,-1.689900398,-1.68713963,-1.681459427,-1.67965579,-1.676088333,-1.668272376,-1.656532764,-1.647306442,-1.641056418,-1.635909438,-1.630725741,-1.629604816,-1.628394961,-1.626567364,-1.626761079,-1.625958562,-1.626978755,-1.627497911,-1.625856161,-1.629076481,-1.630328536,-1.63328445,-1.634030104,-1.636284351,-1.638278484,-1.640927911,-1.641520143,-1.643495202,-1.646646976,-1.649489164,-1.649796963,-1.652480483,-1.652404189,-1.657306433,-1.656980991,-1.661319852,-1.661524892,-1.663471341,-1.663113594,-1.663143992,-1.664563298,-1.666817188,-1.666520834,-1.667783856,-1.668535352,-1.668986797,-1.669840574,-1.66896832,-1.67131114,-1.670178533,-1.668817401,-1.670894742,-1.668084025,-1.670315027,-1.669926167,-1.669956923,-1.668038368,-1.670443177,-1.667028785,-1.665367126,-1.665579557,-1.664169669,-1.661460519,-1.662883043,-1.660349607,-1.663289785,-1.662415028,-1.664663196,-1.661973715,-1.663578868,-1.664326429,-1.662937284,-1.66220808,-1.661026716,-1.659505367,-1.655408263,-1.650375366,-1.642993927,-1.637024522,-1.629318118,-1.623527884,-1.620079279,-1.614488363,-1.615520954,-1.614177942,-1.611311078,-1.612753034,-1.614538431,-1.61420095,-1.61841929,-1.615980506,-1.620649099,-1.618536592,-1.621123314,-1.62376678,-1.626409411,-1.628008604,-1.631443143,-1.634430408,-1.633451462,-1.639339566,-1.638282895,-1.646005869,-1.647013664,-1.655627847,-1.659980655,-1.667891502,-1.669401646,-1.683341384,4.65
128,-1.806864738,-1.811750293,-1.804137588,-1.804858804,-1.785712719,-1.798173904,-1.789677024,-1.785428405,-1.781985998,-1.776402831,-1.783320427,-1.780785203,-1.786331654,-1.780426979,-1.778543115,-1.782597065,-1.78721571,-1.785488725,-1.788581014,-1.789323926,-1.791278839,-1.790631056,-1.794151902,-1.793031931,-1.796635866,-1.791635871,-1.798891902,-1.78896606,-1.789156795,-1.788193703,-1.787312627,-1.786495924,-1.782567024,-1.778759122,-1.77235353,-1.767219305,-1.761369228,-1.758780837,-1.755505443,-1.757188439,-1.752809882,-1.755354524,-1.754216194,-1.753197312,-1.754948974,-1.756759524,-1.75666666,-1.756360412,-1.758697867,-1.761141658,-1.760444999,-1.756666064,-1.759688258,-1.760223269,-1.759871006,-1.760860324,-1.756631017,-1.757308602,-1.75197649,-1.754135251,-1.749822617,-1.74913156,-1.74275589,-1.741754651,-1.73815465,-1.736305356,-1.734362841,-1.733341217,-1.728479505,-1.724425435,-1.719284296,-1.70955503,-1.703594565,-1.697908044,-1.694952488,-1.688856602,-1.689306021,-1.683310986,-1.685886502,-1.68522191,-1.684386969,-1.683383226,-1.686344624,-1.686235428,-1.686209083,-1.689815998,-1.690320611,-1.694701552,-1.692505479,-1.695779204,-1.69797349,-1.699493885,-1.70087266,-1.702590704,-1.702065706,-1.705584764,-1.707381487,-1.709933162,-1.711184978,-1.707097888,-1.710980296,-1.711859584,-1.714018345,-1.714545727,-1.715378642,-1.716950417,-1.716094494,-1.717632413,-1.716833115,-1.718845367,-1.719068766,-1.720164895,-1.720253348,-1.721350193,-1.721964955,-1.719769716,-1.720737934,-1.718558073,-1.718115091,-1.719503641,-1.719475269,-1.717827439,-1.717644572,-1.717891812,-1.714688659,-1.716458917,-1.716921091,-1.714525223,-1.715761423,-1.715395212,-1.714810133,-1.713111639,-1.715267539,-1.712848783,-1.715283036,-1.714825392,-1.71546793,-1.712247729,-1.712070942,-1.707914352,-1.707804799,-1.704004049,-1.699039221,-1.695409179,-1.6854527,-1.679734707,-1.672793984,-1.672236323,-1.669190884,-1.668318033,-1.667029619,-1.668056488,-1.668264031,-1.668327928,-1.670427799,-1.671192527,-1.672846437,-1.675410628,-1.678478241,-1.681085706,-1.681321621,-1.683756351,-1.686228991,-1.687916994,-1.68933928,-1.689841986,-1.694111228,-1.697298527,-1.700274348,-1.700877666,-1.704113483,-1.711456656,-1.711657047,-1.717583418,4.7
129,-1.80451107,-1.813825965,-1.805864215,-1.795989275,-1.796179652,-1.808030605,-1.788194537,-1.796263099,-1.787402391,-1.787856698,-1.778951883,-1.778983831,-1.786710739,-1.782984257,-1.789286971,-1.790703654,-1.790683866,-1.790806413,-1.794032335,-1.793946981,-1.800441265,-1.801486015,-1.799620271,-1.804641366,-1.802888274,-1.800870895,-1.799437642,-1.801136851,-1.795963407,-1.798864007,-1.797216654,-1.793466926,-1.788951874,-1.787776828,-1.781781912,-1.768947721,-1.763171673,-1.759230733,-1.757429719,-1.758875966,-1.755017281,-1.756426454,-1.757061481,-1.755781531,-1.756894946,-1.757182479,-1.758648872,-1.758152008,-1.759641886,-1.762104034,-1.762121797,-1.762027502,-1.762494326,-1.763748646,-1.760544419,-1.760939956,-1.760474801,-1.760125041,-1.755733609,-1.753559351,-1.752349257,-1.748827457,-1.742601633,-1.739704132,-1.73575151,-1.730754256,-1.730269194,-1.725434542,-1.722545505,-1.716140389,-1.708951712,-1.699760079,-1.691121817,-1.682293177,-1.677855015,-1.673984885,-1.674389839,-1.670480609,-1.671544194,-1.669528127,-1.668147802,-1.669136286,-1.668861866,-1.670682669,-1.67281425,-1.673596263,-1.673680425,-1.677966833,-1.680853724,-1.6829772,-1.684065461,-1.68642807,-1.688322663,-1.690925837,-1.690844655,-1.69385457,-1.696666002,-1.697746038,-1.701220274,-1.699659944,-1.701977968,-1.701869726,-1.706107974,-1.705288649,-1.706872463,-1.708237648,-1.709353447,-1.709509373,-1.712296247,-1.711412549,-1.712847352,-1.71280992,-1.71340549,-1.713983297,-1.711527348,-1.713025451,-1.712769628,-1.712275743,-1.711906672,-1.712425828,-1.71318686,-1.70904088,-1.70936501,-1.705765367,-1.708047628,-1.708646178,-1.705756903,-1.703738928,-1.703872561,-1.703998923,-1.70433569,-1.702410579,-1.702842236,-1.704814792,-1.704548836,-1.702213407,-1.703847528,-1.70406127,-1.702068448,-1.699971557,-1.69653976,-1.693159819,-1.687405944,-1.679207921,-1.672076821,-1.665093184,-1.657993436,-1.654416919,-1.652446985,-1.652114987,-1.651018739,-1.649707079,-1.651221514,-1.653128028,-1.655665159,-1.656999826,-1.658539414,-1.659887314,-1.663249016,-1.664556146,-1.666818738,-1.666210413,-1.67203021,-1.670772552,-1.676609039,-1.677070856,-1.682683706,-1.686812758,-1.688106656,-1.688340664,-1.692346096,-1.699653149,-1.704208612,-1.711519837,4.5
130,-1.681101203,-1.683585644,-1.690640569,-1.683328629,-1.670487046,-1.676741123,-1.675660372,-1.669521689,-1.652432919,-1.6622051,-1.663253307,-1.657362461,-1.662200928,-1.659395814,-1.656776786,-1.668456197,-1.665438771,-1.664306879,-1.667832851,-1.673668981,-1.66817832,-1.672434092,-1.674758434,-1.673796415,-1.674117923,-1.67220211,-1.675798893,-1.669509053,-1.669326901,-1.664296269,-1.665926337,-1.666418433,-1.66060245,-1.654513121,-1.648959041,-1.642098188,-1.632264733,-1.627441645,-1.624934077,-1.626764059,-1.621214151,-1.624865294,-1.622996807,-1.625039577,-1.623545527,-1.624386549,-1.626881599,-1.626682281,-1.629455328,-1.628606558,-1.630783319,-1.62836051,-1.630442142,-1.629802823,-1.630012751,-1.630113721,-1.624139786,-1.629055023,-1.620923281,-1.622505903,-1.616201282,-1.615733862,-1.607119203,-1.603123307,-1.600076556,-1.596037507,-1.595392466,-1.591151953,-1.585500956,-1.57793951,-1.572093368,-1.558645964,-1.550365686,-1.541070461,-1.536452293,-1.528695941,-1.529638767,-1.524245381,-1.524556875,-1.523922563,-1.524469614,-1.52399087,-1.527333379,-1.526222229,-1.526916981,-1.533107519,-1.532240272,-1.535888553,-1.533887506,-1.538455606,-1.541412711,-1.542236447,-1.543968916,-1.547503352,-1.548602462,-1.552207112,-1.553999424,-1.555966496,-1.560524464,-1.556382298,-1.560780048,-1.560285807,-1.564740062,-1.566307068,-1.566122055,-1.568820715,-1.567416549,-1.570388198,-1.569848299,-1.572344899,-1.571763635,-1.572459221,-1.573372364,-1.573861718,-1.573711872,-1.571677566,-1.572593689,-1.570652843,-1.571875691,-1.572546959,-1.572063327,-1.570438147,-1.569792747,-1.568755746,-1.56592977,-1.566338062,-1.566583991,-1.563272119,-1.565934539,-1.56577301,-1.563964367,-1.561927557,-1.564495444,-1.561860681,-1.56576848,-1.565382242,-1.564962864,-1.56372416,-1.561682105,-1.55611372,-1.556177258,-1.550819755,-1.543457747,-1.541561246,-1.527168632,-1.521657705,-1.516175628,-1.515153527,-1.512562752,-1.511796474,-1.508411884,-1.510982275,-1.511811018,-1.510254145,-1.514112115,-1.51410234,-1.515290618,-1.516716719,-1.522048831,-1.523142219,-1.525272846,-1.525566816,-1.530142188,-1.531039715,-1.534438014,-1.537146211,-1.541656733,-1.547084928,-1.546930552,-1.549307823,-1.552562237,-1.558532476,-1.566358805,-1.572383642,4.5
131,-1.724861264,-1.72721827,-1.726578832,-1.727626085,-1.721328378,-1.714195848,-1.725423813,-1.707539082,-1.705082178,-1.701127768,-1.704301238,-1.705506325,-1.703490734,-1.708517551,-1.709137559,-1.710278749,-1.713830352,-1.714250445,-1.716967821,-1.717905283,-1.722684383,-1.718550801,-1.722534299,-1.723055124,-1.720799685,-1.722597122,-1.72753489,-1.718544483,-1.718449116,-1.717591286,-1.712785125,-1.713418126,-1.711274385,-1.705081105,-1.698368788,-1.688580632,-1.680695891,-1.673217058,-1.671044111,-1.671700001,-1.668760777,-1.673350334,-1.669516206,-1.672286391,-1.671007633,-1.670093179,-1.67362833,-1.67312479,-1.674294829,-1.678740025,-1.677574039,-1.677287817,-1.678260326,-1.676388502,-1.679801702,-1.67690599,-1.675536752,-1.675476074,-1.667221665,-1.667821288,-1.662500501,-1.659618497,-1.655152202,-1.648754239,-1.640610695,-1.639863491,-1.633341312,-1.632300138,-1.625910997,-1.618540645,-1.610859513,-1.602269769,-1.589513659,-1.579231262,-1.576196194,-1.570863843,-1.570360303,-1.565205455,-1.565192103,-1.565411925,-1.562192678,-1.566191912,-1.565295219,-1.564584732,-1.566429377,-1.568959951,-1.569629192,-1.574323654,-1.577703357,-1.578840494,-1.580390215,-1.583187938,-1.583855033,-1.585578799,-1.590189099,-1.592648387,-1.593787432,-1.596180439,-1.600413442,-1.598112822,-1.601914406,-1.603382945,-1.605512023,-1.606767654,-1.608992934,-1.609507561,-1.609959126,-1.611704588,-1.611153126,-1.613131046,-1.613363862,-1.612467766,-1.615959048,-1.614972591,-1.615127921,-1.615647435,-1.614833832,-1.614954591,-1.614238381,-1.613451481,-1.613560319,-1.613876224,-1.612909675,-1.611527562,-1.609238744,-1.610749125,-1.609392881,-1.606100559,-1.607816339,-1.604301214,-1.601631999,-1.602889657,-1.604282856,-1.602982998,-1.60468924,-1.605458498,-1.603963733,-1.600426674,-1.603838563,-1.597421885,-1.595376253,-1.591462016,-1.584293723,-1.588794827,-1.570813179,-1.565415263,-1.558943272,-1.555206537,-1.555117965,-1.553831697,-1.553513765,-1.55246377,-1.55476594,-1.556676865,-1.558009982,-1.556882501,-1.561000109,-1.564330101,-1.56276679,-1.566177011,-1.569913387,-1.568081856,-1.571540833,-1.571968913,-1.573250771,-1.579102039,-1.579623699,-1.583634973,-1.588929296,-1.592798948,-1.596038222,-1.606585264,-1.608910203,-1.620173097,4.4
132,-1.742788196,-1.727125168,-1.745400667,-1.738256097,-1.728178501,-1.728474975,-1.714119673,-1.719774246,-1.709651113,-1.7078861,-1.710593104,-1.716584682,-1.713394284,-1.710114717,-1.716089487,-1.720250607,-1.714233875,-1.723984599,-1.721687913,-1.725081563,-1.729429364,-1.730430603,-1.730601192,-1.730527997,-1.730226636,-1.729274631,-1.728966594,-1.732392669,-1.728278041,-1.725153565,-1.720774651,-1.724475503,-1.717530131,-1.715325594,-1.705439329,-1.697842002,-1.689376235,-1.688744187,-1.68152225,-1.684042931,-1.6834656,-1.68261683,-1.685500145,-1.683829784,-1.683144212,-1.684834838,-1.684197068,-1.684908032,-1.687206149,-1.687330246,-1.688096881,-1.688928366,-1.688532114,-1.689254045,-1.689459324,-1.689935684,-1.686638713,-1.686593533,-1.680086017,-1.679371238,-1.676277399,-1.671670675,-1.668945193,-1.664925337,-1.661224961,-1.657337427,-1.652035952,-1.647799373,-1.644841075,-1.639032245,-1.631010532,-1.62051475,-1.612015247,-1.602046728,-1.597602248,-1.591708899,-1.592369676,-1.589673638,-1.590370536,-1.590689898,-1.58872056,-1.588809133,-1.588795185,-1.588378906,-1.592540741,-1.593712211,-1.593850851,-1.59763217,-1.597875237,-1.601154685,-1.602807999,-1.606889367,-1.60741663,-1.6092453,-1.61172545,-1.614064455,-1.615501642,-1.617055655,-1.621482253,-1.619059205,-1.62262547,-1.625104189,-1.629191518,-1.628944516,-1.630132198,-1.629860878,-1.631342769,-1.633047462,-1.632886648,-1.632752061,-1.636416793,-1.63637054,-1.637395978,-1.636960626,-1.6372931,-1.636216402,-1.637155056,-1.638221502,-1.635660529,-1.636958003,-1.633942008,-1.631656051,-1.633059502,-1.630107403,-1.628003359,-1.627746701,-1.627701283,-1.625673532,-1.625659823,-1.627303958,-1.627558351,-1.626494169,-1.62796545,-1.627430797,-1.628958702,-1.628732204,-1.626225352,-1.62800324,-1.62863946,-1.623749614,-1.622017503,-1.614798546,-1.607884169,-1.619165778,-1.595256805,-1.59116888,-1.581502199,-1.581744552,-1.580102801,-1.579803824,-1.577634811,-1.574866772,-1.577572823,-1.578351378,-1.584151745,-1.579455018,-1.583738804,-1.584623456,-1.586650729,-1.587249517,-1.591211677,-1.591544747,-1.595891118,-1.59683907,-1.598271489,-1.598991871,-1.603657007,-1.607728124,-1.60864222,-1.612468004,-1.615413308,-1.622205973,-1.629237294,-1.636954904,4.5
133,-1.827365994,-1.834174395,-1.829842329,-1.820397854,-1.82673192,-1.817457795,-1.819293737,-1.806172371,-1.803666115,-1.80942297,-1.805176616,-1.809058666,-1.804345131,-1.805949688,-1.807796478,-1.809351563,-1.812242508,-1.813364744,-1.815446019,-1.815211892,-1.81886375,-1.817923903,-1.818538904,-1.819753766,-1.818002582,-1.818752885,-1.818638325,-1.816205621,-1.816230178,-1.814505577,-1.809758186,-1.810647249,-1.808624864,-1.802596331,-1.795944452,-1.786396027,-1.781783462,-1.776763678,-1.774021745,-1.77415216,-1.773161411,-1.77487123,-1.772883058,-1.774338961,-1.773870349,-1.773187876,-1.77550149,-1.774890184,-1.777255416,-1.778639793,-1.778649569,-1.779022336,-1.779770136,-1.778776884,-1.779708147,-1.77746594,-1.776926756,-1.776335359,-1.771143198,-1.770398974,-1.764590383,-1.763110876,-1.759451389,-1.753755093,-1.748324752,-1.746299982,-1.741487861,-1.737956047,-1.733973145,-1.728504181,-1.721089959,-1.712002635,-1.699280858,-1.687997699,-1.683210611,-1.67803967,-1.676516175,-1.672283292,-1.670711279,-1.671417832,-1.669484138,-1.672632098,-1.670333982,-1.670181036,-1.673236609,-1.673747778,-1.676097631,-1.679793715,-1.683481216,-1.686286449,-1.688928604,-1.690258741,-1.691833377,-1.69367075,-1.698087335,-1.700945973,-1.702293038,-1.703292847,-1.708276272,-1.707542062,-1.71180141,-1.711351633,-1.714317083,-1.715327978,-1.717102528,-1.717607617,-1.719420314,-1.719496489,-1.719944477,-1.721171737,-1.721056223,-1.719610214,-1.722493649,-1.722464204,-1.722573638,-1.723005533,-1.722681522,-1.72236073,-1.721163273,-1.720664859,-1.720913172,-1.720540047,-1.719634771,-1.719084501,-1.716855526,-1.717590809,-1.715804815,-1.7128582,-1.713521242,-1.710956097,-1.709335208,-1.710316062,-1.711974978,-1.710534096,-1.711766243,-1.711631894,-1.710684896,-1.708003163,-1.708328366,-1.703307629,-1.70233655,-1.695811987,-1.687478423,-1.680361867,-1.669141531,-1.661368012,-1.652127504,-1.648168206,-1.64517355,-1.644708633,-1.644507408,-1.642724395,-1.645884871,-1.648874283,-1.648792386,-1.648676157,-1.652644277,-1.657313108,-1.658026814,-1.662354827,-1.665070176,-1.666323185,-1.671247125,-1.670948744,-1.671907306,-1.676119089,-1.680340052,-1.684556365,-1.688862443,-1.691505075,-1.697654605,-1.704956889,-1.711132407,-1.720841765,4.5
134,-1.826476812,-1.825760126,-1.814522743,-1.817921162,-1.817675471,-1.813764572,-1.815176368,-1.812477708,-1.803659201,-1.800243139,-1.810158849,-1.803881407,-1.805591345,-1.805796981,-1.805699468,-1.807390213,-1.811321735,-1.813089132,-1.812858462,-1.814316273,-1.816603661,-1.817758322,-1.820318818,-1.821018815,-1.822510719,-1.819216609,-1.820389032,-1.821503758,-1.817258954,-1.819051266,-1.813529015,-1.81229341,-1.812252164,-1.810180902,-1.800581813,-1.794915199,-1.784756422,-1.785155892,-1.783631444,-1.780724883,-1.781600595,-1.779978275,-1.781250119,-1.780991793,-1.782686949,-1.782040238,-1.782639503,-1.781879306,-1.779981971,-1.78461659,-1.786824107,-1.786991239,-1.786484718,-1.785818338,-1.785968542,-1.785645962,-1.783689737,-1.783249736,-1.781245589,-1.776949763,-1.774631262,-1.770222783,-1.768625498,-1.7644701,-1.761765957,-1.759239554,-1.756472826,-1.754466653,-1.750238299,-1.745220661,-1.739762545,-1.731595993,-1.724195719,-1.717502475,-1.713704228,-1.708763719,-1.706190705,-1.705932856,-1.707914352,-1.704591751,-1.703615785,-1.703438878,-1.705936551,-1.706785083,-1.708997607,-1.708793044,-1.710830212,-1.713677287,-1.71512568,-1.717257619,-1.71874392,-1.719961882,-1.721015692,-1.72349,-1.725012541,-1.726744294,-1.727947235,-1.72907877,-1.729868054,-1.730799079,-1.731787443,-1.734844208,-1.737556219,-1.737144113,-1.738709331,-1.737933636,-1.739519477,-1.739469409,-1.741592169,-1.740962029,-1.741349697,-1.742868185,-1.742601871,-1.742140412,-1.742768645,-1.741457939,-1.743376732,-1.744513988,-1.742237091,-1.744170547,-1.742467284,-1.741961122,-1.740848422,-1.740106821,-1.739216328,-1.738887548,-1.73837769,-1.736449599,-1.736464381,-1.737538218,-1.73766613,-1.737427711,-1.737779021,-1.738423944,-1.738332987,-1.736379623,-1.735642195,-1.734191895,-1.735237837,-1.73142159,-1.729971051,-1.727677464,-1.72159183,-1.714964747,-1.70806694,-1.702200055,-1.69826901,-1.696478963,-1.695651412,-1.696413875,-1.69547379,-1.696292877,-1.697726011,-1.695822954,-1.696439505,-1.69648087,-1.699566841,-1.701306701,-1.702407241,-1.702326417,-1.704896092,-1.708147168,-1.708970904,-1.711090803,-1.712615609,-1.714863777,-1.713902473,-1.718763351,-1.721995234,-1.724349499,-1.726864457,-1.733259082,-1.734933496,-1.743092418,3.95
