,381,384,387,390,393,396,399,402,405,408,411,414,417,420,423,426,429,432,435,438,441,444,447,450,453,456,459,462,465,468,471,474,477,480,483,486,489,492,495,498,501,504,507,510,513,516,519,522,525,528,531,534,537,540,543,546,549,552,555,558,561,564,567,570,573,576,579,582,585,588,591,594,597,600,603,606,609,612,615,618,621,624,627,630,633,636,639,642,645,648,651,654,657,660,663,666,669,672,675,678,681,684,687,690,693,696,699,702,705,708,711,714,717,720,723,726,729,732,735,738,741,744,747,750,753,756,759,762,765,768,771,774,777,780,783,786,789,792,795,798,801,804,807,810,813,816,819,822,825,828,831,834,837,840,843,846,849,852,855,858,861,864,867,870,873,876,879,882,885,888,891,894,897,900,903,906,909,912,915,918,921,924,927,930,933,936,939,942,945,948,951,954,957,960,963,966,969,972,975,978,981,984,987,990,993,996,999,1002,1005,1008,1011,1014,1017,1020,1023,1026,1029,1032,1035,1038,1041,1044,1047,1050,1053,1056,1059,1062,1065,SSC (%)
0,-0.117380122,-0.122664475,-0.124875045,-0.131829008,-0.13310861,-0.137445715,-0.139572633,-0.142638653,-0.14918516,-0.151980193,-0.156587843,-0.160941473,-0.1616587,-0.167737823,-0.171593065,-0.173059633,-0.17727139,-0.181124195,-0.185427455,-0.1882047,-0.192916475,-0.195895775,-0.19875387,-0.201100183,-0.203891313,-0.204241848,-0.205364315,-0.203672783,-0.19876202,-0.18906051,-0.17737801,-0.15922892,-0.136537368,-0.111981753,-0.081790445,-0.05079794,-0.019661876,0.010314840000000006,0.037660360000000004,0.060220118,0.078617763,0.094010633,0.10838725,0.124220725,0.141947425,0.162190275,0.183606675,0.20555020000000002,0.227818525,0.251796478,0.278232273,0.30800708749999994,0.341376073,0.377157708,0.41317682,0.4466538,0.476928425,0.5037547499999999,0.5279968749999999,0.549095425,0.56750575,0.58529335,0.601545175,0.6166608,0.630764175,0.6442827250000001,0.65688795,0.669539575,0.681418875,0.6928502,0.702878125,0.712577225,0.7218464,0.731207075,0.7407387,0.750621075,0.76000595,0.7680208749999999,0.7739487999999999,0.7785047,0.781846225,0.7841292750000001,0.784617625,0.7830175750000001,0.778444875,0.7711741999999999,0.7611318499999999,0.7494730000000001,0.7366130000000001,0.720430375,0.690953425,0.635743625,0.5503013999999999,0.44425215,0.33251093749999994,0.22549596,0.127144233,0.038096964999999997,-0.041840389,-0.11291703,-0.174928093,-0.227689175,-0.27137425,-0.306857825,-0.335417875,-0.3581779,-0.37592695,-0.389388025,-0.3992518,-0.406299175,-0.41113195,-0.414402475,-0.41653085,-0.417884325,-0.418708575,-0.419276675,-0.41969325,-0.420096425,-0.420477,-0.42087795,-0.421275625,-0.421620525,-0.421899425,-0.4220516,-0.4220219,-0.421762475,-0.42125965,-0.420488575,-0.4193537,-0.417673025,-0.415301325,-0.41210165,-0.40836885,-0.40477605,-0.4018973,-0.399743175,-0.398105,-0.3966977,-0.39538535,-0.394075825,-0.392766775,-0.3913895,-0.38994075,-0.3883879,-0.386726575,-0.384804825,-0.38260815,-0.38003385,-0.377183225,-0.37410705,-0.371123825,-0.36849645,-0.366299275,-0.364513075,-0.363112575,-0.362015775,-0.3608493,-0.359374775,-0.35725575,-0.354156775,-0.3496727,-0.343697775,-0.336270225,-0.3275673,-0.317859,-0.3073174,-0.29575095,-0.282813975,-0.2683672,-0.2525448,-0.2367017,-0.222732275,-0.21197445,-0.20474485,-0.20009805,-0.197061175,-0.195254975,-0.194328825,-0.194399975,-0.195391925,-0.197165925,-0.1996111,-0.202624775,-0.205963725,-0.209942225,-0.21430775,-0.21927065,-0.224737525,-0.230502775,-0.236443425,-0.242537975,-0.248366375,-0.254244525,-0.259927175,-0.2652324,-0.27029785,-0.275204325,-0.27988145,-0.283741075,-0.28704435,-0.28945165,-0.29141285,-0.291975275,-0.292142175,-0.292258225,-0.2904838,-0.28927225,-0.286618025,-0.28365545,-0.279995125,-0.2757129,-0.271598275,-0.26515405,-0.2591706,-0.2519387,-0.2472489,-0.2378845,-0.23103825,-0.2234588,-0.21468825,-0.2049387,-0.195733375,-0.183842625,-0.168364225,-0.15061025,-0.130471988,-0.106297218,-0.079210245,-0.045299723,3.75
1,-0.11698043,-0.127138183,-0.12620337,-0.13150289,-0.1342972,-0.137746653,-0.143117743,-0.140551585,-0.147710263,-0.148245065,-0.15055688,-0.15527492,-0.156446105,-0.160563705,-0.164107193,-0.164104328,-0.168114223,-0.17147117,-0.174008365,-0.177597678,-0.178817468,-0.182157423,-0.186776348,-0.190760498,-0.190756997,-0.188940728,-0.188679,-0.185397943,-0.178882283,-0.169792258,-0.154094163,-0.137028145,-0.11322735,-0.08637235,-0.057022848,-0.025832397,0.004389138,0.031131055,0.053019983,0.069212165,0.0808716,0.089480237,0.099513328,0.11175221,0.127411823,0.146991643,0.168051668,0.19026208749999998,0.21304626899999995,0.23776678999999998,0.266314453,0.299130448,0.33629105,0.37730532499999997,0.41942957499999994,0.45940570000000003,0.495552875,0.527911725,0.556854,0.5818285999999999,0.603499175,0.62423975,0.642764325,0.660138625,0.6767516250000001,0.6930256,0.70902955,0.724891525,0.740212975,0.754290375,0.7672977000000001,0.77867215,0.7886183,0.8000717249999999,0.811997825,0.826165925,0.838992975,0.849875725,0.8578194,0.862870575,0.8655610499999999,0.867001875,0.8649451499999999,0.85935585,0.84867605,0.83336885,0.8139023000000001,0.791103475,0.7669442,0.737256375,0.6913393499999999,0.61690775,0.5142065,0.3970137,0.27965962,0.170676536,0.072412365,-0.015455492,-0.09352384,-0.16221789,-0.221556075,-0.271400225,-0.31205715,-0.3445593,-0.370375375,-0.3907037,-0.40640185,-0.4181018,-0.426466625,-0.43216205,-0.43582955,-0.4380556,-0.4393137,-0.43986475,-0.440000875,-0.439975275,-0.43994295,-0.439889175,-0.43995245,-0.440083475,-0.4402353,-0.440347625,-0.440457875,-0.44042345,-0.44019805,-0.43973515,-0.438990275,-0.437840925,-0.436313,-0.434193675,-0.4312465,-0.42731895,-0.422737075,-0.41837055,-0.4148618,-0.412233,-0.410175725,-0.408453425,-0.406832125,-0.405240175,-0.403707225,-0.402058825,-0.400338475,-0.398552675,-0.396585425,-0.39439885,-0.39188725,-0.38905805,-0.385888925,-0.3825358,-0.37928665,-0.376334125,-0.37382465,-0.3717587,-0.37002075,-0.3686064,-0.367070125,-0.36515715,-0.3625916,-0.3588691,-0.35373905,-0.34708495,-0.33890215,-0.32949605,-0.3191064,-0.30793465,-0.29587675,-0.282696725,-0.26805195,-0.25215245,-0.236418275,-0.222656825,-0.2120934,-0.205095725,-0.20048775,-0.19766405,-0.195971425,-0.19514865,-0.195175325,-0.196002475,-0.19773695,-0.20005795,-0.20287235,-0.20640515,-0.20997695,-0.2143914,-0.2191256,-0.224417275,-0.230311075,-0.23595655,-0.24198385,-0.2479615,-0.253704175,-0.259376925,-0.264363475,-0.270011725,-0.2748155,-0.27908055,-0.283274275,-0.2865488,-0.28957635,-0.29188965,-0.2922197,-0.29306805,-0.2928448,-0.29157395,-0.290242925,-0.28706295,-0.2856408,-0.2805509,-0.276276025,-0.272248425,-0.26548085,-0.2604507,-0.253985625,-0.247195,-0.24126785,-0.2322819,-0.2252964,-0.217661,-0.207038125,-0.197605675,-0.1865595,-0.171913825,-0.1551792,-0.135674475,-0.11240598,-0.081365258,-0.052666643,3.85
2,-0.110155563,-0.115213038,-0.121077863,-0.124136043,-0.128633395,-0.129213908,-0.135998363,-0.138318835,-0.142106995,-0.14716176,-0.15098722,-0.154662325,-0.15763096,-0.16101472,-0.164991153,-0.167082008,-0.17056037,-0.173817375,-0.17568175,-0.181859345,-0.1836828,-0.187368093,-0.19009213,-0.192324313,-0.19404761,-0.193789055,-0.193821148,-0.191449713,-0.18387978,-0.17630066,-0.16365381,-0.144844543,-0.12328275,-0.096946125,-0.067953585,-0.035146468,-0.002875005,0.028787915749999997,0.059469261999999995,0.087463825,0.111766325,0.13464939250000002,0.155412535,0.17741478219999998,0.20014613,0.22434748250000003,0.24907056250000004,0.27413503,0.29928825,0.3248525,0.352298675,0.3826355,0.414788,0.44869755,0.48198357499999994,0.512550225,0.5396074,0.56377185,0.585759875,0.6052542750000001,0.6222676,0.6395019249999999,0.654822725,0.6697848,0.6833946249999999,0.6965711,0.70865085,0.7199785750000001,0.7312947,0.7420872749999999,0.75206445,0.7619127,0.771750375,0.7813862,0.7908641,0.8000756750000001,0.808742625,0.815872825,0.8213116,0.8252108,0.8275245,0.828849175,0.82689425,0.8216684,0.8126757000000001,0.7995079749999999,0.783171475,0.765536025,0.7496633,0.73533815,0.7164666749999999,0.681561425,0.6202168,0.5334904500000001,0.43178915000000007,0.326169975,0.2234403,0.126420468,0.036387817499999996,-0.045688825,-0.118939483,-0.182492865,-0.236144775,-0.280363525,-0.316317475,-0.34515895,-0.367796425,-0.38506495,-0.39781415,-0.4068552,-0.413112625,-0.417298025,-0.4199737,-0.4216062,-0.4225355,-0.423103075,-0.423463525,-0.423749025,-0.424032725,-0.424264275,-0.4244899,-0.4247042,-0.424843025,-0.42482965,-0.424664275,-0.42425545,-0.423561275,-0.42255415,-0.421174875,-0.41929195,-0.416627375,-0.413118,-0.4090345,-0.40514205,-0.4019867,-0.3996365,-0.39780285,-0.3962868,-0.394860775,-0.393422425,-0.39200925,-0.390549075,-0.389001975,-0.3873855,-0.3855903,-0.383582675,-0.3813238,-0.378666225,-0.37571905,-0.372595475,-0.36958115,-0.366877175,-0.364571975,-0.3627085,-0.36129395,-0.360058225,-0.3588134,-0.357255225,-0.355093825,-0.351886925,-0.3474456,-0.341600275,-0.33432415,-0.325952,-0.3167037,-0.3066766,-0.295926425,-0.283996525,-0.270789125,-0.2565035,-0.242246575,-0.22982355,-0.220293425,-0.21385595,-0.209734225,-0.20702605,-0.20545345,-0.204694675,-0.204547975,-0.205373225,-0.206898575,-0.2090115,-0.211492325,-0.214569175,-0.21780235,-0.221551,-0.226109875,-0.23076785,-0.235861375,-0.24116935,-0.24655365,-0.251978975,-0.25698725,-0.26211455,-0.267130475,-0.271500275,-0.2757357,-0.279864275,-0.2837112,-0.286541125,-0.2884818,-0.2903398,-0.291267275,-0.291412125,-0.29043165,-0.289455625,-0.28875025,-0.285692375,-0.282510875,-0.279756075,-0.27543725,-0.270653325,-0.265410575,-0.258858875,-0.2525198,-0.246315675,-0.2378789,-0.2329274,-0.22379975,-0.216933725,-0.20467705,-0.1975512,-0.185789225,-0.168539425,-0.155499018,-0.131096987,-0.109806853,-0.080190295,-0.042777375,4.15
3,-0.16970868,-0.1786519,-0.18372645,-0.186732525,-0.1943649,-0.1983735,-0.20370975,-0.2098963,-0.213582925,-0.221859175,-0.227383325,-0.234044925,-0.2403664,-0.243226475,-0.250540225,-0.25537135,-0.261438775,-0.267946675,-0.272410925,-0.280683175,-0.285858275,-0.293933025,-0.300324725,-0.30668835,-0.313951,-0.3216955,-0.326135625,-0.328435725,-0.327806725,-0.3257837,-0.318969125,-0.3078232,-0.2925889,-0.271545363,-0.247465993,-0.221201815,-0.193497729,-0.165845373,-0.13995862,-0.11635757,-0.094836892,-0.075588725,-0.056930553,-0.03692651,-0.015707462,0.007240287,0.030657947500000005,0.054072643,0.077868742,0.10207192,0.12763762,0.15514484,0.18415869999999998,0.214502825,0.24420265,0.27194665,0.297044,0.3194865,0.339792025,0.35765872499999996,0.3733149,0.388437775,0.402794675,0.41678962500000005,0.429655,0.441961975,0.453888125,0.465120475,0.47594729999999996,0.48634954999999996,0.496143725,0.50571605,0.514482125,0.5229112,0.5310196,0.538920225,0.546629825,0.5534716749999999,0.55914365,0.564072425,0.5684337749999999,0.572228625,0.574394375,0.5751729,0.574249325,0.5709693,0.565898025,0.5595665000000001,0.552703125,0.544456125,0.529592625,0.49939884999999995,0.44727285,0.3750811,0.29080395000000003,0.20245825,0.1151296,0.031229714999999998,-0.04776242,-0.120589025,-0.18614265,-0.2430879,-0.2911794,-0.330727225,-0.36280115,-0.388427175,-0.40844835,-0.423647475,-0.434764125,-0.44256645,-0.44786905,-0.4513792,-0.453542875,-0.45481525,-0.455480475,-0.45581575,-0.4560469,-0.456189625,-0.45635915,-0.456496775,-0.456673775,-0.456822925,-0.45690155,-0.45686865,-0.45665185,-0.45622735,-0.4555129,-0.454494625,-0.4531087,-0.45115805,-0.4484814,-0.4449036,-0.440734225,-0.436761625,-0.433516825,-0.431088225,-0.4291966,-0.427577475,-0.426038575,-0.424561025,-0.4230609,-0.42148715,-0.419874775,-0.418183975,-0.416256875,-0.414186875,-0.41179925,-0.40904715,-0.40600255,-0.402751475,-0.399608925,-0.39673945,-0.394328975,-0.392374075,-0.390779875,-0.38951645,-0.388156725,-0.38646085,-0.384098325,-0.38075585,-0.375996225,-0.3697543,-0.362036475,-0.3531167,-0.343186,-0.332407,-0.32077245,-0.3078614,-0.29349485,-0.2779213,-0.262378725,-0.2488412,-0.2384451,-0.23141755,-0.22682035,-0.22389875,-0.2221227,-0.22117885,-0.221166475,-0.221914875,-0.2234752,-0.22577345,-0.2285609,-0.231779225,-0.2354706,-0.2395532,-0.24426315,-0.249480125,-0.255017325,-0.26096545,-0.26673045,-0.272594475,-0.278094475,-0.28369225,-0.2888517,-0.293731075,-0.2983629,-0.30275685,-0.30669705,-0.3100587,-0.31273675,-0.314384875,-0.315246225,-0.31558175,-0.315637,-0.3141708,-0.312404825,-0.310121,-0.306465475,-0.3039707,-0.298322325,-0.2937543,-0.2882862,-0.2818694,-0.27565545,-0.268682275,-0.26141925,-0.2525262,-0.2455757,-0.23763535,-0.227570375,-0.21896395,-0.2072687,-0.1931715,-0.177422025,-0.156991,-0.135581575,-0.1097833,-0.079241535,4.6
4,-0.1358478,-0.143168325,-0.148806825,-0.1536414,-0.1570164,-0.161044025,-0.1666778,-0.16926395,-0.174670475,-0.179440575,-0.1833309,-0.1887988,-0.1931118,-0.1975426,-0.200434875,-0.2045797,-0.20955835,-0.21467155,-0.219589625,-0.2253234,-0.229484025,-0.235519175,-0.23907525,-0.2451739,-0.249037275,-0.2537544,-0.255716325,-0.2573434,-0.25624105,-0.250363725,-0.242012375,-0.228771375,-0.2095045,-0.18899415,-0.163571415,-0.135972387,-0.108190223,-0.080940378,-0.05592041,-0.03364176,-0.01501469,0.00140309,0.017402993,0.034738773,0.053811647000000004,0.074906208,0.096769905,0.119224703,0.141915688,0.16557695000000003,0.19130724999999998,0.219755425,0.250564075,0.28312805,0.31572477499999996,0.34594815,0.373119975,0.39748012499999996,0.41943895,0.43891024999999995,0.45611314999999997,0.472847275,0.48825812500000004,0.5027739,0.5163561,0.529123325,0.54127945,0.5528781,0.56395255,0.5744957500000001,0.58453295,0.594102575,0.60329345,0.6123739749999999,0.621343775,0.630290275,0.6386978,0.646012975,0.651523925,0.656028675,0.6601678,0.66314545,0.66483885,0.66465255,0.662360125,0.6577365499999999,0.65104725,0.642918075,0.634202775,0.623170775,0.602911275,0.56310755,0.49789945,0.41181435,0.315558625,0.21861835000000002,0.12585182,0.039333402,-0.04013418,-0.112083243,-0.175805175,-0.2306936,-0.276681075,-0.314429875,-0.3450068,-0.36950285,-0.38870675,-0.40337305,-0.41416885,-0.421788925,-0.427072525,-0.430620125,-0.432895975,-0.434279925,-0.435063425,-0.435531725,-0.43592055,-0.436139925,-0.43645075,-0.436695525,-0.436903825,-0.437114775,-0.437253,-0.43730525,-0.437153,-0.436772475,-0.43613065,-0.435197025,-0.43390455,-0.43209575,-0.42957705,-0.426220225,-0.422308675,-0.418603775,-0.415624375,-0.413353675,-0.411654575,-0.4102323,-0.4088606,-0.407518275,-0.406179775,-0.404709625,-0.40322785,-0.40167215,-0.399928525,-0.397997425,-0.395816775,-0.393307,-0.39040295,-0.3873781,-0.384481275,-0.38188065,-0.379683375,-0.377937325,-0.376638975,-0.37561435,-0.374556725,-0.3731848,-0.371171175,-0.368279475,-0.36415305,-0.3587363,-0.351970875,-0.344174175,-0.3355915,-0.326350975,-0.31631225,-0.305234475,-0.293008125,-0.2797231,-0.266470975,-0.25491205,-0.246115225,-0.240029475,-0.236218025,-0.233685575,-0.232137,-0.231406875,-0.2313909,-0.23201465,-0.23339915,-0.2352872,-0.237747875,-0.2402339,-0.243304925,-0.246826575,-0.250847325,-0.255354925,-0.260015525,-0.26503645,-0.26979035,-0.2747458,-0.279462025,-0.284006025,-0.288426825,-0.292553725,-0.296462175,-0.300138475,-0.303528375,-0.30611765,-0.30785825,-0.309686725,-0.31039785,-0.309952725,-0.309133075,-0.3083622,-0.3061895,-0.3036779,-0.30060695,-0.296785475,-0.293216425,-0.2882303,-0.283164525,-0.277428175,-0.269886775,-0.26450135,-0.257262425,-0.249773975,-0.24085115,-0.234148225,-0.224763925,-0.214583825,-0.201147625,-0.188882925,-0.1722643,-0.1540203,-0.129656475,-0.102439342,-0.071128438,2.65
5,-0.093835548,-0.094460695,-0.101355963,-0.102861345,-0.104289998,-0.104345605,-0.10934445,-0.11002876,-0.110748278,-0.114500095,-0.116072375,-0.115674815,-0.11822274,-0.1210781,-0.1241384,-0.124805275,-0.12740655,-0.13017025,-0.1320519,-0.1333766,-0.13559745,-0.1378869,-0.13773205,-0.1402901,-0.138982075,-0.13846455,-0.134471552,-0.129362667,-0.122156915,-0.11074644,-0.09482246,-0.07411088,-0.050306756,-0.025160539,0.003724582,0.030885488,0.056148272500000006,0.075228253,0.087622952,0.093987065,0.09562012,0.095715967,0.098408975,0.1051848,0.116839995,0.132969905,0.15114153249999998,0.17116147750000002,0.192254105,0.215908245,0.24394314,0.27711982,0.31598156000000005,0.35905697500000006,0.404423525,0.44756575,0.48674645,0.5221597,0.553420475,0.5807884249999999,0.6043258249999999,0.626367,0.6470475250000001,0.66622195,0.684567575,0.7026765500000001,0.72052955,0.7388345000000001,0.756202625,0.7725684999999999,0.787184025,0.799958275,0.811604825,0.8240486250000001,0.8395844,0.8581574249999999,0.8772782000000001,0.893579,0.905361075,0.9133985,0.9190986,0.922759525,0.92348215,0.9204285999999999,0.91257425,0.8993840000000001,0.8804258500000001,0.8569399249999999,0.827428475,0.7859471,0.720401625,0.6232262249999999,0.5016533,0.37255062499999997,0.250188905,0.14079173749999999,0.044900328,-0.038886067,-0.111959688,-0.17531745,-0.22935685,-0.274199225,-0.3104731,-0.339297525,-0.3620446,-0.379918025,-0.393654475,-0.403891025,-0.411141825,-0.4160285,-0.419094075,-0.42102555,-0.4220546,-0.422471575,-0.422505375,-0.42242705,-0.422315475,-0.422240025,-0.4222622,-0.422327225,-0.422385175,-0.422471625,-0.4224888,-0.4224308,-0.422187975,-0.421711075,-0.42097905,-0.4199073,-0.418444775,-0.41648025,-0.4137245,-0.410105025,-0.40591265,-0.401915825,-0.39868245,-0.396262375,-0.394380625,-0.39282135,-0.391311775,-0.389833425,-0.388326675,-0.3868172,-0.38519975,-0.38350235,-0.381672975,-0.379631025,-0.377341225,-0.3747132,-0.371694775,-0.368527225,-0.365551825,-0.362836475,-0.3605312,-0.35869355,-0.357255775,-0.3561131,-0.35488325,-0.35338425,-0.351251625,-0.34813625,-0.343833825,-0.338147725,-0.331165075,-0.323117225,-0.3142555,-0.304717525,-0.29433455,-0.28300625,-0.270326575,-0.2566701,-0.2429594,-0.230999475,-0.221822975,-0.215704625,-0.211560625,-0.209042125,-0.207476125,-0.2066927,-0.206689,-0.207349825,-0.208748,-0.210760075,-0.213208725,-0.21589905,-0.2190655,-0.22280485,-0.226952975,-0.23151425,-0.23636195,-0.2414409,-0.2464063,-0.251562225,-0.256379475,-0.261099325,-0.265582025,-0.270052025,-0.273860775,-0.27792155,-0.281155025,-0.284419025,-0.2863934,-0.28731265,-0.28779895,-0.288127175,-0.287690875,-0.2865608,-0.2850508,-0.28201235,-0.27904085,-0.276164,-0.27091,-0.2673611,-0.26247485,-0.2552407,-0.25061095,-0.244722475,-0.2367652,-0.230233025,-0.221204025,-0.21340685,-0.204254125,-0.1955601,-0.18146785,-0.1698452,-0.15152915,-0.1332737,-0.10715028,-0.08231207,-0.047047438,3.65
6,-0.166149675,-0.171431025,-0.176663725,-0.184429125,-0.184151275,-0.192280825,-0.1941163,-0.202341475,-0.2058596,-0.209284025,-0.216402475,-0.219073475,-0.223951925,-0.23068615,-0.234379275,-0.2398776,-0.245644975,-0.2512151,-0.25449245,-0.260547225,-0.268023125,-0.27362135,-0.280184925,-0.285580925,-0.2911713,-0.297327425,-0.30053045,-0.302489825,-0.302705575,-0.298607325,-0.292895325,-0.279807275,-0.26440425,-0.24390475,-0.220701725,-0.197038925,-0.170705322,-0.146555625,-0.125132073,-0.106922088,-0.0920168,-0.078722227,-0.06549509,-0.050217628,-0.032261288,-0.01267334,0.008549365,0.030344015000000002,0.052364709,0.076180883,0.101983613,0.130615898,0.16219339,0.19564995000000002,0.22952025,0.261156225,0.29019015,0.31625444999999996,0.339476975,0.360269775,0.3781954,0.395425,0.411503025,0.42625102499999995,0.44073715,0.4541812,0.46731002499999996,0.48021932500000003,0.4922219,0.50383035,0.5144389749999999,0.524257375,0.53356575,0.542857075,0.5527469749999999,0.56279905,0.572424625,0.581092275,0.587858475,0.59355245,0.598027325,0.60145715,0.6035039,0.6035994,0.60137295,0.596425325,0.5885686,0.5789207000000001,0.56741395,0.55240625,0.526104025,0.47874635000000004,0.406298725,0.31526885,0.217368375,0.12112801,0.030590419999999997,-0.052723345,-0.128516318,-0.196268925,-0.255476975,-0.3056254,-0.346754375,-0.379830725,-0.406150225,-0.4269439,-0.4430559,-0.455112975,-0.463756825,-0.469702825,-0.473521025,-0.475951575,-0.477309525,-0.47796315,-0.478201725,-0.478252575,-0.478282425,-0.4783046,-0.47845645,-0.47864305,-0.4788353,-0.479045125,-0.479177225,-0.479195975,-0.4790304,-0.4785706,-0.477823225,-0.47665625,-0.4750753,-0.472858825,-0.4697916,-0.465668275,-0.46086305,-0.456265625,-0.45256605,-0.44979035,-0.447655625,-0.4458228,-0.4441266,-0.4424412,-0.4407833,-0.439093875,-0.43728635,-0.4353773,-0.43326315,-0.4309738,-0.428365325,-0.42540165,-0.422066,-0.418543475,-0.415156525,-0.412119575,-0.409467825,-0.407238125,-0.4054007,-0.403791275,-0.40207875,-0.400006675,-0.397105475,-0.3931146,-0.387501775,-0.380354125,-0.37158485,-0.36148785,-0.3504362,-0.33849065,-0.325513075,-0.311466675,-0.295849,-0.279147,-0.262576675,-0.24817325,-0.237265325,-0.229774175,-0.2251104,-0.222095725,-0.220315475,-0.2195512,-0.219585125,-0.220544425,-0.22221045,-0.22478035,-0.227716275,-0.23102095,-0.234956425,-0.239477475,-0.244474725,-0.250124925,-0.256035675,-0.262256,-0.26841345,-0.274558775,-0.28075985,-0.2866726,-0.2924985,-0.29785395,-0.303197625,-0.308257575,-0.3121924,-0.31610435,-0.318899375,-0.3206738,-0.322181175,-0.322833675,-0.3219141,-0.321603375,-0.31935755,-0.317135375,-0.31372335,-0.3096727,-0.306283125,-0.30027315,-0.294825875,-0.288948275,-0.28205785,-0.276164325,-0.265121425,-0.25964,-0.24982465,-0.240851975,-0.23306465,-0.22134385,-0.2097288,-0.19615985,-0.1799809,-0.160148825,-0.13381795,-0.108728285,-0.0809201,3.6
7,-0.15552355,-0.16542134,-0.169623575,-0.174438325,-0.181519525,-0.186336625,-0.19176875,-0.197206325,-0.20245055,-0.207043875,-0.213062325,-0.218670525,-0.22459245,-0.229313875,-0.23423195,-0.23971525,-0.245466825,-0.251222525,-0.258296925,-0.2651615,-0.270065325,-0.2781891,-0.283893625,-0.29194835,-0.297705375,-0.302408875,-0.307285325,-0.31001655,-0.31014845,-0.3057274,-0.29978885,-0.288079425,-0.271251575,-0.250677243,-0.226827775,-0.201090585,-0.174087985,-0.149048204,-0.126109433,-0.106841119,-0.09131601,-0.076855327,-0.062629712,-0.04627396,-0.02749416,-0.006327645,0.016233975000000005,0.039184738,0.062626178,0.087151443,0.11364826750000001,0.14306190000000002,0.17499117250000001,0.208761783,0.24299063499999998,0.2751191,0.304586525,0.33116285,0.3549607,0.375855175,0.393482725,0.40948569999999995,0.42494954999999995,0.439417725,0.45355437500000007,0.46771,0.48169809999999996,0.49528792499999996,0.5086763750000001,0.521205775,0.532701675,0.542720525,0.551142175,0.559103625,0.56834155,0.5786973,0.588567575,0.59729035,0.6037651749999999,0.6093472,0.6138582,0.6171358499999999,0.6190557000000001,0.6192318750000001,0.616859875,0.612078025,0.60460135,0.5952761,0.58460225,0.57045455,0.5452908000000001,0.49981725,0.43037575,0.343629625,0.250239525,0.158072318,0.070422823,-0.011261505,-0.086436498,-0.154496525,-0.214833,-0.266588825,-0.309643075,-0.344631225,-0.372757575,-0.394930775,-0.41208145,-0.424909525,-0.434142425,-0.4405305,-0.444711025,-0.447381,-0.448961625,-0.44974435,-0.450071725,-0.4501772,-0.4501892,-0.45017105,-0.4502314,-0.45026475,-0.4502969,-0.450379,-0.450395575,-0.450311125,-0.450071075,-0.4496209,-0.448926375,-0.447949,-0.44658915,-0.444760525,-0.442199475,-0.438854075,-0.434949525,-0.4312568,-0.4281711,-0.42586405,-0.4240487,-0.42250645,-0.421059875,-0.4196029,-0.4181525,-0.416670625,-0.41511455,-0.41341885,-0.41157415,-0.409582,-0.4073011,-0.404657275,-0.40169035,-0.398568525,-0.395507075,-0.3927888,-0.3904876,-0.388590225,-0.3871247,-0.385885425,-0.3847038,-0.383128825,-0.380937575,-0.3777613,-0.3732678,-0.3673965,-0.3600708,-0.3515146,-0.3419941,-0.3317106,-0.3203795,-0.307894675,-0.29384325,-0.27866235,-0.263449675,-0.25003475,-0.239817925,-0.232797275,-0.22825535,-0.225382225,-0.223526825,-0.222610925,-0.22246915,-0.223307525,-0.2247909,-0.2269829,-0.229648275,-0.232799475,-0.236353075,-0.2404468,-0.245094175,-0.250131375,-0.25562985,-0.26123385,-0.26691335,-0.2725792,-0.2780657,-0.283322125,-0.288271575,-0.292925425,-0.297522575,-0.301785775,-0.305316675,-0.3084927,-0.310741375,-0.31254635,-0.313802125,-0.313362025,-0.313043975,-0.3118166,-0.310423275,-0.307621975,-0.30468635,-0.30073375,-0.2962684,-0.290901375,-0.285435775,-0.2796908,-0.2722146,-0.266742325,-0.257208925,-0.25113085,-0.242447625,-0.233202375,-0.225173775,-0.212705625,-0.200687725,-0.185981825,-0.17190785,-0.151051175,-0.128676325,-0.10271145,-0.071710473,4.5
8,-0.143522575,-0.152160475,-0.15699355,-0.16178755,-0.1669636,-0.1736632,-0.176823825,-0.18437865,-0.18949365,-0.1931461,-0.199704775,-0.20408185,-0.20903655,-0.213996025,-0.219592575,-0.225546625,-0.230804525,-0.236130575,-0.241709075,-0.2475204,-0.251959925,-0.258282175,-0.26590205,-0.270926475,-0.27688225,-0.282324625,-0.285582275,-0.2880182,-0.286598275,-0.28311015,-0.275366425,-0.263312125,-0.24795405,-0.22673725,-0.202158475,-0.17610363,-0.149432547,-0.122609973,-0.097883116,-0.075820475,-0.055952077,-0.03735468,-0.01885401,0.000877697,0.022311307750000006,0.045104565,0.069120688,0.093093023,0.117111968,0.14213219,0.168327591,0.19656507750000002,0.22670324249999999,0.25812472500000005,0.28921532499999997,0.31806452500000004,0.34441587500000004,0.368266975,0.389681225,0.40890210000000005,0.42579485000000006,0.44172350000000005,0.4563728,0.470308725,0.48366775,0.4966754,0.5093932750000001,0.521711925,0.533380025,0.54476015,0.554862175,0.5642964500000001,0.5730462,0.58155445,0.5906856,0.6000390250000001,0.608704675,0.616293425,0.62236855,0.627451275,0.6316072749999999,0.634843425,0.6366854750000001,0.6367845999999999,0.6345082,0.629976425,0.6228357,0.614297375,0.6048650250000001,0.5934526999999999,0.574012725,0.53853475,0.481238275,0.404301525,0.31580025,0.22372784499999998,0.132979388,0.046207608,-0.035175998,-0.109956623,-0.176942055,-0.2350017,-0.283855475,-0.32396165,-0.356514425,-0.38249625,-0.4028895,-0.41840295,-0.4298069,-0.437932075,-0.443485575,-0.44722425,-0.449643525,-0.451109475,-0.451976825,-0.4525038,-0.452894375,-0.4532221,-0.4535768,-0.453872925,-0.454161775,-0.454476775,-0.454688075,-0.454754625,-0.4546829,-0.45435225,-0.4537515,-0.452793175,-0.451431325,-0.44954085,-0.446863925,-0.443257575,-0.4390975,-0.435144525,-0.431888025,-0.4294866,-0.427657425,-0.4261005,-0.424663025,-0.423267425,-0.421773475,-0.42032565,-0.418742925,-0.417049125,-0.41523365,-0.413179125,-0.410887325,-0.408151975,-0.40513535,-0.40191845,-0.398809275,-0.396057075,-0.393631875,-0.391713425,-0.3901822,-0.38888825,-0.3876003,-0.3859562,-0.38361995,-0.38036085,-0.37574025,-0.369700775,-0.362187725,-0.35360645,-0.344156975,-0.333962125,-0.322975425,-0.3109105,-0.297567175,-0.283254975,-0.269039125,-0.2566541,-0.24717505,-0.24074675,-0.236620775,-0.2339082,-0.232256875,-0.231400725,-0.231268675,-0.2318933,-0.2332814,-0.23530075,-0.237790425,-0.240631175,-0.24382065,-0.247505775,-0.2518017,-0.256570675,-0.2615769,-0.2668702,-0.272223625,-0.277507925,-0.282812775,-0.287655925,-0.292520675,-0.2969918,-0.301507325,-0.30546415,-0.308833475,-0.312348675,-0.314502125,-0.31604385,-0.316823625,-0.317249525,-0.316386575,-0.315098475,-0.313145575,-0.310726475,-0.3081559,-0.303985675,-0.299168825,-0.294220625,-0.2886932,-0.283535025,-0.2767182,-0.26944935,-0.2618508,-0.25458515,-0.247307575,-0.23709395,-0.227427375,-0.218696425,-0.206705575,-0.192437075,-0.174340575,-0.154291675,-0.13039955,-0.1068802,-0.073976963,4.45
9,-0.145103475,-0.147230275,-0.151199925,-0.1552809,-0.159053675,-0.1636582,-0.167139775,-0.170364025,-0.171903075,-0.17927425,-0.18239505,-0.18488725,-0.1887066,-0.19373905,-0.1982163,-0.1991468,-0.2049662,-0.2099725,-0.213614425,-0.219685875,-0.2237333,-0.22788395,-0.2325645,-0.23725715,-0.240615925,-0.24359165,-0.245075675,-0.2461504,-0.241792675,-0.236706175,-0.227275875,-0.212618875,-0.1946017,-0.1726286,-0.147077483,-0.120771415,-0.094165883,-0.068762297,-0.04622946,-0.028475948,-0.014431442,-0.001752101,0.010576844,0.024862105000000002,0.04203691,0.061510015,0.082692903,0.104540558,0.126838618,0.150789808,0.177202918,0.20699095,0.24033672500000003,0.27560134999999997,0.31158325,0.34517264999999997,0.375320675,0.40222015,0.42620214999999995,0.44731305,0.4655175,0.48261299999999996,0.4985489249999999,0.51373165,0.528120025,0.5424396499999999,0.555983825,0.56923405,0.582022175,0.594115175,0.6052054,0.61518735,0.62423765,0.63330005,0.6429877,0.653368875,0.663366825,0.67192445,0.6787376,0.68380485,0.68814845,0.691374325,0.69300925,0.6923555,0.689181725,0.683050075,0.67383275,0.6623689500000001,0.6485873,0.629849,0.597298925,0.5397201500000001,0.45481724999999995,0.35238247500000003,0.24559179999999997,0.14338847500000002,0.049249452500000006,-0.036014627,-0.112537368,-0.180262,-0.2388998,-0.288150125,-0.328268275,-0.3602648,-0.385672825,-0.4056909,-0.4211359,-0.4327186,-0.440971325,-0.446630725,-0.4502795,-0.45254415,-0.45382725,-0.454435175,-0.45464055,-0.4546951,-0.454707675,-0.4547674,-0.45494175,-0.45512295,-0.455348075,-0.4555788,-0.455787725,-0.4558072,-0.455700125,-0.45527075,-0.454539,-0.453404075,-0.451815475,-0.449589825,-0.44646575,-0.4423189,-0.43747635,-0.432832475,-0.42910975,-0.426331175,-0.42419985,-0.42235525,-0.4206397,-0.418968125,-0.417304175,-0.415633525,-0.413844875,-0.4119088,-0.40982875,-0.407519425,-0.40494105,-0.401956275,-0.398633275,-0.395139925,-0.39174925,-0.388648675,-0.385975175,-0.38378885,-0.38196055,-0.380378675,-0.378749775,-0.3766332,-0.3737937,-0.369777025,-0.3643169,-0.35718065,-0.348547175,-0.338588525,-0.32773105,-0.3159781,-0.303293225,-0.28947375,-0.274151525,-0.2577861,-0.241544475,-0.227408125,-0.216670875,-0.209431675,-0.204766025,-0.201824425,-0.20009825,-0.199299925,-0.199274025,-0.200241275,-0.201929325,-0.2043196,-0.207230425,-0.2106209,-0.2144908,-0.2188809,-0.223874675,-0.2293093,-0.2350375,-0.241320675,-0.24734765,-0.253461625,-0.25935685,-0.265456525,-0.27115945,-0.276571675,-0.28165385,-0.2864732,-0.2908862,-0.294343025,-0.297741175,-0.2996789,-0.30077495,-0.301386575,-0.30123975,-0.30106945,-0.298409375,-0.296207625,-0.294143925,-0.290009175,-0.285286925,-0.281275675,-0.274548625,-0.2682306,-0.26285265,-0.256506825,-0.249293325,-0.2401422,-0.233932725,-0.224735,-0.2139688,-0.206753275,-0.193392975,-0.17961595,-0.16475635,-0.1444067,-0.12097843,-0.09552207,-0.061803875,3.8
10,-0.1693364,-0.176671925,-0.181017475,-0.188119325,-0.190575775,-0.196162575,-0.1997661,-0.206225275,-0.2138059,-0.218262375,-0.224322375,-0.23038685,-0.23364715,-0.241293675,-0.246776725,-0.251295725,-0.2556134,-0.26406665,-0.268807525,-0.277056275,-0.283449925,-0.290692025,-0.29743565,-0.3035598,-0.31083125,-0.31656725,-0.321488825,-0.3254634,-0.32656545,-0.323474075,-0.316841775,-0.307668325,-0.29243135,-0.273727575,-0.251406375,-0.227129575,-0.202747375,-0.178864573,-0.158356093,-0.140472563,-0.125699912,-0.112168497,-0.097713615,-0.081347683,-0.06280607,-0.041976683,-0.01994764,0.002490117,0.025234142499999997,0.048855842,0.074577095,0.10257383250000002,0.13288768,0.16486905000000002,0.1969932,0.22724375,0.254731625,0.27957044999999997,0.302054125,0.322051,0.33956235,0.356049925,0.37133155,0.385574975,0.39917587499999996,0.41237165000000003,0.4250378,0.437276525,0.449161725,0.46025645000000004,0.47045322500000003,0.47998382500000003,0.488760775,0.4977545,0.5070714749999999,0.516965925,0.5263118250000001,0.534212025,0.5407112000000001,0.5456851,0.5499082249999999,0.5533196250000001,0.5553444,0.5555917,0.553698675,0.54939305,0.5427797999999999,0.5342930499999999,0.524391525,0.510937175,0.48750220000000005,0.44598005,0.382985675,0.3038887,0.21756355,0.131227915,0.048409827499999995,-0.029355927,-0.101317617,-0.1666744,-0.2247036,-0.2746288,-0.316218575,-0.350053025,-0.3772755,-0.398815625,-0.415507925,-0.42803005,-0.437048325,-0.443292325,-0.447439125,-0.4500357,-0.451586475,-0.452385425,-0.4527306,-0.45279915,-0.45285785,-0.4528515,-0.4529115,-0.453012075,-0.45310365,-0.453204675,-0.4532504,-0.453180025,-0.4529841,-0.45253425,-0.451853375,-0.450873025,-0.44953945,-0.447721625,-0.44519855,-0.4417993,-0.4378615,-0.434147625,-0.43107485,-0.4287919,-0.427012375,-0.425460725,-0.424045,-0.422621475,-0.42119695,-0.41973335,-0.41816965,-0.416491325,-0.41468735,-0.412724575,-0.410431,-0.407818425,-0.40485325,-0.40171885,-0.39870165,-0.395992225,-0.393706675,-0.391838525,-0.390397925,-0.389237175,-0.388009975,-0.3865282,-0.384392475,-0.38128425,-0.376932725,-0.37110525,-0.363982275,-0.355690375,-0.346512825,-0.336555425,-0.32558935,-0.3135797,-0.300084,-0.2855161,-0.270983525,-0.258150775,-0.24834635,-0.241630275,-0.23727815,-0.234422325,-0.2327059,-0.231873325,-0.231785225,-0.232486275,-0.234072425,-0.236144625,-0.23877195,-0.24173825,-0.245172525,-0.248996525,-0.253451825,-0.25839155,-0.263492775,-0.2690362,-0.27441415,-0.2798056,-0.2849959,-0.290289275,-0.294951025,-0.29960565,-0.303824925,-0.3081336,-0.311756675,-0.314548225,-0.3168964,-0.3185735,-0.3196869,-0.319672775,-0.31894605,-0.317958675,-0.315793325,-0.313911325,-0.3110055,-0.307333425,-0.30274795,-0.29853425,-0.292678325,-0.28702165,-0.2806693,-0.273645275,-0.267327925,-0.259228725,-0.251258475,-0.2429909,-0.23467985,-0.22529295,-0.212823175,-0.197697975,-0.1820428,-0.16452915,-0.142040125,-0.11741325,-0.08580974,4.9
11,-0.1716617,-0.1797073,-0.18287435,-0.190099325,-0.1991527,-0.203075675,-0.209675625,-0.2122153,-0.220669975,-0.22572985,-0.231911275,-0.238172875,-0.2431821,-0.24933215,-0.253969975,-0.258886675,-0.263590575,-0.270126275,-0.274765875,-0.282020525,-0.288303375,-0.293894875,-0.298808175,-0.30478195,-0.30883095,-0.315679,-0.3187132,-0.31973915,-0.32039465,-0.315265025,-0.306215975,-0.294333975,-0.2775684,-0.2557721,-0.230528475,-0.20313635,-0.173828475,-0.145964375,-0.11855208,-0.0949725,-0.073351769,-0.054006188,-0.034841923,-0.014693953,0.007187208,0.030671695000000002,0.054798269,0.079359133,0.103976893,0.129343018,0.15635985000000002,0.18556605,0.216857925,0.249703975,0.282281725,0.31233595,0.33941367499999997,0.36370310000000006,0.385725725,0.40512837500000004,0.42194529999999997,0.43792715000000004,0.45312660000000005,0.46750365,0.481160875,0.49436527500000005,0.5072117,0.51940425,0.531193425,0.542623425,0.5531174,0.563160125,0.572000775,0.580595,0.589367175,0.5980987249999999,0.60625945,0.61349915,0.6192288499999999,0.6239398,0.628091925,0.631819375,0.633712925,0.6339243,0.63202505,0.6278055,0.6213656750000001,0.61370125,0.605423075,0.5952134499999999,0.576658075,0.5399948750000001,0.47867692500000003,0.396144925,0.302131025,0.205996325,0.113016028,0.025653322749999995,-0.055143073,-0.128421395,-0.19337005,-0.24918915,-0.2957885,-0.333797025,-0.364512325,-0.389008325,-0.408136375,-0.4226727,-0.4332992,-0.44083635,-0.4459826,-0.44938875,-0.451581225,-0.4529066,-0.45363975,-0.454066175,-0.4544174,-0.454673575,-0.45494535,-0.455237625,-0.455482725,-0.455746625,-0.455942425,-0.4559921,-0.455886725,-0.455562,-0.454899725,-0.4539389,-0.45257395,-0.45066855,-0.44802405,-0.444456325,-0.440322075,-0.436422775,-0.433248275,-0.430885725,-0.429097875,-0.427535625,-0.42611875,-0.424716425,-0.423257175,-0.421807,-0.42027515,-0.418619175,-0.416808375,-0.4148069,-0.41252875,-0.4098938,-0.4068968,-0.40374715,-0.400702525,-0.3979964,-0.39570935,-0.3938431,-0.39242415,-0.391234825,-0.390056325,-0.388534675,-0.38637865,-0.383299225,-0.37895745,-0.3732082,-0.36616405,-0.35809895,-0.349156675,-0.3395728,-0.329161075,-0.3176979,-0.305000325,-0.29128935,-0.277571625,-0.265631025,-0.256463875,-0.25023395,-0.246264025,-0.243706375,-0.2421066,-0.241356675,-0.241333675,-0.24203665,-0.243269675,-0.2454259,-0.2478093,-0.250572525,-0.253840525,-0.25744425,-0.261661475,-0.266310725,-0.271153525,-0.2762291,-0.28134285,-0.2864943,-0.29129125,-0.2962848,-0.300752425,-0.30523475,-0.30931755,-0.313230125,-0.3170738,-0.319521275,-0.32180435,-0.323458625,-0.32337595,-0.324423875,-0.323214225,-0.3226603,-0.32072865,-0.3186763,-0.316062825,-0.312268375,-0.30762325,-0.303508425,-0.297874125,-0.2915044,-0.286082275,-0.279839225,-0.2716812,-0.2656616,-0.25775335,-0.24897065,-0.2391817,-0.2318721,-0.218969375,-0.20692005,-0.191418525,-0.16970575,-0.147547725,-0.120049025,-0.089516035,3.9
12,-0.146407075,-0.15217945,-0.155811075,-0.160141875,-0.163555575,-0.1703008,-0.1723105,-0.175816975,-0.181032125,-0.18291415,-0.1915112,-0.19241605,-0.1959429,-0.20073115,-0.2050219,-0.210238925,-0.214226975,-0.217726775,-0.22233615,-0.2280519,-0.232124875,-0.23874915,-0.2421641,-0.24673295,-0.25182165,-0.2545059,-0.25693675,-0.255990775,-0.2539896,-0.248721575,-0.237397525,-0.2251638,-0.2049976,-0.183861468,-0.158103693,-0.13042124,-0.103494253,-0.075931798,-0.052618968,-0.031885688,-0.01420194,0.001588405,0.017613372500000002,0.035465088,0.055011165249999994,0.076499983,0.099131955,0.12225886249999998,0.14555649500000004,0.169965755,0.196274399,0.225304048,0.256717565,0.28992512249999997,0.322978675,0.353820575,0.38204677500000006,0.40745707499999995,0.43048020000000004,0.45105330000000005,0.468927525,0.48583632499999996,0.50152245,0.5162852,0.530397575,0.544122025,0.5573769749999999,0.570246,0.5825700250000001,0.594174825,0.605016775,0.6147106,0.623745925,0.6327318999999999,0.64219405,0.65249875,0.6622235000000001,0.6706322,0.6772290000000001,0.682300825,0.68665395,0.68988405,0.691605375,0.6915314499999999,0.689181675,0.684160225,0.6771364,0.668626375,0.6592091750000001,0.646570775,0.6233653,0.579768625,0.511190375,0.42147644999999995,0.319741975,0.214734779,0.11252511,0.016196775000000004,-0.072746895,-0.1531913,-0.224253525,-0.2851564,-0.335918825,-0.3773512,-0.410921025,-0.437851925,-0.4590971,-0.4753304,-0.487358825,-0.495933725,-0.501862975,-0.505836275,-0.508401525,-0.5100369,-0.51100365,-0.5116516,-0.512159475,-0.512600775,-0.513070775,-0.5134951,-0.513931375,-0.514351925,-0.514665425,-0.514827625,-0.5147783,-0.5144006,-0.513676425,-0.512546125,-0.510930475,-0.5086748,-0.50545025,-0.50104735,-0.495942225,-0.49106085,-0.48712505,-0.484207,-0.481928325,-0.480001725,-0.478241025,-0.47650915,-0.474735775,-0.472945775,-0.4710484,-0.46905105,-0.466845325,-0.464373825,-0.461558975,-0.4584062,-0.454826625,-0.451076725,-0.447408225,-0.4441173,-0.44119485,-0.438682325,-0.436536875,-0.43457345,-0.432415,-0.4297792,-0.42620925,-0.421283725,-0.4145938,-0.40592865,-0.395346075,-0.383159725,-0.369696625,-0.355072375,-0.3393183,-0.322042675,-0.3029209,-0.282544425,-0.2624519,-0.2449895,-0.231777175,-0.2229976,-0.2174133,-0.21396005,-0.2120886,-0.2112721,-0.2114848,-0.212719475,-0.215002575,-0.2181708,-0.221945975,-0.226293575,-0.231171775,-0.23674975,-0.2430802,-0.2497157,-0.2569523,-0.264485675,-0.272191175,-0.280022525,-0.287726275,-0.2950865,-0.3022483,-0.309215625,-0.31589355,-0.321579375,-0.32697545,-0.331618775,-0.33537125,-0.338197025,-0.33986795,-0.340579025,-0.340707925,-0.339929825,-0.3382282,-0.335434525,-0.33185765,-0.32734775,-0.322271325,-0.316775575,-0.310175275,-0.3033769,-0.29543405,-0.28616545,-0.278676675,-0.268621925,-0.25951345,-0.252391425,-0.238802525,-0.229097525,-0.2151948,-0.19944185,-0.179878175,-0.15868925,-0.13218775,-0.105198563,-0.070552708,3.05
13,-0.15810955,-0.162681825,-0.1620862,-0.174166825,-0.1770181,-0.17935165,-0.18228315,-0.1876139,-0.192436375,-0.194591775,-0.199710825,-0.205352775,-0.207385225,-0.212735025,-0.21617785,-0.220051075,-0.22606775,-0.230363,-0.236432875,-0.24135005,-0.24482305,-0.24968545,-0.254597175,-0.2600595,-0.2640913,-0.267855925,-0.270973075,-0.269732725,-0.267712875,-0.262750375,-0.253312375,-0.24044255,-0.22350635,-0.202605828,-0.178975068,-0.15481324,-0.132419588,-0.112833222,-0.098088003,-0.08795821,-0.080383993,-0.073934535,-0.065217265,-0.053144508,-0.037176023,-0.018051212,0.002594164,0.024231262499999996,0.046601367500000004,0.07061986,0.09772294,0.1281581,0.16257699499999997,0.19956889249999998,0.23754554249999998,0.273799078,0.30707236499999996,0.336996063,0.36380895,0.38749995000000004,0.4079026,0.426790025,0.444598,0.46133485,0.477288525,0.49295330000000004,0.508354925,0.523870425,0.5385269749999999,0.552462825,0.564934225,0.57625165,0.586566425,0.5972195250000001,0.6093126750000001,0.62318885,0.6368059500000001,0.648587975,0.6574506999999999,0.6640573500000001,0.6692452499999999,0.6729906999999999,0.6750918000000001,0.67454475,0.6710797,0.664346425,0.654246825,0.6409822000000001,0.6241415,0.5988548,0.5559767,0.488044275,0.397352075,0.294013783,0.189546635,0.091141931,0.001565883,-0.078876813,-0.150472663,-0.213451073,-0.2677663,-0.313302025,-0.3504065,-0.380016675,-0.403535475,-0.422012075,-0.436284125,-0.446908825,-0.4544896,-0.459592575,-0.462853325,-0.464885525,-0.4659761,-0.4664458,-0.466500875,-0.4664187,-0.466331425,-0.466273175,-0.466272375,-0.466297175,-0.4663641,-0.4664505,-0.466476875,-0.46636875,-0.466128375,-0.465631675,-0.464882875,-0.463791225,-0.462328675,-0.4603421,-0.457631575,-0.453981925,-0.4497379,-0.44571915,-0.4424294,-0.4399985,-0.4381055,-0.4364385,-0.434928,-0.4334197,-0.431874775,-0.43034345,-0.428686825,-0.42696385,-0.4250602,-0.422986125,-0.4206198,-0.417871825,-0.4148023,-0.411563275,-0.4084668,-0.40566415,-0.403251375,-0.4013025,-0.39974945,-0.398464075,-0.3971006,-0.395369975,-0.392994275,-0.3896175,-0.3848792,-0.3786818,-0.371072475,-0.362251125,-0.352551225,-0.342032675,-0.330603075,-0.31798015,-0.30398265,-0.2888869,-0.2737997,-0.260577375,-0.2505549,-0.24377515,-0.239340275,-0.2365426,-0.2349205,-0.23410625,-0.234243525,-0.235039625,-0.2366452,-0.238853525,-0.24156525,-0.2447943,-0.248318975,-0.2523801,-0.256981725,-0.262129625,-0.26749455,-0.273072525,-0.278706,-0.2843142,-0.289596575,-0.29509165,-0.30034015,-0.305034875,-0.309637025,-0.31410055,-0.317510075,-0.32073915,-0.323376475,-0.3251724,-0.325863725,-0.32651915,-0.3256597,-0.324719525,-0.3230545,-0.320664825,-0.31779585,-0.313969875,-0.30901375,-0.30484155,-0.299095725,-0.2935203,-0.286443625,-0.2809617,-0.272994175,-0.265154975,-0.2566102,-0.2489171,-0.2391946,-0.22978715,-0.217018875,-0.2033729,-0.187888725,-0.169595825,-0.14500985,-0.1178356,-0.089744805,4.05
14,-0.213084025,-0.22271715,-0.22672945,-0.2351616,-0.24144845,-0.24491595,-0.25305595,-0.2611778,-0.268580325,-0.27648465,-0.283103875,-0.28959615,-0.293828525,-0.303138275,-0.30956515,-0.31510105,-0.32285285,-0.329691825,-0.337405525,-0.3451363,-0.353919325,-0.362337,-0.3699516,-0.378691675,-0.38559335,-0.3954222,-0.40038565,-0.4053234,-0.408394425,-0.408777025,-0.402772575,-0.394964325,-0.382324225,-0.363945175,-0.342939275,-0.319296525,-0.294490075,-0.27098425,-0.248197165,-0.227922417,-0.208574113,-0.190899648,-0.172049982,-0.15203165,-0.13059836,-0.107388226,-0.083660663,-0.0598118,-0.035987057,-0.011622375,0.014016665000000005,0.041156968,0.069624555,0.099066213,0.12830683250000002,0.155771868,0.18096467500000002,0.20390056550000002,0.224864948,0.24349568500000002,0.259917163,0.27503944,0.289747025,0.303530375,0.31666565,0.329727125,0.34207705,0.354256225,0.36583305,0.376796775,0.38713240000000004,0.39656327500000005,0.40492815,0.41330475,0.42199590000000003,0.431487925,0.440548175,0.448621025,0.45521885000000006,0.4606183250000001,0.465137175,0.469130125,0.47191405,0.47332605,0.47265707500000004,0.4700931,0.46530062499999997,0.45859085,0.45069125,0.439609025,0.42101395,0.388486025,0.3389279,0.274588798,0.201155938,0.12424736025000002,0.047325805,-0.02769565,-0.099404705,-0.166449443,-0.227337375,-0.28070735,-0.32583565,-0.36306075,-0.39328535,-0.41749435,-0.4364715,-0.450899,-0.46141635,-0.468800025,-0.473794225,-0.47704425,-0.4790788,-0.48023925,-0.480825125,-0.481149775,-0.4813794,-0.481615,-0.48186195,-0.482116425,-0.4824136,-0.48269845,-0.482940925,-0.483019125,-0.48292405,-0.48255745,-0.4818484,-0.4807545,-0.479228825,-0.477102525,-0.4741023,-0.470055525,-0.4653198,-0.460808525,-0.457154825,-0.4544467,-0.45234755,-0.45057105,-0.4489456,-0.447325225,-0.445692325,-0.444045725,-0.442313925,-0.440432125,-0.438396775,-0.436098725,-0.433537075,-0.4305892,-0.427238925,-0.42372185,-0.420312975,-0.4172293,-0.4145603,-0.412308875,-0.41044585,-0.408813725,-0.407041475,-0.404932325,-0.4021079,-0.39813595,-0.392658925,-0.385615425,-0.3769934,-0.36726625,-0.35647415,-0.34494045,-0.332584975,-0.319202675,-0.304476875,-0.288865725,-0.27359225,-0.26027375,-0.250200525,-0.243375525,-0.238913025,-0.2361692,-0.234351725,-0.23341355,-0.233328925,-0.233945525,-0.235361375,-0.237404525,-0.2400132,-0.24307225,-0.246483,-0.250453025,-0.255097875,-0.26020485,-0.265657425,-0.2713261,-0.277216775,-0.282913475,-0.28860475,-0.294276275,-0.299668225,-0.304815725,-0.30977175,-0.314380325,-0.318698575,-0.322437275,-0.3250653,-0.327286525,-0.3287741,-0.32900065,-0.328579425,-0.3283046,-0.32617565,-0.3237609,-0.3207107,-0.31698255,-0.312785075,-0.307370075,-0.301755475,-0.296645175,-0.2892886,-0.282379175,-0.27521465,-0.267610925,-0.260393325,-0.25055895,-0.242553175,-0.232868075,-0.2232174,-0.2089814,-0.19147365,-0.173717725,-0.155758025,-0.131258458,-0.104919988,4.9
15,-0.16662435,-0.18087565,-0.183600775,-0.19034025,-0.19714585,-0.199444675,-0.207176925,-0.213282425,-0.21914345,-0.22496555,-0.229989025,-0.2369665,-0.242966975,-0.24885465,-0.254419225,-0.2582498,-0.263270475,-0.26952275,-0.275665125,-0.28324745,-0.287890325,-0.2958472,-0.2997204,-0.30738585,-0.3128492,-0.3171925,-0.322265825,-0.323959625,-0.324109475,-0.3205964,-0.313237175,-0.301292825,-0.28609015,-0.26604865,-0.243231728,-0.218716823,-0.193559473,-0.169997466,-0.14868947,-0.13135021,-0.11628928,-0.10240313,-0.08781715,-0.07094533,-0.051789778,-0.03028063,-0.00739584,0.015724795000000007,0.039235177499999996,0.063750923,0.090523298,0.119598023,0.151402903,0.185162773,0.218942125,0.250911875,0.2798322,0.30615059999999994,0.3299092,0.350949125,0.3693664,0.3868235,0.4029927,0.418412275,0.432847075,0.447001275,0.46072277500000003,0.474118875,0.48683082499999997,0.4991156,0.5104411,0.520899425,0.5304673,0.5403562,0.5508210499999999,0.5620079,0.5728763,0.5823844,0.589889,0.595936425,0.6009842,0.6051458749999999,0.6077767000000001,0.60855315,0.60705515,0.6029165750000001,0.5960982,0.5871701250000001,0.576344825,0.56071425,0.533511275,0.48613942499999996,0.41602925,0.329130425,0.23517285000000002,0.14169839250000002,0.052619612499999996,-0.030617575,-0.107305355,-0.176716758,-0.2380956,-0.290647925,-0.334280175,-0.36966775,-0.39810755,-0.42074135,-0.438338175,-0.451670425,-0.46135375,-0.46810105,-0.472627475,-0.475582175,-0.4773623,-0.478383225,-0.4788859,-0.47912975,-0.47933805,-0.47951075,-0.479723075,-0.479953,-0.4802167,-0.48047845,-0.4806408,-0.480688875,-0.480544175,-0.480150325,-0.47940385,-0.4782892,-0.4767291,-0.4746307,-0.47163555,-0.467593675,-0.462952025,-0.458501775,-0.45495,-0.45229355,-0.4502414,-0.44847125,-0.4468792,-0.445298775,-0.4436996,-0.442061075,-0.440353625,-0.438511225,-0.4365212,-0.43429715,-0.43177215,-0.428863025,-0.42562795,-0.422193825,-0.4188879,-0.41589265,-0.413314175,-0.41115985,-0.409457625,-0.4079419,-0.40631385,-0.404410675,-0.40170625,-0.397943725,-0.392769225,-0.386012875,-0.377765225,-0.36837755,-0.358006175,-0.346858025,-0.334906575,-0.32180845,-0.307366575,-0.29182295,-0.276638475,-0.263303975,-0.2532398,-0.246402075,-0.241955675,-0.239216875,-0.237483325,-0.236660725,-0.23662345,-0.2374075,-0.23900415,-0.241242275,-0.24400125,-0.247080175,-0.250569025,-0.254698975,-0.259307775,-0.26440515,-0.26999495,-0.27558035,-0.28141385,-0.28718265,-0.292922175,-0.298284175,-0.303623975,-0.308552975,-0.31336315,-0.31760005,-0.32178025,-0.325467125,-0.3280532,-0.329523375,-0.330689575,-0.3314686,-0.331061875,-0.32994705,-0.328304825,-0.326100075,-0.322448225,-0.318695725,-0.314638525,-0.30936,-0.30296045,-0.297538325,-0.29039115,-0.28366545,-0.275123475,-0.26776865,-0.2603608,-0.2503048,-0.24111695,-0.232395625,-0.2208569,-0.2066878,-0.18870795,-0.169876175,-0.147281075,-0.123816975,-0.092858075,4.25
16,-0.193356775,-0.2042337,-0.210913775,-0.21735505,-0.220172125,-0.228651475,-0.233017825,-0.2433472,-0.248799175,-0.252672875,-0.2621122,-0.26551795,-0.2727881,-0.2783211,-0.28497725,-0.291450125,-0.295207225,-0.304207125,-0.311506625,-0.317143275,-0.325416325,-0.332673025,-0.3407575,-0.347559675,-0.35476655,-0.3638975,-0.368025825,-0.372315775,-0.37369425,-0.37209315,-0.3675514,-0.35749525,-0.342893825,-0.324845675,-0.303295165,-0.280774003,-0.257276573,-0.234964479,-0.2156586,-0.197929658,-0.183018373,-0.168516225,-0.153301855,-0.136358933,-0.116860533,-0.095560198,-0.073216131,-0.050703615,-0.02775278,-0.00392615,0.0215631,0.049318375000000005,0.07908774,0.110105565,0.141730935,0.17108895,0.198304028,0.22295353999999998,0.245136838,0.26531521,0.282958463,0.299814725,0.31524065,0.32957125,0.343552625,0.3568574,0.37007765000000004,0.3827446,0.39488687499999997,0.4066303,0.41681107500000003,0.42652767500000005,0.43584645,0.445069775,0.45538005000000004,0.465989375,0.47639322500000003,0.485364225,0.49256065000000004,0.498715475,0.503561375,0.5077551,0.51093005,0.5122416,0.511705275,0.5088814250000001,0.5035483000000001,0.49643360000000003,0.486663225,0.4719861,0.44623847499999997,0.40332662500000005,0.34210772500000003,0.26682922,0.18519987250000003,0.10280845999999999,0.02295995,-0.052684335,-0.123316316,-0.187945318,-0.24559935,-0.295412475,-0.3371106,-0.3711815,-0.398757075,-0.420753525,-0.437977325,-0.451058,-0.460637625,-0.46730435,-0.471815675,-0.474767225,-0.47654385,-0.4776082,-0.478137175,-0.4783755,-0.478581175,-0.478718025,-0.478904375,-0.47907395,-0.479278875,-0.47948255,-0.479593675,-0.479583625,-0.479452725,-0.479038275,-0.4783071,-0.4772665,-0.47581505,-0.473854725,-0.471063325,-0.467363225,-0.463027575,-0.458973375,-0.455678525,-0.4531987,-0.451321575,-0.449671225,-0.4481238,-0.4466755,-0.4451124,-0.4435815,-0.441927275,-0.4402113,-0.438256125,-0.436165125,-0.433790575,-0.431049375,-0.427935375,-0.424667625,-0.421517075,-0.418694325,-0.416288375,-0.4143089,-0.412739475,-0.411405975,-0.40999785,-0.4083486,-0.4059036,-0.4025151,-0.39777955,-0.39158175,-0.3839621,-0.37530535,-0.365703975,-0.3553133,-0.34415875,-0.33194045,-0.318353075,-0.3036866,-0.289240975,-0.276589725,-0.2669458,-0.2604792,-0.2562896,-0.25360825,-0.25188885,-0.2510941,-0.2509486,-0.251799875,-0.253176725,-0.255334425,-0.257868825,-0.2606902,-0.264139875,-0.267998425,-0.272403475,-0.277277125,-0.282430725,-0.287793475,-0.293056175,-0.298476975,-0.303996675,-0.308873525,-0.313775575,-0.318383325,-0.323023675,-0.32700485,-0.3302986,-0.33364635,-0.33609315,-0.33787875,-0.3387255,-0.339187925,-0.338040525,-0.33695685,-0.3354974,-0.33362965,-0.32978475,-0.326009975,-0.322572,-0.317682175,-0.31197075,-0.30461235,-0.300207475,-0.2927075,-0.285420475,-0.277891825,-0.2686698,-0.26196675,-0.2530154,-0.241307625,-0.230952425,-0.21645565,-0.201841225,-0.181896675,-0.1614261,-0.13756482,-0.109824787,3.95
17,-0.170116375,-0.178953775,-0.182890775,-0.183130325,-0.190640525,-0.1938573,-0.197915275,-0.204859425,-0.208577625,-0.213376025,-0.218919925,-0.22372005,-0.2315228,-0.233817225,-0.23880995,-0.245005025,-0.2491982,-0.255725375,-0.259391125,-0.26544435,-0.27295205,-0.275869275,-0.28284255,-0.287445675,-0.292537225,-0.2960868,-0.29905615,-0.300428975,-0.298541633,-0.293252393,-0.284544003,-0.26973536,-0.252672778,-0.230357714,-0.204833468,-0.178613788,-0.15110141,-0.126990105,-0.105468668,-0.088030958,-0.074445795,-0.061025215,-0.047583723,-0.03145566,-0.0120152,0.00881675,0.0315426,0.054436672500000005,0.077978375,0.102960835,0.129483973,0.15960071250000002,0.191892448,0.22667814750000004,0.26208569,0.294988975,0.325680575,0.353057925,0.37771632499999996,0.40010747500000005,0.418831725,0.43727145,0.453992425,0.469719125,0.484790025,0.499166225,0.5133030749999999,0.5271521,0.5403473,0.5531862,0.5643655999999999,0.5748470999999999,0.58444465,0.59431645,0.605243525,0.6169082,0.6280214,0.637462375,0.644420475,0.650018875,0.653734325,0.6564509000000001,0.657297725,0.6557530749999999,0.651397975,0.643844025,0.63372535,0.62181895,0.608431725,0.59122225,0.56144855,0.5111155000000001,0.43915885,0.351897525,0.258208388,0.164510578,0.074656963,-0.00972504,-0.087823053,-0.158739405,-0.221681925,-0.27587225,-0.3211319,-0.3581851,-0.388132225,-0.4120732,-0.430810075,-0.445014575,-0.455362975,-0.462635,-0.467567225,-0.47077305,-0.472738725,-0.47384335,-0.474373175,-0.4746976,-0.47491065,-0.4750601,-0.475216225,-0.475451,-0.47567935,-0.4758791,-0.475950275,-0.475994375,-0.475838325,-0.475424525,-0.4746475,-0.4735415,-0.47209375,-0.47006165,-0.4671777,-0.46338165,-0.458955775,-0.454757975,-0.451361525,-0.4488133,-0.446853275,-0.445196275,-0.443634425,-0.442105775,-0.44054215,-0.438962625,-0.4373032,-0.435571225,-0.433579275,-0.43143675,-0.429010975,-0.42622815,-0.4230793,-0.419794925,-0.4165446,-0.413716875,-0.4112204,-0.409217625,-0.40757745,-0.4061792,-0.4047292,-0.4028826,-0.400353275,-0.396824875,-0.39187695,-0.38547215,-0.377544,-0.3685248,-0.35861165,-0.347825425,-0.3363265,-0.3236424,-0.309601825,-0.294609725,-0.279705,-0.26679155,-0.256987125,-0.250281525,-0.24611895,-0.2433232,-0.2417118,-0.24099925,-0.240922775,-0.2417314,-0.243280775,-0.245578375,-0.24818575,-0.251217025,-0.254724025,-0.2586643,-0.263358975,-0.268273075,-0.27357995,-0.279285,-0.284774075,-0.2905563,-0.29589405,-0.30097645,-0.30639665,-0.311134725,-0.31596265,-0.320375025,-0.323857275,-0.3275766,-0.3298632,-0.3316914,-0.33254675,-0.332934475,-0.3331478,-0.331351475,-0.330165575,-0.32804355,-0.3240217,-0.32124265,-0.31672935,-0.31111035,-0.3067207,-0.29927755,-0.293913,-0.286409675,-0.2799236,-0.2722095,-0.263134025,-0.25458005,-0.246190775,-0.234432375,-0.2245164,-0.208842375,-0.191841325,-0.174798475,-0.1493429,-0.123436843,-0.090405558,4.05
18,-0.118118595,-0.121681213,-0.127130973,-0.128703213,-0.130879225,-0.1348418,-0.136438455,-0.1406499,-0.145218325,-0.1491459,-0.153877925,-0.15500365,-0.15833035,-0.16284575,-0.16342365,-0.16909865,-0.172700825,-0.1742504,-0.177917325,-0.18183975,-0.185193775,-0.18913235,-0.191421975,-0.19429245,-0.19535415,-0.1959709,-0.1952732,-0.1932248,-0.187596875,-0.181209225,-0.167791985,-0.15119539,-0.130698268,-0.10462601,-0.075474655,-0.045310825,-0.012771172,0.018557008,0.047279167,0.073790625,0.096448418,0.11695326249999999,0.13597682,0.155512325,0.176914925,0.19982129999999998,0.22391577499999998,0.247876225,0.272442625,0.29780115,0.3253669,0.355326075,0.38780542500000004,0.421936425,0.45568667500000004,0.486333025,0.513746975,0.53805365,0.560166575,0.579230875,0.5962927250000001,0.6125612500000001,0.62786105,0.642223725,0.6559014000000001,0.668324425,0.68039765,0.691990325,0.7029761999999999,0.7136228750000001,0.723539625,0.732895125,0.741811825,0.7504266749999999,0.758772625,0.767234625,0.7748525749999999,0.781313575,0.786570525,0.7904747000000001,0.7934656499999999,0.795714425,0.795878675,0.793782275,0.788917425,0.7813561,0.77134925,0.7603967500000001,0.7503164250000001,0.7405939749999999,0.7240968750000001,0.6888991250000001,0.624918375,0.534046775,0.42793175,0.31832134999999995,0.21213515000000002,0.112557095,0.020693727500000002,-0.062557565,-0.136450908,-0.200197575,-0.253740125,-0.29779695,-0.3335217,-0.36210655,-0.3845821,-0.401678175,-0.41428125,-0.42327525,-0.429447875,-0.43360625,-0.436289525,-0.437891975,-0.438857375,-0.439432975,-0.4398128,-0.440089475,-0.440348875,-0.440608,-0.4408596,-0.441050875,-0.4411602,-0.4411528,-0.440963825,-0.440555,-0.43982275,-0.438785175,-0.437390775,-0.435430275,-0.432739275,-0.429131475,-0.4249951,-0.42109405,-0.417924825,-0.415577475,-0.413769175,-0.412195225,-0.4107481,-0.40931825,-0.407877075,-0.4064246,-0.4048477,-0.40319275,-0.401386325,-0.399367925,-0.397111025,-0.39448325,-0.391487,-0.388395525,-0.385422175,-0.382714675,-0.3804097,-0.378600675,-0.377231075,-0.376043025,-0.374844925,-0.3733319,-0.371239325,-0.368171125,-0.36388455,-0.358234575,-0.35136675,-0.343428625,-0.334712575,-0.3253061,-0.3151534,-0.3040295,-0.29166075,-0.278295075,-0.265031425,-0.253499525,-0.24466975,-0.2387087,-0.23494045,-0.232470025,-0.230984375,-0.2302799,-0.230306575,-0.231012675,-0.2323444,-0.23436805,-0.2366796,-0.2393888,-0.242493275,-0.24600945,-0.250043475,-0.25454735,-0.259348175,-0.264290925,-0.2692547,-0.274227625,-0.27887485,-0.28360525,-0.28804945,-0.292237975,-0.2963682,-0.300186925,-0.303322325,-0.306475775,-0.3082722,-0.310238625,-0.311131875,-0.310721425,-0.310073075,-0.309535675,-0.30778995,-0.305309675,-0.302906325,-0.2995667,-0.29520345,-0.290551875,-0.28521515,-0.280060225,-0.2731814,-0.267836175,-0.2596356,-0.25313825,-0.244726475,-0.23728515,-0.228018975,-0.2189681,-0.205818775,-0.193612175,-0.174501575,-0.15417695,-0.1294881,-0.09843956,-0.068426283,3.9
19,-0.139237428,-0.144682853,-0.148233023,-0.154425115,-0.15459956,-0.15848502,-0.162637335,-0.16866673,-0.171720195,-0.17526995,-0.180009098,-0.181296935,-0.18618927,-0.190722448,-0.194132998,-0.197768955,-0.202251545,-0.2052961,-0.208937373,-0.212440228,-0.214989195,-0.218576828,-0.22376529,-0.225420795,-0.228766015,-0.229708763,-0.228875825,-0.227930415,-0.22232814,-0.213957165,-0.202734732,-0.185626032,-0.16449421,-0.140123575,-0.11075535,-0.07920245,-0.04670214,-0.013661005,0.018079065,0.047133267,0.071966118,0.095805837,0.11727087749999998,0.13986362774999997,0.162979493,0.18757228750000002,0.212512865,0.237855348,0.262946575,0.2890604,0.31659300000000007,0.34648865,0.378851525,0.41197019999999995,0.44477705,0.47424439999999995,0.50065795,0.5241521250000001,0.545692675,0.564848925,0.581218425,0.597853125,0.6129425500000001,0.627217275,0.6404205999999999,0.652832525,0.6646541250000001,0.6761394,0.686647875,0.697425325,0.707075575,0.7160927749999999,0.7249393249999999,0.7334283,0.7418272499999999,0.75030925,0.757371025,0.763482125,0.767878675,0.771451875,0.773293575,0.7741625999999999,0.77282195,0.76852645,0.7612286,0.750502425,0.73737295,0.723495475,0.7112244249999999,0.700457075,0.684410725,0.6503606,0.587212325,0.496304675,0.3889562750000001,0.27736895,0.16902630999999999,0.067342305,-0.02633862,-0.11107781,-0.186055975,-0.25053145,-0.304438675,-0.348595975,-0.3843907,-0.41303695,-0.435552375,-0.452719925,-0.46537285,-0.47433505,-0.48051315,-0.48462665,-0.487236675,-0.488818275,-0.48974125,-0.4903227,-0.4907438,-0.491118,-0.49149815,-0.491888325,-0.49226035,-0.49260305,-0.49286035,-0.492980425,-0.49290555,-0.49250595,-0.491766875,-0.49064405,-0.489040625,-0.486825375,-0.48366785,-0.479382775,-0.474448175,-0.4697005,-0.46587705,-0.46300465,-0.460773625,-0.4588982,-0.45714255,-0.45542785,-0.453657975,-0.4518921,-0.450026075,-0.44806695,-0.445880275,-0.443452825,-0.4407135,-0.43760535,-0.43405525,-0.4304042,-0.42683445,-0.423580525,-0.420699325,-0.4182594,-0.4162092,-0.4142546,-0.412225625,-0.40970085,-0.40631745,-0.40167235,-0.39530385,-0.387076225,-0.3770697,-0.365619425,-0.35283985,-0.339013775,-0.324154825,-0.3077412,-0.28958395,-0.27016565,-0.25089615,-0.234219725,-0.221561875,-0.212983275,-0.207522075,-0.204164125,-0.202164375,-0.2012665,-0.20141495,-0.202600625,-0.2047722,-0.207697575,-0.21133595,-0.215396075,-0.220109175,-0.225419875,-0.231408775,-0.2379512,-0.244934375,-0.252053325,-0.2593745,-0.266834625,-0.274172025,-0.281003,-0.288005475,-0.29443225,-0.300789975,-0.30653555,-0.3115875,-0.316122125,-0.32000105,-0.322631175,-0.3243976,-0.32512335,-0.324896975,-0.324451375,-0.323024125,-0.3207843,-0.316729075,-0.31326675,-0.30841795,-0.30221845,-0.296572125,-0.289462475,-0.282406575,-0.2753014,-0.26606045,-0.259441125,-0.249224775,-0.23999455,-0.23038675,-0.219726925,-0.207449475,-0.1916004,-0.17355685,-0.149959725,-0.122963435,-0.09581852,-0.06191322,2.85
20,-0.164628075,-0.168764225,-0.17678675,-0.180551175,-0.182405725,-0.186744075,-0.191140225,-0.19691435,-0.202802925,-0.206782825,-0.21005865,-0.21730475,-0.22366855,-0.22855855,-0.2313782,-0.23659795,-0.243236175,-0.2498746,-0.255036725,-0.26009945,-0.2653803,-0.273003475,-0.27793045,-0.2833486,-0.2891092,-0.293883225,-0.29923015,-0.301298775,-0.299892525,-0.29674285,-0.288836575,-0.276883125,-0.26024755,-0.239814025,-0.21623315,-0.189878275,-0.164018615,-0.13845157,-0.115862765,-0.095759235,-0.078352158,-0.06298534,-0.047369367,-0.029987588,-0.010440375,0.011039483,0.03354479,0.056370643,0.079734146,0.10388935675000001,0.130161635,0.1585444,0.18951907,0.22214085000000003,0.25463072499999995,0.28500507500000005,0.312604575,0.33738662499999994,0.359629125,0.379743175,0.39726752499999995,0.41396274999999993,0.429506,0.444062175,0.45778555,0.47105677500000004,0.48387664999999996,0.49627212500000006,0.507940775,0.5193094,0.529631175,0.5392936,0.5480731499999999,0.55716145,0.566487025,0.5761669,0.585359675,0.59321,0.5993505499999999,0.6042467,0.6083989249999999,0.611577525,0.61337565,0.613350025,0.611201525,0.606686325,0.600156175,0.5918725499999999,0.582693325,0.5701746999999999,0.54743625,0.50534595,0.43996975,0.356085925,0.262954675,0.168950793,0.078513828,-0.0061484,-0.084166395,-0.154731782,-0.21714745,-0.27069555,-0.31530105,-0.35171665,-0.3810809,-0.40447325,-0.42277645,-0.436602875,-0.44669505,-0.4537998,-0.45857455,-0.461706,-0.46366375,-0.464765575,-0.46535175,-0.46567345,-0.4658993,-0.46609655,-0.4663025,-0.46652695,-0.4667558,-0.4669564,-0.467082725,-0.4671057,-0.466976775,-0.4665611,-0.465865125,-0.464827225,-0.463391525,-0.46145535,-0.4586949,-0.4550248,-0.45080145,-0.446793725,-0.44355065,-0.441138025,-0.43926555,-0.43769745,-0.43621695,-0.43474565,-0.43324545,-0.431733025,-0.430125075,-0.42845085,-0.426597925,-0.4245353,-0.42220565,-0.4195152,-0.416489825,-0.4132815,-0.410208875,-0.4074697,-0.40512165,-0.403206975,-0.4017982,-0.4005641,-0.3992885,-0.3977012,-0.395418925,-0.39219875,-0.387692925,-0.381740525,-0.374454775,-0.366093475,-0.35692205,-0.346938225,-0.336117275,-0.324261275,-0.311106375,-0.296823775,-0.282617725,-0.270306925,-0.2608677,-0.25455025,-0.250415325,-0.24781175,-0.2462263,-0.245494875,-0.245581025,-0.24634245,-0.24787155,-0.250023775,-0.25257075,-0.25554935,-0.258862525,-0.2626958,-0.26705205,-0.271819525,-0.277087075,-0.282441875,-0.287593375,-0.292970175,-0.298198,-0.303135925,-0.3078559,-0.3124622,-0.316702525,-0.32113195,-0.324718,-0.32775675,-0.330233125,-0.33146915,-0.33267,-0.332291275,-0.33188185,-0.331429125,-0.329528175,-0.328004425,-0.324507175,-0.32113655,-0.316650075,-0.311841775,-0.3066267,-0.300439425,-0.294424275,-0.287753725,-0.280663375,-0.273810675,-0.265095325,-0.257393,-0.24753965,-0.2391502,-0.225417625,-0.212440325,-0.19405045,-0.175538875,-0.15090065,-0.124488725,-0.095046333,3.6
21,-0.16044345,-0.167429175,-0.170308525,-0.17587545,-0.178888575,-0.181870775,-0.1845057,-0.18983845,-0.195061725,-0.2003535,-0.20630235,-0.208790725,-0.2144937,-0.218848575,-0.223756875,-0.226008925,-0.232290575,-0.238222225,-0.24280365,-0.24737075,-0.252754825,-0.2579844,-0.264741425,-0.268286725,-0.2736688,-0.277006225,-0.280086175,-0.28127335,-0.27904015,-0.27434035,-0.26468275,-0.25114125,-0.233658373,-0.210967423,-0.185107255,-0.156775045,-0.127407745,-0.096883938,-0.06807487,-0.041865864,-0.017879293,0.00338263,0.023578899999999996,0.043987548,0.065714375,0.088319085,0.11234539000000002,0.135774578,0.159732215,0.184359047,0.210531823,0.23889944000000002,0.26916590749999997,0.300557175,0.3311417,0.35910707499999994,0.38414947499999996,0.406252625,0.42655975,0.4445695,0.460249825,0.47572272499999996,0.48992080000000005,0.5032029,0.5158116,0.527771225,0.53908665,0.5499971499999999,0.560313425,0.5703889,0.579680375,0.5882909000000001,0.596545675,0.604609025,0.612461625,0.6199983,0.626914875,0.63270405,0.6374614999999999,0.6416429,0.6448522250000001,0.6473666749999999,0.6483858499999999,0.6474135,0.64434115,0.639010275,0.631831925,0.623853425,0.61636285,0.60870085,0.59475135,0.56291145,0.503051475,0.41590052499999997,0.31237129999999996,0.204554225,0.10010194999999998,0.00233297,-0.087406155,-0.168270195,-0.239624475,-0.300756625,-0.351660775,-0.3932289,-0.426831425,-0.4536835,-0.4747043,-0.4906664,-0.50240765,-0.510648175,-0.51625265,-0.5199342,-0.5222431,-0.52362495,-0.52437095,-0.524796175,-0.525151975,-0.5254508,-0.525747,-0.52609725,-0.52647545,-0.526759425,-0.52698505,-0.52708525,-0.526987,-0.526616175,-0.525884825,-0.5247624,-0.523175625,-0.520999525,-0.517844375,-0.51359575,-0.508691075,-0.50394975,-0.500128175,-0.49726195,-0.49502425,-0.49309945,-0.491361,-0.489571575,-0.487826625,-0.4860354,-0.48415405,-0.482122875,-0.479911725,-0.477445575,-0.47466735,-0.4715029,-0.467943125,-0.46421785,-0.460641225,-0.45731515,-0.454353225,-0.4519041,-0.449756325,-0.447753925,-0.4456414,-0.443011025,-0.43944995,-0.43451305,-0.4277527,-0.41903045,-0.408362625,-0.396038775,-0.3822892,-0.367382125,-0.351207925,-0.3333752,-0.313532575,-0.292273425,-0.27121225,-0.253052425,-0.23916985,-0.229916925,-0.224109675,-0.22044845,-0.21820905,-0.217296375,-0.217601975,-0.218882875,-0.221248525,-0.2244826,-0.228371825,-0.232983575,-0.238135375,-0.24407375,-0.25057055,-0.25772385,-0.265386275,-0.2731231,-0.281154275,-0.289352875,-0.29717355,-0.305013675,-0.31253,-0.3198252,-0.326677125,-0.332941425,-0.33835655,-0.343497125,-0.347349775,-0.350204875,-0.35226615,-0.3536493,-0.353204175,-0.35254485,-0.350509775,-0.34863645,-0.34440585,-0.340542075,-0.335097475,-0.329370425,-0.322676775,-0.316459875,-0.307691525,-0.29857175,-0.290442275,-0.281334575,-0.272786275,-0.2635065,-0.252987,-0.24154655,-0.226580575,-0.210437575,-0.193661475,-0.1692037,-0.143538575,-0.113813775,-0.077459438,3
22,-0.1429277,-0.148241305,-0.150524455,-0.15403046,-0.1596222,-0.163357838,-0.16800514,-0.171334953,-0.17521001,-0.180074295,-0.186323828,-0.190148733,-0.19457742,-0.196754278,-0.202630223,-0.208974088,-0.212211943,-0.216851305,-0.221325298,-0.225659245,-0.23034797,-0.235366878,-0.238880005,-0.242798735,-0.248580465,-0.250948728,-0.251915693,-0.25181878,-0.248437225,-0.241925478,-0.23233658,-0.21684073,-0.19644289,-0.173546487,-0.146200075,-0.116378725,-0.0868466,-0.057825362,-0.031888547,-0.009731593,0.009251927,0.026056323749999992,0.042230883,0.060010209,0.080337325,0.102279693,0.12566562,0.149042993,0.173144093,0.19826978,0.225681003,0.25619654999999997,0.289383475,0.324850425,0.36069179999999995,0.39346990000000004,0.42354445,0.45023407499999996,0.473811575,0.494999125,0.5125223750000001,0.5297536,0.546030875,0.5609893,0.5751604,0.589530975,0.60326585,0.61680195,0.62968845,0.64225325,0.653492625,0.663833125,0.67320195,0.682684,0.6920995,0.7022112,0.71135885,0.71937325,0.725490325,0.7308966,0.73449025,0.737521775,0.73857745,0.737093425,0.732796,0.72540325,0.715444025,0.7036189749999999,0.691089125,0.6760717,0.6500914,0.60267795,0.529011,0.43588725,0.334608525,0.23380025000000002,0.137816008,0.048358945,-0.03389372,-0.108298845,-0.17409165,-0.23052445,-0.27758415,-0.3160251,-0.347018525,-0.3717584,-0.39107335,-0.405751775,-0.4165441,-0.424143725,-0.42934305,-0.432846725,-0.4350782,-0.436421125,-0.43720505,-0.43770025,-0.438050875,-0.4383402,-0.4386362,-0.43898065,-0.4392521,-0.439519825,-0.439709925,-0.43975565,-0.4396987,-0.43932645,-0.4386965,-0.437681675,-0.4363096,-0.4343682,-0.431677425,-0.428029425,-0.42381965,-0.41984595,-0.416655525,-0.4142685,-0.412422625,-0.4108509,-0.40940215,-0.4079897,-0.4065384,-0.40503535,-0.4034745,-0.40180435,-0.39998245,-0.39793915,-0.395626,-0.3929372,-0.389981925,-0.386801125,-0.3837003,-0.38098045,-0.37863065,-0.376785275,-0.375300275,-0.374075375,-0.372805675,-0.37120765,-0.36900705,-0.36575155,-0.361248675,-0.3552093,-0.347909625,-0.339567675,-0.330269975,-0.3202998,-0.30947745,-0.297567025,-0.284317475,-0.270080375,-0.25585105,-0.24357195,-0.2342368,-0.22782895,-0.22381715,-0.22116545,-0.21968845,-0.2188662,-0.2189322,-0.219730725,-0.221247125,-0.22332235,-0.225928,-0.22865705,-0.232189875,-0.2360294,-0.240398075,-0.2452669,-0.250439575,-0.2557851,-0.2611238,-0.266567775,-0.2718061,-0.2768008,-0.2818391,-0.2861665,-0.290898725,-0.294959625,-0.29862265,-0.3019682,-0.304495825,-0.306252675,-0.30736315,-0.307314975,-0.3072734,-0.30610815,-0.30499665,-0.302542825,-0.29967105,-0.2962963,-0.2918058,-0.28778765,-0.2819748,-0.2768731,-0.2712988,-0.264743125,-0.25663235,-0.24932635,-0.241807075,-0.235303675,-0.22608,-0.21527585,-0.20373675,-0.189933675,-0.174777025,-0.152523675,-0.130549308,-0.103553685,-0.071531108,4
23,-0.13229685,-0.1361989,-0.14160245,-0.1392164,-0.14825065,-0.15073915,-0.15212825,-0.156400825,-0.1591558,-0.16449385,-0.168484375,-0.170669125,-0.174263425,-0.17909255,-0.182385425,-0.18756765,-0.188797775,-0.192972475,-0.19724425,-0.20154845,-0.206616525,-0.2097685,-0.21361455,-0.2176414,-0.2192942,-0.222028975,-0.22225915,-0.2204289,-0.2183719,-0.21007955,-0.198862875,-0.183710575,-0.1651269,-0.1420875,-0.115310493,-0.087268243,-0.058563202,-0.03159932,-0.006458622,0.014695448,0.032437347500000005,0.04904249,0.065021395,0.082780093,0.103025535,0.12505203,0.14847222999999998,0.17195254999999998,0.195991125,0.22136097500000002,0.2483803,0.27871602500000003,0.31120427500000003,0.345695125,0.38005639999999996,0.411993375,0.440722975,0.466477425,0.48979495,0.5104848750000001,0.5279434000000001,0.545369525,0.5609883250000001,0.57555885,0.5899020500000001,0.6032889,0.616448625,0.629389975,0.64138135,0.653170325,0.6637697250000001,0.67346385,0.682414825,0.691575075,0.7012786,0.7111098250000001,0.720483025,0.7287629,0.734795075,0.739925075,0.7435281499999999,0.746454725,0.747586325,0.74621155,0.74221705,0.735114325,0.7252892499999999,0.7140917,0.702226475,0.68820425,0.6642463999999999,0.61972145,0.54845895,0.45483585000000004,0.3499426,0.2435422,0.141352568,0.045883427000000004,-0.041898269,-0.121071005,-0.190930025,-0.250766,-0.30057385,-0.341212225,-0.37396925,-0.4001145,-0.420561225,-0.4360787,-0.44748245,-0.455523275,-0.46099455,-0.464656775,-0.46698535,-0.4683965,-0.469209975,-0.469675625,-0.47004415,-0.47035595,-0.4706658,-0.471023325,-0.471321675,-0.471611425,-0.47181535,-0.471882475,-0.47179305,-0.4714,-0.470690575,-0.469603875,-0.468136125,-0.46606445,-0.4631277,-0.459256425,-0.4547448,-0.4504664,-0.4470067,-0.444454725,-0.44250815,-0.440814375,-0.439257225,-0.4377399,-0.436223425,-0.43464845,-0.432975225,-0.43123055,-0.429280075,-0.427111325,-0.424670125,-0.421855775,-0.4186667,-0.415354875,-0.412136575,-0.409233775,-0.406774125,-0.4047063,-0.403119175,-0.401627475,-0.400138825,-0.3982529,-0.395609475,-0.391894675,-0.386721475,-0.3799904,-0.371827775,-0.3624015,-0.352081075,-0.340904975,-0.328907725,-0.315682175,-0.30105395,-0.285417825,-0.269913425,-0.25657615,-0.246480475,-0.23964615,-0.235363575,-0.23269595,-0.231053475,-0.23037285,-0.230425375,-0.231345175,-0.23298225,-0.235385425,-0.2381718,-0.2413414,-0.245144625,-0.249289875,-0.25402485,-0.25933075,-0.26505175,-0.270886175,-0.276619775,-0.282576,-0.288403775,-0.29394535,-0.299439975,-0.3045267,-0.309443675,-0.31432725,-0.31818275,-0.321786775,-0.32451295,-0.326426725,-0.327739125,-0.328364025,-0.328086,-0.32708205,-0.32506595,-0.32340105,-0.3197303,-0.3165998,-0.312108325,-0.30688065,-0.3017847,-0.295211425,-0.2889889,-0.281640725,-0.273488825,-0.266856325,-0.25907985,-0.24877175,-0.24107665,-0.228455225,-0.2160902,-0.20145795,-0.1839642,-0.162494375,-0.137747725,-0.1105642,-0.075405225,3.6
24,-0.152611275,-0.16258665,-0.167314875,-0.1665447,-0.1745717,-0.1762796,-0.180402075,-0.186435675,-0.187827525,-0.195356875,-0.1991828,-0.2027514,-0.2092879,-0.21050135,-0.216835675,-0.219271125,-0.222968025,-0.22946885,-0.23217975,-0.23760725,-0.24238445,-0.24407515,-0.25176755,-0.254399375,-0.259339075,-0.26225705,-0.261086425,-0.263724775,-0.25943605,-0.253627075,-0.243858425,-0.22902725,-0.211487725,-0.187206675,-0.161314255,-0.132341123,-0.10245612,-0.073256693,-0.045024808,-0.019709534,0.002537297,0.023094247499999998,0.042327915,0.062902438,0.084662115,0.1076571,0.13210189,0.15579242749999997,0.18035597000000003,0.205568258,0.23228921575000003,0.262043278,0.29353165,0.326546233,0.35899214999999995,0.3883719500000001,0.415330675,0.43902194999999994,0.46047155,0.47930372499999996,0.495499275,0.5115417250000001,0.526037675,0.540052625,0.5532821499999999,0.56603465,0.578437,0.5900957750000001,0.6013282500000001,0.6122769750000001,0.6219317,0.631547925,0.639950425,0.6480888499999999,0.6564939249999999,0.664406075,0.6723004750000001,0.6787883250000001,0.6837551000000001,0.688296075,0.691292575,0.693927375,0.694503875,0.692852625,0.689041775,0.682104575,0.6730673500000001,0.6630851500000001,0.6535312249999999,0.6440661,0.62788965,0.5943562,0.53441945,0.449465875,0.35014545,0.24692347250000002,0.146741707,0.05243765,-0.03464051,-0.113537968,-0.183480775,-0.24365945,-0.2939853,-0.3352196,-0.36861135,-0.3952805,-0.41618035,-0.432084075,-0.4437616,-0.452011275,-0.45764275,-0.461365775,-0.46375075,-0.4651776,-0.4659785,-0.466441525,-0.466778575,-0.467030275,-0.467270625,-0.467553875,-0.467826625,-0.468064225,-0.46821915,-0.46825975,-0.468127425,-0.46773445,-0.4670107,-0.465926775,-0.4644748,-0.462422275,-0.459563675,-0.455776375,-0.451403025,-0.4472543,-0.4439242,-0.441444,-0.439531,-0.4378651,-0.436343175,-0.434851125,-0.433344275,-0.431780125,-0.43012955,-0.42843695,-0.426493475,-0.42437275,-0.42203065,-0.4192661,-0.41618165,-0.41297905,-0.409845575,-0.407065325,-0.40466105,-0.40279495,-0.401272825,-0.399939325,-0.39865765,-0.3969468,-0.394608725,-0.39123985,-0.386563775,-0.380476075,-0.3730054,-0.364509425,-0.355160925,-0.34506505,-0.33430915,-0.322405975,-0.30922235,-0.29510435,-0.28117085,-0.269128075,-0.259923125,-0.253747125,-0.249801225,-0.2472195,-0.2456923,-0.24492745,-0.244955025,-0.2457075,-0.24713605,-0.24927335,-0.25159285,-0.254469625,-0.257820975,-0.2615488,-0.265783325,-0.270427175,-0.275621975,-0.28088935,-0.285948775,-0.2913394,-0.296502,-0.301328225,-0.306296525,-0.310709225,-0.315089775,-0.3192322,-0.322845225,-0.326328775,-0.328201625,-0.33012485,-0.33068485,-0.331457175,-0.331098175,-0.32987095,-0.328356925,-0.3264297,-0.3231375,-0.3199873,-0.315565075,-0.31087285,-0.306087,-0.299709275,-0.29445075,-0.28700455,-0.2793226,-0.272759425,-0.26444935,-0.257181375,-0.24751235,-0.236109025,-0.2254931,-0.21084445,-0.197234275,-0.1729499,-0.149562825,-0.1241089,-0.090208088,3.3
25,-0.121586058,-0.1271852,-0.125084582,-0.130034633,-0.133176738,-0.134871825,-0.137368885,-0.13968805,-0.1448055,-0.147968675,-0.150836325,-0.1558705,-0.1584963,-0.159622025,-0.163015425,-0.168100525,-0.17040335,-0.172627525,-0.1769839,-0.17965435,-0.180958025,-0.185769925,-0.1879891,-0.189072425,-0.19216255,-0.19182095,-0.191896075,-0.1890985,-0.1830461,-0.1765532,-0.162721375,-0.144635545,-0.123637623,-0.09885298,-0.071418826,-0.040196407,-0.009039813,0.020548232499999996,0.04746169,0.070899985,0.091611185,0.110024587,0.12861832750000002,0.14854307049999999,0.170287806,0.193463155,0.21764736,0.24216962250000001,0.266349798,0.29201204999999997,0.31942105,0.349417675,0.38163495000000003,0.4155699,0.448922825,0.4800606,0.50802405,0.5331893750000001,0.555945025,0.575805975,0.592683325,0.609509875,0.6251214249999999,0.639733725,0.6537829749999999,0.6673489000000001,0.6806761,0.693328425,0.70579015,0.7174853000000001,0.728455975,0.738384025,0.747542025,0.7566269000000001,0.765775275,0.775061425,0.7839409499999999,0.791493575,0.7972459749999999,0.801652225,0.8049850249999999,0.80734525,0.8075337250000001,0.8050776749999999,0.7997141249999999,0.791169075,0.780120275,0.7678769999999999,0.7562456,0.743963025,0.723659975,0.6849946,0.621729,0.53611135,0.43592532500000003,0.33007543,0.225190015,0.125218173,0.032188225,-0.052673315,-0.128255249,-0.193718238,-0.2489203,-0.294543325,-0.3318271,-0.361915575,-0.385723875,-0.4040526,-0.417706975,-0.427519175,-0.434374575,-0.439070825,-0.44215875,-0.444131775,-0.44536595,-0.446149725,-0.4467434,-0.447199525,-0.447628025,-0.448041775,-0.448443625,-0.44876605,-0.4490013,-0.449133175,-0.449034,-0.448727075,-0.448027275,-0.447012275,-0.445572925,-0.443585275,-0.440712025,-0.436937225,-0.43252775,-0.428340325,-0.425011575,-0.422558275,-0.4206339,-0.418992925,-0.417509775,-0.416037225,-0.41455235,-0.41302135,-0.41140355,-0.409701075,-0.407804875,-0.40570415,-0.403345675,-0.4005832,-0.397485125,-0.394226325,-0.391141625,-0.38828845,-0.385879025,-0.38395675,-0.382396025,-0.3810923,-0.379650975,-0.377967775,-0.375545975,-0.372074225,-0.36724265,-0.36087065,-0.35308965,-0.344235675,-0.33443975,-0.323861675,-0.31251025,-0.300035025,-0.2861626,-0.2711776,-0.2563911,-0.243493575,-0.23373515,-0.227116225,-0.222903,-0.220268725,-0.21873305,-0.218095925,-0.218227175,-0.219088625,-0.22081245,-0.22312935,-0.2258483,-0.228995025,-0.232559325,-0.23673695,-0.241239575,-0.246351675,-0.251708475,-0.257551625,-0.263200575,-0.268809275,-0.274187725,-0.279558025,-0.28454315,-0.289754325,-0.294587425,-0.29864155,-0.30271125,-0.3062875,-0.308558725,-0.310810575,-0.311717025,-0.31247335,-0.312077825,-0.311206775,-0.309394175,-0.30717145,-0.3045797,-0.30120235,-0.2970241,-0.291744225,-0.28694765,-0.2808041,-0.274271,-0.26789765,-0.260147775,-0.253185775,-0.24483905,-0.237958525,-0.228243725,-0.217961825,-0.206076875,-0.19198705,-0.17363385,-0.15392865,-0.129097025,-0.099922275,-0.065861103,2.85
26,-0.14641785,-0.150641175,-0.155543875,-0.161113375,-0.163331425,-0.168384,-0.173020925,-0.176446525,-0.18052235,-0.18602135,-0.19303275,-0.1969739,-0.203265125,-0.206861775,-0.210814325,-0.21536995,-0.2217987,-0.225408225,-0.231595825,-0.236155975,-0.241637875,-0.246157525,-0.25212255,-0.256564825,-0.260709225,-0.264147175,-0.266682025,-0.26782775,-0.2650152,-0.2598297,-0.25062965,-0.236987925,-0.219078325,-0.196569975,-0.170276543,-0.14064908,-0.109649847,-0.078454237,-0.047578258,-0.017706615,0.009849265,0.035995322499999996,0.06046106,0.085563955,0.111306763,0.13705131,0.163409083,0.18891064250000003,0.21442575,0.24033300000000002,0.2668383,0.2945402,0.32332210000000006,0.3523871,0.38028285,0.40579527499999996,0.42825362499999997,0.44887722499999994,0.467601125,0.48433649999999995,0.49884799999999996,0.51351835,0.5273974499999999,0.540559225,0.553139625,0.5653188,0.576597025,0.5877901,0.597955875,0.6080511,0.61783985,0.62723305,0.6356882749999999,0.644035175,0.651660375,0.6586959499999999,0.66530385,0.6711942499999999,0.6759630249999999,0.68023895,0.6839257999999999,0.686774175,0.68793965,0.687270475,0.683997575,0.6786754,0.671311925,0.6632906500000001,0.65662675,0.6516416,0.64397965,0.62474525,0.58303395,0.5147069,0.4252928,0.32468104999999997,0.221152925,0.119847113,0.023673487750000003,-0.06529475,-0.14545195,-0.21548115,-0.274810925,-0.3240548,-0.36437025,-0.39697785,-0.422772375,-0.44267725,-0.45753905,-0.468243625,-0.4757309,-0.48085005,-0.48428255,-0.4864649,-0.487849275,-0.488763575,-0.4894557,-0.490042075,-0.490533575,-0.4910433,-0.491510725,-0.49195005,-0.49222965,-0.49240925,-0.492346625,-0.492009375,-0.491303325,-0.4901785,-0.488608775,-0.48641565,-0.483259125,-0.4790085,-0.47410025,-0.469397725,-0.465610125,-0.462804175,-0.4606365,-0.45879095,-0.4570851,-0.455389825,-0.453697975,-0.451968475,-0.450134,-0.448184175,-0.446050825,-0.44365355,-0.440967575,-0.4378809,-0.434444325,-0.430822875,-0.42732,-0.4241175,-0.421320875,-0.41898005,-0.417026775,-0.415224025,-0.4132924,-0.41088975,-0.407662525,-0.4031711,-0.397004875,-0.389038075,-0.379331025,-0.368251825,-0.356014775,-0.342796425,-0.328566225,-0.312966275,-0.295777875,-0.277392875,-0.2593492,-0.243752625,-0.231914425,-0.22407405,-0.219084575,-0.215988175,-0.214139375,-0.213329525,-0.213521275,-0.21453235,-0.2165305,-0.2193289,-0.2226071,-0.226400525,-0.230840075,-0.235778525,-0.2413479,-0.24757985,-0.254183575,-0.26102365,-0.267860625,-0.27487565,-0.28175915,-0.28838635,-0.294918675,-0.301133325,-0.307025675,-0.312704725,-0.317349275,-0.321985525,-0.325314125,-0.327702525,-0.3297611,-0.3303928,-0.33038745,-0.32936645,-0.327831275,-0.3257399,-0.3219189,-0.3185957,-0.313418275,-0.30784225,-0.301715325,-0.295061875,-0.287710825,-0.279906025,-0.271888675,-0.263252475,-0.254595325,-0.246070975,-0.2352069,-0.22507145,-0.212557825,-0.19516025,-0.1778293,-0.15444825,-0.1302813,-0.10192988,-0.06692266,3.05
27,-0.14129815,-0.1440215,-0.15030145,-0.14908935,-0.150997425,-0.158835075,-0.1601545,-0.166803775,-0.171084025,-0.173841175,-0.17866185,-0.181446875,-0.185417275,-0.1891998,-0.193236275,-0.197409225,-0.198824725,-0.20381265,-0.207412325,-0.2101952,-0.217326,-0.220056775,-0.224686525,-0.2271847,-0.228975475,-0.23289035,-0.23354845,-0.23176175,-0.2281884,-0.22112135,-0.209838075,-0.19472155,-0.17406475,-0.15129202,-0.122299293,-0.092732093,-0.060730145,-0.02989202,0.000381355,0.028101164999999994,0.052801839999999996,0.07531076,0.096965425,0.11919215500000001,0.14275505249999998,0.166955513,0.19216685,0.21776867500000002,0.242722575,0.26869115,0.29596812499999997,0.3255182,0.356809875,0.389024675,0.4211832999999999,0.44957052499999994,0.47521155000000004,0.498341025,0.5186011,0.537070175,0.55270705,0.5682635,0.582946525,0.596699275,0.6099862,0.6226597749999999,0.6345814249999999,0.6464359000000001,0.6573431249999999,0.6684194999999999,0.6786267500000001,0.6880412250000001,0.69726705,0.705375575,0.713558025,0.72120205,0.7277693500000001,0.734305575,0.73885795,0.74303625,0.746757725,0.7492435249999999,0.750060575,0.7488279,0.745041875,0.7386167,0.729881875,0.720903425,0.7123737750000001,0.7049996749999999,0.6925092,0.6640367,0.6100539249999999,0.5292509,0.430585875,0.324617125,0.218913425,0.117603098,0.022760324,-0.064109212,-0.141720333,-0.209019275,-0.2656497,-0.312329375,-0.350333775,-0.38084905,-0.404872925,-0.423279075,-0.436909675,-0.446641925,-0.4533562,-0.45793225,-0.460883525,-0.462764175,-0.463878375,-0.4645984,-0.46515175,-0.4655805,-0.46599175,-0.466409275,-0.46680795,-0.467163175,-0.4674073,-0.467535375,-0.467438225,-0.467068725,-0.466345975,-0.465199475,-0.463641475,-0.46144705,-0.458300475,-0.4541224,-0.4492643,-0.444658725,-0.440971275,-0.438198675,-0.43609555,-0.434295975,-0.432615975,-0.430972325,-0.429333275,-0.42764845,-0.425872775,-0.424000525,-0.4219227,-0.419614925,-0.4170231,-0.414015325,-0.410662925,-0.4071824,-0.403745025,-0.400687,-0.398006825,-0.39581495,-0.39403745,-0.39236105,-0.390636025,-0.388546,-0.3856061,-0.381615225,-0.376048475,-0.36879615,-0.360042925,-0.35002445,-0.33902625,-0.32723455,-0.31446735,-0.300620275,-0.285253575,-0.26883115,-0.252579725,-0.23856995,-0.228026525,-0.2208922,-0.2163938,-0.213469875,-0.21165915,-0.210988875,-0.21096815,-0.212073125,-0.213727075,-0.216115775,-0.2190787,-0.22237955,-0.226288725,-0.230703025,-0.2355624,-0.24130725,-0.247094825,-0.253284075,-0.25947835,-0.265520525,-0.27164885,-0.27769625,-0.2832887,-0.2889261,-0.294112425,-0.29929935,-0.3036318,-0.30733955,-0.3108098,-0.3124647,-0.314430675,-0.31496885,-0.31476475,-0.314464575,-0.311478025,-0.3104803,-0.306645425,-0.303729375,-0.299548925,-0.29393935,-0.288965075,-0.283209275,-0.27507315,-0.2693428,-0.2608152,-0.25437495,-0.245033,-0.237790525,-0.229497475,-0.2174151,-0.20501475,-0.1917953,-0.172534725,-0.154793275,-0.125648925,-0.099952115,-0.06931825,3.55
28,-0.175938325,-0.1834409,-0.1857047,-0.1900293,-0.19356345,-0.19842835,-0.206710675,-0.2099745,-0.2170925,-0.2215705,-0.228059875,-0.235244375,-0.238676475,-0.244007325,-0.250077275,-0.254747775,-0.2609524,-0.264651525,-0.27175535,-0.27603195,-0.28219075,-0.286875075,-0.294087325,-0.298569275,-0.3068056,-0.30932355,-0.31127455,-0.314223825,-0.31356555,-0.309239825,-0.300866525,-0.28858495,-0.271985825,-0.251130225,-0.227687125,-0.201002355,-0.174120668,-0.149618173,-0.12672239,-0.107517945,-0.090504488,-0.07499084,-0.058551278,-0.04051195,-0.019876832,0.00246148,0.026232728,0.049859267500000005,0.073951316,0.099033085,0.126054565,0.15561091500000002,0.18751488,0.221355638,0.255204668,0.28676346999999996,0.315451508,0.341490275,0.36504892499999997,0.38590427499999996,0.4041584,0.42146337500000003,0.437580225,0.4528108,0.46721317500000004,0.481470625,0.495261425,0.5086855,0.52150865,0.5341026249999999,0.545349625,0.5558774750000001,0.5652203,0.57496965,0.58550465,0.5964172249999999,0.607253475,0.61632895,0.62344405,0.628856325,0.6335538000000001,0.637203575,0.63904975,0.63890005,0.636204675,0.63069325,0.6225337249999999,0.6126845249999999,0.6014807,0.5867566,0.561100025,0.5164862499999999,0.44982690000000003,0.36546895,0.27181894999999995,0.17638324649999998,0.084003615,-0.00315475,-0.083783598,-0.156948258,-0.221793375,-0.2774579,-0.323938125,-0.361880125,-0.392546425,-0.4170085,-0.43611355,-0.45062085,-0.461224475,-0.468618475,-0.4736371,-0.4768737,-0.478856,-0.47998045,-0.48053175,-0.4808321,-0.48100495,-0.481124275,-0.48125905,-0.4814626,-0.48164445,-0.481819425,-0.481878775,-0.4818508,-0.4816372,-0.481144975,-0.4803508,-0.479165175,-0.4775519,-0.4754107,-0.47240595,-0.46842705,-0.4638388,-0.459525925,-0.456021,-0.45340755,-0.45138895,-0.4496306,-0.447979475,-0.446402925,-0.44479265,-0.44315705,-0.441419775,-0.439619025,-0.4375817,-0.435366575,-0.43288875,-0.4300278,-0.426851075,-0.423519225,-0.42028425,-0.417374575,-0.4148988,-0.41285455,-0.4112341,-0.40984225,-0.4084026,-0.406559475,-0.404028525,-0.400523975,-0.395649825,-0.389329225,-0.381610675,-0.37287585,-0.36324175,-0.352871775,-0.3417588,-0.329574775,-0.316172325,-0.301764325,-0.28753785,-0.27525675,-0.26597815,-0.259637275,-0.25565435,-0.252958,-0.251453125,-0.25068595,-0.250628975,-0.251354225,-0.2527442,-0.254808475,-0.25724955,-0.26006805,-0.263362975,-0.26707905,-0.2713634,-0.2761337,-0.28124275,-0.286394075,-0.291700775,-0.297099575,-0.302311025,-0.30726415,-0.31207645,-0.316650125,-0.321269125,-0.3255667,-0.329291925,-0.332099175,-0.334757775,-0.336414375,-0.33754615,-0.337651075,-0.33733555,-0.33638815,-0.33499575,-0.332838575,-0.329115125,-0.325541775,-0.3207096,-0.317261725,-0.312146775,-0.30490495,-0.2992093,-0.2915109,-0.284489975,-0.278841275,-0.270656625,-0.260986525,-0.252237575,-0.2429914,-0.2304717,-0.215665425,-0.199225275,-0.1794598,-0.15780075,-0.1311269,-0.100729025,3.4
29,-0.152976375,-0.153703425,-0.1542074,-0.159972325,-0.1621138,-0.168926175,-0.17380225,-0.176528375,-0.18264195,-0.188391275,-0.193789125,-0.196376775,-0.202902475,-0.20731365,-0.208985975,-0.214720925,-0.217357525,-0.2225712,-0.227325425,-0.230694525,-0.237114425,-0.242409025,-0.245872025,-0.2520881,-0.2546968,-0.25836605,-0.2606612,-0.26018835,-0.25794915,-0.2505564,-0.242739175,-0.2283246,-0.20979195,-0.187514635,-0.161781875,-0.133714715,-0.104479448,-0.07724573,-0.052213635,-0.029737315,-0.011933293,0.005032637,0.021739911,0.039705933,0.060444033,0.082660995,0.106204733,0.129959365,0.153975668,0.1791951,0.206308925,0.235993725,0.268562325,0.302586875,0.33698045,0.36869399999999997,0.39727789999999996,0.423342,0.44631275000000004,0.466792525,0.4838426,0.500729075,0.516598225,0.531216675,0.54539475,0.5591719,0.5723298,0.585529775,0.5976053,0.60978085,0.6209013999999999,0.630790525,0.6400357,0.648807575,0.6579226,0.6674249000000001,0.6761387,0.6841094249999999,0.6899007,0.6947611,0.698713275,0.701649425,0.7029542750000001,0.701855675,0.6984942000000001,0.6925365250000001,0.6837669749999999,0.674007825,0.663482425,0.650662425,0.628081675,0.5855646999999999,0.5184437749999999,0.43123954999999997,0.3338922,0.23467862500000003,0.138245123,0.046926482,-0.038059648,-0.1155749,-0.1846529,-0.2443118,-0.2943619,-0.335425375,-0.368743325,-0.39538745,-0.41624895,-0.432111975,-0.4437927,-0.45202495,-0.4576094,-0.46135795,-0.463703975,-0.4651095,-0.465894175,-0.4663346,-0.4666654,-0.466880975,-0.467130325,-0.467384275,-0.4676366,-0.467888725,-0.467997825,-0.46799045,-0.46786465,-0.467417325,-0.466675475,-0.465568925,-0.46404375,-0.4619905,-0.4590447,-0.455181925,-0.450700225,-0.446430375,-0.4430329,-0.440440475,-0.4384799,-0.43674845,-0.4351891,-0.4336626,-0.43209475,-0.430476825,-0.428782925,-0.427000975,-0.42500735,-0.422836925,-0.420417975,-0.4175386,-0.414371725,-0.41105065,-0.407822825,-0.404929375,-0.402391625,-0.400385175,-0.398728125,-0.397277275,-0.39582015,-0.3939671,-0.391428575,-0.387828825,-0.382801175,-0.376264425,-0.368301575,-0.359138175,-0.349040825,-0.338138625,-0.32634825,-0.3134931,-0.299047975,-0.2836258,-0.268253025,-0.254922325,-0.244839075,-0.238017875,-0.2336841,-0.23080905,-0.2291796,-0.228493325,-0.2284646,-0.229392525,-0.231031725,-0.2332619,-0.2360504,-0.239281975,-0.242891225,-0.246982225,-0.251763425,-0.257025475,-0.2625219,-0.268398725,-0.27407355,-0.279644025,-0.285456175,-0.29082805,-0.29634115,-0.301339225,-0.30610825,-0.310685625,-0.3146473,-0.318031475,-0.320474575,-0.32247405,-0.32385875,-0.324421075,-0.32433345,-0.3227689,-0.3216019,-0.31882185,-0.31582,-0.31259065,-0.308596375,-0.3038292,-0.2975413,-0.2917626,-0.285182875,-0.2789016,-0.271788975,-0.26242755,-0.255397425,-0.247427575,-0.237938825,-0.227611525,-0.216851775,-0.2005692,-0.1828394,-0.161361925,-0.13735465,-0.109846285,-0.077807975,3.85
30,-0.17757295,-0.1830005,-0.186562625,-0.19268735,-0.195464625,-0.1990521,-0.20515315,-0.2111641,-0.21403345,-0.22073775,-0.225759925,-0.232830125,-0.235957325,-0.24101135,-0.24571375,-0.24907705,-0.256422475,-0.26053145,-0.267987925,-0.2731588,-0.2797584,-0.2868465,-0.292090075,-0.299917625,-0.30416615,-0.310988375,-0.313813825,-0.31556825,-0.316308075,-0.312064175,-0.3056803,-0.294109225,-0.278845975,-0.261379775,-0.241006725,-0.220746983,-0.202893215,-0.18857906,-0.178538125,-0.173053648,-0.169007556,-0.164771735,-0.157318048,-0.146171808,-0.130758865,-0.111614268,-0.090910333,-0.069264465,-0.046735503,-0.022620083,0.004568491,0.035066408,0.069036931,0.105749859,0.14387392999999998,0.18063328750000002,0.21464700000000003,0.24565265000000003,0.27344040000000003,0.297898625,0.319062675,0.33861379999999996,0.356902225,0.37403159999999996,0.390657025,0.40755182500000003,0.42455005,0.44172310000000004,0.45807425,0.47351895,0.4873299,0.49937879999999996,0.5102114,0.5215734000000001,0.534953925,0.5508864,0.5670979,0.5819236999999999,0.5934192,0.6023225,0.609491525,0.6155448,0.619981575,0.6218424,0.6206246,0.61600025,0.607456875,0.59522135,0.5781045499999999,0.5510548749999999,0.5058303,0.4375332,0.350099675,0.2531136,0.156053813,0.064015275,-0.02116989,-0.09928416,-0.170151658,-0.2334141,-0.288442825,-0.334725025,-0.372291675,-0.4021363,-0.42572815,-0.444233525,-0.458477675,-0.469140525,-0.47675985,-0.4819236,-0.485277575,-0.487377975,-0.488580675,-0.489164725,-0.489416775,-0.489563625,-0.48971045,-0.489870575,-0.490101675,-0.490466675,-0.49082805,-0.491201975,-0.491467675,-0.491602025,-0.491556275,-0.49117835,-0.4904149,-0.48924995,-0.4875742,-0.485222525,-0.4818241,-0.477283825,-0.471971175,-0.466980775,-0.4629612,-0.45993495,-0.457633425,-0.45568375,-0.45385955,-0.45211055,-0.450348525,-0.4485382,-0.44661615,-0.4446209,-0.4424157,-0.439901875,-0.437123075,-0.43389865,-0.430317425,-0.4265847,-0.42297635,-0.4196443,-0.41668545,-0.414259875,-0.4121294,-0.410198275,-0.40812385,-0.4056111,-0.40214475,-0.397445625,-0.391096875,-0.382879425,-0.37294935,-0.3616471,-0.349223425,-0.33590495,-0.32166605,-0.30619145,-0.28914945,-0.2710669,-0.2533111,-0.238045075,-0.226548875,-0.2188088,-0.213846425,-0.21080605,-0.208950075,-0.208131425,-0.208203475,-0.20917375,-0.21097405,-0.2136804,-0.2167787,-0.2204523,-0.224710125,-0.229570475,-0.23493445,-0.2409312,-0.247314525,-0.254065725,-0.260880325,-0.267545825,-0.27429665,-0.2810281,-0.287650625,-0.293721025,-0.2994119,-0.305170225,-0.31008245,-0.3146476,-0.318072925,-0.321188775,-0.32232905,-0.323224975,-0.323861975,-0.322665225,-0.321591775,-0.31942955,-0.315455225,-0.31215505,-0.307367325,-0.301796175,-0.296453175,-0.289627725,-0.282051375,-0.2771208,-0.267709,-0.25977535,-0.2506245,-0.24251465,-0.2320699,-0.221969525,-0.212014625,-0.196375225,-0.18030115,-0.163159575,-0.1396249,-0.115414928,-0.088463198,3.95
31,-0.15702435,-0.1641834,-0.167175075,-0.17158335,-0.17822135,-0.1774274,-0.186662125,-0.18900335,-0.1961406,-0.1999351,-0.205643175,-0.21166565,-0.2138268,-0.220726725,-0.223275175,-0.228511975,-0.233588275,-0.238574575,-0.24444515,-0.2488199,-0.2544347,-0.260877125,-0.26583435,-0.271593725,-0.27658645,-0.2791104,-0.282487325,-0.282700375,-0.281627025,-0.276168825,-0.26761425,-0.255863825,-0.2394506,-0.218831075,-0.1963074,-0.17182985,-0.147852895,-0.125792803,-0.107133093,-0.092246283,-0.079296158,-0.06757994,-0.054061993,-0.03814265,-0.019445988,0.00194543,0.024655199999999995,0.047838379,0.07160174,0.096496843,0.12387561,0.15375377250000002,0.18643788800000002,0.22115392,0.25653485,0.289561225,0.31964895000000004,0.34703067500000007,0.37167555,0.39318495000000003,0.4116751,0.42919219999999997,0.4458832,0.46152119999999996,0.47665469999999993,0.491672725,0.506174475,0.5206796250000001,0.534574725,0.54790105,0.55998625,0.57092305,0.580644175,0.590535,0.60115595,0.6129582499999999,0.6246210249999999,0.63483595,0.6428091749999999,0.6490027749999999,0.6542008749999999,0.658475275,0.66098905,0.66118275,0.6584987250000001,0.6528803249999999,0.64385615,0.632653475,0.6190414500000001,0.6006288,0.57034675,0.5206521749999999,0.450279475,0.364716425,0.272307975,0.17955711749999997,0.089807465,0.004561285,-0.075160931,-0.148296716,-0.21360119,-0.2699682,-0.317061225,-0.355399675,-0.3862867,-0.41088865,-0.430092525,-0.444641775,-0.455291675,-0.46276115,-0.46781815,-0.47116335,-0.47323945,-0.474462425,-0.475181825,-0.475648725,-0.476026425,-0.476368975,-0.47678815,-0.4772554,-0.4776898,-0.4781698,-0.478517875,-0.47871475,-0.478734275,-0.4784136,-0.477741675,-0.47662595,-0.47501695,-0.4726949,-0.4693587,-0.464870525,-0.4596241,-0.454651675,-0.45067165,-0.4476949,-0.44543805,-0.443497825,-0.4417605,-0.440063225,-0.4383185,-0.43652905,-0.43468535,-0.43272865,-0.430495075,-0.428050925,-0.425264025,-0.422110375,-0.418523975,-0.414830325,-0.41121495,-0.407893225,-0.40497495,-0.402506775,-0.400453825,-0.3985219,-0.3964883,-0.3939815,-0.3905711,-0.38586495,-0.379528825,-0.37137835,-0.361525575,-0.350297275,-0.337894725,-0.3247013,-0.3105705,-0.295211075,-0.27833135,-0.260415925,-0.242837125,-0.227728075,-0.21625645,-0.2086569,-0.203824425,-0.2007441,-0.19884145,-0.19801465,-0.19810685,-0.199156275,-0.2010047,-0.20358235,-0.206672325,-0.210250175,-0.2145383,-0.219202325,-0.224692275,-0.230691525,-0.237027675,-0.2436789,-0.250460075,-0.257046925,-0.263723525,-0.270497925,-0.276984975,-0.28318045,-0.288887825,-0.294585425,-0.299454575,-0.3041358,-0.30723165,-0.310022425,-0.312322675,-0.31310805,-0.313257575,-0.31266035,-0.311094225,-0.309783975,-0.305955475,-0.302399275,-0.29788215,-0.292226175,-0.285390175,-0.279702625,-0.273415375,-0.26674435,-0.257798975,-0.2510012,-0.242111475,-0.233818025,-0.223653525,-0.214489,-0.2007043,-0.18768165,-0.1706244,-0.150445775,-0.128420575,-0.103283843,-0.073161055,3.95
32,-0.166143575,-0.167938875,-0.17513515,-0.177703275,-0.183873725,-0.187995325,-0.191548675,-0.196922875,-0.20122905,-0.208217,-0.213252975,-0.217407875,-0.22649505,-0.22831045,-0.234814725,-0.238489375,-0.24225235,-0.24853025,-0.251467475,-0.260051225,-0.26234145,-0.2694861,-0.2742361,-0.27896315,-0.28384365,-0.28961755,-0.290116025,-0.293007925,-0.2901931,-0.285140125,-0.27702365,-0.263180775,-0.244996025,-0.222755865,-0.197635143,-0.170188328,-0.141039823,-0.113543465,-0.08773408,-0.065740693,-0.047031645,-0.02992394,-0.013809633,0.00414895,0.024161642500000007,0.046144445,0.069489688,0.092851863,0.117015469,0.14192165499999998,0.16912452249999999,0.19946915250000002,0.232257225,0.26740325,0.30243865000000003,0.33456329999999995,0.36351007500000004,0.38902337500000006,0.41212255,0.432294925,0.449086175,0.46586985,0.48171672499999996,0.49659137499999995,0.510822275,0.524487075,0.537869075,0.550927625,0.5633194,0.5755525,0.586486275,0.5969388499999999,0.606093325,0.6150465,0.624028225,0.63298435,0.6414464249999999,0.649039925,0.6548137749999999,0.6599839000000001,0.6640975499999999,0.667618775,0.6690416,0.668754575,0.6663354749999999,0.6611783250000001,0.654152725,0.645421275,0.636539175,0.6252742499999999,0.60382985,0.561891525,0.492628025,0.40148455,0.29999045,0.19796055,0.100733158,0.010080045000000001,-0.072929763,-0.147685,-0.213558575,-0.2698293,-0.316549225,-0.354541675,-0.385088175,-0.409383175,-0.428272375,-0.442549775,-0.45294745,-0.460182225,-0.46507005,-0.468237525,-0.4701596,-0.471210325,-0.471733275,-0.472001225,-0.472149225,-0.47222195,-0.472321475,-0.47246785,-0.472603075,-0.4727174,-0.472757525,-0.472670675,-0.472384675,-0.471893675,-0.471051275,-0.469884875,-0.468257375,-0.466104025,-0.463111,-0.45916735,-0.45466155,-0.4504176,-0.4469797,-0.44437585,-0.442387075,-0.4406298,-0.439021225,-0.43740355,-0.435801525,-0.4341835,-0.43243215,-0.430628125,-0.42861365,-0.4264598,-0.424003425,-0.421175775,-0.41801605,-0.41469035,-0.411540325,-0.408691075,-0.406226425,-0.404271725,-0.40271365,-0.401410975,-0.4000143,-0.398283625,-0.395893525,-0.392486125,-0.3878577,-0.381760975,-0.37431375,-0.36593285,-0.35667345,-0.346768875,-0.33614185,-0.324415625,-0.31162585,-0.2978247,-0.28428505,-0.2726005,-0.263784325,-0.257773275,-0.253940775,-0.251451475,-0.249983075,-0.24915965,-0.2491808,-0.2497773,-0.25107275,-0.253036925,-0.2552247,-0.257911425,-0.260846325,-0.26442705,-0.2685795,-0.273090525,-0.27803315,-0.282973825,-0.2878456,-0.293073425,-0.2977685,-0.30285885,-0.307391925,-0.311712325,-0.315850575,-0.31975875,-0.32379145,-0.32672675,-0.32890475,-0.330777625,-0.331398025,-0.3320548,-0.331442925,-0.330401925,-0.3288025,-0.3268921,-0.32426185,-0.3206303,-0.31572095,-0.31197195,-0.30543135,-0.3007755,-0.294779725,-0.287303,-0.281649,-0.272856875,-0.265345075,-0.258655475,-0.248802175,-0.24054145,-0.226301475,-0.213500625,-0.197627925,-0.176236025,-0.157797725,-0.127662823,-0.097025228,3.35
33,-0.1236154,-0.123255275,-0.13017575,-0.13306305,-0.135390325,-0.1369989,-0.141606325,-0.143190175,-0.148211525,-0.151555425,-0.1559116,-0.158800875,-0.161751025,-0.163522775,-0.167565625,-0.170552175,-0.173039475,-0.177171625,-0.180855525,-0.18287125,-0.1874357,-0.1900952,-0.193034875,-0.19572725,-0.19740655,-0.198464525,-0.197345675,-0.19514475,-0.191120725,-0.1832432,-0.17030175,-0.15403075,-0.133180215,-0.10808189,-0.080600007,-0.049558251,-0.016557625,0.016538378,0.047766113,0.076913813,0.10329146,0.127696258,0.15126926000000002,0.17469962,0.198252558,0.2229524,0.248622725,0.27400555000000004,0.2989393,0.32479675,0.3519519,0.38097607499999997,0.4115326,0.442944475,0.47320229999999996,0.500475725,0.52507665,0.5468597749999999,0.5668118,0.584728125,0.59972445,0.61504795,0.6295226249999999,0.642583875,0.655340675,0.667305275,0.678957825,0.6898994,0.70048045,0.710870825,0.719976,0.729114375,0.7375599,0.7456336,0.7534898999999999,0.76102875,0.7677509750000001,0.77376585,0.7786641750000001,0.7826397,0.78579615,0.788235625,0.7885314999999999,0.787115975,0.7830314250000001,0.7765081249999999,0.7677899,0.758334375,0.7503690000000001,0.7434949,0.732834875,0.7075376999999999,0.655864625,0.5747173,0.472596825,0.36133875,0.24980512500000002,0.14278794250000001,0.042636695,-0.049049173,-0.13100133,-0.20202255,-0.2618692,-0.311303225,-0.35161275,-0.3841403,-0.409818725,-0.429576425,-0.444302975,-0.454914175,-0.462367075,-0.46744305,-0.470848325,-0.473033275,-0.4744621,-0.47541675,-0.476175875,-0.476791,-0.47735695,-0.477925925,-0.478438775,-0.4789275,-0.479280925,-0.47945955,-0.47946595,-0.479129125,-0.478389825,-0.477256875,-0.475647825,-0.473347425,-0.4700753,-0.465681625,-0.46058485,-0.4557752,-0.451915325,-0.4490811,-0.44692485,-0.44504565,-0.443331375,-0.441640175,-0.439979575,-0.438255525,-0.436460575,-0.434549325,-0.432399175,-0.4300426,-0.427356575,-0.42428975,-0.420851175,-0.417287775,-0.41379225,-0.410639925,-0.40787515,-0.40559285,-0.40366205,-0.40189645,-0.4000423,-0.397711,-0.39459955,-0.390229575,-0.38426055,-0.3765598,-0.367237875,-0.3565605,-0.34481405,-0.33226555,-0.31879305,-0.304073075,-0.28779035,-0.27034585,-0.253337825,-0.238507825,-0.2274992,-0.2200875,-0.2153355,-0.212420425,-0.210713775,-0.2100056,-0.2101911,-0.2111927,-0.213044325,-0.215673375,-0.218775975,-0.22246725,-0.22653985,-0.2312957,-0.236681425,-0.242448775,-0.24870885,-0.255252875,-0.261722875,-0.268329825,-0.274893775,-0.281287425,-0.28731625,-0.2930765,-0.2988502,-0.304044425,-0.308839425,-0.312861775,-0.31615125,-0.31861635,-0.320043425,-0.3210218,-0.3206481,-0.320019275,-0.3193766,-0.316227025,-0.312837475,-0.30951655,-0.3052271,-0.300226775,-0.29366695,-0.287687925,-0.279607725,-0.2729675,-0.26563345,-0.25741925,-0.2486872,-0.239176375,-0.230961225,-0.2189928,-0.207449025,-0.19137955,-0.17314205,-0.15263105,-0.125532925,-0.093688823,-0.062084808,2.9
34,-0.112687112,-0.125808642,-0.134744217,-0.14487454,-0.150197883,-0.157113,-0.162666533,-0.16925735,-0.17897535,-0.186810467,-0.1934494,-0.201332233,-0.208248583,-0.213754167,-0.2219917,-0.2291823,-0.237991917,-0.250719717,-0.26556735,-0.27910345,-0.289614933,-0.301236083,-0.310093517,-0.319031767,-0.32612605,-0.334645983,-0.342948317,-0.349365717,-0.355693667,-0.358956883,-0.361881067,-0.36506255,-0.3678496,-0.3721085,-0.376665917,-0.383019917,-0.390813517,-0.400085567,-0.410244167,-0.419957633,-0.426521567,-0.428620983,-0.425165717,-0.4160975,-0.4024929,-0.385493683,-0.366722317,-0.347144183,-0.3267879,-0.304678617,-0.279893417,-0.252200067,-0.22131643,-0.1875825,-0.151761743,-0.116143987,-0.08225695,-0.050792473,-0.022070193,0.003671882,0.026462765,0.047281936,0.066401033,0.08434168,0.10198553333333334,0.12010679333333334,0.13891449683333332,0.15826198166666666,0.17746935833333333,0.19553332833333334,0.211550205,0.2252799533333333,0.23785361666666663,0.25198526666666665,0.2706746166666667,0.29508371666666666,0.32322328333333333,0.35126965000000004,0.3756393833333333,0.3957561166666666,0.4145172666666667,0.4345337,0.45597994999999997,0.4757251,0.48969478333333333,0.49458599999999997,0.4876196,0.4658361666666666,0.4256773166666667,0.3659531333333333,0.28927541666666673,0.20193356333333334,0.110805541,0.021811343333333334,-0.061813472,-0.13871917,-0.20900073,-0.273011633,-0.330864033,-0.382290667,-0.426778833,-0.463890167,-0.493699517,-0.517047717,-0.535235733,-0.549510183,-0.560480583,-0.5686292,-0.574383017,-0.578253483,-0.580710267,-0.582158967,-0.582852367,-0.583147017,-0.583228533,-0.583222233,-0.583254083,-0.5833902,-0.5836163,-0.5839156,-0.584248783,-0.58449695,-0.5846748,-0.58469695,-0.5844434,-0.5838712,-0.582906283,-0.581458717,-0.579502833,-0.576785183,-0.572943217,-0.567801767,-0.56184945,-0.55605045,-0.551288817,-0.547728033,-0.5448993,-0.5424841,-0.540283083,-0.53813215,-0.53596345,-0.5337696,-0.531452417,-0.528990367,-0.5262773,-0.5232269,-0.519770383,-0.515893167,-0.51153265,-0.507012467,-0.502593017,-0.498423483,-0.494599017,-0.491153183,-0.487989883,-0.484904283,-0.481469617,-0.477335067,-0.471964133,-0.464811267,-0.455280767,-0.443073267,-0.428195283,-0.410884767,-0.391638317,-0.3705354,-0.347537633,-0.322206333,-0.294128917,-0.263973967,-0.23401435,-0.207773383,-0.187899267,-0.1744173,-0.165926033,-0.160760733,-0.157795183,-0.15667635,-0.1572082,-0.159291383,-0.16292565,-0.167754417,-0.173613817,-0.180237067,-0.187827633,-0.196255867,-0.205473767,-0.2156303,-0.22621115,-0.23725355,-0.24827385,-0.2597015,-0.270802,-0.2816025,-0.2918471,-0.301830617,-0.311055433,-0.319638717,-0.327311117,-0.33398395,-0.339129067,-0.3429009,-0.345039633,-0.346605033,-0.346207917,-0.3453151,-0.343241867,-0.33929295,-0.334094867,-0.32796865,-0.321052,-0.312755167,-0.302679583,-0.293285,-0.281955067,-0.270711617,-0.257779167,-0.247647167,-0.23252435,-0.220148367,-0.208284817,-0.192640167,-0.176263417,-0.160313367,-0.138597317,-0.1204519,-0.097928155,-0.080694528,-0.063009337,4.366667
35,-0.09438274,-0.107344428,-0.113846922,-0.119343103,-0.126232972,-0.131715045,-0.13341294,-0.138074658,-0.144019597,-0.151412057,-0.155205108,-0.1621821,-0.167310272,-0.174023558,-0.178252365,-0.183054217,-0.191246043,-0.2002565,-0.210827317,-0.222953933,-0.232424433,-0.24048015,-0.246416133,-0.252347833,-0.256505117,-0.263318917,-0.267902767,-0.272976533,-0.273443967,-0.2747637,-0.274639017,-0.274125367,-0.275101183,-0.27825245,-0.282851333,-0.29142345,-0.302935133,-0.316998067,-0.332457417,-0.347390667,-0.3586609,-0.364695433,-0.36417195,-0.35729345,-0.34509795,-0.32913115,-0.311171067,-0.292188733,-0.272277,-0.250463267,-0.225656217,-0.19736265,-0.16556528,-0.130345623,-0.092588794,-0.054829323,-0.01864573,0.014913933333333332,0.045764753,0.073435979,0.09794152,0.12058214000000002,0.14110152,0.16022320166666668,0.1789262633333333,0.19796156666666667,0.21793406666666662,0.23850568333333333,0.2590606833333333,0.27833671666666665,0.2953196,0.3098772166666666,0.3237240833333333,0.33971519999999994,0.36123654999999993,0.3896587,0.4221699666666667,0.4542916166666666,0.4816597166666667,0.5036315,0.5235967,0.5446895333333334,0.56695295,0.5869681,0.6002308166666666,0.6033426999999999,0.5933980500000001,0.5672464666666667,0.5207705333333333,0.4515533333333334,0.36238453333333337,0.26111081666666663,0.157211085,0.057772673,-0.03350456,-0.115680708,-0.189385717,-0.255499967,-0.3144327,-0.36625495,-0.410726167,-0.447621333,-0.47713375,-0.500187983,-0.5181397,-0.532151217,-0.542871967,-0.5508404,-0.556444283,-0.560214283,-0.562576767,-0.5639766,-0.5646578,-0.5648937,-0.56494515,-0.564885167,-0.5648683,-0.564940733,-0.565059767,-0.565260617,-0.565458467,-0.565625983,-0.5657077,-0.565635833,-0.565324117,-0.564724083,-0.563753667,-0.562333833,-0.5604304,-0.557815567,-0.554179083,-0.549313433,-0.543696933,-0.53819935,-0.533690933,-0.530283367,-0.527589183,-0.525251633,-0.52316145,-0.521069617,-0.51898575,-0.516876117,-0.51465065,-0.512274467,-0.509679117,-0.50679795,-0.503469617,-0.49975435,-0.495605967,-0.491273583,-0.487014267,-0.483014717,-0.479376183,-0.476090617,-0.4730985,-0.47023125,-0.467055183,-0.463233333,-0.4581904,-0.451502233,-0.442517583,-0.43103165,-0.416887433,-0.400521733,-0.3821696,-0.362015033,-0.340049717,-0.3157305,-0.2887577,-0.259605817,-0.230598267,-0.2052154,-0.185773117,-0.172645833,-0.164338467,-0.159237717,-0.156539733,-0.1555007,-0.156119583,-0.158358067,-0.161970467,-0.166816067,-0.172629283,-0.179206317,-0.186648117,-0.194908117,-0.2039792,-0.213863567,-0.224238517,-0.235061183,-0.245863067,-0.2567729,-0.267419317,-0.278087117,-0.287965767,-0.297627,-0.306529683,-0.314734417,-0.322014967,-0.328439483,-0.33319765,-0.33705935,-0.339319867,-0.340537333,-0.340264033,-0.339206617,-0.337133983,-0.333920917,-0.328835867,-0.323061583,-0.3164049,-0.30870315,-0.299569217,-0.290984833,-0.279600183,-0.26931155,-0.258017717,-0.24694115,-0.234604533,-0.222452417,-0.2075033,-0.194983417,-0.1775929,-0.16347635,-0.142092217,-0.121754103,-0.099967385,-0.07740804,-0.056814961,4.566667
36,-0.083194388,-0.091502468,-0.097363903,-0.108276263,-0.110048078,-0.120209105,-0.124407775,-0.129297012,-0.136474475,-0.14217327,-0.1498552,-0.155729183,-0.162502433,-0.167604167,-0.173683067,-0.180711983,-0.186934333,-0.1975191,-0.207483383,-0.2180572,-0.226638733,-0.235531833,-0.240450733,-0.2471778,-0.252693333,-0.2588191,-0.2633227,-0.26754185,-0.269068767,-0.26970195,-0.269038117,-0.26733105,-0.2655447,-0.266566467,-0.268667883,-0.27401955,-0.282084217,-0.294110933,-0.308415933,-0.3228676,-0.334783533,-0.34203645,-0.342659417,-0.337145283,-0.325983433,-0.310961333,-0.29368625,-0.275396667,-0.256008783,-0.234476817,-0.20965735,-0.180899233,-0.148028382,-0.111309377,-0.07197933,-0.032673305,0.004512776,0.038687334999999996,0.069945428,0.097703873,0.12209539833333333,0.14468382666666668,0.16549041666666667,0.18493536666666666,0.20391881666666664,0.2232201,0.24320126666666664,0.26380525,0.28417281666666666,0.30339523333333335,0.32043523333333335,0.3349314833333333,0.3484891333333333,0.36406770000000005,0.3848527,0.4120321333333334,0.44355435000000004,0.4745329833333334,0.5005992333333333,0.5212649333333333,0.5397110666666666,0.5585544,0.5779682166666668,0.5949086666666666,0.6055191166666666,0.6068775166666667,0.5967319833333333,0.5719827,0.5284809333333333,0.4625118333333333,0.37458091666666665,0.2713438833333333,0.16231681666666667,0.056110309000000004,-0.042237682,-0.131035627,-0.2104847,-0.281394517,-0.344299033,-0.399259633,-0.446105017,-0.4847174,-0.515381283,-0.539214733,-0.557633033,-0.571932717,-0.58284875,-0.590849383,-0.59642765,-0.600104583,-0.60234085,-0.6035997,-0.604117567,-0.604234717,-0.604134483,-0.603972833,-0.603857283,-0.603880333,-0.6039987,-0.604209533,-0.604430317,-0.604592767,-0.604710517,-0.604674133,-0.6043968,-0.603768183,-0.602760067,-0.6013236,-0.599345267,-0.596628517,-0.59282385,-0.587735317,-0.581825633,-0.576046467,-0.571312567,-0.567702717,-0.5648413,-0.562359067,-0.56008125,-0.557847217,-0.555624183,-0.55331525,-0.550954333,-0.54841235,-0.54561265,-0.542515283,-0.53897495,-0.5350245,-0.530631917,-0.526048833,-0.52150535,-0.517288783,-0.513366717,-0.5098525,-0.506616983,-0.503409733,-0.49985095,-0.49557535,-0.49000665,-0.482537533,-0.472564183,-0.459790233,-0.444109733,-0.425749833,-0.405132533,-0.382446083,-0.35745955,-0.32970915,-0.298693233,-0.265086783,-0.2314363,-0.201862467,-0.179227483,-0.163857867,-0.1540717,-0.148193833,-0.144796167,-0.143508317,-0.144077117,-0.146590467,-0.1507068,-0.156309483,-0.1629546,-0.1707846,-0.1795322,-0.18908865,-0.199686967,-0.21108435,-0.223196967,-0.235625067,-0.24821175,-0.260956317,-0.273297333,-0.285547117,-0.29700115,-0.3082955,-0.31864675,-0.327974317,-0.3365557,-0.34377975,-0.349488967,-0.353918817,-0.356922117,-0.358410867,-0.358238783,-0.357400483,-0.355114,-0.3510349,-0.346222567,-0.339866967,-0.331969583,-0.32421225,-0.313946933,-0.303292967,-0.290740133,-0.280178233,-0.266515183,-0.254185733,-0.241923483,-0.227870817,-0.212416967,-0.197647767,-0.179267567,-0.16083805,-0.1391659,-0.115583017,-0.0899042,-0.066677738,-0.043074763,3.9
37,-0.039124366,-0.049910901,-0.059092323,-0.069696943,-0.074140613,-0.083778835,-0.087459502,-0.095925793,-0.102195507,-0.109811128,-0.116768988,-0.122888382,-0.130851825,-0.13489683,-0.141014785,-0.14696541,-0.15533394,-0.163531692,-0.17340482,-0.180698197,-0.189726597,-0.197079367,-0.20250012,-0.208995305,-0.213046477,-0.217633265,-0.220913197,-0.224110513,-0.223695983,-0.22230971,-0.220100197,-0.215817847,-0.211681977,-0.208408052,-0.206604051,-0.206747708,-0.209767628,-0.216269414,-0.225638463,-0.236212057,-0.245518443,-0.25062717,-0.249911425,-0.243588635,-0.231747188,-0.216189742,-0.198315528,-0.179466625,-0.159412417,-0.137268513,-0.111858362,-0.082418832,-0.049181057,-0.012080415,0.027254283333333334,0.066140487,0.10287516866666667,0.13656201,0.16732857016666666,0.1947913933333333,0.2187656583333333,0.24105790999999996,0.26106203833333336,0.27985015,0.2978638333333333,0.3165894166666667,0.33639335,0.3567044,0.3767791,0.3954096833333333,0.41155915,0.4254970166666667,0.4384172499999999,0.45328380000000007,0.4728936333333334,0.4982507666666667,0.5269276666666666,0.5550514166666666,0.5788022833333334,0.59787395,0.6158195833333333,0.6348915,0.65466085,0.67222575,0.6838628833333334,0.6866838166666667,0.6781239,0.6555973333333333,0.6152220333333335,0.5540167833333334,0.4720468166666667,0.37395038333333336,0.2673944,0.16013727833333333,0.057488928333333335,-0.038149238,-0.126294268,-0.20706585,-0.280501783,-0.3461204,-0.403295267,-0.451410417,-0.490538183,-0.521620367,-0.546125667,-0.565409467,-0.5803289,-0.59155265,-0.599643367,-0.60526865,-0.609018117,-0.61139105,-0.61282625,-0.61362065,-0.614115317,-0.61443275,-0.614700533,-0.615037067,-0.6154372,-0.615915533,-0.616370433,-0.6167872,-0.617090567,-0.61721785,-0.617068233,-0.6165307,-0.615579817,-0.614193133,-0.61221065,-0.609436167,-0.605459483,-0.600139567,-0.5938982,-0.587843833,-0.582885317,-0.579141683,-0.57623265,-0.573732567,-0.571432633,-0.569246833,-0.567032283,-0.564724783,-0.562359583,-0.559816917,-0.556982233,-0.553840633,-0.5501928,-0.546145717,-0.541646033,-0.536895367,-0.532203033,-0.5278457,-0.523827067,-0.52014385,-0.516724033,-0.51336035,-0.509627617,-0.505056883,-0.499223417,-0.491439033,-0.48102785,-0.4677509,-0.45150645,-0.43252335,-0.4112877,-0.387936267,-0.3623457,-0.333919983,-0.302282233,-0.268036367,-0.233742983,-0.203554617,-0.180419883,-0.16470525,-0.154849083,-0.14880635,-0.145390033,-0.14412895,-0.144848783,-0.147451983,-0.151697517,-0.15750705,-0.164337017,-0.172432533,-0.1812649,-0.191168483,-0.202056817,-0.213717833,-0.2259749,-0.23871845,-0.251527867,-0.264394467,-0.2772886,-0.2896686,-0.301453783,-0.31285265,-0.323222217,-0.333211183,-0.34190615,-0.3491835,-0.3548153,-0.359518783,-0.36241205,-0.363795883,-0.36388215,-0.362738183,-0.360006617,-0.35600715,-0.350238883,-0.343953483,-0.33588745,-0.327516917,-0.316714433,-0.305556767,-0.29311465,-0.280782417,-0.266605033,-0.25400975,-0.239196883,-0.225045867,-0.20889035,-0.193377117,-0.171769783,-0.151806267,-0.12724475,-0.101203265,-0.070573983,-0.04210001,-0.009706057,4.6
38,-0.078111387,-0.08800376,-0.095338492,-0.100630452,-0.109097475,-0.113217235,-0.12014916,-0.126599847,-0.132005445,-0.137718517,-0.145789883,-0.151096967,-0.156849267,-0.16154835,-0.167447433,-0.175817233,-0.18474375,-0.194625167,-0.205426133,-0.217361933,-0.22785695,-0.236669333,-0.2439381,-0.248917217,-0.254425417,-0.261548083,-0.26558025,-0.27068455,-0.273850783,-0.275742617,-0.276496617,-0.277994467,-0.28124365,-0.286685283,-0.294022517,-0.30546985,-0.319384833,-0.335651,-0.353161133,-0.369772217,-0.38250995,-0.389707783,-0.389948333,-0.383842517,-0.371977033,-0.356319867,-0.338589567,-0.319945683,-0.300060617,-0.278207133,-0.253255217,-0.224543433,-0.192152783,-0.155928017,-0.117094002,-0.078228287,-0.040999663,-0.006632286,0.024842029666666668,0.053085543,0.077888958,0.10068424166666667,0.12150315166666668,0.14104604999999998,0.16007843333333333,0.17986513333333332,0.20062915,0.22217648333333337,0.24369243333333332,0.26384065,0.28150105000000003,0.29657326666666667,0.31049708333333337,0.32667925000000003,0.34893785,0.3786685166666666,0.41332379999999996,0.4478946166666667,0.4774479333333333,0.50105645,0.5224264333333334,0.5449304333333332,0.5687798833333334,0.5901392666666666,0.6042564333333333,0.6070527833333333,0.5952750833333333,0.5656050833333334,0.5139022999999999,0.4384022,0.3429523666666667,0.23602146666666668,0.12764134166666669,0.025042236333333332,-0.068054068,-0.150899917,-0.22422715,-0.289138767,-0.346321933,-0.3960064,-0.43813255,-0.472619017,-0.499772067,-0.520715483,-0.5367989,-0.5493361,-0.558934733,-0.566008783,-0.570896317,-0.5741572,-0.576114,-0.577195383,-0.577675933,-0.577755783,-0.57772385,-0.577601483,-0.577562883,-0.577674733,-0.577859717,-0.578145867,-0.57845645,-0.57872785,-0.5789028,-0.578926433,-0.578672617,-0.578071367,-0.577100033,-0.575655867,-0.573665067,-0.570928317,-0.5670256,-0.561827833,-0.555820333,-0.549959333,-0.545166017,-0.541556733,-0.538739517,-0.536305383,-0.5340782,-0.531927383,-0.529754383,-0.5275324,-0.5251979,-0.522728883,-0.519983117,-0.516924733,-0.5134377,-0.509534767,-0.505214333,-0.5006462,-0.4961827,-0.49199895,-0.488173667,-0.484694633,-0.481467167,-0.4783521,-0.474885133,-0.47067945,-0.465219667,-0.457875717,-0.448101217,-0.435657567,-0.420390783,-0.402600817,-0.382749117,-0.36093005,-0.3371129,-0.31069585,-0.281322067,-0.249585217,-0.217954567,-0.190146817,-0.168935033,-0.154651783,-0.14561125,-0.140148017,-0.137173317,-0.136000483,-0.13664315,-0.139086017,-0.143111833,-0.148366133,-0.154788017,-0.16221275,-0.170349817,-0.1795615,-0.189514117,-0.20025975,-0.21172215,-0.223413917,-0.235383417,-0.247309533,-0.259051467,-0.270672267,-0.281417517,-0.2919951,-0.301851467,-0.310764683,-0.318577983,-0.325565,-0.331031833,-0.335287083,-0.337967583,-0.339398167,-0.339049567,-0.33839965,-0.33599335,-0.331903033,-0.327536583,-0.32138015,-0.313430117,-0.30600355,-0.295549,-0.285540717,-0.274703983,-0.2629555,-0.250038533,-0.238114617,-0.225170333,-0.211610117,-0.200047767,-0.183162983,-0.166042783,-0.148031067,-0.12654695,-0.10380921,-0.083057832,-0.060242142,-0.041583463,4.1
39,-0.111617212,-0.12133114,-0.132246108,-0.144329773,-0.154811843,-0.159855978,-0.168878597,-0.176920705,-0.188217567,-0.196171667,-0.2065539,-0.217267983,-0.222847267,-0.231526067,-0.238799233,-0.247304033,-0.258091033,-0.270375483,-0.283679567,-0.295959217,-0.307868383,-0.318908017,-0.329450483,-0.338471417,-0.347170917,-0.3550743,-0.363806233,-0.372287533,-0.377116167,-0.381193383,-0.3838199,-0.386475217,-0.387134467,-0.388869167,-0.39069485,-0.394329217,-0.399771833,-0.407738217,-0.416181017,-0.424993167,-0.4309337,-0.433008133,-0.429450717,-0.420598883,-0.406839367,-0.389970467,-0.371245367,-0.351766583,-0.331439867,-0.309554967,-0.2849844,-0.2572813,-0.226326813,-0.192518628,-0.15662078,-0.121005912,-0.087032984,-0.055726725,-0.027091022,-0.001376085,0.021273465000000002,0.042256613,0.061349689,0.079226509,0.096689976,0.11420792833333333,0.13233391238333334,0.15075695833333333,0.16885113999999998,0.18602348166666668,0.201357535,0.21448932,0.22669767166666666,0.24060722833333334,0.2588991166666667,0.28268475,0.3096428333333333,0.3358155166666667,0.3580819333333333,0.3758798666666667,0.39205124999999996,0.4090208166666667,0.4267929166666667,0.44291575,0.4542309166666667,0.4579914,0.45197748333333326,0.4333673999999999,0.39837961666666666,0.3442882666666667,0.27206060000000004,0.18663922,0.095351372,0.004840232,-0.08061987,-0.159201883,-0.230698833,-0.295452683,-0.35354555,-0.404746033,-0.44876285,-0.485200417,-0.5142087,-0.53678135,-0.554240433,-0.56789565,-0.578346783,-0.586081233,-0.591524667,-0.5951623,-0.5974188,-0.598706767,-0.599331233,-0.599554383,-0.599588617,-0.59953005,-0.599540417,-0.5996459,-0.599871733,-0.60016105,-0.600474467,-0.6007466,-0.6009226,-0.600965067,-0.60073435,-0.60013855,-0.599152283,-0.597725083,-0.59571505,-0.59295295,-0.58905075,-0.583836867,-0.577778167,-0.571910017,-0.567102817,-0.563462683,-0.560607733,-0.558179817,-0.5559364,-0.553811183,-0.551596317,-0.549331933,-0.54701655,-0.544557483,-0.54180615,-0.538723217,-0.535251883,-0.53131165,-0.526949667,-0.52240015,-0.517912833,-0.513706217,-0.5098763,-0.5064107,-0.50317255,-0.500116367,-0.496695167,-0.49253365,-0.487149017,-0.479938967,-0.470356767,-0.458180283,-0.443300467,-0.426080567,-0.406882083,-0.3859613,-0.363212217,-0.33820455,-0.310596733,-0.281049967,-0.251788033,-0.226318983,-0.207006933,-0.193969867,-0.185714233,-0.1806624,-0.177902217,-0.17681035,-0.177418567,-0.179446433,-0.183006617,-0.187643717,-0.193254783,-0.19977715,-0.207089283,-0.215310017,-0.224240417,-0.234026067,-0.244458983,-0.255195417,-0.265952983,-0.276989983,-0.287869467,-0.298576467,-0.308625783,-0.3184216,-0.327614817,-0.336001517,-0.3433088,-0.349725433,-0.354834167,-0.358714367,-0.3608942,-0.361813067,-0.361705533,-0.360830817,-0.357658433,-0.353971967,-0.34861265,-0.342785133,-0.335102917,-0.326766083,-0.316885883,-0.306892633,-0.295815433,-0.284968267,-0.270799,-0.258567483,-0.245624583,-0.2325123,-0.217526867,-0.203419783,-0.185615333,-0.167924067,-0.1460522,-0.123974688,-0.10399629,-0.08262899,-0.062662618,4.266667
40,-0.106934833,-0.116188568,-0.126462637,-0.135373805,-0.141160507,-0.149797623,-0.155137308,-0.162377208,-0.171316417,-0.1789612,-0.187311217,-0.19469115,-0.199282133,-0.207498133,-0.2158794,-0.221745217,-0.230836,-0.241701583,-0.252546917,-0.263930433,-0.273631,-0.283619583,-0.293488317,-0.300026183,-0.308604033,-0.315503567,-0.321971933,-0.329530167,-0.332154967,-0.334555167,-0.3349883,-0.335226733,-0.334704433,-0.334709033,-0.335035783,-0.337513167,-0.34188445,-0.349007217,-0.357915733,-0.367188283,-0.3743123,-0.377403117,-0.374933933,-0.3670415,-0.354135667,-0.338136,-0.320061117,-0.30110745,-0.281361083,-0.259800933,-0.235488917,-0.207802717,-0.176776147,-0.142648143,-0.106361718,-0.07029355,-0.036011921,-0.004347835,0.024571963333333332,0.05061902,0.073575406,0.094953508,0.114346905,0.132432615,0.1501239,0.16765123333333332,0.18579484999999998,0.2042068,0.2224943,0.23978283333333336,0.2551549833333333,0.2684270833333333,0.2811401,0.29558789999999996,0.31454018333333333,0.3387487,0.36593743333333334,0.39230055,0.41432424999999995,0.4319533666666666,0.4479019833333333,0.4644985,0.48185933333333325,0.49753975,0.5081796166666667,0.5113189666666665,0.50482335,0.48583485,0.45023204999999994,0.39472635,0.31935168333333336,0.22901283333333336,0.131662045,0.035051612,-0.056001563,-0.139349333,-0.214867617,-0.282926017,-0.343833233,-0.39744055,-0.443434683,-0.481565917,-0.5120818,-0.5359275,-0.55446675,-0.568944533,-0.580039717,-0.5882655,-0.59407245,-0.597989517,-0.600500167,-0.601979833,-0.602773217,-0.6031085,-0.603255667,-0.603288183,-0.6033464,-0.603531283,-0.603776983,-0.604086533,-0.604401233,-0.604693233,-0.604881183,-0.604911167,-0.60474065,-0.604229967,-0.6032993,-0.601975333,-0.60011075,-0.597545417,-0.593903283,-0.589010833,-0.583333667,-0.577793967,-0.573244983,-0.569812317,-0.567071867,-0.564757283,-0.5625671,-0.560498533,-0.5583724,-0.556151367,-0.553913367,-0.551486867,-0.548812333,-0.545831633,-0.5424056,-0.538539667,-0.534270567,-0.529811783,-0.52536895,-0.521266317,-0.517464633,-0.514029883,-0.510902417,-0.507832367,-0.504475617,-0.500376133,-0.495053483,-0.487893783,-0.478398783,-0.466222633,-0.451232033,-0.433816517,-0.414146833,-0.392602667,-0.368883917,-0.342583217,-0.31316765,-0.281351533,-0.249541867,-0.221503333,-0.2000821,-0.185548,-0.176236833,-0.17059885,-0.16738155,-0.166155033,-0.1667004,-0.169052883,-0.17295895,-0.1782254,-0.184550217,-0.19194085,-0.200098,-0.20932425,-0.219247683,-0.230115533,-0.241474183,-0.253235633,-0.26512605,-0.27713245,-0.288889117,-0.3003248,-0.311472283,-0.321796517,-0.331636583,-0.340801083,-0.348387,-0.3555215,-0.361203067,-0.365053783,-0.367907417,-0.369433,-0.369183517,-0.368094083,-0.365760117,-0.362178733,-0.357264883,-0.35127085,-0.343945283,-0.33608065,-0.325808533,-0.315886433,-0.304900483,-0.2934959,-0.281150067,-0.2691829,-0.256610767,-0.242041317,-0.228420383,-0.213597683,-0.19568595,-0.17768895,-0.155104933,-0.131456617,-0.106388553,-0.084386032,-0.06155885,4.7
41,-0.084215673,-0.09569135,-0.102363013,-0.112428033,-0.118213285,-0.126252732,-0.131053478,-0.139083062,-0.146861098,-0.155235765,-0.164073102,-0.170735448,-0.179028183,-0.184860033,-0.191589367,-0.198801983,-0.205831767,-0.217457483,-0.228629167,-0.239505167,-0.249583067,-0.2576902,-0.26613515,-0.2734448,-0.280387433,-0.286889983,-0.293482967,-0.2989009,-0.302086317,-0.303310317,-0.302955317,-0.304674117,-0.304895317,-0.307299317,-0.312745233,-0.321612783,-0.334435333,-0.351327067,-0.370629767,-0.39002055,-0.405981717,-0.416102367,-0.419361667,-0.415589583,-0.405780417,-0.3919128,-0.37563575,-0.358304983,-0.339731733,-0.318832067,-0.294460067,-0.26602115,-0.233343917,-0.196423133,-0.156529402,-0.116428342,-0.078045415,-0.042476028,-0.010025151,0.018982818333333328,0.044141882,0.067322294,0.088585788,0.10851738450000002,0.128028236,0.14824482833333333,0.16948264000000002,0.1913149033333333,0.21306798833333337,0.23369169999999997,0.25170201666666664,0.26690648333333333,0.28073653333333337,0.29695564999999996,0.31943130000000003,0.3496872833333333,0.3846672,0.41892111666666665,0.4475520333333332,0.4699888666666667,0.48956763333333336,0.50975885,0.5304642333333333,0.5484517666666666,0.5597483666666666,0.5611270166666666,0.5500649,0.5226514000000001,0.4740763833333333,0.4000181833333334,0.30214963333333333,0.1894318316666667,0.074088015,-0.034520612,-0.131543915,-0.21615605,-0.289403067,-0.35280345,-0.407468133,-0.454016983,-0.492709433,-0.52377905,-0.54778095,-0.565861367,-0.57954645,-0.590078017,-0.59803585,-0.6038006,-0.607632467,-0.6100308,-0.611331917,-0.611867867,-0.611954333,-0.611693667,-0.611380383,-0.61104735,-0.6108312,-0.61071505,-0.61074475,-0.610892,-0.610993483,-0.611161033,-0.611224,-0.611105533,-0.610796967,-0.610116067,-0.6090899,-0.607587867,-0.605571567,-0.602816783,-0.598930833,-0.5937946,-0.587828133,-0.5820484,-0.577289967,-0.573632483,-0.570761933,-0.568298033,-0.565981683,-0.563761183,-0.561528417,-0.559222917,-0.556842083,-0.554281933,-0.5514888,-0.5483752,-0.544868067,-0.540891917,-0.536530033,-0.5319374,-0.527397283,-0.523185683,-0.519329033,-0.515782633,-0.512513483,-0.509326533,-0.505785967,-0.501458083,-0.49590735,-0.488449633,-0.478459267,-0.465783417,-0.4501831,-0.431977717,-0.411591467,-0.389135233,-0.36445045,-0.337031733,-0.306424967,-0.2733061,-0.240182367,-0.211055567,-0.188793933,-0.173720217,-0.164167783,-0.158377533,-0.155056717,-0.153861,-0.154512317,-0.157140717,-0.161144117,-0.166698783,-0.173325183,-0.181096767,-0.1897125,-0.19913235,-0.209653133,-0.22103385,-0.232766233,-0.245035533,-0.25742345,-0.269809417,-0.282009633,-0.294003017,-0.3052394,-0.316359483,-0.326414283,-0.335746767,-0.343930183,-0.351081783,-0.356737833,-0.360978183,-0.3638426,-0.36515335,-0.365160867,-0.363897933,-0.3614789,-0.3579769,-0.35247055,-0.346628367,-0.3381684,-0.330283817,-0.319352733,-0.309609083,-0.29729595,-0.286421383,-0.272901883,-0.25914355,-0.246454633,-0.23210045,-0.216751583,-0.201930117,-0.184574433,-0.166753917,-0.143552433,-0.121950567,-0.09596175,-0.07525459,-0.056104033,3.7
42,-0.039833622,-0.051804165,-0.062429555,-0.068324422,-0.076973859,-0.08712335,-0.092556532,-0.099619708,-0.108431123,-0.118282042,-0.12457321,-0.134122812,-0.140483375,-0.146923517,-0.151239943,-0.160194168,-0.166842107,-0.176138757,-0.185926693,-0.195399945,-0.205573245,-0.214709787,-0.220027858,-0.226643268,-0.232904643,-0.238327105,-0.24283864,-0.246983198,-0.247876698,-0.248352502,-0.24670241,-0.24478199,-0.241518208,-0.239325468,-0.238088462,-0.238551243,-0.242477778,-0.248697142,-0.257761317,-0.267108733,-0.2747536,-0.278089117,-0.276019067,-0.2679617,-0.254775833,-0.237907267,-0.218881932,-0.199076298,-0.178229602,-0.15538346,-0.129738885,-0.100281028,-0.067186536,-0.030687562,0.007981833,0.045951277,0.081946684,0.11506507166666669,0.14531283,0.17222982500000003,0.19566369166666664,0.21756075166666666,0.23751151666666667,0.2561743166666666,0.2743736833333333,0.2929797333333333,0.3121773,0.33180696666666665,0.3512286666666667,0.3695447,0.38570730000000003,0.39955855,0.4123818166666666,0.4269634833333333,0.4464368666666667,0.47161746666666665,0.5003794333333333,0.5281012833333334,0.5514048666666667,0.56979745,0.5863702666666666,0.6037472833333334,0.6214495833333333,0.63651325,0.64516575,0.6450407833333333,0.6340411166666667,0.6105402333333334,0.5715553666666666,0.5148855833333333,0.44022031666666667,0.35129296666666665,0.25477263333333333,0.15710545333333334,0.062746305,-0.02624515,-0.109452453,-0.186908667,-0.258303717,-0.322902433,-0.379801933,-0.428244317,-0.468010383,-0.499857933,-0.525071267,-0.54493155,-0.560271183,-0.5717283,-0.57994335,-0.58560925,-0.5893119,-0.591610483,-0.592932217,-0.593600783,-0.593902867,-0.594032233,-0.594147017,-0.594302,-0.594546533,-0.594811017,-0.595087317,-0.595337783,-0.5954699,-0.595424833,-0.5951558,-0.594549217,-0.593505567,-0.592060883,-0.59006005,-0.5873386,-0.583462183,-0.578349583,-0.572364383,-0.56659725,-0.561827333,-0.558232617,-0.555374017,-0.552926433,-0.550626267,-0.548462583,-0.546235333,-0.543916783,-0.541534267,-0.539041967,-0.53626625,-0.533174767,-0.529639783,-0.525666833,-0.521333817,-0.516761433,-0.512234867,-0.508024333,-0.50418215,-0.5006851,-0.49743735,-0.494299633,-0.490843283,-0.486625317,-0.4811496,-0.473838167,-0.464054417,-0.451661833,-0.4364938,-0.4188679,-0.399161833,-0.377580733,-0.354011117,-0.327938883,-0.29902765,-0.268020217,-0.23715395,-0.210202533,-0.189648733,-0.1758616,-0.166985233,-0.16166875,-0.15853615,-0.157386967,-0.15789195,-0.1601341,-0.16378805,-0.168699233,-0.174663433,-0.181492233,-0.189257683,-0.197976567,-0.207366667,-0.217778733,-0.2286255,-0.240006333,-0.251339733,-0.2628762,-0.274345717,-0.285484383,-0.296121817,-0.306461317,-0.31598445,-0.324913517,-0.332785917,-0.3393855,-0.34457255,-0.348653417,-0.351250367,-0.352761267,-0.3523395,-0.351248283,-0.34851805,-0.344720983,-0.33935475,-0.333052683,-0.32564065,-0.3164951,-0.307654583,-0.2965195,-0.284574883,-0.2729898,-0.259074983,-0.2465245,-0.233441617,-0.2204113,-0.203869033,-0.187943567,-0.170894667,-0.148497333,-0.124742205,-0.099089892,-0.0707767,-0.043418771,-0.015563381,3.9
43,-0.041032788,-0.05382188,-0.056441772,-0.06522763,-0.070260055,-0.078549698,-0.083714888,-0.088512473,-0.0942957,-0.100198693,-0.107953133,-0.115124345,-0.12086841,-0.12455964,-0.13117994,-0.13554176,-0.144113033,-0.153210667,-0.161023333,-0.17075515,-0.1799718,-0.1881617,-0.193726333,-0.1980115,-0.202948067,-0.206746083,-0.2104256,-0.212264017,-0.213123433,-0.2118793,-0.210629783,-0.209766883,-0.20972285,-0.211888183,-0.217652467,-0.226895117,-0.2407625,-0.2580292,-0.27706485,-0.296124517,-0.311724033,-0.3217396,-0.324317133,-0.319787867,-0.30920155,-0.294431783,-0.277081583,-0.2588642,-0.239254417,-0.217302383,-0.191719317,-0.1618272,-0.12757692,-0.089077067,-0.047442518,-0.00570254,0.033992390000000004,0.070832455,0.10433298641666666,0.13412348,0.1599566216666667,0.18394646666666667,0.20588023333333336,0.22645971666666667,0.24670401666666666,0.2675539833333333,0.2895664333333333,0.31246435,0.3353525333333333,0.35689795,0.37599073333333327,0.3921748333333334,0.40708326666666667,0.42397616666666665,0.44713363333333334,0.4777710000000001,0.5137586666666666,0.54980135,0.5804279,0.6050254666666667,0.6273847,0.6509026333333333,0.6753814666666665,0.6969647666666666,0.7104726500000001,0.7120429666666667,0.6987559500000001,0.66741115,0.6134264166666666,0.5344129833333334,0.4326750666666666,0.3168974666666667,0.19774793333333338,0.083738514,-0.020601897,-0.11413641,-0.1975417,-0.271789667,-0.33751915,-0.394850817,-0.443645083,-0.483841233,-0.515694317,-0.540430867,-0.559538017,-0.574440317,-0.5858606,-0.594311633,-0.600263167,-0.60423555,-0.606727283,-0.608190533,-0.60893165,-0.60921195,-0.609276617,-0.609280633,-0.6092958,-0.609453317,-0.6097202,-0.610066983,-0.61040985,-0.610718983,-0.6109448,-0.6109768,-0.610730433,-0.610144067,-0.609113517,-0.6075951,-0.6055236,-0.602658917,-0.598588217,-0.59312615,-0.586771483,-0.58062295,-0.575582383,-0.57181605,-0.568806583,-0.566239183,-0.5639021,-0.561640867,-0.559342533,-0.5569818,-0.554516483,-0.551939017,-0.549057233,-0.5458404,-0.542169967,-0.538042733,-0.533514,-0.528791283,-0.524071867,-0.51971085,-0.51566125,-0.511945733,-0.508534983,-0.50513425,-0.501404167,-0.496873783,-0.491004667,-0.483091567,-0.472713033,-0.459457667,-0.443223617,-0.42435755,-0.4032583,-0.380188683,-0.3548105,-0.326735917,-0.295493767,-0.261746983,-0.228039183,-0.198450967,-0.17589085,-0.160598583,-0.150967483,-0.1450765,-0.14185955,-0.14056625,-0.1412539,-0.143892,-0.14804355,-0.1537375,-0.160585517,-0.168385417,-0.1771413,-0.18692275,-0.197537367,-0.208976633,-0.221017017,-0.233598883,-0.246200933,-0.258892367,-0.271547717,-0.283836733,-0.295456117,-0.306662733,-0.317115667,-0.326926067,-0.335553083,-0.342708133,-0.348574717,-0.353308483,-0.35618205,-0.35792585,-0.357851317,-0.35667005,-0.354327017,-0.350729083,-0.345187,-0.339429417,-0.331141467,-0.322249017,-0.311629383,-0.3011681,-0.2893391,-0.276801483,-0.263811683,-0.250408083,-0.236711167,-0.222376583,-0.206269217,-0.193042183,-0.1723166,-0.152239117,-0.129328917,-0.102865507,-0.074199447,-0.048408493,-0.022503088,4.233333
44,-0.057171507,-0.066775335,-0.075285533,-0.082343958,-0.0896546,-0.092813817,-0.09897264,-0.105211238,-0.110391853,-0.116232237,-0.122877435,-0.12831611,-0.133122553,-0.13762779,-0.141183125,-0.14953245,-0.157743167,-0.164114717,-0.17612165,-0.18731415,-0.196792433,-0.204754917,-0.209937367,-0.2166183,-0.221400817,-0.226416067,-0.230037433,-0.233728633,-0.234887417,-0.236202183,-0.235148533,-0.23643955,-0.239593817,-0.2448752,-0.2535963,-0.265832983,-0.281643317,-0.300887367,-0.32153005,-0.341262767,-0.356798533,-0.3664447,-0.368976117,-0.364274633,-0.353529733,-0.338748867,-0.3215431,-0.303280817,-0.2838674,-0.26205275,-0.236788133,-0.207410183,-0.173992293,-0.136438732,-0.096092982,-0.055513997,-0.016680285,0.019489420000000004,0.052528425,0.082142295,0.10808790333333333,0.132061055,0.15378869333333334,0.17385693333333332,0.19362716833333335,0.21407156333333335,0.2358346,0.2584424166666667,0.28101271666666666,0.30190825000000004,0.3201036333333334,0.3355864499999999,0.34991964999999997,0.36706944999999996,0.39075565,0.4225759166666667,0.4596578,0.4963076833333333,0.5271257166666666,0.5514754000000001,0.5735007833333333,0.5966965166666668,0.6210798666666667,0.6426055166666667,0.6559473166666666,0.6570362666666667,0.642685,0.6098444666666667,0.5543916666666666,0.47406020000000004,0.37239815,0.2582318333333333,0.14217230666666666,0.032027239,-0.068112607,-0.157322887,-0.236453917,-0.306601017,-0.368395583,-0.422123017,-0.467705133,-0.505047167,-0.534521717,-0.55722975,-0.574750283,-0.588360383,-0.5987394,-0.606389233,-0.611679517,-0.615159867,-0.617269717,-0.618392867,-0.618908783,-0.618964967,-0.618864017,-0.618690433,-0.618605217,-0.618631433,-0.618793117,-0.619018033,-0.61925645,-0.619515133,-0.61962755,-0.6195718,-0.61928895,-0.618609517,-0.617515783,-0.61600565,-0.613875267,-0.6109694,-0.606863583,-0.601397233,-0.59506725,-0.588938333,-0.583896633,-0.580087317,-0.577093883,-0.574515567,-0.57209165,-0.5697711,-0.5674683,-0.56505555,-0.562539883,-0.5598993,-0.5569666,-0.553766567,-0.5500596,-0.545882067,-0.541357733,-0.536615117,-0.531864933,-0.52743555,-0.523411433,-0.519685367,-0.516206733,-0.51278245,-0.5089735,-0.50441165,-0.498539,-0.490685683,-0.480226067,-0.4669951,-0.450782267,-0.431933867,-0.410861483,-0.387783017,-0.362534583,-0.334433717,-0.303279833,-0.269648217,-0.2360904,-0.206625317,-0.184191267,-0.16906935,-0.15944375,-0.153614567,-0.15030695,-0.1490689,-0.149834533,-0.152356733,-0.156547533,-0.162120617,-0.168814617,-0.1766536,-0.1852553,-0.1949235,-0.2053967,-0.216805367,-0.228778567,-0.241126367,-0.253642467,-0.26623095,-0.278704067,-0.290907033,-0.302362267,-0.313554383,-0.323884233,-0.333399367,-0.34190755,-0.349317667,-0.355192617,-0.359781183,-0.3627652,-0.363935617,-0.364136917,-0.363135983,-0.36026835,-0.356656617,-0.35160655,-0.345777633,-0.33766745,-0.328504833,-0.319213017,-0.308721683,-0.29658955,-0.284099933,-0.27074795,-0.2573811,-0.244005867,-0.2297694,-0.2158544,-0.199350017,-0.182192533,-0.161743117,-0.13918975,-0.113211408,-0.089746862,-0.061517855,-0.041009628,4.233333
45,-0.05015952,-0.061715098,-0.072304008,-0.0778992,-0.085271245,-0.091251937,-0.09663653,-0.105039822,-0.11137062,-0.120041762,-0.127591997,-0.133567978,-0.139679592,-0.144901915,-0.148888478,-0.155685572,-0.163741318,-0.174160983,-0.183510517,-0.195435183,-0.205916633,-0.214795933,-0.221656883,-0.228203117,-0.232264317,-0.238588517,-0.24193585,-0.246128183,-0.248440433,-0.248518017,-0.249233117,-0.2509541,-0.252843467,-0.255867967,-0.260943267,-0.2685948,-0.278622917,-0.291773733,-0.3062581,-0.320579367,-0.331990367,-0.338825367,-0.339117117,-0.333142783,-0.321419983,-0.305802683,-0.287787217,-0.268684067,-0.248416717,-0.226020533,-0.20031905,-0.171027727,-0.138002387,-0.10156235,-0.06273827,-0.024115017,0.012636676666666668,0.04665797,0.077703577,0.10538330833333333,0.1296516766666667,0.15207345833333333,0.17234257333333333,0.19139209333333332,0.2099689716666667,0.22937389666666666,0.24984293333333332,0.27098358333333333,0.2920450333333333,0.3117115833333333,0.32883485,0.34345004999999995,0.35681285,0.3722605333333333,0.3930310166666666,0.4204923333333333,0.4523131166666667,0.48390916666666667,0.51106485,0.5334023499999999,0.5542367333333333,0.5768130833333334,0.6006087833333335,0.6217963166666667,0.6357577833333333,0.6388262166666667,0.6282209666666667,0.6012414666666667,0.5543773666666666,0.48612664999999994,0.3991533166666666,0.30025578333333336,0.19761125833333335,0.097464467,0.003375548,-0.083427433,-0.163225633,-0.2364789,-0.303223867,-0.363030833,-0.4152697,-0.459367283,-0.495233033,-0.52365595,-0.5460902,-0.563704183,-0.57729865,-0.58748795,-0.594706283,-0.5996865,-0.602918317,-0.6048933,-0.606018883,-0.60654615,-0.606819917,-0.606917717,-0.60703085,-0.607206367,-0.607478667,-0.607766767,-0.60806435,-0.6083678,-0.608575283,-0.608562967,-0.608325067,-0.607719117,-0.606703633,-0.6052557,-0.6032032,-0.600377183,-0.59642015,-0.591091117,-0.58490425,-0.578944383,-0.5740427,-0.570361617,-0.567453183,-0.564978383,-0.5626503,-0.56041415,-0.55818615,-0.555858583,-0.5534395,-0.550898467,-0.548088517,-0.544961133,-0.541351983,-0.537293633,-0.532865733,-0.5282558,-0.5236272,-0.519342083,-0.51543235,-0.51184235,-0.5084846,-0.50524045,-0.5015559,-0.497219117,-0.491555,-0.4839872,-0.473941683,-0.461178617,-0.44560965,-0.4275447,-0.407404017,-0.385363017,-0.3612327,-0.334621817,-0.305103317,-0.273447617,-0.241937933,-0.2143566,-0.19339195,-0.179226533,-0.17026155,-0.164815533,-0.161745217,-0.1605588,-0.1611113,-0.16347445,-0.167231133,-0.172377583,-0.178508783,-0.185753933,-0.193679183,-0.202609483,-0.2125076,-0.2231192,-0.234365417,-0.246019033,-0.257746517,-0.269472,-0.281186683,-0.292719933,-0.303601183,-0.314075917,-0.323798717,-0.3328382,-0.340922233,-0.347743417,-0.353332317,-0.35736545,-0.360242267,-0.361658067,-0.361993033,-0.360428967,-0.35800785,-0.353946183,-0.3490606,-0.3427918,-0.334983217,-0.3265346,-0.3166725,-0.30570075,-0.29425245,-0.281882233,-0.2691566,-0.256,-0.2439027,-0.229337817,-0.214708817,-0.1983496,-0.1798629,-0.160847067,-0.13746965,-0.112678927,-0.083466095,-0.062057468,-0.035172645,3.933333
46,-0.073490548,-0.083004127,-0.092240437,-0.103868368,-0.112428418,-0.118373903,-0.124766943,-0.133203428,-0.138795707,-0.148258038,-0.15743285,-0.165007067,-0.169235233,-0.175388333,-0.1834242,-0.191403817,-0.19841845,-0.210405533,-0.222063,-0.233619817,-0.24365535,-0.252782817,-0.260684283,-0.2677799,-0.2753017,-0.28241455,-0.287390617,-0.294093833,-0.295900033,-0.2983464,-0.300020567,-0.300904217,-0.301516183,-0.3043545,-0.309142967,-0.317052783,-0.327929433,-0.342644867,-0.359570633,-0.376448033,-0.390213817,-0.398947883,-0.400814833,-0.395946683,-0.385268567,-0.370411733,-0.353284717,-0.335164133,-0.315768133,-0.294250867,-0.26923465,-0.240224967,-0.206961027,-0.169700945,-0.129474515,-0.089309862,-0.051096893,-0.015743017,0.016622194,0.045348928,0.07027409,0.093308012,0.11452177833333334,0.13443272666666667,0.15382457000000002,0.17393272833333331,0.19507379166666663,0.21690961666666667,0.23866084999999995,0.25920065,0.2773331,0.29274589999999995,0.30677751666666664,0.32313278333333334,0.3452477333333334,0.3747952833333333,0.40926063333333335,0.4432738166666667,0.47221434999999995,0.4951489999999999,0.5154519666666667,0.5366342999999999,0.5585093333333333,0.5778130333333333,0.590083,0.5917248,0.5803042166666667,0.5524456833333333,0.5032486833333333,0.4298789,0.33420769999999994,0.2245375166666667,0.11173968266666666,0.004395495,-0.092868142,-0.178931238,-0.254629483,-0.321041433,-0.379064483,-0.429036,-0.471036617,-0.505120917,-0.53175735,-0.55206165,-0.567563417,-0.579567417,-0.588637117,-0.59526445,-0.599751683,-0.60260095,-0.604225467,-0.6050031,-0.605219,-0.605069383,-0.6048154,-0.604544617,-0.604377683,-0.6043501,-0.6044468,-0.604637283,-0.6048484,-0.6050893,-0.605196767,-0.605141017,-0.604863033,-0.604206083,-0.603153267,-0.601661067,-0.599598717,-0.59675575,-0.5927692,-0.587441183,-0.58129775,-0.575301667,-0.570409833,-0.566701483,-0.56372425,-0.561221783,-0.558853233,-0.556577117,-0.554305267,-0.5519529,-0.549475183,-0.546900467,-0.54401115,-0.54082925,-0.537219333,-0.5331059,-0.528623667,-0.52394795,-0.519279783,-0.514942067,-0.511011133,-0.507376133,-0.503998683,-0.5006521,-0.49697775,-0.492507133,-0.486703917,-0.478950967,-0.46867505,-0.455582033,-0.439617283,-0.421010783,-0.400254217,-0.37749715,-0.352608483,-0.325016967,-0.294367533,-0.261448267,-0.22866685,-0.200073067,-0.178297967,-0.163652867,-0.1544271,-0.148713433,-0.145426433,-0.144205217,-0.144785433,-0.147142183,-0.151180317,-0.1564,-0.1628134,-0.1703105,-0.17862215,-0.187884533,-0.198090633,-0.209099683,-0.220924667,-0.232984333,-0.245169817,-0.257540983,-0.2697154,-0.281742783,-0.29305355,-0.30416635,-0.31438075,-0.324010683,-0.33222005,-0.339659583,-0.345254633,-0.349712383,-0.352582283,-0.354406117,-0.35435325,-0.353635983,-0.350939867,-0.34742245,-0.34237555,-0.335973883,-0.32827095,-0.31926965,-0.309443867,-0.299462883,-0.286229333,-0.275754733,-0.261437217,-0.248837417,-0.235945483,-0.221538217,-0.207347333,-0.1912115,-0.173033717,-0.154307683,-0.13253765,-0.107798277,-0.084766075,-0.06401783,-0.041531631,3.833333
47,-0.059257905,-0.069084743,-0.078535442,-0.087178115,-0.09487882,-0.102742415,-0.11084839,-0.113653182,-0.124313583,-0.132670217,-0.141339133,-0.149937567,-0.1551321,-0.162404733,-0.168570533,-0.175287417,-0.18389215,-0.193628267,-0.206298733,-0.217246767,-0.226993867,-0.23668675,-0.243571283,-0.251109117,-0.258910467,-0.26409065,-0.2699314,-0.275849067,-0.278390217,-0.280863917,-0.28034755,-0.279503267,-0.27911475,-0.279038083,-0.27990405,-0.283644867,-0.2894401,-0.299144983,-0.311149383,-0.323511567,-0.33337855,-0.33893505,-0.338509483,-0.331858083,-0.319876,-0.30423535,-0.286408667,-0.267459983,-0.247430733,-0.22549125,-0.20029015,-0.1714526,-0.13873175,-0.102587033,-0.063965517,-0.025749255,0.010579477000000002,0.044132798499999994,0.074801908,0.10231104166666667,0.12620985833333334,0.14847658333333333,0.16863989999999998,0.18734858333333335,0.20557635,0.22436931666666668,0.24408025,0.2642367666666667,0.28428729999999997,0.3029131666666667,0.31930296666666663,0.3332829333333333,0.3462702833333333,0.3612884666666667,0.38134198333333336,0.4074259499999999,0.43709785,0.4658952666666667,0.4899711666666666,0.5092385833333334,0.5266811333333333,0.5448071166666666,0.5636809166666666,0.5800392333333333,0.59089135,0.5930691833333334,0.5844723666666666,0.5623954333333333,0.5228398166666667,0.4623875,0.3813134333333333,0.28488376666666665,0.18159283333333331,0.079235103,-0.017085247,-0.105286915,-0.185314567,-0.257549417,-0.322216117,-0.3791602,-0.4280474,-0.468580917,-0.501002017,-0.5263112,-0.545994083,-0.56135665,-0.573106867,-0.58183105,-0.587934517,-0.59206445,-0.594653183,-0.5961776,-0.59698255,-0.597273567,-0.597374617,-0.597389783,-0.597404133,-0.597509117,-0.597705967,-0.597960233,-0.5981875,-0.598441383,-0.598583333,-0.598588783,-0.598320333,-0.597712433,-0.596706617,-0.595261933,-0.59328825,-0.590565733,-0.586726483,-0.581582917,-0.57563385,-0.5698866,-0.565176933,-0.561577117,-0.558746983,-0.556323617,-0.55405225,-0.551881767,-0.54969335,-0.54743575,-0.5450539,-0.542559333,-0.539765933,-0.536695167,-0.5331841,-0.529201983,-0.52485665,-0.52031905,-0.51583175,-0.511615883,-0.507754783,-0.50428585,-0.501046383,-0.497829617,-0.4943137,-0.4900689,-0.48456135,-0.477148883,-0.467304133,-0.454794033,-0.4394347,-0.421597617,-0.401570317,-0.379644533,-0.3556344,-0.3289751,-0.299327783,-0.267359317,-0.235546283,-0.20765385,-0.186423517,-0.172052267,-0.162955417,-0.157391433,-0.154216917,-0.152968883,-0.153566,-0.155933767,-0.15979525,-0.165126417,-0.171494183,-0.178854567,-0.186965533,-0.1960854,-0.206204583,-0.216970617,-0.228370533,-0.240219367,-0.252193367,-0.264191467,-0.27594315,-0.2876249,-0.298649783,-0.309308933,-0.319087067,-0.32823975,-0.336442667,-0.343262667,-0.348917667,-0.3532314,-0.356006367,-0.357692967,-0.35766605,-0.356556417,-0.3537894,-0.350337733,-0.345195417,-0.339628167,-0.331527567,-0.323071283,-0.313335717,-0.30304735,-0.290918,-0.279725933,-0.265920617,-0.253633117,-0.239978633,-0.2265831,-0.21176115,-0.195327933,-0.175625567,-0.156814533,-0.132913333,-0.108927632,-0.08022087,-0.056253392,-0.030346867,4.333333
48,-0.09137617,-0.10043955,-0.107195297,-0.112413147,-0.11753778,-0.12300063,-0.127834318,-0.133838365,-0.137890418,-0.1427321,-0.151233343,-0.154333215,-0.160414997,-0.164585042,-0.170092555,-0.176136383,-0.181024833,-0.189856733,-0.200282,-0.20969825,-0.217897133,-0.225447533,-0.229369583,-0.236324667,-0.239766933,-0.244355683,-0.24880785,-0.249549367,-0.250169767,-0.2498076,-0.246182383,-0.24509235,-0.24296715,-0.242026533,-0.24346165,-0.247604333,-0.2544181,-0.265173417,-0.277414583,-0.2903696,-0.3007437,-0.306505833,-0.306161317,-0.299501933,-0.287423517,-0.271423767,-0.253330167,-0.234308967,-0.214230983,-0.191898417,-0.166509472,-0.137130253,-0.103745303,-0.066638817,-0.026994363,0.012316694000000001,0.049489858,0.083800983,0.11506377000000001,0.14294988833333336,0.16693154499999996,0.18935745,0.21007289999999998,0.22944833333333328,0.24831881666666666,0.2678570666666667,0.28826403333333334,0.3092483,0.33004801666666667,0.34985758333333333,0.36731755000000005,0.3821953333333333,0.39589815,0.41154503333333325,0.43244445000000004,0.45992203333333337,0.49160855000000003,0.5229829666666667,0.5494790833333333,0.5706905666666667,0.5898456833333333,0.6101306833333333,0.6310337,0.6490694,0.6600784666666667,0.66091825,0.6491974500000001,0.6220742166666666,0.5762130333333334,0.5089894666666667,0.4217064,0.3204092,0.21357245000000002,0.10854483833333334,0.0099419,-0.080515679,-0.162874542,-0.2376244,-0.304938583,-0.364568483,-0.416049367,-0.45900735,-0.49356065,-0.520699883,-0.541919367,-0.558556417,-0.571397017,-0.580961767,-0.587761,-0.592382167,-0.5953545,-0.597146817,-0.598161017,-0.598633367,-0.598872133,-0.599000283,-0.599131617,-0.599327883,-0.59965425,-0.600016483,-0.6003652,-0.600715567,-0.60099425,-0.601062083,-0.600856717,-0.600279,-0.599270517,-0.597781133,-0.5956843,-0.59276885,-0.588655083,-0.583149867,-0.576754683,-0.570545533,-0.5654884,-0.56167245,-0.5586363,-0.556070367,-0.553689267,-0.551392667,-0.54908065,-0.546718917,-0.544256133,-0.54164315,-0.538725833,-0.535479167,-0.531789283,-0.527608317,-0.523044367,-0.51829575,-0.513545633,-0.509109033,-0.505030767,-0.501315083,-0.497827333,-0.494385917,-0.490565983,-0.4859738,-0.47999195,-0.472027367,-0.461500917,-0.448073583,-0.431724717,-0.412690483,-0.3914637,-0.368239767,-0.342829917,-0.314736933,-0.28355075,-0.249971217,-0.216555167,-0.187341183,-0.1651758,-0.150125967,-0.140642017,-0.134917933,-0.13159445,-0.130354067,-0.131068917,-0.1336564,-0.137825367,-0.143256567,-0.150017717,-0.157744733,-0.166441817,-0.176156183,-0.1867274,-0.198117833,-0.21031765,-0.2228154,-0.23543415,-0.248178733,-0.260722217,-0.27322835,-0.285021567,-0.29631035,-0.3071194,-0.31696345,-0.325648083,-0.3333284,-0.33951825,-0.344444883,-0.34790865,-0.350309267,-0.350665117,-0.3500519,-0.347592883,-0.34499115,-0.339858367,-0.334699683,-0.3269311,-0.318815183,-0.3092517,-0.299113567,-0.287917017,-0.27691815,-0.263897483,-0.252917817,-0.2403136,-0.22762775,-0.2145448,-0.19825815,-0.182125433,-0.1621062,-0.14131645,-0.119040243,-0.093281023,-0.06718068,-0.043231655,4.433333
49,-0.102364355,-0.107574508,-0.119952912,-0.127174997,-0.132295473,-0.137533693,-0.143239363,-0.150346267,-0.156367,-0.16453425,-0.1736657,-0.180842083,-0.186510517,-0.191664567,-0.1985507,-0.205061167,-0.214310467,-0.22476655,-0.236136017,-0.249084233,-0.257732317,-0.268440983,-0.275834217,-0.2833693,-0.290554533,-0.297499917,-0.303441983,-0.309593733,-0.3127825,-0.31506535,-0.3158051,-0.315776,-0.316291917,-0.317651567,-0.318933683,-0.3225569,-0.3280392,-0.33575185,-0.344450367,-0.35272835,-0.35870875,-0.360210233,-0.3560744,-0.346582067,-0.332315583,-0.314865717,-0.295665667,-0.2755604,-0.2547056,-0.2322555,-0.206945133,-0.178464597,-0.14669862,-0.111927435,-0.075194441,-0.038728527,-0.004152208,0.027781154,0.056953722,0.082940435,0.10556256000000001,0.12653371333333333,0.14589713333333335,0.16421683333333334,0.18203075000000002,0.20054576666666665,0.21989333333333336,0.23979893333333333,0.2594626833333334,0.2779251,0.2942579166666666,0.3082553666666667,0.32095826666666666,0.33524614999999997,0.35421991666666663,0.37891155,0.40743484999999996,0.4356338833333333,0.4599259166666667,0.47982765,0.4982247,0.5177014166666667,0.5380933166666666,0.5565272333333334,0.5686942666666667,0.5720728666666667,0.5637512333333333,0.5411221,0.5008149166666666,0.44111021666666667,0.36418860000000003,0.27592203333333337,0.18347683333333334,0.092626888,0.00695639,-0.07252149,-0.145924558,-0.213692833,-0.275739983,-0.331725667,-0.3808796,-0.422552017,-0.456614667,-0.483758133,-0.50520765,-0.522106133,-0.535196283,-0.54499425,-0.55194695,-0.55671925,-0.559813233,-0.56171945,-0.562795733,-0.5633098,-0.563530867,-0.56358255,-0.5636808,-0.563832667,-0.564016783,-0.564295817,-0.564571283,-0.564778067,-0.5649184,-0.564890417,-0.56458555,-0.564013533,-0.562984483,-0.561521667,-0.559571383,-0.556824083,-0.552975783,-0.5478856,-0.541978383,-0.536252883,-0.531551833,-0.528018033,-0.525190017,-0.52278105,-0.520521017,-0.5183515,-0.516209917,-0.513902017,-0.5115693,-0.5090795,-0.506353017,-0.503322083,-0.499844217,-0.495921183,-0.491605017,-0.48713085,-0.48269235,-0.478515867,-0.474732667,-0.4712869,-0.46814835,-0.465014967,-0.461610017,-0.4575037,-0.452139933,-0.444925033,-0.43545945,-0.4233502,-0.408570833,-0.391425283,-0.372323733,-0.3514948,-0.328736417,-0.303641683,-0.275797167,-0.2459462,-0.216416583,-0.1906515,-0.171103467,-0.157895617,-0.149549167,-0.144383183,-0.141530783,-0.1403544,-0.140895967,-0.1430053,-0.146573417,-0.15130425,-0.157084433,-0.163786267,-0.17121755,-0.179576667,-0.188801533,-0.198883167,-0.20937275,-0.220287983,-0.231405717,-0.242677117,-0.253696683,-0.264573483,-0.2750857,-0.2848016,-0.294326367,-0.302981317,-0.310589967,-0.317361933,-0.322796383,-0.326994433,-0.330255133,-0.331646717,-0.33192445,-0.331043683,-0.328988667,-0.325819217,-0.321268867,-0.315786867,-0.3088897,-0.300936217,-0.292497017,-0.2827622,-0.272474917,-0.26177165,-0.25087355,-0.239064617,-0.226904317,-0.215356383,-0.201786783,-0.18688865,-0.171584317,-0.15504735,-0.135196533,-0.112633682,-0.09004094,-0.067586842,-0.046417943,4.233333
50,-0.104745088,-0.11736124,-0.12397235,-0.133547262,-0.135830095,-0.142601105,-0.150947933,-0.155062117,-0.165236217,-0.171401917,-0.178463967,-0.185839083,-0.191816617,-0.198061883,-0.204675567,-0.21123695,-0.22037525,-0.228435367,-0.24091645,-0.253437467,-0.2627112,-0.271781233,-0.28138695,-0.288662583,-0.293655283,-0.301061717,-0.307387667,-0.312942267,-0.315417083,-0.31752645,-0.319274067,-0.32006625,-0.321039017,-0.322825867,-0.327581383,-0.334514133,-0.344319083,-0.357704617,-0.3723687,-0.387279983,-0.3988111,-0.405696733,-0.4059912,-0.400260083,-0.3887245,-0.3736341,-0.356298567,-0.338019417,-0.31859265,-0.29699035,-0.272270183,-0.243888167,-0.211723883,-0.176044228,-0.137908078,-0.099671027,-0.063247903,-0.029603201,0.001130422,0.028849208166666668,0.053135075000000004,0.075728302,0.096182243,0.11524520499999998,0.133925285,0.15291145166666667,0.17284974666666666,0.1932552683333333,0.21354141999999998,0.23252531666666668,0.2491616166666667,0.2633731833333333,0.2768609833333333,0.29250645,0.3134849,0.34097948333333333,0.37250009999999995,0.40327454999999995,0.4293684166666667,0.45015986666666663,0.4692262166666667,0.4891948833333333,0.5101311000000001,0.5286753833333333,0.5412613999999999,0.5443756999999999,0.53564435,0.5116532333333333,0.4675267166666666,0.40009310000000003,0.31136593333333334,0.2090263,0.10316282833333335,0.001608522,-0.091375297,-0.174572783,-0.248576167,-0.314364667,-0.372515467,-0.423158167,-0.466212183,-0.501552117,-0.529517817,-0.5511188,-0.56777275,-0.580717567,-0.590610383,-0.597898383,-0.602902567,-0.606201483,-0.608215567,-0.6092913,-0.609763367,-0.609855867,-0.609754233,-0.609620683,-0.60953505,-0.609562383,-0.6096944,-0.609889,-0.6101096,-0.610326183,-0.61043205,-0.610375367,-0.61009215,-0.60948045,-0.608474,-0.606990983,-0.605025,-0.60225795,-0.5984147,-0.593277133,-0.587341133,-0.581611817,-0.5769005,-0.57332325,-0.570467817,-0.568041233,-0.565776017,-0.56358825,-0.561372183,-0.559126833,-0.55675855,-0.554257417,-0.551470417,-0.5483841,-0.54485495,-0.540905117,-0.53653545,-0.532004467,-0.527524283,-0.5232959,-0.5194234,-0.5159479,-0.512704067,-0.509521483,-0.506007467,-0.501770033,-0.496235467,-0.488876833,-0.47904595,-0.466570167,-0.45124195,-0.43349865,-0.41357905,-0.3917507,-0.367750783,-0.341176217,-0.31162,-0.27972305,-0.24801395,-0.220191767,-0.198987517,-0.1846254,-0.1756185,-0.170055083,-0.166953067,-0.165850267,-0.16650835,-0.169006833,-0.172912067,-0.178214817,-0.18454905,-0.191910233,-0.200174833,-0.209311583,-0.219299333,-0.230224733,-0.241658667,-0.253436883,-0.265315767,-0.277341017,-0.289174833,-0.300834967,-0.311830267,-0.322503133,-0.332290317,-0.34166265,-0.34964675,-0.356535967,-0.362221317,-0.366678783,-0.369648983,-0.3711509,-0.371724333,-0.370769683,-0.368549967,-0.365091567,-0.36042925,-0.354908917,-0.347097567,-0.339192083,-0.3296004,-0.32022515,-0.308207967,-0.297589467,-0.28499675,-0.272553767,-0.2600222,-0.247734983,-0.233801767,-0.21866875,-0.20120335,-0.182150817,-0.161200733,-0.13960755,-0.114226535,-0.092945887,-0.068065,3.333333
51,-0.06703156,-0.072715308,-0.082860527,-0.089755243,-0.093879433,-0.100650052,-0.107196562,-0.113322872,-0.119161038,-0.127822878,-0.132806697,-0.139418362,-0.147156357,-0.149719922,-0.154442977,-0.1619982,-0.17185185,-0.1823885,-0.191868433,-0.2038245,-0.21257465,-0.221950367,-0.228384983,-0.23338835,-0.23998695,-0.2453598,-0.249418167,-0.25372955,-0.255648883,-0.256863567,-0.257644533,-0.258208417,-0.26089815,-0.265746817,-0.273636017,-0.284801333,-0.2999639,-0.318875017,-0.339081967,-0.358694483,-0.37466125,-0.385115533,-0.38827485,-0.384585783,-0.37501275,-0.36135795,-0.345283867,-0.328172967,-0.309874917,-0.289226267,-0.264890367,-0.236356567,-0.203335055,-0.166131465,-0.12574581,-0.085185662,-0.046575094,-0.0107353,0.021908776000000005,0.051212578333333335,0.07675713,0.10035815203333331,0.12185615666666666,0.14201119666666667,0.1618592033333333,0.18247497666666665,0.20425334833333333,0.2267792,0.2492184666666667,0.27029053333333336,0.2887685333333333,0.30421475,0.3184083166666667,0.33504995,0.3582461666666667,0.38959916666666666,0.4262397,0.46257405,0.4932232833333334,0.5175725833333334,0.5393758166666667,0.5621433,0.5860426333333334,0.6067418166666666,0.6192987999999999,0.6200047999999999,0.60604,0.5742220166666666,0.520324,0.44140525,0.34034145,0.2256639,0.10875651833333333,-0.0019945,-0.101948013,-0.190257883,-0.26781465,-0.33593555,-0.395443167,-0.44668085,-0.4897912,-0.5247702,-0.552051917,-0.5728318,-0.58872075,-0.601062733,-0.610437383,-0.61736285,-0.622049283,-0.625083417,-0.626850167,-0.627730033,-0.628010217,-0.6279333,-0.627703917,-0.627492233,-0.627378967,-0.6274384,-0.62761525,-0.627916333,-0.6282049,-0.62851155,-0.628697367,-0.628702867,-0.628403733,-0.627752533,-0.626683667,-0.625078467,-0.622887,-0.619834717,-0.615544717,-0.60980995,-0.60315615,-0.596746383,-0.591484583,-0.58753185,-0.584414983,-0.5817324,-0.579203883,-0.5768,-0.57438405,-0.5718707,-0.569261033,-0.566514467,-0.563453,-0.5600655,-0.556245683,-0.55191165,-0.5471851,-0.54226245,-0.537392317,-0.532828883,-0.528634517,-0.524758317,-0.521105183,-0.517465983,-0.513449883,-0.508574033,-0.502286783,-0.493865033,-0.482769517,-0.468688167,-0.4515303,-0.431600867,-0.409373067,-0.385026567,-0.358374733,-0.328925067,-0.296246617,-0.261041333,-0.226033333,-0.19545705,-0.172140917,-0.156516067,-0.146650367,-0.140601693,-0.13722307,-0.135977082,-0.1367373,-0.139401105,-0.14362345,-0.1494101,-0.156347833,-0.16442015,-0.1733434,-0.183483533,-0.194379917,-0.206270933,-0.2186396,-0.231643383,-0.244871717,-0.258095617,-0.271034233,-0.284117133,-0.296167183,-0.308053033,-0.318973733,-0.329403433,-0.338343667,-0.346378133,-0.352581067,-0.35764325,-0.36079175,-0.3629504,-0.363386767,-0.361987983,-0.359637633,-0.356502283,-0.350935783,-0.3448275,-0.336671833,-0.327756583,-0.317231933,-0.306358233,-0.294523733,-0.282460733,-0.268987417,-0.2559959,-0.2422756,-0.22815805,-0.212685483,-0.19757475,-0.180822767,-0.158049267,-0.136832068,-0.111413633,-0.085880267,-0.064946735,-0.040430279,3.4
52,-0.078656493,-0.089101428,-0.09739496,-0.106267797,-0.1112128,-0.117574425,-0.123528878,-0.131592408,-0.136166823,-0.144865348,-0.153036982,-0.157353865,-0.165932817,-0.171763467,-0.176755083,-0.1837502,-0.1913977,-0.202123883,-0.21231935,-0.224481867,-0.23379385,-0.24417145,-0.251542683,-0.258076783,-0.2656919,-0.270749767,-0.276676833,-0.280963817,-0.2840544,-0.28594205,-0.285845683,-0.287978733,-0.290083117,-0.293432617,-0.29943275,-0.308851383,-0.321101867,-0.336175567,-0.353224417,-0.370141433,-0.383791217,-0.39214285,-0.3936457,-0.38864295,-0.377815783,-0.362952633,-0.345725683,-0.32742615,-0.3079729,-0.2862849,-0.261282617,-0.23222455,-0.1992622,-0.162387352,-0.122730932,-0.083073625,-0.045333423,-0.010339998,0.021524156,0.050024248,0.074667822,0.097474415,0.11850929183333332,0.13818171833333334,0.157457235,0.17739993666666667,0.19845093,0.22017073666666667,0.24187415,0.2623242333333333,0.2801244333333333,0.2954223833333333,0.3094953833333333,0.32584426666666666,0.3478196166666667,0.3767050666666667,0.4101734833333333,0.4435250833333333,0.4717724166666666,0.4944817166666667,0.51483685,0.5361821333333333,0.5583761333333332,0.57756755,0.5894240166666668,0.5904299000000001,0.5782496833333333,0.5497622999999999,0.5011121333333334,0.42935864999999995,0.3364701666666667,0.2298424,0.11944954433333332,0.013274805,-0.084209607,-0.17184275,-0.250142267,-0.320004967,-0.38196745,-0.43610885,-0.4822217,-0.520103283,-0.550029067,-0.57308825,-0.59092895,-0.604806433,-0.615445567,-0.623297983,-0.628722417,-0.632289583,-0.634449783,-0.635613117,-0.636135533,-0.636192933,-0.6361097,-0.635993933,-0.635956317,-0.636066033,-0.636313567,-0.636631467,-0.636944433,-0.6372863,-0.637515317,-0.637541967,-0.637271183,-0.6366018,-0.635514883,-0.633883367,-0.631647467,-0.62853455,-0.6241465,-0.61827715,-0.611465117,-0.604871383,-0.5995145,-0.59546895,-0.592282817,-0.589569533,-0.587003983,-0.584553017,-0.58213065,-0.5796103,-0.576960683,-0.574183783,-0.571079067,-0.5676681,-0.56374905,-0.559350433,-0.55456255,-0.5495717,-0.5445975,-0.5399276,-0.53560495,-0.531637583,-0.52789885,-0.5241566,-0.52002445,-0.515016683,-0.5086262,-0.5001507,-0.4889581,-0.474813583,-0.457545733,-0.437592283,-0.415346217,-0.39109565,-0.364643233,-0.335495367,-0.303250267,-0.268564267,-0.234164967,-0.204168283,-0.18142355,-0.16606495,-0.15632435,-0.150369867,-0.14693685,-0.14558105,-0.146227233,-0.14865195,-0.1527832,-0.158381583,-0.165119583,-0.172965467,-0.181696233,-0.191485667,-0.20215835,-0.213817217,-0.2260738,-0.238832133,-0.2517173,-0.264664317,-0.27762405,-0.290192567,-0.3023667,-0.314140383,-0.324904383,-0.33510615,-0.343993333,-0.35199435,-0.357917433,-0.363041233,-0.366693183,-0.368728133,-0.369047833,-0.3678668,-0.36526855,-0.362142467,-0.3567157,-0.350120033,-0.3425201,-0.333432833,-0.323100133,-0.312981233,-0.300909533,-0.287799333,-0.274438,-0.261741567,-0.247896617,-0.234019833,-0.218520767,-0.20426075,-0.184783517,-0.166250083,-0.142843933,-0.118836243,-0.093067225,-0.069129837,-0.049969777,3.8
53,-0.083232993,-0.088419143,-0.1000913,-0.109983485,-0.114278118,-0.122111003,-0.125304445,-0.135617275,-0.140179302,-0.149647692,-0.155023797,-0.162963382,-0.167912865,-0.175737725,-0.182723097,-0.188563838,-0.19605534,-0.207287433,-0.219184333,-0.2298358,-0.240859533,-0.248674433,-0.25830865,-0.26599495,-0.271308217,-0.278880783,-0.2826347,-0.288428367,-0.29117985,-0.29215355,-0.292365283,-0.293254683,-0.293473467,-0.295167667,-0.297447683,-0.303289617,-0.310556167,-0.320961967,-0.332975067,-0.344992867,-0.354570533,-0.359157667,-0.357561767,-0.3502013,-0.337317033,-0.320870067,-0.302228383,-0.2826847,-0.262153583,-0.239603033,-0.213992867,-0.184962008,-0.152359672,-0.116349608,-0.078080966,-0.039856097,-0.00349654,0.030241504333333325,0.061108795,0.088612037,0.11241291400000002,0.13442447500000002,0.15441566333333334,0.17307843,0.19138234166666665,0.21065154333333333,0.23097916666666665,0.2518982666666667,0.2727720166666667,0.29231688333333333,0.3094422666666667,0.3239395833333333,0.3370351333333333,0.35202265000000005,0.3722539333333334,0.3989207333333334,0.42969525,0.45981960000000005,0.48550988333333334,0.5064105,0.5256609666666666,0.54600435,0.5673455499999999,0.5859155000000001,0.59784595,0.59984895,0.5895504666666668,0.5645211833333333,0.5211809,0.4572133666666667,0.37417279999999997,0.2781105833333334,0.17733856166666664,0.078533578,-0.014173957,-0.099442932,-0.177448567,-0.24871825,-0.313314617,-0.370936033,-0.420992767,-0.462946517,-0.496826733,-0.52357675,-0.544514267,-0.561008017,-0.573742183,-0.5832368,-0.59001385,-0.594640383,-0.59763885,-0.5995106,-0.600580267,-0.601114333,-0.60138665,-0.601561933,-0.601758733,-0.60205315,-0.60242215,-0.602868733,-0.603324267,-0.603709633,-0.604001867,-0.604120383,-0.603957033,-0.60345825,-0.602498033,-0.601044533,-0.59907285,-0.596256567,-0.592218333,-0.586828283,-0.580570367,-0.574524417,-0.569605,-0.565913267,-0.562982217,-0.56051,-0.558196833,-0.555969517,-0.553731467,-0.551436283,-0.549050567,-0.546494683,-0.543648817,-0.54048605,-0.536849033,-0.53277255,-0.528261617,-0.52360225,-0.518985517,-0.514593267,-0.510594683,-0.506980617,-0.503619433,-0.500240433,-0.496565633,-0.4920997,-0.486286433,-0.47852145,-0.468300617,-0.455316083,-0.439466683,-0.421114467,-0.400641617,-0.378306467,-0.353931,-0.32704045,-0.297276267,-0.265354333,-0.233734,-0.2061848,-0.1852314,-0.171085917,-0.162132433,-0.1566571,-0.153552083,-0.15236535,-0.152912083,-0.155173117,-0.159084933,-0.164204117,-0.1704223,-0.1776839,-0.18572925,-0.194730067,-0.2046773,-0.215317367,-0.2267308,-0.23849265,-0.2504148,-0.262400583,-0.27435745,-0.28597075,-0.297220933,-0.307916917,-0.318110483,-0.327518083,-0.335866217,-0.34313775,-0.348852033,-0.353744717,-0.356702883,-0.35855545,-0.358733833,-0.357789617,-0.35543905,-0.352058117,-0.347890033,-0.341519933,-0.334026183,-0.325855633,-0.31608025,-0.305702133,-0.295139417,-0.283742117,-0.270928033,-0.25898285,-0.244769267,-0.232845,-0.218614133,-0.2039749,-0.186195067,-0.165952033,-0.142460217,-0.121852148,-0.093934102,-0.071033823,-0.048265425,4.266667
54,-0.07480648,-0.086177515,-0.096794625,-0.106529147,-0.112603323,-0.115252343,-0.12397638,-0.129804218,-0.136738328,-0.144084308,-0.151677667,-0.159119683,-0.165788817,-0.169582767,-0.174590933,-0.1839013,-0.1913975,-0.2012858,-0.212649833,-0.227229667,-0.236320517,-0.245966233,-0.25324915,-0.259466767,-0.2656728,-0.271453033,-0.278160833,-0.2831635,-0.2870035,-0.288585717,-0.289977667,-0.2927299,-0.295270317,-0.2993477,-0.305836583,-0.314703617,-0.326044033,-0.3397237,-0.353879517,-0.367442017,-0.377692,-0.382435483,-0.380523983,-0.37286385,-0.359575733,-0.342943133,-0.324132833,-0.304502917,-0.284080967,-0.261608667,-0.2362428,-0.20735965,-0.175013233,-0.139257565,-0.1010624,-0.063004333,-0.026703798,0.006959286,0.03774407,0.06555444,0.089708632,0.11211424333333332,0.13260937833333333,0.15175795,0.17040593333333334,0.18970198333333332,0.21001614999999998,0.23094636666666668,0.25166635000000004,0.2713064333333334,0.2884741833333333,0.3033808333333333,0.3170731,0.3331988333333334,0.35497281666666664,0.3838072166666667,0.41692975,0.44965605000000003,0.47726300000000005,0.49935263333333335,0.5191647333333334,0.5401687,0.5620491166666667,0.5813916,0.5935111666666667,0.5950155666666667,0.5833202166666668,0.5551309666666667,0.5070832,0.4372443333333333,0.34860341666666667,0.24835851666666672,0.14534871666666666,0.046124817,-0.04549964,-0.128603083,-0.203680467,-0.271454517,-0.332215067,-0.385896167,-0.43212475,-0.470498483,-0.501132683,-0.52502765,-0.54362905,-0.558181583,-0.569384317,-0.577716667,-0.583541583,-0.58747395,-0.58992615,-0.5914099,-0.5921627,-0.59243705,-0.592540917,-0.592565333,-0.592672517,-0.592935033,-0.593270283,-0.5936961,-0.594127133,-0.594528517,-0.5948048,-0.59490375,-0.594707983,-0.5941439,-0.5931336,-0.59162995,-0.58955775,-0.586660967,-0.582528817,-0.576990017,-0.570550917,-0.564327617,-0.559242783,-0.55546235,-0.552495183,-0.5499598,-0.5476082,-0.545349717,-0.543080817,-0.54073785,-0.538282783,-0.535687667,-0.53277815,-0.52952015,-0.525819683,-0.521625767,-0.517031117,-0.51224205,-0.507459167,-0.50295685,-0.49885975,-0.49507105,-0.491531683,-0.488022483,-0.48421255,-0.479562083,-0.473537917,-0.4655858,-0.4550813,-0.44174605,-0.425535833,-0.4067394,-0.385810783,-0.3630692,-0.33824465,-0.310931317,-0.280772833,-0.248383633,-0.21634595,-0.1883948,-0.167276383,-0.152959933,-0.143967883,-0.138367383,-0.135162883,-0.1339284,-0.134465867,-0.136724467,-0.140552967,-0.145724267,-0.152011983,-0.159225417,-0.167388767,-0.176600183,-0.186509567,-0.19735435,-0.208873433,-0.22077025,-0.232806517,-0.2450675,-0.256915917,-0.269024033,-0.28036605,-0.2912883,-0.301483217,-0.311285567,-0.319657067,-0.326983533,-0.332969683,-0.337854067,-0.34095485,-0.3430513,-0.343197583,-0.342400183,-0.3403977,-0.337039433,-0.332167617,-0.326770233,-0.319284383,-0.310838883,-0.30061745,-0.291052967,-0.279285883,-0.26812855,-0.254946467,-0.24299085,-0.2291888,-0.21667875,-0.202376933,-0.188402933,-0.170948867,-0.152068233,-0.129664227,-0.10612951,-0.082431792,-0.061157487,-0.039547009,5
55,-0.127027842,-0.137452127,-0.14515782,-0.152634327,-0.159260123,-0.166907617,-0.172647517,-0.180422733,-0.18953415,-0.198501,-0.205888233,-0.213423917,-0.220752767,-0.2283564,-0.23547005,-0.243517233,-0.252651117,-0.266721967,-0.2798342,-0.293999133,-0.306507283,-0.3160826,-0.326427717,-0.3345338,-0.343249867,-0.351746517,-0.358973517,-0.368197233,-0.372285917,-0.377560883,-0.382080717,-0.386867517,-0.39299965,-0.400414817,-0.409028067,-0.419878517,-0.4314708,-0.444646167,-0.4575105,-0.469051017,-0.4764405,-0.478962367,-0.475644417,-0.46686905,-0.45347155,-0.43724335,-0.4193212,-0.400732833,-0.381515283,-0.360644617,-0.337379667,-0.311030683,-0.281582717,-0.249024967,-0.214359717,-0.179792333,-0.14690895,-0.116233145,-0.088018893,-0.062475074,-0.039882995,-0.018992745,0.00050542,0.018697699999999994,0.036502682,0.054489286,0.073170905,0.09225431,0.11115450500000001,0.129057745,0.14480653666666665,0.15835353166666666,0.17120231499999997,0.18649439999999998,0.20762048333333336,0.23575306666666665,0.26844523333333337,0.3007023,0.32796248333333333,0.3493796333333334,0.36865375,0.38894728333333334,0.4107490833333333,0.4309299833333333,0.4451611333333334,0.44937076666666664,0.44022273333333334,0.41356870000000007,0.3652641833333334,0.29449431666666664,0.20690073333333336,0.11148578999999999,0.017102672,-0.070663993,-0.149334033,-0.218760933,-0.279911883,-0.333878183,-0.381290283,-0.422347783,-0.456989267,-0.485123633,-0.507025933,-0.523668283,-0.536368267,-0.546266233,-0.553815717,-0.559332017,-0.563048883,-0.565392867,-0.5666877,-0.567274133,-0.567380133,-0.5671747,-0.566876133,-0.566618083,-0.566418033,-0.56639695,-0.56648935,-0.566631933,-0.56682495,-0.567003283,-0.56711115,-0.567025083,-0.566707117,-0.566040783,-0.564971133,-0.56343995,-0.56138935,-0.55855355,-0.5545779,-0.549321967,-0.543268267,-0.53742865,-0.532664583,-0.529069717,-0.526221133,-0.523769333,-0.521501067,-0.519302283,-0.5170477,-0.51478985,-0.51241295,-0.50988835,-0.507110233,-0.5040442,-0.5005591,-0.496640267,-0.492331233,-0.4878883,-0.483469167,-0.479338817,-0.4755814,-0.4722066,-0.469090983,-0.466028367,-0.462712533,-0.458665517,-0.453394083,-0.44637995,-0.437105517,-0.425293517,-0.4109717,-0.394374883,-0.376049933,-0.3561465,-0.334536167,-0.310906633,-0.284904767,-0.25725375,-0.230086067,-0.206550533,-0.188812433,-0.177016517,-0.169530617,-0.165019967,-0.1623611,-0.161392883,-0.161844367,-0.1638603,-0.166922683,-0.171146717,-0.176303333,-0.182352,-0.189076967,-0.196593367,-0.204928883,-0.214113467,-0.223790583,-0.233813883,-0.243920433,-0.254288167,-0.2645673,-0.2748071,-0.284394633,-0.293688583,-0.302333217,-0.3106605,-0.317833983,-0.3242284,-0.329027917,-0.333357167,-0.336179017,-0.33768055,-0.337785567,-0.336808,-0.3352493,-0.331741833,-0.327272483,-0.3219195,-0.31555225,-0.3086325,-0.299607183,-0.290753983,-0.281067083,-0.271359883,-0.259888833,-0.248858083,-0.237623433,-0.22660155,-0.21322705,-0.2013124,-0.186487283,-0.170957733,-0.154089283,-0.137131217,-0.119262647,-0.103392882,-0.091359708,4.2
56,-0.098982053,-0.106404552,-0.11376099,-0.119862423,-0.124756838,-0.12717888,-0.133234445,-0.136274638,-0.1413947,-0.148223535,-0.152018003,-0.15823184,-0.163749408,-0.166608548,-0.17076634,-0.178290275,-0.186084432,-0.193669093,-0.204081052,-0.215147168,-0.223782667,-0.232681017,-0.237546933,-0.243729683,-0.24929075,-0.253514983,-0.255833,-0.260339583,-0.262240183,-0.262166417,-0.261269183,-0.262043083,-0.263650483,-0.267163867,-0.2735589,-0.284597017,-0.298616483,-0.3156181,-0.334410233,-0.3521595,-0.366536233,-0.374686333,-0.3758098,-0.370358717,-0.358824717,-0.343383283,-0.325691383,-0.30703305,-0.287395533,-0.26551395,-0.240427967,-0.211340467,-0.178232465,-0.141324427,-0.101653133,-0.061923403,-0.02397002,0.011336791666666667,0.043642232,0.072693903,0.098074358,0.12168776116666667,0.14309610666666667,0.16315102833333334,0.18274033333333337,0.20275206499999998,0.22377382166666662,0.24537863333333335,0.26697848333333335,0.28727035,0.3051321166666667,0.32023476666666667,0.33444121666666665,0.3514487,0.3746096833333334,0.40579615,0.4417907833333334,0.47723315,0.5069610833333332,0.5303989,0.5512607666666667,0.5728792666666668,0.5952109166666667,0.6145552833333333,0.6259617833333334,0.6257395833333333,0.6117735166666666,0.5805340166666667,0.5285775666666667,0.45287514999999995,0.35635734999999996,0.24756974999999995,0.1369860033333333,0.032188802,-0.063006042,-0.14794459,-0.2233805,-0.290492333,-0.349844067,-0.401536117,-0.445516,-0.481561117,-0.510044783,-0.532003817,-0.54891015,-0.56207605,-0.572132233,-0.579493067,-0.584565817,-0.587896717,-0.589872467,-0.590936467,-0.591354717,-0.5913884,-0.591251933,-0.591078317,-0.590971267,-0.591014267,-0.591164867,-0.591403933,-0.591652217,-0.591866867,-0.592025933,-0.591999067,-0.591700767,-0.591066233,-0.589984367,-0.58840555,-0.586306367,-0.5833656,-0.57923175,-0.5737424,-0.567394467,-0.561262167,-0.5562488,-0.552476083,-0.5494636,-0.546871983,-0.544461967,-0.5421088,-0.539772983,-0.5373919,-0.53490595,-0.532264933,-0.529355967,-0.526114317,-0.522459017,-0.518310883,-0.51381805,-0.509161833,-0.504525083,-0.500144067,-0.496109517,-0.492519733,-0.4891125,-0.485784617,-0.48207175,-0.477594483,-0.471745033,-0.46400615,-0.453838483,-0.44090985,-0.425202267,-0.4070527,-0.386874,-0.3648982,-0.340948733,-0.314652217,-0.2856207,-0.254623333,-0.22393565,-0.197331933,-0.177120983,-0.163540833,-0.15498132,-0.149772202,-0.146813785,-0.145672,-0.146263912,-0.148579018,-0.152221723,-0.157237983,-0.16316695,-0.170153933,-0.17793945,-0.186534967,-0.196062333,-0.20647475,-0.217453317,-0.228844617,-0.24024835,-0.2519825,-0.263683717,-0.27506875,-0.285966233,-0.29638955,-0.306365117,-0.31536685,-0.323519817,-0.330904833,-0.3367366,-0.341216283,-0.344230383,-0.346269483,-0.3468184,-0.345974233,-0.344016667,-0.3405857,-0.336823917,-0.331524883,-0.3237413,-0.315948467,-0.306934983,-0.297485867,-0.287190583,-0.27672195,-0.264204617,-0.2525997,-0.24080275,-0.2288434,-0.215231167,-0.202799317,-0.183588117,-0.166547733,-0.148454105,-0.126027443,-0.10295913,-0.081527643,-0.059149443,3.733333
57,-0.056421197,-0.070386043,-0.078301925,-0.086919767,-0.094344152,-0.100870128,-0.110403168,-0.117061753,-0.125257575,-0.136781812,-0.145152118,-0.154433463,-0.160041378,-0.166860157,-0.174361137,-0.181069798,-0.189353805,-0.199662917,-0.21129885,-0.22365475,-0.234628583,-0.24404215,-0.251985817,-0.260436917,-0.26631705,-0.273601783,-0.280079833,-0.28538125,-0.289348917,-0.292016317,-0.292308667,-0.29363005,-0.2946827,-0.296594717,-0.29931215,-0.304534717,-0.31226255,-0.32244245,-0.33469405,-0.346484583,-0.356022767,-0.360818483,-0.3596453,-0.352433117,-0.340130467,-0.32416285,-0.30608505,-0.287282383,-0.2673828,-0.2455856,-0.220691067,-0.192347063,-0.160371017,-0.125020727,-0.087478723,-0.050147202,-0.014808821,0.017880275,0.047709636666666666,0.074585245,0.098255035,0.12013400333333331,0.14002455333333333,0.15858793,0.17669731000000002,0.19511236333333334,0.21431540000000002,0.2339700166666667,0.2534368,0.2717052,0.28774534999999996,0.3014405,0.31445211666666667,0.32957474999999997,0.34965805,0.3758328833333333,0.40552201666666665,0.4343890000000001,0.4587057666666667,0.47806416666666657,0.49576155000000005,0.5141709166666667,0.5334912333333334,0.5505649833333334,0.5616496666666667,0.5637188166666667,0.5544581000000001,0.5310139166666666,0.48999335,0.42865266666666674,0.34821281666666665,0.25434361666666666,0.15514826166666665,0.057635608,-0.03384978,-0.117644273,-0.193864133,-0.26298625,-0.3251505,-0.380151433,-0.427554583,-0.467005283,-0.498650983,-0.52347005,-0.5427953,-0.557917733,-0.569542383,-0.578161017,-0.584205283,-0.588291017,-0.59085865,-0.59236615,-0.593149317,-0.593449583,-0.593511383,-0.59349245,-0.5935081,-0.593624867,-0.593812117,-0.594068733,-0.59434895,-0.594585983,-0.59471005,-0.594709783,-0.594433383,-0.593815017,-0.592779233,-0.59127715,-0.58925635,-0.586427433,-0.5824613,-0.577220183,-0.57114935,-0.565276533,-0.5604753,-0.556829017,-0.55393435,-0.551453017,-0.549144683,-0.546904633,-0.54465855,-0.5423473,-0.539960717,-0.537375467,-0.534560667,-0.531416267,-0.527854333,-0.52385645,-0.519426717,-0.514872167,-0.510352667,-0.506067283,-0.502191917,-0.498667183,-0.495444667,-0.49217325,-0.48863845,-0.4843226,-0.478705283,-0.4712496,-0.461399133,-0.448870583,-0.433588617,-0.415921367,-0.3962064,-0.374737067,-0.35130735,-0.325457717,-0.29698185,-0.266462967,-0.236355667,-0.210142467,-0.190259083,-0.1768856,-0.168424067,-0.16323845,-0.16026415,-0.15914455,-0.1596583,-0.161944267,-0.165539017,-0.17034775,-0.176160067,-0.18297,-0.190516233,-0.199107017,-0.208427033,-0.218669183,-0.229260317,-0.24038995,-0.2517192,-0.263146667,-0.274318,-0.285507883,-0.296109833,-0.306228317,-0.315786067,-0.324617217,-0.332404817,-0.339335117,-0.34454855,-0.348827217,-0.351672617,-0.353207867,-0.35309015,-0.351969883,-0.34976955,-0.346167283,-0.3411788,-0.335389683,-0.327276133,-0.319598083,-0.30944835,-0.299401617,-0.2874785,-0.277378533,-0.264210467,-0.2512826,-0.237620167,-0.225490317,-0.2094321,-0.195050583,-0.175393933,-0.157176917,-0.135078233,-0.110602818,-0.086051907,-0.060853975,-0.036640616,4.066667
58,-0.112510212,-0.12246747,-0.133913663,-0.14129017,-0.149675717,-0.155496792,-0.161108893,-0.17068305,-0.176724383,-0.18613185,-0.194345667,-0.20162675,-0.207605133,-0.2150945,-0.220823933,-0.227876183,-0.2377007,-0.248511333,-0.262108083,-0.2761018,-0.286765717,-0.297250217,-0.305626333,-0.313496583,-0.320898683,-0.32870015,-0.335006233,-0.341373233,-0.346080483,-0.35020445,-0.352023917,-0.35495,-0.359183333,-0.36519525,-0.371654233,-0.380924717,-0.392463867,-0.406053867,-0.419625333,-0.432823267,-0.44230975,-0.44643965,-0.444334183,-0.4365018,-0.423552567,-0.407148667,-0.3888671,-0.36978965,-0.349669783,-0.327949367,-0.30326425,-0.275291,-0.2439214,-0.20926215,-0.17246985,-0.135637613,-0.100708647,-0.068249193,-0.038599086,-0.011718564,0.011799847333333335,0.0335479,0.053559317,0.07228943,0.090706513,0.10953625566666668,0.12908416333333333,0.149284,0.1692398066666667,0.18811786833333333,0.20479117000000002,0.21900592166666666,0.2322776,0.24772126666666663,0.26852820000000005,0.2960098666666667,0.3278526666666666,0.35943108333333335,0.38630443333333336,0.40810299999999994,0.4283147166666666,0.4497580666666667,0.47252603333333343,0.4929393833333333,0.5066602333333333,0.50998825,0.5002802833333333,0.4738847,0.4270504499999999,0.35831583333333333,0.27164045,0.17475794,0.076497774,-0.017173428,-0.102961428,-0.1802617,-0.24961755,-0.3118476,-0.3672755,-0.415905417,-0.457444433,-0.491617867,-0.5186394,-0.539481167,-0.5555615,-0.568089067,-0.577679533,-0.5847386,-0.5895831,-0.592798333,-0.594704183,-0.595745667,-0.596182467,-0.59621705,-0.59609255,-0.595954483,-0.595875467,-0.595953617,-0.596098517,-0.59634175,-0.596620033,-0.596855267,-0.597009517,-0.5969837,-0.596697,-0.596068917,-0.594972283,-0.593455467,-0.591328617,-0.5883946,-0.5842728,-0.5788111,-0.572492783,-0.566403183,-0.561434117,-0.55766975,-0.554691933,-0.552154233,-0.5497912,-0.547483117,-0.5451935,-0.542852517,-0.540396517,-0.537784883,-0.5349059,-0.53173295,-0.5281047,-0.524001933,-0.519536767,-0.514858967,-0.51023935,-0.505889733,-0.50195805,-0.498334033,-0.494979117,-0.491696683,-0.488055017,-0.4836686,-0.47798595,-0.47037255,-0.460403983,-0.447800267,-0.43241965,-0.414745683,-0.39508165,-0.373704117,-0.350493567,-0.325027833,-0.29693965,-0.266894983,-0.23730405,-0.2116538,-0.192206833,-0.1790696,-0.17086435,-0.16578035,-0.162866483,-0.161753533,-0.162238317,-0.164394917,-0.167930283,-0.172737083,-0.178347667,-0.185070017,-0.192450817,-0.2008252,-0.2100307,-0.220028117,-0.230538533,-0.241544167,-0.252616383,-0.26382855,-0.274836717,-0.285948383,-0.2964956,-0.306339417,-0.3159501,-0.324857033,-0.3325344,-0.339323033,-0.34481185,-0.349350883,-0.352152083,-0.3539026,-0.3537848,-0.353112833,-0.351141017,-0.347899133,-0.343482783,-0.337606417,-0.330656683,-0.322461767,-0.31331785,-0.3038448,-0.292916567,-0.282605783,-0.26946065,-0.2583002,-0.245848833,-0.234338267,-0.219672583,-0.20623205,-0.18902795,-0.172198383,-0.15107195,-0.131159843,-0.110776937,-0.091292,-0.070368062,4.033333
59,-0.111508292,-0.125377505,-0.13278895,-0.142164483,-0.152988217,-0.15978295,-0.168303933,-0.17621645,-0.187816383,-0.198464967,-0.206974567,-0.21675105,-0.224095583,-0.231668333,-0.23874545,-0.24697095,-0.256789217,-0.271116367,-0.2844872,-0.300634817,-0.3131992,-0.3240895,-0.333129933,-0.341880233,-0.350564017,-0.360055733,-0.3682109,-0.377232117,-0.382163283,-0.3868696,-0.391058583,-0.394555767,-0.398761,-0.40448895,-0.411185383,-0.42032155,-0.431220033,-0.444025383,-0.457273767,-0.4700472,-0.47908515,-0.48343915,-0.481403083,-0.473758467,-0.461085133,-0.445163817,-0.427303267,-0.408679867,-0.389178,-0.367838067,-0.3435974,-0.315973583,-0.284789967,-0.250330567,-0.213516617,-0.176724367,-0.141667457,-0.109305113,-0.079590852,-0.05295298,-0.029650032,-0.008133328,0.011818921,0.030656645,0.048997043,0.06784577,0.0874858,0.10764605133333334,0.127626475,0.14650206500000001,0.16316271666666665,0.17733859666666665,0.19044532333333333,0.205622025,0.2261515333333333,0.25346308333333334,0.28519355,0.31667293333333335,0.3433017333333333,0.3646715,0.38429031666666663,0.40535676666666665,0.4275718333333334,0.44768653333333336,0.4617423166666666,0.46608971666666665,0.45784395,0.4331154666666667,0.3876857333333333,0.3194660333333334,0.23208641666666666,0.13370617166666665,0.033736868333333336,-0.061075818,-0.147030783,-0.223371317,-0.290811067,-0.350348683,-0.402558283,-0.447643683,-0.485588167,-0.516321817,-0.540152483,-0.558212083,-0.57196645,-0.58261875,-0.590750183,-0.596697767,-0.60071875,-0.60328995,-0.60474105,-0.605432133,-0.605608617,-0.605476317,-0.605245583,-0.605030367,-0.604902717,-0.604933933,-0.605089617,-0.6053196,-0.605582517,-0.605860317,-0.606021217,-0.60600325,-0.605732367,-0.605086767,-0.60402045,-0.602445383,-0.600287467,-0.597307517,-0.5931006,-0.58750385,-0.581055,-0.574840467,-0.5697439,-0.5659157,-0.562893883,-0.56030415,-0.55787285,-0.555536833,-0.553196017,-0.550792517,-0.548290417,-0.545626333,-0.5426974,-0.539443667,-0.53576055,-0.531588,-0.526991867,-0.522301967,-0.51759225,-0.513218467,-0.509192617,-0.505528717,-0.502142017,-0.498765917,-0.49504295,-0.490569183,-0.484730767,-0.47699175,-0.4667647,-0.45390595,-0.43824245,-0.420215383,-0.400203217,-0.378518,-0.354897517,-0.32906345,-0.300555167,-0.270233183,-0.240359717,-0.214505183,-0.194974917,-0.181842933,-0.173536567,-0.1684415,-0.165421417,-0.164342,-0.164823017,-0.16690765,-0.170375333,-0.175120583,-0.180769817,-0.18734305,-0.194820033,-0.203135867,-0.212350267,-0.2224354,-0.2329745,-0.243973267,-0.255215533,-0.266420967,-0.2777203,-0.288870567,-0.299139533,-0.309462833,-0.31904495,-0.32790205,-0.336060367,-0.342930517,-0.348325183,-0.352579117,-0.3556158,-0.357104417,-0.3571965,-0.356379633,-0.354005267,-0.351056267,-0.345844567,-0.339959933,-0.332210333,-0.32389525,-0.31427445,-0.304507183,-0.292988283,-0.282040133,-0.269927833,-0.256812283,-0.244269067,-0.23190525,-0.217097267,-0.204441433,-0.1859867,-0.16909765,-0.150757033,-0.129394833,-0.106412362,-0.090555948,-0.07517002,4.033333
60,-0.061263052,-0.068614175,-0.078465155,-0.087997378,-0.091424987,-0.097533172,-0.106005955,-0.111849742,-0.11898055,-0.128390898,-0.135998975,-0.14244995,-0.148468438,-0.154783843,-0.1610526,-0.16768959,-0.17524934,-0.184896,-0.196939733,-0.207686467,-0.21663795,-0.2251368,-0.23192625,-0.2393793,-0.243373583,-0.25013695,-0.254139983,-0.259073183,-0.260242267,-0.261517067,-0.260664533,-0.260419633,-0.26057505,-0.263710083,-0.268560133,-0.277149283,-0.289919383,-0.306411,-0.325220417,-0.344047683,-0.3597959,-0.369862267,-0.372992233,-0.3690946,-0.359248217,-0.34512685,-0.328839567,-0.3113721,-0.292732067,-0.271668467,-0.2469629,-0.2181179,-0.184777483,-0.147055438,-0.106425533,-0.065642332,-0.026811693,0.009165354,0.041990420666666674,0.071582888,0.097150297,0.12087344366666668,0.142430195,0.16253611833333334,0.18209074833333336,0.20237133666666665,0.22377069166666666,0.24582845,0.26771666666666666,0.28826104999999996,0.30620223333333335,0.3213142833333333,0.3354017166666667,0.3523109833333333,0.37565560000000003,0.4068396000000001,0.4427238833333334,0.4778493666666666,0.5071749666666666,0.5300040166666667,0.55052025,0.5717421666666667,0.5936544,0.6128878833333333,0.6249215499999999,0.62625295,0.6140239166666667,0.5848554,0.5334676833333334,0.45608541666666663,0.3547803333333333,0.23842304999999997,0.118939075,0.00569828,-0.09629332,-0.185962383,-0.264193533,-0.332371083,-0.391448867,-0.44194475,-0.484037633,-0.5179078,-0.544114867,-0.563918833,-0.5789964,-0.590643267,-0.59948465,-0.605948983,-0.610330217,-0.6131549,-0.6147677,-0.615551533,-0.61579445,-0.615685733,-0.615461217,-0.61527,-0.615141533,-0.6151887,-0.615332817,-0.615581433,-0.615854883,-0.616099667,-0.61624415,-0.6162384,-0.615940667,-0.615289117,-0.614178267,-0.612596033,-0.61043485,-0.60746835,-0.6032435,-0.597620267,-0.59114775,-0.584916167,-0.579787633,-0.57591065,-0.5728899,-0.570246983,-0.567757633,-0.5654049,-0.56302345,-0.560590567,-0.558037483,-0.555338017,-0.552355617,-0.548994183,-0.5452429,-0.540957333,-0.536309467,-0.531461283,-0.526693017,-0.52217725,-0.518066617,-0.514275617,-0.51069705,-0.5071624,-0.503177033,-0.49842085,-0.4921822,-0.4839373,-0.473011083,-0.45918945,-0.442293383,-0.422679183,-0.400758817,-0.376712783,-0.35039015,-0.321259217,-0.288959833,-0.25405645,-0.219518367,-0.189398067,-0.166479717,-0.150984398,-0.141325823,-0.13539624,-0.132028443,-0.130813805,-0.131470717,-0.134147513,-0.138454293,-0.14419783,-0.151123792,-0.159086517,-0.168089817,-0.177913933,-0.188730183,-0.200642733,-0.213131117,-0.225990083,-0.23895835,-0.25199865,-0.26512225,-0.277821733,-0.289945783,-0.3016975,-0.312495483,-0.32273685,-0.331823333,-0.339471633,-0.345992717,-0.3507684,-0.354049367,-0.356629433,-0.3569141,-0.356067283,-0.353360433,-0.349729367,-0.344422133,-0.338368417,-0.33042435,-0.321757283,-0.3116757,-0.301138633,-0.289095817,-0.27713635,-0.263426533,-0.25034985,-0.236867267,-0.223204683,-0.2074571,-0.192363867,-0.173116267,-0.152228983,-0.129972922,-0.105364918,-0.078042763,-0.05321608,-0.031963743,3.566667
61,-0.121344613,-0.130032065,-0.14136021,-0.148059337,-0.153326922,-0.164008273,-0.16864313,-0.176619805,-0.187022,-0.196513483,-0.202469883,-0.210672017,-0.218377233,-0.224834067,-0.231586083,-0.2399448,-0.249621283,-0.261273967,-0.273515633,-0.288269233,-0.300484,-0.31091555,-0.319085667,-0.3272549,-0.335163983,-0.343881533,-0.352518367,-0.35888755,-0.36418535,-0.368065883,-0.37140545,-0.374332717,-0.378324417,-0.383075067,-0.389435633,-0.39809815,-0.409559483,-0.4231326,-0.437863533,-0.452221567,-0.4632235,-0.46897235,-0.46827925,-0.461390233,-0.449240867,-0.4335402,-0.41559625,-0.396777533,-0.376972383,-0.355252567,-0.330350467,-0.301914183,-0.26960725,-0.23378975,-0.195431017,-0.157180047,-0.120692607,-0.086970838,-0.056070687,-0.028194185,-0.003801948,0.018708575,0.039291534999999995,0.058628625,0.077446048,0.096786683,0.11698515083333334,0.13773962333333334,0.15820319333333335,0.17757704500000002,0.19461661833333332,0.20908711,0.22258613833333332,0.23829041666666662,0.25968186666666665,0.2879468,0.3205524833333333,0.35278585,0.38004889999999997,0.40190830000000005,0.4213394833333333,0.4419108333333333,0.4632793,0.4820604,0.4941040666666667,0.49609796666666667,0.4856204333333334,0.4595543666666666,0.41410176666666665,0.34661545,0.25938481666666663,0.15965882833333334,0.056800028,-0.041841246,-0.132165105,-0.213034517,-0.2849758,-0.348882983,-0.405219317,-0.454094017,-0.495457083,-0.529091933,-0.55541525,-0.5754834,-0.590845283,-0.6027321,-0.611742033,-0.618324383,-0.622759517,-0.625598167,-0.627189533,-0.627936517,-0.6281281,-0.627974083,-0.627676267,-0.627375517,-0.627191283,-0.6271805,-0.627302467,-0.627506433,-0.62774915,-0.627958667,-0.628077467,-0.628000267,-0.627655367,-0.626977517,-0.625833317,-0.624214217,-0.62203095,-0.618969017,-0.614708583,-0.609023433,-0.602475933,-0.596184117,-0.5910801,-0.587178383,-0.584107117,-0.58144465,-0.578971533,-0.5765603,-0.5741566,-0.571681483,-0.569137667,-0.566406167,-0.563392983,-0.5600454,-0.556270583,-0.552030333,-0.547386467,-0.542545167,-0.537783817,-0.533333267,-0.5292102,-0.5254582,-0.5219589,-0.518435717,-0.51455715,-0.509876017,-0.503809283,-0.495748433,-0.485200983,-0.471811933,-0.4555781,-0.4368598,-0.416040783,-0.393334817,-0.3686277,-0.341477117,-0.311447583,-0.2793928,-0.247643233,-0.220142783,-0.19933655,-0.185348883,-0.176514983,-0.171016817,-0.167988717,-0.166938417,-0.167398233,-0.169646467,-0.173474183,-0.17860125,-0.184728033,-0.1917309,-0.199790383,-0.208647233,-0.218440733,-0.229059817,-0.2403281,-0.252056833,-0.263917917,-0.27590245,-0.287780017,-0.2993379,-0.310450383,-0.321305917,-0.33149205,-0.340745033,-0.349028117,-0.356303483,-0.36221645,-0.366701367,-0.369643233,-0.371519733,-0.371460467,-0.3706817,-0.3684193,-0.3651347,-0.359782483,-0.35367675,-0.346275083,-0.337700217,-0.328066783,-0.317970767,-0.306400183,-0.29508465,-0.282293717,-0.2696202,-0.2566698,-0.24331645,-0.228697967,-0.214840833,-0.195566833,-0.17864375,-0.156385533,-0.135700483,-0.110948238,-0.091520875,-0.076106502,3.466667
62,-0.113534323,-0.123295082,-0.128863682,-0.14249017,-0.15025493,-0.155243978,-0.164450202,-0.174791728,-0.180188517,-0.191270067,-0.19946625,-0.208640967,-0.214461783,-0.224961467,-0.229586017,-0.238060067,-0.24893205,-0.2597101,-0.271848867,-0.286132883,-0.297223867,-0.3074076,-0.317561033,-0.325842817,-0.333531667,-0.3429092,-0.349967217,-0.356901233,-0.361969817,-0.364571217,-0.367756267,-0.3703149,-0.370566233,-0.3718989,-0.372977667,-0.375347017,-0.379686067,-0.385485517,-0.3926937,-0.399864967,-0.405104133,-0.406352383,-0.402475983,-0.393476333,-0.379997533,-0.363286783,-0.3446899,-0.32529745,-0.305156367,-0.283206633,-0.258534567,-0.230787133,-0.199967467,-0.166201233,-0.13049319,-0.09516809,-0.061666642,-0.030827513,-0.002606267,0.022803799666666666,0.044936021,0.065624845,0.084610241,0.102470465,0.11992605166666669,0.13770670499999998,0.15615455,0.17505913666666664,0.1937071,0.21130491666666665,0.22690785,0.24027416666666668,0.25300715,0.26724475,0.2855448,0.308974,0.3355213666666666,0.36195103333333334,0.3845051833333333,0.40328058333333333,0.42086314999999996,0.43974908333333335,0.45966011666666673,0.4776152166666667,0.49012845,0.49414135,0.48725559999999996,0.4667994833333334,0.42953916666666675,0.37352625,0.3003708,0.21510918333333331,0.12453056666666668,0.034612343,-0.050638107,-0.129653258,-0.20226035,-0.26885765,-0.329315433,-0.38332245,-0.430302467,-0.4696825,-0.501476833,-0.526554433,-0.54618945,-0.56162505,-0.5735323,-0.582414717,-0.58867415,-0.592953933,-0.595684467,-0.597323067,-0.598200917,-0.598605417,-0.598783417,-0.59884975,-0.598934183,-0.599118033,-0.59937565,-0.599680533,-0.600005433,-0.600270517,-0.600492333,-0.60053545,-0.600301583,-0.599718667,-0.5986693,-0.5971914,-0.59513195,-0.592224317,-0.588159167,-0.582742567,-0.57651185,-0.5704652,-0.565512367,-0.56176965,-0.558789433,-0.556241717,-0.5538878,-0.551579967,-0.5492498,-0.546912983,-0.544441133,-0.541804167,-0.538927633,-0.5357099,-0.532023917,-0.527922367,-0.523390017,-0.518728633,-0.51404765,-0.50964165,-0.505619217,-0.501953317,-0.498548117,-0.495124483,-0.49143895,-0.486954367,-0.481097333,-0.473360917,-0.4631604,-0.45029905,-0.434577183,-0.416414883,-0.396170283,-0.3741021,-0.350010817,-0.323501983,-0.2941734,-0.262774383,-0.231711967,-0.204664667,-0.18410835,-0.170280317,-0.1614745,-0.156063567,-0.152918417,-0.15174345,-0.152266767,-0.154507067,-0.158175533,-0.1631046,-0.169233383,-0.176155,-0.1840698,-0.19288565,-0.20255275,-0.213091633,-0.22413615,-0.235666433,-0.247404267,-0.25908925,-0.270742417,-0.2822079,-0.293244433,-0.303835533,-0.313617767,-0.32277405,-0.3310525,-0.338114433,-0.343962483,-0.348682333,-0.3515813,-0.353382367,-0.35365055,-0.352920917,-0.350732267,-0.347240967,-0.342977183,-0.337412633,-0.330015617,-0.321627033,-0.3125123,-0.302718217,-0.292553867,-0.280485067,-0.268261233,-0.255948133,-0.243461133,-0.23163825,-0.218355967,-0.20335805,-0.18491995,-0.168134,-0.146605067,-0.12573148,-0.100632933,-0.080567192,-0.060543503,4.2
63,-0.095373113,-0.104066368,-0.11011059,-0.117369448,-0.124892433,-0.127296033,-0.134601317,-0.13854735,-0.145341333,-0.1527692,-0.158694517,-0.16616155,-0.170372167,-0.175735467,-0.1809887,-0.1874352,-0.19448625,-0.206611,-0.217579033,-0.229929633,-0.239163833,-0.2486735,-0.254085683,-0.260520767,-0.266558267,-0.272080683,-0.2772837,-0.280816167,-0.2831583,-0.286034817,-0.286945633,-0.28931125,-0.292765067,-0.298603517,-0.30690285,-0.319259917,-0.334546883,-0.35266555,-0.372055283,-0.390297033,-0.404363167,-0.412872083,-0.413956983,-0.408619967,-0.397497117,-0.382453117,-0.365088717,-0.3467633,-0.327336117,-0.305700117,-0.28054685,-0.251505783,-0.218343883,-0.181322967,-0.141601325,-0.10172165,-0.063824833,-0.028801318,0.003236985,0.032035040833333334,0.057153700166666654,0.080313112,0.101608245,0.12153173500000002,0.14117264,0.16161309999999998,0.18318443333333334,0.20543836666666668,0.2275781166666667,0.24843606666666665,0.26648171666666665,0.28177953333333333,0.29588905000000004,0.3125134333333333,0.33529593333333335,0.36583265000000004,0.4014353333333333,0.43705784999999997,0.46706981666666664,0.49135983333333333,0.51358055,0.5372648833333333,0.5617873000000001,0.5832559166666667,0.5966541333333333,0.5981644166666666,0.5849033,0.5535602166666668,0.4999738333333333,0.42218968333333334,0.32406955,0.21445956666666668,0.10381860999999999,-0.000498873,-0.094789765,-0.178500738,-0.25248595,-0.3179837,-0.3755829,-0.425552933,-0.46781835,-0.502307533,-0.52935455,-0.550071867,-0.565951567,-0.578269333,-0.587638683,-0.594476967,-0.599113133,-0.6021028,-0.6038297,-0.604667433,-0.604929767,-0.604811617,-0.604558683,-0.6042815,-0.604101317,-0.604058233,-0.604129,-0.6042846,-0.6044952,-0.604663717,-0.604766183,-0.60468165,-0.604330233,-0.60364045,-0.602509383,-0.600899667,-0.598717933,-0.595706733,-0.591490183,-0.585910667,-0.579478217,-0.573277883,-0.5681853,-0.5643229,-0.561274833,-0.558646483,-0.5561807,-0.553800883,-0.551401933,-0.548989833,-0.546414133,-0.543721983,-0.5407895,-0.537454383,-0.533735133,-0.529543083,-0.524954733,-0.520190067,-0.515463533,-0.510987333,-0.50695205,-0.5032284,-0.49975375,-0.496323467,-0.492484017,-0.487929367,-0.481967017,-0.47408835,-0.463726967,-0.450593617,-0.434566933,-0.416091817,-0.395534067,-0.373086067,-0.348623417,-0.321681917,-0.29184925,-0.259911333,-0.228294283,-0.200771017,-0.17987845,-0.165783333,-0.15692695,-0.15145804,-0.148313602,-0.147166095,-0.147700908,-0.150033365,-0.153781317,-0.15891705,-0.16509585,-0.172267067,-0.180283217,-0.1893683,-0.199166083,-0.2098732,-0.22114335,-0.232872417,-0.244741667,-0.256666933,-0.268376983,-0.280296417,-0.291252983,-0.3018571,-0.311789817,-0.321325567,-0.329702583,-0.33688555,-0.342516617,-0.3473071,-0.350505817,-0.35232745,-0.35257665,-0.352093417,-0.350072933,-0.346401933,-0.3411894,-0.335818717,-0.328465167,-0.3206274,-0.310896767,-0.301266067,-0.289606567,-0.278915983,-0.266981133,-0.254949617,-0.241686783,-0.229843217,-0.216661633,-0.2019869,-0.1842559,-0.16617905,-0.144435217,-0.124542922,-0.100525682,-0.07996629,-0.059636405,4.166667
64,-0.106768987,-0.118268955,-0.127652532,-0.137781625,-0.143248155,-0.149444735,-0.15507146,-0.163259265,-0.169652432,-0.18031485,-0.1887837,-0.1946185,-0.200737783,-0.2068081,-0.213937433,-0.222099283,-0.2330403,-0.246432267,-0.260298017,-0.27602435,-0.287304717,-0.298417617,-0.3089605,-0.316078183,-0.323553417,-0.333429367,-0.340777233,-0.34782065,-0.35336875,-0.359490517,-0.364636783,-0.3715902,-0.379703783,-0.3911764,-0.404778167,-0.421105,-0.439856733,-0.460139533,-0.4799473,-0.497975967,-0.511183517,-0.51800445,-0.517964833,-0.511614883,-0.499788317,-0.484573617,-0.4671301,-0.449003583,-0.429893683,-0.408670317,-0.384547917,-0.356995067,-0.325997067,-0.291638967,-0.254529883,-0.21696085,-0.18084965,-0.147275987,-0.116386193,-0.088379087,-0.063689572,-0.041024264,-0.020340757,-0.000947855,0.018164555,0.037878701666666674,0.058692197,0.080214783,0.10168778,0.12192425166666665,0.1395336816666667,0.15445755999999997,0.1685562233333333,0.1852153483333333,0.20818148333333333,0.23900855,0.2751731166666667,0.3114198833333333,0.34249244999999995,0.36758365000000004,0.3904386166666666,0.4148223,0.4407563833333334,0.4640758,0.47949569999999997,0.4826682,0.47033296666666663,0.43849933333333335,0.3829515833333333,0.3027338,0.20374280000000003,0.096377152,-0.009016265,-0.105966642,-0.191721583,-0.266381183,-0.33112495,-0.3873893,-0.4359408,-0.477312983,-0.511616233,-0.538942,-0.5597576,-0.57522765,-0.5868357,-0.595771183,-0.602540117,-0.6074407,-0.610645333,-0.612589033,-0.61355385,-0.613857,-0.6137825,-0.613425917,-0.613003317,-0.61265175,-0.612437133,-0.612427017,-0.612538467,-0.612761833,-0.613025017,-0.61325755,-0.613408517,-0.613363917,-0.61304225,-0.612364833,-0.611246483,-0.6096242,-0.607421333,-0.604376833,-0.600109433,-0.59442485,-0.587878267,-0.581591167,-0.576421083,-0.572570117,-0.569524817,-0.566902133,-0.56444365,-0.562091133,-0.559700817,-0.557301333,-0.554758817,-0.55207935,-0.5491015,-0.5457779,-0.54202625,-0.537788533,-0.533164583,-0.528372067,-0.523597683,-0.519138967,-0.515074133,-0.511314883,-0.507799933,-0.504361633,-0.500520367,-0.495902533,-0.48994595,-0.481969,-0.471512333,-0.458313483,-0.442315717,-0.42387835,-0.403405183,-0.3811704,-0.3569857,-0.3304923,-0.301359083,-0.270242817,-0.239663917,-0.213183583,-0.19315735,-0.17965355,-0.171242067,-0.1660879,-0.163136267,-0.161987583,-0.1625667,-0.164702683,-0.16838885,-0.173230183,-0.179140083,-0.18582405,-0.193502433,-0.202125133,-0.211502783,-0.22192665,-0.232624017,-0.243993733,-0.255495333,-0.267075233,-0.2785541,-0.28981015,-0.300822633,-0.311119217,-0.320931067,-0.330150983,-0.3380881,-0.345291733,-0.3510913,-0.355604983,-0.358670317,-0.360274983,-0.3605395,-0.359709967,-0.357799333,-0.3543583,-0.349220283,-0.343154217,-0.335539633,-0.327736467,-0.317469,-0.307951,-0.296282767,-0.285413017,-0.272190333,-0.260604333,-0.246918267,-0.235009667,-0.2201415,-0.205981517,-0.18853135,-0.17171405,-0.1518195,-0.1342387,-0.112755782,-0.097092352,-0.085551412,4.166667
65,-0.075616327,-0.089637722,-0.098850307,-0.105289765,-0.114853498,-0.123167338,-0.129379035,-0.136905393,-0.147114857,-0.15791018,-0.16605858,-0.174728248,-0.182279188,-0.190126158,-0.19622023,-0.20401054,-0.213988042,-0.223729017,-0.23806745,-0.248035017,-0.2596178,-0.268958,-0.278657883,-0.285807717,-0.293272583,-0.300650683,-0.30624665,-0.313220667,-0.316258017,-0.319372617,-0.32006605,-0.3220777,-0.322914167,-0.325101483,-0.328998433,-0.334814617,-0.34367085,-0.35466415,-0.367451683,-0.380062133,-0.389603167,-0.394389,-0.392911517,-0.385647683,-0.372964367,-0.356568467,-0.338167333,-0.31890415,-0.298620783,-0.276423367,-0.251182,-0.222477017,-0.1899691,-0.154003277,-0.115756736,-0.077752147,-0.0417914,-0.008588067,0.021883102,0.049225988,0.073090775,0.09523712,0.11551425333333333,0.13442543833333334,0.15278900166666667,0.171783405,0.19157886716666664,0.21169887333333337,0.23184033166666665,0.25057935833333334,0.26715538,0.28127652000000003,0.29444656500000005,0.30986454166666666,0.3306094333333333,0.3576240833333333,0.3884183833333334,0.4186329833333333,0.4439274833333334,0.46419733333333335,0.48249406666666667,0.5015627500000001,0.5211231499999999,0.5378132833333333,0.5481031166666667,0.5488805666666666,0.5379067833333333,0.5127243166666667,0.4698424666666667,0.40676286666666667,0.3246236,0.2294495433333333,0.12961203383333333,0.032180305,-0.058607738,-0.141322613,-0.2160984,-0.2835203,-0.343834217,-0.396882617,-0.442389617,-0.480006217,-0.509947133,-0.5332119,-0.55125695,-0.565314117,-0.576059017,-0.5839817,-0.589446383,-0.5930662,-0.5952692,-0.59648055,-0.5970025,-0.597098533,-0.597038533,-0.596913383,-0.596818533,-0.596864867,-0.597032833,-0.59723705,-0.597466367,-0.59770385,-0.597851717,-0.597806233,-0.59751325,-0.596865083,-0.595780567,-0.594223367,-0.592101533,-0.58916865,-0.58503445,-0.579538233,-0.5732272,-0.5671457,-0.562184383,-0.55842465,-0.555458033,-0.55290495,-0.550518217,-0.548220567,-0.5459176,-0.543561317,-0.541086267,-0.538476467,-0.535596667,-0.532380817,-0.528724983,-0.524596417,-0.520158217,-0.515471167,-0.510828833,-0.50651065,-0.50255555,-0.4989144,-0.495571017,-0.4922301,-0.4885381,-0.484126533,-0.47837255,-0.470711067,-0.4605825,-0.447784083,-0.432253133,-0.41426095,-0.394318567,-0.372595567,-0.348983967,-0.322989483,-0.294308333,-0.2636233,-0.233430717,-0.207139667,-0.187266383,-0.173874335,-0.165448513,-0.160309232,-0.157362033,-0.156253427,-0.156813882,-0.159036987,-0.162629853,-0.167495897,-0.173349878,-0.180210668,-0.187909817,-0.196442233,-0.205848217,-0.216045733,-0.226857267,-0.238057917,-0.249364983,-0.2607812,-0.2718864,-0.283099033,-0.293733,-0.3040178,-0.313492483,-0.322305133,-0.330270517,-0.337140483,-0.34244235,-0.347176667,-0.349706383,-0.351535383,-0.35134855,-0.35044235,-0.347796517,-0.344506467,-0.339449167,-0.333169567,-0.325694733,-0.317595383,-0.308304683,-0.297876067,-0.286675433,-0.274921117,-0.262107683,-0.249894917,-0.235788867,-0.224057917,-0.209171683,-0.19495835,-0.175682417,-0.157433972,-0.134171553,-0.114014532,-0.086062252,-0.06457453,-0.04075152,3.633333
66,-0.072678452,-0.079630057,-0.088879468,-0.097126172,-0.103304945,-0.107490747,-0.114352147,-0.120561508,-0.126270393,-0.134687228,-0.14351552,-0.148549605,-0.155689083,-0.160682283,-0.1671062,-0.174002067,-0.1808851,-0.188761133,-0.2011596,-0.2102577,-0.2193916,-0.229094667,-0.23452945,-0.240770833,-0.24590405,-0.25098895,-0.255434033,-0.259270483,-0.25902925,-0.26025285,-0.260013433,-0.258377517,-0.258014167,-0.2588981,-0.261837233,-0.266188733,-0.273984717,-0.28436575,-0.296874217,-0.309628717,-0.319347317,-0.32492025,-0.32414055,-0.317498983,-0.30540635,-0.28954055,-0.271518833,-0.252387733,-0.23223475,-0.210027533,-0.184550542,-0.155486873,-0.122525545,-0.086014205,-0.047121505,-0.008364743,0.028359629999999997,0.062326641666666675,0.093417078,0.12131069166666668,0.14564559,0.16803729999999997,0.18851281666666667,0.2076692,0.22624383333333334,0.24566738333333338,0.26599125,0.28708548333333334,0.3078968,0.32745291666666665,0.3445487,0.3591722333333333,0.3726187333333333,0.3883249666666666,0.4096274833333333,0.4375720333333333,0.46962258333333323,0.5011383333333334,0.5279817833333333,0.5494921166666666,0.5689690500000001,0.5896506499999999,0.6110340333333334,0.6294477666666667,0.64056305,0.6411062666666666,0.6288389333333334,0.6011870333333333,0.5548363166666667,0.48734735,0.4001114833333334,0.29922755000000006,0.19294043333333333,0.088410206,-0.009942315,-0.100412079,-0.182913918,-0.257902633,-0.32542345,-0.3852081,-0.436775183,-0.47968455,-0.514110767,-0.541083467,-0.5621757,-0.578673067,-0.5914148,-0.6009055,-0.60759245,-0.612146917,-0.615029417,-0.616752867,-0.617718083,-0.618152433,-0.61831735,-0.618423033,-0.618533817,-0.618774567,-0.61910585,-0.619493117,-0.619897433,-0.620284233,-0.620579367,-0.620652883,-0.62044945,-0.619860133,-0.618825817,-0.617272933,-0.615136867,-0.61213995,-0.60787665,-0.602163283,-0.59554835,-0.5891664,-0.583977783,-0.580060483,-0.576973133,-0.574323717,-0.571832867,-0.569469633,-0.5670824,-0.564612433,-0.562079633,-0.559363183,-0.556317383,-0.55295685,-0.5491536,-0.54482705,-0.540091933,-0.535218667,-0.530327783,-0.52578045,-0.521562467,-0.517678417,-0.51406025,-0.5104516,-0.50642795,-0.501580733,-0.495355167,-0.487040983,-0.476102483,-0.462226417,-0.445380533,-0.425819517,-0.404036183,-0.380222083,-0.354195117,-0.325557867,-0.293779733,-0.25973785,-0.2260488,-0.196591667,-0.174307567,-0.159281617,-0.1497195,-0.14384745,-0.140497883,-0.139247267,-0.139807733,-0.1422709,-0.146328533,-0.151829733,-0.158493317,-0.166274217,-0.174819433,-0.184506417,-0.1950602,-0.206600633,-0.21862645,-0.231347267,-0.2441007,-0.256953817,-0.26961705,-0.282173117,-0.294173517,-0.305779633,-0.3165844,-0.3267628,-0.33552265,-0.34354615,-0.3500072,-0.3548307,-0.358448283,-0.360879017,-0.361444467,-0.360680167,-0.35791565,-0.3557596,-0.35035245,-0.3443759,-0.336467417,-0.327831117,-0.318660167,-0.307591117,-0.295400283,-0.285038417,-0.27229895,-0.258857683,-0.2458715,-0.2319826,-0.217105083,-0.202166183,-0.183150233,-0.163775917,-0.14049345,-0.116240422,-0.088973263,-0.063057445,-0.03749887,4.133333
67,-0.111895753,-0.119050682,-0.120812592,-0.125427222,-0.126983463,-0.131510975,-0.134118053,-0.138447755,-0.139825772,-0.144477617,-0.148107413,-0.151926083,-0.1540133,-0.158012783,-0.159670517,-0.165487917,-0.1680864,-0.1745308,-0.18117165,-0.187902183,-0.192235683,-0.198228117,-0.2015923,-0.204831517,-0.208159067,-0.210883667,-0.210996583,-0.210891067,-0.2078079,-0.203320967,-0.195459217,-0.18572595,-0.1755483,-0.164648967,-0.1550564,-0.1484903,-0.14593335,-0.147399417,-0.153341983,-0.162534467,-0.171467317,-0.177957783,-0.17979555,-0.175856317,-0.166259867,-0.15255205,-0.136190693,-0.11836883,-0.09931264,-0.077761942,-0.052473371,-0.022609836,0.011671218,0.050081877500000004,0.091099816,0.131991685,0.17078203000000003,0.20619295,0.23812650000000002,0.26653076666666664,0.29130490000000003,0.31371649999999995,0.33423273333333325,0.3532469333333334,0.37203668333333334,0.39142189999999993,0.4118127333333333,0.4328385833333333,0.4537140333333333,0.4731897333333334,0.4901743666666667,0.50444115,0.5175312166666668,0.5322635000000001,0.5514490166666667,0.5765037166666666,0.6044671666666667,0.6315749500000001,0.6544913,0.6726950999999999,0.6889789,0.7056498666666666,0.7219767833333334,0.7354705166666666,0.74260365,0.7414577333333333,0.7304665166666666,0.7080386333333335,0.6705352333333333,0.6127087833333333,0.5303389333333334,0.42600725000000006,0.30974071666666664,0.19304020000000002,0.083831317,-0.014804131,-0.102726747,-0.180753167,-0.249507283,-0.309191683,-0.359826517,-0.401327233,-0.434255017,-0.459779667,-0.479525917,-0.49478115,-0.506317617,-0.514797583,-0.520720217,-0.524614017,-0.52702825,-0.52842855,-0.529186817,-0.529440583,-0.52945065,-0.529437967,-0.5294514,-0.529543967,-0.529725333,-0.5299797,-0.530294133,-0.530582017,-0.53075075,-0.530808167,-0.5306751,-0.530281567,-0.529478733,-0.528311633,-0.526684233,-0.524492233,-0.521274333,-0.516964667,-0.511925517,-0.507045183,-0.503062633,-0.500075117,-0.497736617,-0.4957002,-0.493831267,-0.491942917,-0.490067533,-0.488165867,-0.4861415,-0.484004533,-0.481653617,-0.4790399,-0.476072817,-0.472690667,-0.468936333,-0.465044333,-0.46118195,-0.457649733,-0.454457117,-0.451727733,-0.449325617,-0.447046167,-0.44457015,-0.441527283,-0.437479017,-0.431957933,-0.42449715,-0.4148499,-0.403030483,-0.389286183,-0.373938,-0.357108783,-0.338677383,-0.318226517,-0.29536315,-0.270658683,-0.245887033,-0.224103367,-0.2074986,-0.19616645,-0.188841267,-0.18419765,-0.181463233,-0.180146983,-0.1803526,-0.181884733,-0.1847003,-0.18862255,-0.193274017,-0.198760667,-0.204960633,-0.211977017,-0.219748433,-0.228092517,-0.236921617,-0.2461934,-0.255510333,-0.264846917,-0.2740197,-0.283010933,-0.291551033,-0.299889383,-0.307437583,-0.31462505,-0.32077525,-0.326298183,-0.330468317,-0.334001933,-0.335933367,-0.337331083,-0.336774567,-0.3364092,-0.3338985,-0.331512183,-0.32766795,-0.322734983,-0.317325767,-0.310375667,-0.302686417,-0.295878033,-0.28670505,-0.278619817,-0.26868795,-0.25814395,-0.249282733,-0.237996167,-0.2280262,-0.215814933,-0.201025583,-0.18610215,-0.166970533,-0.148370317,-0.124132335,-0.096300845,-0.069266672,3.066667
68,-0.085805575,-0.090308153,-0.095495142,-0.102825623,-0.105980737,-0.108458868,-0.110623957,-0.115565193,-0.118870188,-0.123563895,-0.12689161,-0.131424437,-0.13541345,-0.138325367,-0.141772683,-0.146514367,-0.148482317,-0.156598833,-0.162047333,-0.168283733,-0.174107583,-0.177163167,-0.180958133,-0.186259517,-0.187595317,-0.190752233,-0.189593533,-0.189485133,-0.185305983,-0.180375667,-0.1730017,-0.161657267,-0.149930117,-0.13729622,-0.125243088,-0.114522267,-0.105943583,-0.102093335,-0.101922297,-0.10465091,-0.108832153,-0.111300648,-0.110184285,-0.10385942,-0.09286484,-0.07780717,-0.060215543,-0.041622913,-0.021537825,0.000827853,0.026605271666666666,0.056977948333333334,0.09163658,0.13029166,0.17110599166666665,0.21116524999999997,0.24881230000000001,0.28299891666666666,0.3136809,0.3410474833333333,0.36463236666666665,0.3862902666666667,0.4059652833333333,0.4243109333333333,0.4423991666666667,0.4608357666666667,0.4802178166666667,0.4999518333333333,0.5192989166666667,0.53738805,0.5530292833333333,0.5663086666666667,0.5788022666666667,0.5924494,0.6095487166666668,0.6313566,0.6554134333333334,0.6785765333333332,0.6981127833333334,0.7139533166666667,0.7284160666666666,0.7431796833333334,0.75737205,0.7685060833333334,0.7736963666666666,0.7710709666666666,0.7594121166666666,0.7379473999999999,0.7043324333333333,0.6548520333333333,0.5844694833333334,0.49186246666666666,0.38281798333333333,0.2675239166666667,0.15479368500000001,0.04949817,-0.046896236,-0.134339073,-0.2127915,-0.282052117,-0.34170725,-0.39139495,-0.431461283,-0.46306745,-0.4877689,-0.506943133,-0.5215522,-0.53234545,-0.539999633,-0.54514215,-0.548463667,-0.550513517,-0.551701933,-0.55229665,-0.552519317,-0.552637217,-0.552777733,-0.552946867,-0.553170533,-0.553483933,-0.553819367,-0.554154433,-0.554379267,-0.554476917,-0.554357267,-0.553971033,-0.55322515,-0.552117817,-0.550559367,-0.548327,-0.545151433,-0.54085595,-0.535848283,-0.531005983,-0.527028883,-0.5240251,-0.52169865,-0.519661017,-0.517757567,-0.5158458,-0.513936367,-0.512013617,-0.509998717,-0.50779055,-0.505410167,-0.50277215,-0.499799,-0.496367033,-0.492539117,-0.488628267,-0.484724133,-0.481156933,-0.47796415,-0.475172083,-0.472741967,-0.470406733,-0.467878033,-0.464768733,-0.4606796,-0.455036533,-0.447379417,-0.4375466,-0.425468767,-0.4113935,-0.395583367,-0.378175133,-0.359064283,-0.337954017,-0.314242917,-0.28850075,-0.262706067,-0.240073083,-0.222750583,-0.210913667,-0.203214483,-0.198419,-0.1954746,-0.194091967,-0.19416685,-0.195697717,-0.198531,-0.20256295,-0.20733785,-0.2130199,-0.219363467,-0.226618033,-0.234609283,-0.243245,-0.25243915,-0.262011067,-0.271703933,-0.28141915,-0.2907776,-0.300044067,-0.30897685,-0.317534367,-0.325225283,-0.33288645,-0.339276867,-0.344667933,-0.349201817,-0.35261175,-0.3546151,-0.35538085,-0.35519915,-0.354402567,-0.3523823,-0.3489122,-0.345247517,-0.339705833,-0.3334492,-0.3268538,-0.318593067,-0.3100225,-0.30060285,-0.291224767,-0.280796867,-0.270076617,-0.258373483,-0.247210867,-0.233850283,-0.220940517,-0.2052428,-0.18824185,-0.1671422,-0.144365355,-0.114875882,-0.085896417,-0.052920984,3.133333
69,-0.117826107,-0.126007617,-0.12419597,-0.12856565,-0.1284886,-0.128590483,-0.131389583,-0.130275733,-0.131857183,-0.134855567,-0.136176967,-0.137968867,-0.139227733,-0.140547117,-0.143784267,-0.146335233,-0.147980183,-0.152297217,-0.155600967,-0.1597268,-0.163846483,-0.16601965,-0.168534367,-0.169916017,-0.171320067,-0.1697168,-0.16996165,-0.165427217,-0.158259017,-0.149652268,-0.138720312,-0.124864085,-0.108686295,-0.092518767,-0.076094358,-0.061871914,-0.051002196,-0.044541843,-0.04287629,-0.04473664,-0.048041424,-0.049976242,-0.048378783,-0.041391848,-0.029652672,-0.014019175,0.004246705,0.023564258833333337,0.044118193,0.066766657,0.093234342,0.12418734499999999,0.15968801000000002,0.19936186166666667,0.24111521666666666,0.2822030833333333,0.32062885,0.35580534999999996,0.38718995,0.4151921333333333,0.4392874,0.46178475,0.48188169999999997,0.50065435,0.5188829666666667,0.5375281833333333,0.5570356666666667,0.5773494833333334,0.5968916833333333,0.6153539833333334,0.6315580666666666,0.6451785666666666,0.6581274500000001,0.6724602333333335,0.6910680833333332,0.7142765,0.73965365,0.7639446333333333,0.7838325333333334,0.7993844166666667,0.812861,0.8265378666666666,0.8392722499999999,0.8487190499999998,0.8516964333333332,0.8468161833333333,0.8325884333333332,0.8088565333333335,0.77308275,0.7213642833333332,0.6479434999999999,0.5514742833333334,0.4383002,0.319209,0.2032931166666667,0.095391921,-0.003208243,-0.092538313,-0.1726946,-0.243486467,-0.3045321,-0.355551967,-0.396818067,-0.42949345,-0.455093367,-0.475009817,-0.490166917,-0.501379083,-0.509341867,-0.514743033,-0.51827175,-0.520480517,-0.521752117,-0.522428517,-0.522726033,-0.522894433,-0.523013767,-0.523225533,-0.52346175,-0.523728917,-0.524072333,-0.52435545,-0.524555633,-0.52463095,-0.524533717,-0.524170633,-0.523464883,-0.52240295,-0.520917317,-0.518870267,-0.515902133,-0.5119085,-0.507259783,-0.502777617,-0.499074267,-0.496302983,-0.49412935,-0.492288517,-0.490513417,-0.488750967,-0.486994417,-0.485204967,-0.483335983,-0.481303883,-0.479100983,-0.476632,-0.473828367,-0.470660367,-0.46704155,-0.463334267,-0.459667733,-0.456330483,-0.453355033,-0.4508281,-0.4486167,-0.446534883,-0.444228317,-0.44149295,-0.437785,-0.432633617,-0.425591333,-0.416503283,-0.405333467,-0.392268433,-0.377567833,-0.3614207,-0.343622617,-0.323793867,-0.301520533,-0.277244517,-0.25287045,-0.2314454,-0.214984983,-0.203762667,-0.19651645,-0.191883333,-0.189125167,-0.1878876,-0.18810455,-0.189626717,-0.192403433,-0.1962658,-0.200893967,-0.206418,-0.2125084,-0.2194267,-0.2271781,-0.235498433,-0.2441809,-0.2533575,-0.262399967,-0.2716657,-0.280756933,-0.289684617,-0.297951367,-0.306105367,-0.3135447,-0.320691083,-0.3268833,-0.332263433,-0.336325667,-0.33983065,-0.342062817,-0.34295385,-0.342556833,-0.342231733,-0.340271817,-0.3382768,-0.333799217,-0.329877433,-0.3239176,-0.318504883,-0.3107585,-0.303124467,-0.295614617,-0.28738225,-0.278772633,-0.269908233,-0.258311717,-0.250019467,-0.23908655,-0.226981517,-0.212711167,-0.197898533,-0.17883175,-0.156582983,-0.130477783,-0.102656077,-0.067252155,3.033333
70,-0.134256933,-0.140521317,-0.1408062,-0.1453841,-0.14571335,-0.14591,-0.150689933,-0.15156755,-0.15365625,-0.156518433,-0.155747617,-0.162598167,-0.162878817,-0.16575145,-0.166933483,-0.169844517,-0.174233933,-0.179517917,-0.184581917,-0.192375367,-0.197749933,-0.2027202,-0.2058309,-0.20772075,-0.210569083,-0.210664433,-0.21187,-0.211150283,-0.206166733,-0.202401517,-0.194585367,-0.18562965,-0.17526935,-0.165715383,-0.157502483,-0.150063962,-0.146489837,-0.146440655,-0.149424382,-0.154886972,-0.160041188,-0.162551762,-0.160720728,-0.153670638,-0.141712172,-0.126000432,-0.108393713,-0.089454862,-0.069360882,-0.047233198,-0.021655433,0.007763908,0.04133765,0.078610007,0.11791437666666665,0.15696220000000002,0.193775685,0.22745035,0.2579079,0.2851072333333333,0.30898138333333336,0.3307516,0.3504562500000001,0.36898036666666667,0.3869428833333333,0.40559838333333337,0.42511129999999997,0.4453843833333333,0.4651678166666666,0.4838534833333333,0.5000120666666666,0.5139085666666666,0.5266967333333333,0.5411901166666667,0.56023835,0.5848364833333334,0.6126199166666667,0.6391478833333334,0.6617680333333333,0.6799284500000001,0.6963571000000001,0.71362205,0.7311206333333332,0.7458379,0.7536537000000001,0.7525169833333334,0.7403727,0.71554985,0.6749640833333332,0.6152130000000001,0.5338631166666667,0.43353898333333335,0.32200731666666665,0.20896023333333333,0.101451675,0.002949096,-0.08595246,-0.165610752,-0.236244033,-0.297948633,-0.350439233,-0.393622983,-0.427964083,-0.454675067,-0.4753858,-0.491467883,-0.503698683,-0.512705933,-0.51905725,-0.523288533,-0.525967417,-0.5276093,-0.52848815,-0.528893967,-0.529056033,-0.5291653,-0.529301217,-0.529547167,-0.529868,-0.53026305,-0.530729417,-0.531142367,-0.531488183,-0.531698967,-0.531664017,-0.531298467,-0.530560433,-0.529400317,-0.5277716,-0.525437017,-0.522055167,-0.517488217,-0.512155567,-0.507021517,-0.502837533,-0.4997516,-0.4973208,-0.495272917,-0.493354633,-0.4914742,-0.48956875,-0.487635033,-0.485641183,-0.483494467,-0.481098,-0.478462533,-0.475469667,-0.472039167,-0.468215217,-0.464224567,-0.460352383,-0.456777767,-0.453545,-0.4507425,-0.448292133,-0.445948817,-0.443370467,-0.440226883,-0.436074367,-0.430474933,-0.422884483,-0.413142733,-0.401277717,-0.387528483,-0.37228275,-0.355623167,-0.337460217,-0.317484467,-0.295199067,-0.271152917,-0.24722485,-0.226297367,-0.210260483,-0.199382817,-0.192373883,-0.18801305,-0.185384517,-0.1841478,-0.184279567,-0.185757367,-0.18854065,-0.1922394,-0.196834917,-0.20220525,-0.20816075,-0.214867067,-0.222336433,-0.2304537,-0.239135883,-0.248118333,-0.257142133,-0.266364483,-0.275287533,-0.28404975,-0.292580767,-0.300737783,-0.308107033,-0.315420033,-0.3216075,-0.327085867,-0.331371733,-0.334955917,-0.336973517,-0.33861605,-0.33847985,-0.33834705,-0.3366186,-0.333356667,-0.330242483,-0.32561735,-0.32012375,-0.3143676,-0.3072582,-0.299926717,-0.292034967,-0.283007317,-0.27411365,-0.26426015,-0.25524655,-0.245834733,-0.23524695,-0.223584367,-0.2102214,-0.196726017,-0.178336267,-0.1581558,-0.13548975,-0.107526575,-0.080804638,3.366667
71,-0.127758467,-0.131726,-0.133963883,-0.134324217,-0.136627,-0.13635055,-0.134968717,-0.13905135,-0.140814317,-0.143186933,-0.14380705,-0.14541935,-0.148517133,-0.150374267,-0.15443935,-0.156462233,-0.159966383,-0.1650356,-0.168153467,-0.174527733,-0.179409467,-0.183307417,-0.186008833,-0.188047317,-0.189579917,-0.190646733,-0.190247183,-0.18940415,-0.183267133,-0.1777459,-0.168716067,-0.158157183,-0.14594964,-0.134251502,-0.12359384,-0.115596162,-0.11133007,-0.111064767,-0.114835595,-0.121933393,-0.12930766,-0.134127122,-0.134172292,-0.128601953,-0.117727929,-0.102886647,-0.085580512,-0.067095383,-0.047293138,-0.025514688,0.000134727,0.030083916000000002,0.064594913,0.10316636,0.14405538999999998,0.18457743333333335,0.22288408333333332,0.25770928333333337,0.28926148333333335,0.31753133333333333,0.3420947833333334,0.36469759999999996,0.38500616666666665,0.40403790000000006,0.4224011833333334,0.4413019333333333,0.46111953333333333,0.48147293333333335,0.5013545166666667,0.5201907666666666,0.5366424,0.5506616166666666,0.5636199833333333,0.5785202333333334,0.59800295,0.6231209999999999,0.65092445,0.6772300333333333,0.6989990166666668,0.7159078500000001,0.73060775,0.7455163666666667,0.7598112333333332,0.7705139333333334,0.7746014666666667,0.7699517,0.7553456666666666,0.7301809166666667,0.6920036333333334,0.6363484333333334,0.5586850666666666,0.4597945833333333,0.3477335833333333,0.23321218333333335,0.12414117499999999,0.024129074500000004,-0.066315428,-0.147634173,-0.220164867,-0.28386015,-0.33851945,-0.383954533,-0.4204611,-0.449146817,-0.471553517,-0.48891845,-0.502048117,-0.5117318,-0.518508317,-0.5230224,-0.5258681,-0.527564567,-0.52842095,-0.528791333,-0.528854133,-0.528828017,-0.528853433,-0.52897015,-0.52914735,-0.529387933,-0.5296727,-0.529909683,-0.530115917,-0.530188233,-0.530029083,-0.529596433,-0.528834133,-0.5277051,-0.526196217,-0.524050017,-0.5209813,-0.5168772,-0.512073467,-0.507445717,-0.50365315,-0.500806717,-0.498584167,-0.4966422,-0.494832567,-0.4929974,-0.49116315,-0.4893256,-0.487360483,-0.485295883,-0.482976067,-0.480452267,-0.477578483,-0.4742834,-0.47064665,-0.466804967,-0.463085517,-0.459669817,-0.456577067,-0.45397455,-0.451669667,-0.449540317,-0.44711675,-0.44425785,-0.440389867,-0.435103133,-0.4279787,-0.418713167,-0.407405133,-0.394222183,-0.37948815,-0.363322483,-0.345593,-0.32583475,-0.303728367,-0.27971695,-0.255728533,-0.234634633,-0.218468117,-0.207561283,-0.200360717,-0.195868533,-0.1931695,-0.191802567,-0.191914967,-0.1933148,-0.196040267,-0.19979105,-0.204259533,-0.20953725,-0.215540567,-0.222255267,-0.229700683,-0.237823233,-0.246509217,-0.255333233,-0.264374133,-0.273641883,-0.282370783,-0.291167883,-0.29939425,-0.30753135,-0.314998917,-0.321937917,-0.328194383,-0.3334539,-0.3378139,-0.341196567,-0.343159467,-0.344124133,-0.344301133,-0.343654133,-0.341931583,-0.339559667,-0.33603065,-0.330795067,-0.32591655,-0.319656683,-0.312712433,-0.304837117,-0.297293533,-0.288632433,-0.279847767,-0.270871633,-0.260959633,-0.251266517,-0.24059015,-0.229444783,-0.215320517,-0.20007225,-0.18230755,-0.159584783,-0.136878483,-0.107833232,-0.080072793,3.2
72,-0.13331225,-0.139125517,-0.141161783,-0.14095055,-0.147273383,-0.143934733,-0.14843125,-0.150824067,-0.150307633,-0.15549795,-0.155299633,-0.1597811,-0.16043385,-0.161886167,-0.167331967,-0.169951867,-0.174948067,-0.179201117,-0.18525965,-0.193014333,-0.196559033,-0.2022463,-0.206909067,-0.206406483,-0.2102176,-0.210534667,-0.2125086,-0.211546633,-0.20734775,-0.203738417,-0.195603067,-0.186647333,-0.176977317,-0.1667993,-0.15941645,-0.153525217,-0.15056645,-0.151957233,-0.156004517,-0.16257565,-0.168391783,-0.1711899,-0.169731217,-0.162383968,-0.150669563,-0.135112692,-0.117446672,-0.09889123,-0.079032192,-0.057221982,-0.031964702,-0.00294814,0.030216797233333332,0.067109687,0.10608623833333332,0.14504889333333335,0.18188982666666667,0.21554565,0.24624151666666663,0.27349945000000003,0.29736678333333333,0.31917283333333335,0.33879940000000003,0.3574651166666667,0.37558386666666665,0.39460195000000003,0.4147136166666667,0.43531205,0.4558673,0.47502701666666663,0.49171205,0.5060375333333333,0.51868245,0.5336252166666667,0.5533313833333333,0.5787815333333333,0.6076279,0.6356804333333334,0.6595625833333334,0.6790197166666667,0.6966051833333333,0.7154255666666667,0.7339002833333333,0.7497156666666666,0.7587729333333334,0.7583156833333332,0.7470783499999999,0.7221392999999999,0.6802509333333333,0.6172742,0.5311723333333334,0.42655215,0.31273538333333334,0.1998297,0.094275668,-0.001345924,-0.086804577,-0.162872583,-0.230018117,-0.2883874,-0.337941917,-0.37863245,-0.41089325,-0.435924617,-0.4553086,-0.470367417,-0.481620267,-0.48955715,-0.49506105,-0.49871105,-0.50110365,-0.5026576,-0.503621533,-0.50410095,-0.504370267,-0.50461445,-0.504893583,-0.505198733,-0.505693767,-0.506252133,-0.50693605,-0.507436467,-0.507770417,-0.507993833,-0.507950383,-0.507613117,-0.506909833,-0.505781433,-0.504284583,-0.502086117,-0.498980217,-0.494688383,-0.489690617,-0.4848588,-0.480939083,-0.47806225,-0.475786083,-0.473849433,-0.4720497,-0.470216783,-0.46836965,-0.466569633,-0.464622883,-0.462526983,-0.460238433,-0.457731167,-0.454842567,-0.451503367,-0.447818967,-0.443988183,-0.4402377,-0.4367656,-0.4336844,-0.43107445,-0.42878985,-0.42662335,-0.424230483,-0.42126165,-0.417406567,-0.412158017,-0.4049662,-0.395617433,-0.38424145,-0.371095717,-0.356409867,-0.340307333,-0.322813917,-0.303344733,-0.28169625,-0.2582622,-0.234894133,-0.2145304,-0.198871133,-0.188288467,-0.181424267,-0.177145583,-0.174537483,-0.1732102,-0.173409067,-0.1747515,-0.177409067,-0.181120467,-0.185490233,-0.19069225,-0.1963882,-0.2029723,-0.2103809,-0.21833415,-0.226842533,-0.235633,-0.24446925,-0.25350265,-0.26228535,-0.270942317,-0.2790927,-0.287062017,-0.29464065,-0.301654267,-0.3078206,-0.3134433,-0.317549417,-0.3211651,-0.323097967,-0.324686283,-0.324664633,-0.324803717,-0.323330583,-0.320660983,-0.317427333,-0.313195733,-0.30688895,-0.302539717,-0.2949268,-0.28713285,-0.279945483,-0.272176667,-0.264753,-0.255026033,-0.246058467,-0.237895217,-0.225454683,-0.2170495,-0.202892117,-0.1879873,-0.1737105,-0.1514134,-0.128244467,-0.10582015,-0.077775998,3.333333
73,-0.100931905,-0.1056669,-0.108495382,-0.112354325,-0.115265497,-0.1169594,-0.116763468,-0.124646258,-0.126433755,-0.129997395,-0.134391667,-0.136118667,-0.139339983,-0.141918367,-0.144655667,-0.14876025,-0.152433367,-0.15747805,-0.164487433,-0.170197367,-0.1743557,-0.179320983,-0.1824567,-0.185067983,-0.187139967,-0.188031783,-0.187505283,-0.187731167,-0.183940067,-0.177381117,-0.17040265,-0.160026533,-0.148922317,-0.137611018,-0.1271963,-0.118729642,-0.114211935,-0.113022803,-0.115468178,-0.120261387,-0.125295478,-0.128439462,-0.127080777,-0.120655377,-0.109358888,-0.094079307,-0.07678089,-0.058261173,-0.038691512,-0.016887155,0.008435563,0.037794654999999996,0.071616182,0.10915453833333334,0.14892431,0.18814264,0.22486851333333333,0.25840308333333334,0.28862551666666664,0.3156939833333333,0.33913866666666664,0.36096463333333334,0.3807151166666667,0.3992435333333333,0.4171839166666667,0.43566371666666664,0.45500155,0.47481345,0.4943228333333333,0.51265215,0.5286338166666666,0.5422771000000001,0.5550358000000001,0.56955125,0.5882731333333333,0.6119293666666666,0.6384452500000001,0.66433485,0.6861975666666665,0.7037630500000001,0.7198390333333333,0.7367208666666668,0.7536251166666667,0.7679407666666668,0.7760637333333333,0.7761585499999999,0.7659963833333333,0.7439814666666668,0.7064260500000001,0.6490469833333333,0.5687831833333333,0.4682068666666666,0.3555181666666667,0.24083108333333333,0.13159518,0.031449976666666664,-0.058922727,-0.139900662,-0.211719883,-0.274398983,-0.327724183,-0.371624767,-0.406509233,-0.4336848,-0.454743767,-0.471139967,-0.48362185,-0.492900467,-0.499494583,-0.503947883,-0.506859067,-0.508706667,-0.509790933,-0.510359933,-0.510638933,-0.510921467,-0.51114975,-0.51147095,-0.5118698,-0.512333533,-0.5128697,-0.5133303,-0.513742567,-0.514007983,-0.514024133,-0.513731867,-0.5130611,-0.511964217,-0.510432567,-0.5081664,-0.504925917,-0.50049025,-0.495281083,-0.4902759,-0.48619235,-0.483181683,-0.480818133,-0.478796383,-0.476895033,-0.474991617,-0.47310005,-0.471194517,-0.469159067,-0.467037133,-0.464660983,-0.46205535,-0.459063083,-0.455655867,-0.4518609,-0.447868267,-0.444002733,-0.440410333,-0.437239633,-0.434540267,-0.4321479,-0.429871533,-0.427367017,-0.424292467,-0.420213367,-0.41469665,-0.407149167,-0.3973818,-0.38543575,-0.37168115,-0.356325183,-0.3394511,-0.321123133,-0.300816917,-0.27825265,-0.25376395,-0.2294769,-0.2082532,-0.192159133,-0.181167467,-0.1741165,-0.169587383,-0.166918283,-0.165588067,-0.16582225,-0.167355283,-0.169985633,-0.173871983,-0.178457133,-0.183746733,-0.189756117,-0.19665325,-0.204193683,-0.21245405,-0.221325867,-0.230520133,-0.239766633,-0.248955617,-0.258271833,-0.267263883,-0.27583955,-0.284193767,-0.291948167,-0.299328833,-0.30585395,-0.311241783,-0.315901783,-0.319493467,-0.322223983,-0.3231089,-0.323403467,-0.3228963,-0.320912283,-0.318246233,-0.3145421,-0.310385617,-0.304698483,-0.298764367,-0.290823267,-0.283422033,-0.27453235,-0.266454983,-0.2557123,-0.247055383,-0.2368504,-0.228182133,-0.213552533,-0.20358505,-0.190388267,-0.174451567,-0.155151617,-0.133657283,-0.11102741,-0.081532742,-0.05368953,3.166667
74,-0.035687237,-0.042719515,-0.051415113,-0.05888975,-0.06098601,-0.065184502,-0.067793917,-0.077494255,-0.082511622,-0.090667138,-0.09542805,-0.100658785,-0.10519519,-0.109601777,-0.11367892,-0.119197235,-0.123955423,-0.132128153,-0.137738833,-0.145228567,-0.152435267,-0.157114267,-0.162514617,-0.166197167,-0.16989205,-0.172522183,-0.1737789,-0.17591385,-0.173165167,-0.169477167,-0.163995817,-0.1561883,-0.148534567,-0.139263933,-0.132706372,-0.128912463,-0.127912402,-0.131942567,-0.139540323,-0.14954855,-0.160289127,-0.167502415,-0.16982278,-0.16627206,-0.156769102,-0.143135755,-0.126718798,-0.109026372,-0.089810993,-0.068137415,-0.042748057,-0.012674008,0.021987353333333334,0.060908743,0.10249195333333333,0.14375436833333333,0.18291328333333334,0.21873489999999998,0.25114581666666663,0.2801740166666667,0.30533,0.32850295,0.34911770000000003,0.3684245,0.3873286,0.4067039833333334,0.4272580833333333,0.4482546166666667,0.4691482166666667,0.4888155666666667,0.5056803833333333,0.5202173,0.5335647666666666,0.5489914499999999,0.5693705833333333,0.5951313833333333,0.6239642666666666,0.6514215166666667,0.67426675,0.6924049333333334,0.7085239166666666,0.7251209666666667,0.7415414166666666,0.75451785,0.7605708666666667,0.7570985499999999,0.7429288166666668,0.7167197666666666,0.6753716833333333,0.6145337833333333,0.52954465,0.4231261,0.30474275,0.18585513333333334,0.074397428,-0.026454988,-0.116392976,-0.196218167,-0.2664641,-0.327319783,-0.37883625,-0.421026883,-0.45437535,-0.48021125,-0.5001158,-0.515435133,-0.5270295,-0.535423333,-0.541249367,-0.54500225,-0.54730865,-0.548554983,-0.549125683,-0.549247,-0.549125267,-0.548993917,-0.548895383,-0.548897483,-0.549029083,-0.54921835,-0.5494372,-0.549658917,-0.549819467,-0.549845533,-0.549645633,-0.549165283,-0.548324767,-0.547072817,-0.545369067,-0.542966033,-0.539584,-0.535072667,-0.529804767,-0.524726567,-0.520581317,-0.517418967,-0.5149652,-0.51282305,-0.510821283,-0.508883833,-0.506906217,-0.504884133,-0.50274965,-0.50052715,-0.4980494,-0.495337567,-0.492274817,-0.488790333,-0.484896883,-0.480835167,-0.476892717,-0.47323955,-0.469937167,-0.467072767,-0.464504,-0.46202415,-0.45937435,-0.456076183,-0.451733267,-0.44590125,-0.437951983,-0.4278021,-0.4153686,-0.40093295,-0.384800383,-0.3671048,-0.3477356,-0.326232817,-0.302170317,-0.276131567,-0.250014567,-0.2272046,-0.209708583,-0.19781275,-0.190112633,-0.18531915,-0.18251135,-0.181146033,-0.181332283,-0.183139817,-0.186002517,-0.1901755,-0.195143417,-0.20088875,-0.207458783,-0.21465395,-0.2229031,-0.231632933,-0.24089645,-0.2505145,-0.260171867,-0.2698387,-0.279346017,-0.288606467,-0.29765465,-0.30600775,-0.313984583,-0.321328783,-0.327808217,-0.3333218,-0.337360283,-0.340679883,-0.342748283,-0.3437307,-0.343235633,-0.34182905,-0.33907815,-0.33603895,-0.33084375,-0.3261636,-0.319429033,-0.3132026,-0.30309915,-0.29454595,-0.2848393,-0.2738128,-0.262710867,-0.251919017,-0.23966965,-0.228451917,-0.21433485,-0.19868685,-0.184717933,-0.163589783,-0.14167855,-0.11909339,-0.08801087,-0.061873917,-0.027597532,2.9
75,-0.10379144,-0.111561948,-0.106945987,-0.113304162,-0.113036865,-0.112386625,-0.119109883,-0.116305047,-0.121052267,-0.124613047,-0.124682825,-0.128190783,-0.128170445,-0.1322044,-0.13129005,-0.1344068,-0.141671617,-0.141374,-0.149060017,-0.15290895,-0.156168217,-0.161293133,-0.16153085,-0.1639736,-0.165912283,-0.164542067,-0.162924233,-0.160562883,-0.1539231,-0.146944195,-0.135862752,-0.1251544,-0.111349008,-0.099245267,-0.088107608,-0.079557439,-0.076617238,-0.077971105,-0.085021314,-0.095752448,-0.10652649,-0.115414758,-0.11884409,-0.11621442,-0.107720138,-0.094533995,-0.078780515,-0.061450337,-0.042685298,-0.021198635,0.004924685,0.035768078333333335,0.07192517,0.11283148333333336,0.15655705499999997,0.20019084833333337,0.24133766666666664,0.2789935333333333,0.3129287,0.3429423333333333,0.36891386666666665,0.3925105,0.4137999666666667,0.4339415833333333,0.45337199999999994,0.47413179999999994,0.49579075,0.5184070333333333,0.5408228833333334,0.5614958,0.5796089000000001,0.5945760166666667,0.6082830666666666,0.6240184166666668,0.6446651999999999,0.6717000999999999,0.7017304666666667,0.7306286833333333,0.7547673333333332,0.7738746000000001,0.79108225,0.8083173166666665,0.8246960333333333,0.8373633166666666,0.8417982166666667,0.8364697333333333,0.8196254333333334,0.7906816166666667,0.7470717833333334,0.68298545,0.5941312999999999,0.48196008333333334,0.35702826666666665,0.23184214999999997,0.11485667,0.009582808,-0.084073406,-0.167016232,-0.239989467,-0.303301483,-0.356978583,-0.4010474,-0.436060867,-0.46329765,-0.484368633,-0.500569817,-0.51274235,-0.521625067,-0.527722633,-0.531742517,-0.5341712,-0.535521217,-0.536183867,-0.536331133,-0.5362418,-0.53610235,-0.536017517,-0.53603925,-0.5361072,-0.53627765,-0.5365087,-0.536697033,-0.536817867,-0.53681575,-0.5366196,-0.53615195,-0.5353119,-0.534141183,-0.53251155,-0.530281567,-0.527103283,-0.52285815,-0.5179138,-0.513113767,-0.5092193,-0.506250433,-0.503876717,-0.501845433,-0.499906083,-0.498018267,-0.496084483,-0.4941478,-0.492109433,-0.489920283,-0.487544967,-0.484943933,-0.4819358,-0.47852525,-0.474798967,-0.470832983,-0.467000717,-0.46344095,-0.460260667,-0.457465217,-0.455033333,-0.452696067,-0.450150367,-0.4470377,-0.4428535,-0.437250733,-0.42958785,-0.419715783,-0.407664433,-0.393573383,-0.377706933,-0.360312433,-0.3411144,-0.319788833,-0.2958294,-0.269722517,-0.243673217,-0.220700933,-0.203201633,-0.191249017,-0.18342045,-0.178621367,-0.175564367,-0.174404383,-0.174488617,-0.176060067,-0.179196117,-0.183162067,-0.188384933,-0.1941183,-0.200662983,-0.208206383,-0.216351983,-0.225342183,-0.234680533,-0.244353933,-0.254316983,-0.26396315,-0.273862267,-0.283337767,-0.292145783,-0.301181883,-0.308904733,-0.316633667,-0.323394183,-0.3287747,-0.333957933,-0.337485883,-0.339677667,-0.34116165,-0.340981483,-0.340795717,-0.338664533,-0.336015417,-0.332266933,-0.327276833,-0.322388133,-0.315333817,-0.307216567,-0.300185633,-0.2910222,-0.283869633,-0.27276595,-0.2636314,-0.2545772,-0.242062983,-0.232252917,-0.218850383,-0.203855967,-0.190573133,-0.167328167,-0.147116083,-0.119238493,-0.091894135,-0.06400045,3.2
76,-0.132461217,-0.137802983,-0.139208067,-0.141359833,-0.141220683,-0.145226367,-0.143926517,-0.1449442,-0.151247017,-0.15054645,-0.15258845,-0.157413967,-0.1575863,-0.1624284,-0.164281433,-0.16737695,-0.172383867,-0.176444617,-0.182169483,-0.186933133,-0.19210155,-0.1975639,-0.199604133,-0.203876,-0.20422825,-0.206079117,-0.20811945,-0.204862317,-0.2019959,-0.196232133,-0.1883186,-0.180356067,-0.167991633,-0.15755705,-0.148111967,-0.1410016,-0.137162933,-0.137135233,-0.140860933,-0.1477564,-0.153979383,-0.158527233,-0.157774467,-0.152191817,-0.141214987,-0.126362812,-0.109209348,-0.090604417,-0.07111298,-0.049228988,-0.023762038,0.005928727,0.040089687,0.077964919,0.11801695833333332,0.15798374666666667,0.19555576666666666,0.2300287166666667,0.26116694999999995,0.28885375,0.31341458333333333,0.33552535,0.3556363833333333,0.37435461666666664,0.3926212166666667,0.41156751666666663,0.43109775,0.45154893333333335,0.4715095166666667,0.49018006666666664,0.5065344666666667,0.5201992666666667,0.5329390666666667,0.5473787666666666,0.5663618333333333,0.5909065166666666,0.6180437833333333,0.6440661666666666,0.6657234,0.6826821166666667,0.6978593000000001,0.7130723999999998,0.7279188833333333,0.7395523,0.7442114833333333,0.7403311333333332,0.7263911666666666,0.7019519833333335,0.6644924833333333,0.6096687166666667,0.53355915,0.4369600333333333,0.32782095,0.2164378,0.11054291833333331,0.013660050166666665,-0.073769073,-0.15218835,-0.221908333,-0.282875167,-0.334971383,-0.37805205,-0.412479433,-0.43934275,-0.460207633,-0.476336917,-0.488538233,-0.497430233,-0.503596583,-0.507642233,-0.510115183,-0.511524317,-0.512229667,-0.51240445,-0.512350683,-0.51221,-0.512144417,-0.5121734,-0.512315117,-0.51252625,-0.512799017,-0.513026533,-0.513190433,-0.5131745,-0.512968317,-0.5125021,-0.511671483,-0.510511183,-0.508889033,-0.506642783,-0.503478917,-0.49922645,-0.494257983,-0.489489517,-0.485609883,-0.482674533,-0.48034325,-0.478327117,-0.4764309,-0.474559333,-0.47268575,-0.470735133,-0.468710183,-0.466550483,-0.464183883,-0.461584917,-0.458620467,-0.455248533,-0.451529517,-0.447645117,-0.443834683,-0.44032255,-0.437188133,-0.43445425,-0.43205725,-0.4298737,-0.42736915,-0.424335567,-0.4203242,-0.41477405,-0.407362183,-0.397807983,-0.386030933,-0.3724266,-0.35714975,-0.340448917,-0.3220964,-0.301723283,-0.278973483,-0.2543439,-0.2298409,-0.208343033,-0.192109467,-0.180990667,-0.1738266,-0.169395133,-0.166652833,-0.165415083,-0.1656062,-0.167033617,-0.169907017,-0.173631417,-0.178372917,-0.183780533,-0.189873683,-0.196781633,-0.204359817,-0.212757717,-0.22170015,-0.230762983,-0.2401559,-0.24942595,-0.258655233,-0.267894767,-0.276306183,-0.28482785,-0.29254585,-0.2997804,-0.306505983,-0.311923383,-0.316689517,-0.32024755,-0.322445783,-0.324776283,-0.324333333,-0.324355333,-0.32266245,-0.3203235,-0.316970817,-0.31249605,-0.307244967,-0.301035633,-0.294188633,-0.288248017,-0.279121233,-0.271845667,-0.262092017,-0.252887783,-0.24448015,-0.234507217,-0.22392445,-0.214520283,-0.199188317,-0.185404267,-0.166740617,-0.148000317,-0.126476417,-0.097463568,-0.073275308,3.1
77,-0.121191115,-0.124837283,-0.127037417,-0.127636567,-0.1286971,-0.1304204,-0.129224083,-0.131628533,-0.1302974,-0.132250433,-0.13380995,-0.136180867,-0.137538183,-0.137091183,-0.139481467,-0.143225933,-0.145612033,-0.149895983,-0.154957967,-0.159946433,-0.163167017,-0.166930567,-0.169183683,-0.171074767,-0.171956583,-0.170794983,-0.169588233,-0.166566283,-0.160282783,-0.153906467,-0.144318783,-0.132995567,-0.120523287,-0.109801787,-0.099483032,-0.09256171,-0.088797248,-0.089245532,-0.094270165,-0.101554703,-0.108486507,-0.112565292,-0.112142855,-0.106131832,-0.0946222,-0.079143568,-0.06105389,-0.041544717,-0.020893329,0.002085328,0.028788453233333334,0.059704979,0.094912107,0.13416555166666666,0.17561075,0.21647099999999997,0.2548025333333333,0.2901048333333333,0.3217392833333333,0.35005326666666664,0.37473401666666667,0.3974762333333333,0.4179680666666666,0.43716544999999996,0.4559505833333333,0.47523424999999997,0.49569015,0.51650705,0.5372145333333332,0.5564619666666667,0.5733092166666667,0.5875177666666667,0.600708,0.61591095,0.6354247833333333,0.66054845,0.6886944166666668,0.7159362166666665,0.7387960166666668,0.7570423666666667,0.7733693333333332,0.7902136999999999,0.8068875000000001,0.8198358333333334,0.8251499500000001,0.8209145666666665,0.8055272833333332,0.7781833333333333,0.7368767333333334,0.6779743666666667,0.5979832833333334,0.49857151666666666,0.3867656166666667,0.27234718333333335,0.1624204,0.060537848,-0.032470698,-0.116744827,-0.19228275,-0.258826367,-0.316048917,-0.363609817,-0.40187875,-0.431932967,-0.4553793,-0.47362125,-0.4874753,-0.497665983,-0.504863367,-0.509711417,-0.512828517,-0.514714583,-0.515786283,-0.51629055,-0.51648065,-0.5165416,-0.516643717,-0.516794217,-0.517039717,-0.517321217,-0.5176627,-0.517949417,-0.51816825,-0.5182661,-0.518147467,-0.517725783,-0.516959633,-0.515803533,-0.514199217,-0.511955583,-0.5087413,-0.50447375,-0.4994809,-0.494684117,-0.490746717,-0.487829383,-0.48552945,-0.483518217,-0.481663467,-0.4798399,-0.478003833,-0.476132917,-0.474136083,-0.472024717,-0.469728217,-0.46720325,-0.464297983,-0.460980233,-0.457326917,-0.453483417,-0.449746783,-0.446298067,-0.44323275,-0.440567567,-0.438304833,-0.43614545,-0.433769033,-0.43087325,-0.426995133,-0.421662,-0.414411667,-0.405116983,-0.393693817,-0.3804572,-0.36566205,-0.349468967,-0.331764483,-0.312054117,-0.29003605,-0.2662028,-0.24249495,-0.221609133,-0.205869483,-0.195094383,-0.18813885,-0.183804367,-0.181184967,-0.180020483,-0.180261767,-0.1816817,-0.184489883,-0.18822195,-0.192776383,-0.19812185,-0.204016,-0.210818283,-0.2183053,-0.226404967,-0.235019583,-0.243802533,-0.25307855,-0.262019633,-0.270903033,-0.27969975,-0.288038683,-0.296009767,-0.303602283,-0.310662267,-0.316728833,-0.322412017,-0.3264144,-0.330106983,-0.3323624,-0.333669933,-0.33370385,-0.3331407,-0.331466117,-0.329205683,-0.325469433,-0.321839817,-0.316497333,-0.309515833,-0.302913433,-0.29652885,-0.286794067,-0.279512083,-0.270096033,-0.26101125,-0.2526518,-0.242572633,-0.231200367,-0.221686967,-0.20649195,-0.1908382,-0.17161435,-0.152064433,-0.125846152,-0.098635553,-0.070333133,3.466667
78,-0.009640852,-0.018145748,-0.020949932,-0.0294185,-0.036050603,-0.038710601,-0.045025317,-0.051943467,-0.056391355,-0.064646977,-0.069118425,-0.074363173,-0.080006978,-0.083881115,-0.089194343,-0.09236624,-0.097917245,-0.104709317,-0.109671457,-0.118063145,-0.123015947,-0.127090783,-0.130976655,-0.133256763,-0.137395997,-0.138566315,-0.138806257,-0.137541588,-0.135442933,-0.129772313,-0.121885412,-0.112343017,-0.100433853,-0.089140632,-0.078968832,-0.071498648,-0.069818991,-0.073517881,-0.083354686,-0.097212431,-0.11215562,-0.124541943,-0.131620957,-0.131830295,-0.12567586,-0.11432882,-0.099822161,-0.083614558,-0.065855868,-0.044898343,-0.01926974,0.011692530000000001,0.048522627,0.090443125,0.13560137833333333,0.180695135,0.2231199833333333,0.2619312666666667,0.29690288333333337,0.32787268333333336,0.35471103333333337,0.37898688333333336,0.4010309166666666,0.42145541666666664,0.4413217333333334,0.46194376666666664,0.4838379333333333,0.5064959333333333,0.5285559666666666,0.549289,0.5669880166666666,0.5817001333333334,0.5952231166666667,0.6110338666666667,0.6324236666666666,0.66016825,0.6909662833333333,0.7200792833333334,0.7439989333333333,0.7621231833333333,0.7777877333333333,0.7935657666666667,0.8085174666666667,0.8197012833333334,0.8239745000000002,0.8193360833333333,0.8047210499999999,0.7781863166666666,0.7357818000000002,0.6704584166666666,0.5758673499999999,0.45464601666666665,0.32006168333333335,0.18695363333333334,0.064639993,-0.043774035,-0.138813417,-0.22205605,-0.294566483,-0.356963383,-0.409488533,-0.452361633,-0.48624825,-0.512477117,-0.53268745,-0.548190483,-0.559893617,-0.568380917,-0.574249433,-0.578056217,-0.58039735,-0.5816989,-0.582334117,-0.582508967,-0.582435817,-0.582310917,-0.582245883,-0.582294867,-0.582453783,-0.5826761,-0.582946283,-0.5832024,-0.583374417,-0.583426417,-0.58325445,-0.582854917,-0.58211,-0.580960367,-0.57939305,-0.57719695,-0.57407135,-0.569867933,-0.564919733,-0.5602092,-0.556322883,-0.553379467,-0.551018267,-0.548958083,-0.547052433,-0.545151633,-0.543207333,-0.541218733,-0.539124233,-0.5369358,-0.534496833,-0.5318128,-0.528784733,-0.5252953,-0.521450133,-0.517439383,-0.51355015,-0.509907667,-0.506653333,-0.5038549,-0.50130975,-0.4989446,-0.496314383,-0.493103733,-0.488789433,-0.482960183,-0.475045583,-0.4649318,-0.452350867,-0.437731517,-0.421224367,-0.402938517,-0.38274915,-0.360143083,-0.334620233,-0.30676365,-0.278759967,-0.25406105,-0.235087933,-0.222176383,-0.213683817,-0.2083233,-0.204998767,-0.203452267,-0.203553783,-0.205291583,-0.20835475,-0.2127293,-0.218049533,-0.224255883,-0.231334867,-0.239216583,-0.247908467,-0.257311567,-0.267198617,-0.27750415,-0.287893867,-0.29829075,-0.308355767,-0.318309567,-0.3277212,-0.336786433,-0.345202117,-0.352821117,-0.3597858,-0.365379233,-0.369848583,-0.373153683,-0.375358733,-0.375918317,-0.37572305,-0.374500333,-0.3716878,-0.368478767,-0.36312505,-0.3575482,-0.35067565,-0.343371533,-0.334386117,-0.323946233,-0.312987967,-0.302465383,-0.289790783,-0.278771567,-0.26477815,-0.251309117,-0.237077617,-0.2212461,-0.202607767,-0.183109333,-0.158216183,-0.13041415,-0.09719022,-0.061530358,-0.027786543,3.1
79,-0.053515807,-0.061220627,-0.06608495,-0.072344783,-0.075818327,-0.081959877,-0.086979583,-0.096925713,-0.100574667,-0.10725687,-0.114516957,-0.121792577,-0.124466233,-0.13207644,-0.134850697,-0.139394477,-0.14581638,-0.1533035,-0.160784467,-0.168019817,-0.175045467,-0.181260517,-0.18532695,-0.190958617,-0.1951163,-0.198572133,-0.199741883,-0.201913933,-0.2007765,-0.19818515,-0.192683333,-0.1852759,-0.175930733,-0.167590567,-0.158349467,-0.152207183,-0.14901445,-0.150365727,-0.155490967,-0.163905783,-0.172635867,-0.179010317,-0.180520067,-0.1764152,-0.166739017,-0.152872048,-0.136210665,-0.118355682,-0.099281603,-0.0774881,-0.051817828,-0.02173973,0.013086224333333335,0.052024097,0.093588385,0.13483536,0.17370215,0.20921531666666668,0.2411892833333333,0.2698019666666666,0.2944198666666667,0.31688203333333337,0.33720181666666665,0.35623811666666666,0.3748902166666667,0.39411368333333335,0.41445088333333335,0.4352135833333333,0.4556759833333333,0.4748245333333334,0.49129378333333334,0.5053939166666667,0.5182632333333334,0.5328914,0.5518335333333334,0.5759124,0.60257035,0.6278791666666667,0.64909595,0.6657925333333333,0.6809287333333334,0.69623305,0.7110917166666667,0.7227027666666667,0.7280825333333333,0.72533525,0.71334235,0.6907305666666667,0.6544298166666668,0.5993742666666667,0.5204936833333332,0.4184492,0.3020511,0.18296205,0.069918403,-0.033152513,-0.125546515,-0.20780395,-0.28033895,-0.34325985,-0.39651135,-0.4401382,-0.47457895,-0.501251183,-0.5217695,-0.53759905,-0.5495891,-0.558285567,-0.56432835,-0.568272633,-0.570711133,-0.5720451,-0.57269025,-0.572902467,-0.572867283,-0.572776167,-0.572755983,-0.572843983,-0.573078283,-0.573353633,-0.573719383,-0.574027,-0.574273017,-0.5744015,-0.57426505,-0.573834417,-0.573030167,-0.571809433,-0.570068667,-0.567632167,-0.564150333,-0.559487117,-0.554003317,-0.548763217,-0.544479483,-0.541251267,-0.538699317,-0.536438217,-0.534394467,-0.532361217,-0.53031035,-0.52817075,-0.525949533,-0.523630267,-0.5210591,-0.518194717,-0.51500385,-0.51136165,-0.5073371,-0.503114183,-0.499055367,-0.495267517,-0.491828233,-0.488873933,-0.486200867,-0.483663417,-0.480875133,-0.477481383,-0.472981233,-0.466889133,-0.4587762,-0.448316933,-0.4355378,-0.4208045,-0.40432735,-0.38627095,-0.366495517,-0.3445618,-0.320249417,-0.293778967,-0.2675758,-0.2445757,-0.227062267,-0.21511675,-0.207437767,-0.2024891,-0.1995377,-0.198086983,-0.19815035,-0.199706,-0.202563583,-0.206454933,-0.211314417,-0.2169317,-0.223420833,-0.230687967,-0.238707117,-0.247515933,-0.256818283,-0.266443217,-0.27604235,-0.286126833,-0.295674433,-0.3052903,-0.314214417,-0.323182067,-0.3310578,-0.338855033,-0.3454083,-0.350996667,-0.355659867,-0.359269383,-0.361242583,-0.362256083,-0.36210875,-0.360996267,-0.3587552,-0.355727533,-0.350431267,-0.345452183,-0.338653867,-0.330970233,-0.3229698,-0.313698617,-0.3038791,-0.292302533,-0.2826409,-0.269664633,-0.258080567,-0.246690983,-0.23240905,-0.2185567,-0.202831233,-0.180627433,-0.158348133,-0.135697483,-0.10680898,-0.076376792,-0.04466662,3.133333
80,-0.125757797,-0.132328153,-0.131383382,-0.137866147,-0.137623555,-0.139858528,-0.143821367,-0.14555295,-0.150621167,-0.154454017,-0.157306717,-0.159538033,-0.163216417,-0.1660941,-0.169346567,-0.172373033,-0.178916383,-0.183795517,-0.18907705,-0.197428,-0.20176285,-0.207258633,-0.209939867,-0.214099167,-0.218145917,-0.218543633,-0.21988375,-0.218593917,-0.216551683,-0.213570567,-0.203972383,-0.196546033,-0.185991067,-0.176528253,-0.168186267,-0.161906182,-0.159726758,-0.161449982,-0.167620437,-0.17604314,-0.184183297,-0.190070313,-0.190675977,-0.185804685,-0.175960373,-0.161727793,-0.14525241,-0.127506933,-0.10830549,-0.086905802,-0.061656138,-0.032296208,0.001435552,0.039164455,0.079346855,0.11945357499999999,0.15727355433333334,0.19203854166666667,0.22347710833333334,0.2513938,0.2758701833333333,0.2980463666666667,0.3181996333333333,0.33715555,0.35560188333333337,0.37478353333333336,0.39488266666666666,0.41552744999999996,0.43608339999999995,0.4551379166666667,0.47187686666666667,0.48582784999999995,0.49873931666666665,0.5135294333333333,0.5331377833333334,0.5584970333333333,0.5868103333333333,0.6139520833333333,0.6366219666666667,0.6544042,0.6702399666666666,0.6863368666666666,0.7019289666666667,0.71469825,0.7207362833333333,0.7184681500000001,0.7065337166666668,0.6830166833333333,0.6446823333333334,0.5857288666666667,0.5027040666666666,0.3983912,0.2827218166666667,0.16717799833333336,0.059231433333333326,-0.038025929,-0.124509558,-0.201050653,-0.26826155,-0.32644845,-0.375595267,-0.415750367,-0.447405367,-0.47188015,-0.490757917,-0.505248617,-0.516155117,-0.5240664,-0.529524417,-0.533022067,-0.535158067,-0.5363102,-0.536873467,-0.536965167,-0.53681375,-0.536720483,-0.536691217,-0.53676515,-0.53690185,-0.5371438,-0.537432167,-0.537693733,-0.5378815,-0.537970383,-0.537865483,-0.53744405,-0.536647717,-0.5354654,-0.5338751,-0.531606083,-0.528352117,-0.524019533,-0.51896425,-0.514120583,-0.510140583,-0.507134383,-0.50470505,-0.502631667,-0.5006876,-0.498780533,-0.4968609,-0.494871633,-0.492755433,-0.490580217,-0.488162567,-0.48549865,-0.482486567,-0.479050383,-0.475285833,-0.471273567,-0.467475333,-0.463821467,-0.460650333,-0.4578709,-0.455429567,-0.453116333,-0.450566067,-0.447475233,-0.44339925,-0.437862133,-0.430335033,-0.42062625,-0.408819433,-0.395089483,-0.379753467,-0.3629526,-0.344526567,-0.3241217,-0.301388683,-0.276725117,-0.252284167,-0.230807083,-0.214465767,-0.203317567,-0.195994533,-0.191380233,-0.18851975,-0.18715835,-0.18717315,-0.188581867,-0.191295483,-0.194975817,-0.19955785,-0.2049269,-0.2109644,-0.2177963,-0.225399883,-0.233705067,-0.242628233,-0.25162755,-0.260823817,-0.27023205,-0.279457983,-0.288507917,-0.297137967,-0.305472367,-0.31304275,-0.320473583,-0.327069,-0.332576817,-0.3373448,-0.340739317,-0.342954167,-0.34488,-0.344707717,-0.344007967,-0.34262305,-0.3399531,-0.336997117,-0.33217375,-0.326575167,-0.321220833,-0.3132393,-0.306268267,-0.297613567,-0.2892713,-0.279581083,-0.27059965,-0.261104317,-0.249354683,-0.2386267,-0.228858367,-0.214105983,-0.198063483,-0.180620483,-0.159979083,-0.137477333,-0.10889181,-0.085666793,3.666667
81,-0.114661917,-0.12165881,-0.125153292,-0.125336475,-0.131881558,-0.1360008,-0.139908,-0.145177367,-0.149342433,-0.154936067,-0.159729417,-0.165142733,-0.1706043,-0.1729479,-0.178406433,-0.183061683,-0.18763655,-0.195814317,-0.200342867,-0.208611083,-0.214576883,-0.221709317,-0.2277332,-0.230673817,-0.235640567,-0.238935183,-0.2408462,-0.243107367,-0.239799483,-0.23834935,-0.231498733,-0.22352975,-0.21523655,-0.203951562,-0.195698243,-0.18920451,-0.186692867,-0.189467378,-0.19682527,-0.207789555,-0.218862785,-0.22744808,-0.231308613,-0.228866458,-0.220744258,-0.208148768,-0.193005753,-0.176324363,-0.158101017,-0.137247554,-0.112264983,-0.08255511,-0.048236068,-0.009249612,0.032522197,0.074506382,0.11424156416666666,0.15068935166666667,0.18366430499999997,0.21288871166666667,0.2381293666666667,0.26106599999999996,0.28175073333333334,0.3013398,0.32046805000000006,0.34043344999999997,0.3616890833333333,0.38339243333333334,0.40517390000000003,0.4253271166666666,0.4427491333333333,0.4575175833333333,0.47076903333333325,0.4860377833333333,0.5060123833333333,0.5315384,0.56034105,0.5874681166666665,0.6101243333333333,0.6281318166666666,0.64386745,0.6599139666666666,0.6753064166666668,0.6878825000000001,0.6942787166666667,0.6924771666666666,0.6816998333333334,0.6594945999999999,0.6222380500000001,0.5636796666666667,0.47827423333333335,0.3692686166666666,0.24803328333333333,0.12795140500000002,0.017375623333333333,-0.080950719,-0.167245005,-0.242853467,-0.308644917,-0.365169283,-0.41256265,-0.451082,-0.481307517,-0.504541917,-0.5222843,-0.535871867,-0.5460103,-0.553300767,-0.558268033,-0.561371667,-0.5632124,-0.564129383,-0.564471517,-0.564412917,-0.564169767,-0.56391645,-0.5637209,-0.563649167,-0.563667333,-0.563749367,-0.563908817,-0.564020817,-0.564085117,-0.564047867,-0.563822067,-0.563306883,-0.562453567,-0.56127085,-0.559616133,-0.5573585,-0.554225017,-0.55002855,-0.5451439,-0.540425717,-0.53651345,-0.53353685,-0.531137433,-0.529034517,-0.5270469,-0.52510285,-0.523165017,-0.521129217,-0.518961917,-0.516728383,-0.51428025,-0.511617467,-0.508543433,-0.505109,-0.501265167,-0.497256017,-0.493324,-0.489755,-0.48649385,-0.483659767,-0.481159633,-0.47878085,-0.476164667,-0.4730161,-0.4688614,-0.463180633,-0.455450517,-0.445545383,-0.43342115,-0.419227017,-0.403214117,-0.38561975,-0.366166883,-0.3444514,-0.320036133,-0.293505483,-0.26689385,-0.2434938,-0.225572517,-0.213325933,-0.2053031,-0.200236633,-0.197081533,-0.195575183,-0.195733867,-0.197169317,-0.200165883,-0.204343467,-0.2092761,-0.215176133,-0.2218344,-0.229311983,-0.23755855,-0.246449,-0.2560672,-0.265908117,-0.2757753,-0.28568905,-0.295412733,-0.3051235,-0.314277633,-0.323100533,-0.33137645,-0.3386496,-0.345765483,-0.351270667,-0.35602305,-0.3596481,-0.361877317,-0.363389017,-0.3631855,-0.3624984,-0.361041583,-0.357795783,-0.354038733,-0.348646233,-0.342880167,-0.3368327,-0.328092283,-0.320344317,-0.31181705,-0.30151155,-0.293165617,-0.2821959,-0.271791667,-0.260563667,-0.248098217,-0.236674567,-0.219114833,-0.20548415,-0.183454433,-0.161104883,-0.14045645,-0.108851527,-0.082403472,3.7
82,-0.087923912,-0.092375038,-0.096288899,-0.100207433,-0.102691523,-0.105261652,-0.110212687,-0.116707923,-0.11696447,-0.121847358,-0.124589303,-0.129512203,-0.134830407,-0.135468927,-0.138687588,-0.143923777,-0.148601007,-0.152282667,-0.158244467,-0.163605017,-0.1697048,-0.172255683,-0.177484617,-0.178214733,-0.180705967,-0.181428983,-0.182606267,-0.1803289,-0.17719075,-0.17156495,-0.161879833,-0.15115735,-0.139665133,-0.126320908,-0.11374446,-0.10249441,-0.09456857,-0.09125956,-0.091414497,-0.094734707,-0.099066162,-0.101314048,-0.09949004,-0.092666895,-0.080710194,-0.065017108,-0.046864045,-0.027731402,-0.007476637,0.015093005933333334,0.041347679,0.072023435,0.10720668166666668,0.14637049666666668,0.18777591666666663,0.22842736666666666,0.2662731333333333,0.3008476666666667,0.33205721666666665,0.35967615000000003,0.3835023,0.4053517833333333,0.42532936666666665,0.44413254999999996,0.4622881666666667,0.48094624999999996,0.5003636166666666,0.520324,0.5398017833333333,0.5581135666666667,0.5740150833333333,0.5875903,0.60013785,0.6143619,0.6326026833333334,0.65564585,0.6811414833333332,0.7055387166666668,0.7255359666666666,0.7414140000000001,0.7555223,0.7697156666666665,0.7830332499999999,0.7930894833333332,0.7966971833333334,0.79255215,0.7793060833333333,0.7561049999999999,0.7202285666666667,0.66696905,0.5911133166666666,0.49194636666666675,0.3769314666666667,0.25717306666666667,0.14176641666666667,0.03524458,-0.06126308,-0.148037503,-0.2252147,-0.292777267,-0.350469567,-0.39820785,-0.436386133,-0.4662692,-0.48950985,-0.5075597,-0.5213061,-0.531420683,-0.538542683,-0.543347233,-0.546421233,-0.548287767,-0.549356217,-0.549878433,-0.55011385,-0.550244267,-0.550379433,-0.55062035,-0.550943367,-0.55132575,-0.55177235,-0.552172067,-0.552477117,-0.552684083,-0.552661867,-0.552302217,-0.551611167,-0.550510417,-0.548922833,-0.546633683,-0.54334665,-0.5388955,-0.533711183,-0.528726533,-0.524682433,-0.521635683,-0.519206683,-0.51711695,-0.51518575,-0.513303917,-0.51139435,-0.509393933,-0.507292167,-0.505077167,-0.50267935,-0.499961283,-0.496944017,-0.493443617,-0.489577667,-0.485513917,-0.48157055,-0.4779396,-0.474657583,-0.47181665,-0.469283167,-0.466884183,-0.464207033,-0.460981217,-0.456676967,-0.45081835,-0.442885333,-0.432728767,-0.420343167,-0.405955133,-0.389830333,-0.372185783,-0.352896983,-0.331528767,-0.3077278,-0.282016967,-0.256533167,-0.234293167,-0.217347133,-0.20583135,-0.198376083,-0.1936622,-0.1908778,-0.189590533,-0.189675483,-0.191232983,-0.194112183,-0.198117983,-0.202827933,-0.20854255,-0.214840917,-0.222005833,-0.2300354,-0.238657583,-0.247732417,-0.257330183,-0.26698665,-0.276718767,-0.2861735,-0.2957217,-0.304639433,-0.313348133,-0.321556917,-0.329061283,-0.335670067,-0.341578883,-0.346531233,-0.349825883,-0.3523127,-0.354000933,-0.353852483,-0.353508733,-0.351075,-0.348685983,-0.344094,-0.339725333,-0.333707783,-0.326936367,-0.319074217,-0.31038565,-0.301392833,-0.292193217,-0.281932217,-0.271125917,-0.260647817,-0.2503485,-0.237063417,-0.223838133,-0.20774055,-0.1925757,-0.1703062,-0.145355233,-0.118822857,-0.090139147,-0.056597197,3.3
83,-0.136186917,-0.14338505,-0.141668317,-0.146296433,-0.147025667,-0.14984665,-0.153918467,-0.154928217,-0.15782485,-0.16133605,-0.165225817,-0.16631165,-0.169962967,-0.173279517,-0.176942183,-0.179093717,-0.18564215,-0.191217767,-0.197395283,-0.204133183,-0.209410917,-0.216027133,-0.218922233,-0.222467633,-0.22556795,-0.227204433,-0.22852075,-0.228891867,-0.225464933,-0.2217846,-0.21476275,-0.207720017,-0.199013417,-0.189788317,-0.18294035,-0.177617,-0.175689433,-0.1780555,-0.183645367,-0.191682433,-0.1990974,-0.204021767,-0.204091183,-0.198454483,-0.187902133,-0.17327353,-0.156471097,-0.138474015,-0.119198163,-0.097858777,-0.072942097,-0.044117687,-0.011219774,0.025452902333333322,0.064316755,0.10326325833333334,0.13985788666666665,0.173614335,0.20430437666666668,0.23165223999999998,0.25589246666666665,0.27779780000000004,0.29749606666666667,0.3159844,0.33403713333333335,0.3526893166666667,0.37211575,0.3923277,0.4121299,0.4307589666666667,0.4470056166666667,0.4607022666666667,0.47350195,0.4885451166666667,0.5081681666666668,0.5334306833333332,0.5615142833333334,0.5884159333333333,0.6107823166666666,0.62871825,0.6446955666666666,0.6614971500000001,0.6782642166666667,0.6924214000000001,0.7003195333333333,0.6995773166666668,0.6886437666666666,0.6650954166666667,0.6257982000000001,0.5657501500000001,0.48279240000000007,0.3808804833333333,0.26964437166666666,0.15945157666666668,0.057029818,-0.035135643,-0.117097598,-0.18976525,-0.253680567,-0.30914685,-0.356148167,-0.394620917,-0.425070633,-0.448704483,-0.46695645,-0.481038017,-0.49162695,-0.49933525,-0.504645933,-0.508062617,-0.510114333,-0.51125075,-0.511752817,-0.511822767,-0.5116639,-0.5115098,-0.511465133,-0.51149665,-0.51160085,-0.511802,-0.512035883,-0.512252217,-0.512384167,-0.5124256,-0.512288833,-0.511848317,-0.511033483,-0.509864233,-0.508299983,-0.506049967,-0.5028636,-0.49868655,-0.493817233,-0.489117667,-0.485291233,-0.482390583,-0.4800673,-0.4780544,-0.476173083,-0.474347567,-0.472499383,-0.470586683,-0.4685414,-0.466407067,-0.464095017,-0.4615326,-0.458620317,-0.455329583,-0.451625483,-0.4477559,-0.444023933,-0.440569767,-0.437503517,-0.43486905,-0.432559083,-0.43039875,-0.427996633,-0.4251071,-0.421208317,-0.415886617,-0.408723583,-0.399426717,-0.388042183,-0.37485705,-0.36006455,-0.343830283,-0.326025583,-0.306214917,-0.284144367,-0.260193433,-0.2363204,-0.2153758,-0.1994915,-0.1886007,-0.181614433,-0.177173133,-0.1744528,-0.17314145,-0.17329775,-0.17467115,-0.177519433,-0.181232333,-0.1857769,-0.19113405,-0.197021833,-0.203914433,-0.211408083,-0.219496283,-0.22825115,-0.237218267,-0.246332167,-0.255364,-0.264437717,-0.273359183,-0.281780367,-0.28991245,-0.29742045,-0.3044927,-0.311055417,-0.316560967,-0.3210343,-0.3244376,-0.3268146,-0.3287644,-0.328928867,-0.328343983,-0.3272046,-0.324810017,-0.32162345,-0.31719055,-0.312048233,-0.306323917,-0.298734683,-0.293891133,-0.284696917,-0.277162483,-0.267909217,-0.2589914,-0.251496433,-0.240666183,-0.231110567,-0.220644983,-0.207634383,-0.19335935,-0.175651783,-0.154756317,-0.13536645,-0.10951646,-0.084097708,3.133333
84,-0.080415503,-0.086042155,-0.089821669,-0.093718696,-0.09617868,-0.099963692,-0.103886455,-0.105511687,-0.108642515,-0.116039945,-0.117917553,-0.121027313,-0.125019412,-0.127403845,-0.131276635,-0.135560517,-0.138943683,-0.144128317,-0.15028805,-0.157476067,-0.1605569,-0.166449833,-0.169921583,-0.17202495,-0.173415533,-0.1752286,-0.1733861,-0.172671467,-0.169341167,-0.16351875,-0.156092967,-0.1466561,-0.136834917,-0.127289187,-0.11763556,-0.111300313,-0.108709065,-0.11011635,-0.11578136,-0.123798892,-0.132805768,-0.138427817,-0.139841648,-0.135609107,-0.125822087,-0.111972347,-0.095568698,-0.077960947,-0.059061203,-0.037515326,-0.012103069,0.017929804,0.052456550666666664,0.091357722,0.13294235333333335,0.1739837,0.21285463333333332,0.2483995333333333,0.2803344,0.30884895,0.3333297,0.3556732333333333,0.3759416,0.39497741666666664,0.41365271666666664,0.4331211666666667,0.45370805,0.4750003666666667,0.49593886666666664,0.5155200166666667,0.5325748666666666,0.5468353833333334,0.5597558333333333,0.5745651166666667,0.59422895,0.6195746833333334,0.6482117999999999,0.6758398833333333,0.6990147666666666,0.7179784166666666,0.7352692333333334,0.75344035,0.7715105166666668,0.7864142833333334,0.7942919833333333,0.79285745,0.7803471166666668,0.7549774999999999,0.7131591999999999,0.6502774666666666,0.5634754,0.45526764999999997,0.33512733333333333,0.21410228333333334,0.10018024000000002,-0.003285888,-0.095936898,-0.178432467,-0.2512077,-0.314389267,-0.367884783,-0.411728317,-0.446389233,-0.473264,-0.49401075,-0.510070917,-0.522301917,-0.531271033,-0.5375779,-0.541776283,-0.54446585,-0.546077633,-0.547022583,-0.547474333,-0.547684633,-0.5478196,-0.548026517,-0.548335483,-0.548768917,-0.549224033,-0.5497553,-0.550224067,-0.550626267,-0.55086185,-0.550887567,-0.550603683,-0.54989405,-0.548775567,-0.547158333,-0.544786867,-0.541408417,-0.536805883,-0.53146375,-0.526330767,-0.52216015,-0.519047667,-0.51658405,-0.514457033,-0.512515183,-0.510580617,-0.508654183,-0.506628117,-0.504517717,-0.502316433,-0.499876017,-0.497113933,-0.494030367,-0.4905198,-0.4866206,-0.4825423,-0.4785767,-0.474913483,-0.471591367,-0.4687582,-0.466230117,-0.463787483,-0.461146967,-0.4578489,-0.45348635,-0.447560883,-0.439545733,-0.429319467,-0.416823883,-0.402331133,-0.386154183,-0.36845615,-0.34904765,-0.327668517,-0.3038047,-0.278055267,-0.252475917,-0.230099967,-0.213184333,-0.201649717,-0.194234233,-0.18949395,-0.186700467,-0.185343833,-0.185501667,-0.187083233,-0.1899058,-0.1939238,-0.1987791,-0.20438085,-0.210860067,-0.218044667,-0.22606325,-0.234747567,-0.24403805,-0.253564217,-0.263288233,-0.27306555,-0.282601567,-0.292156617,-0.301326617,-0.31002815,-0.31823505,-0.32605495,-0.332459,-0.33883415,-0.343431133,-0.34704195,-0.349642433,-0.35135585,-0.351826867,-0.3507228,-0.348604317,-0.346315633,-0.342163683,-0.337093417,-0.331077117,-0.3246032,-0.3171621,-0.3088311,-0.299310567,-0.290266083,-0.280262367,-0.269871217,-0.259274,-0.24804645,-0.2372224,-0.2234219,-0.209070233,-0.189702783,-0.171423417,-0.147696233,-0.120375477,-0.090111667,-0.060395185,3.3
85,-0.087838162,-0.092341194,-0.096053003,-0.097894622,-0.104792447,-0.106054713,-0.11411565,-0.115741957,-0.117833533,-0.124019345,-0.128384923,-0.131777755,-0.134484918,-0.137293488,-0.141444723,-0.144550783,-0.1507349,-0.1571442,-0.16412015,-0.17065645,-0.17392355,-0.180354717,-0.183128117,-0.186619467,-0.189349767,-0.191248867,-0.191785683,-0.1913496,-0.188973983,-0.18376235,-0.175690122,-0.168730988,-0.159136085,-0.149375317,-0.142074452,-0.136622469,-0.135144863,-0.138044442,-0.143692078,-0.152413133,-0.160546645,-0.165867543,-0.166510652,-0.16137329,-0.150993915,-0.136512795,-0.11956807,-0.101781441,-0.082375103,-0.060668295,-0.035191065,-0.00538385,0.028703879,0.066967067,0.10768665166666667,0.14807769166666668,0.18624110000000002,0.22109006666666664,0.2527509333333333,0.28093856666666667,0.30534401666666666,0.32769940000000003,0.3477923166666666,0.3666961833333333,0.38530634999999996,0.4046435666666666,0.42547156666666663,0.4466542333333334,0.46757944999999995,0.48695,0.5037734500000001,0.5180911,0.5311265666666668,0.5460529833333333,0.5660341166666666,0.5916249333333333,0.6207344833333334,0.6485847166666666,0.6722209166666667,0.6914187166666667,0.7086623333333333,0.7266783333333334,0.7443688666666667,0.7589598833333332,0.7665669166666667,0.7649092166666667,0.7524443166666667,0.7272146166666666,0.68556665,0.62265315,0.5357753666666667,0.42867551666666665,0.3110306166666667,0.1937065166666667,0.083953212,-0.015374892,-0.104133562,-0.183079033,-0.252689367,-0.313114383,-0.364340117,-0.406289667,-0.439525967,-0.465268467,-0.485140367,-0.500547067,-0.51223875,-0.520780733,-0.526752067,-0.530681367,-0.53315325,-0.534596067,-0.535388967,-0.535697133,-0.535785883,-0.535815717,-0.5359181,-0.53610835,-0.536424183,-0.5367862,-0.537220767,-0.537617633,-0.537938483,-0.538101633,-0.538072083,-0.537744167,-0.536999817,-0.53588705,-0.534264983,-0.531935133,-0.528599033,-0.5241034,-0.518889433,-0.513895767,-0.509797217,-0.506747383,-0.504308517,-0.502209333,-0.5002567,-0.49832645,-0.4964283,-0.494373267,-0.492276433,-0.490086233,-0.4876375,-0.48494715,-0.481890483,-0.4784141,-0.474551733,-0.4705196,-0.466638067,-0.4629974,-0.459725633,-0.456914017,-0.4544305,-0.452044767,-0.449469417,-0.446285817,-0.4420591,-0.43628535,-0.428527083,-0.418622433,-0.406463683,-0.392480233,-0.376812933,-0.359685033,-0.341001533,-0.320260433,-0.29728405,-0.272409567,-0.24782765,-0.226408367,-0.2100747,-0.19895015,-0.191760617,-0.1872184,-0.1844298,-0.183049133,-0.183136,-0.184571667,-0.18725165,-0.191053733,-0.195556583,-0.200953567,-0.206969383,-0.213842,-0.2215672,-0.229808733,-0.238586967,-0.247888533,-0.25702315,-0.266575067,-0.275768483,-0.284732717,-0.293629933,-0.301908883,-0.309968867,-0.317195167,-0.323680017,-0.329418383,-0.3336477,-0.33771555,-0.340229633,-0.3414538,-0.341804033,-0.340765033,-0.339254,-0.336436267,-0.33213055,-0.3283791,-0.321894867,-0.315985567,-0.307684167,-0.299872317,-0.290642833,-0.281835367,-0.272670517,-0.262375083,-0.251816667,-0.24148195,-0.22973705,-0.216450983,-0.2026296,-0.185319383,-0.167162683,-0.142087767,-0.116640958,-0.088978115,-0.05966727,3.2
86,-0.114744527,-0.118688475,-0.123526675,-0.12642646,-0.128648333,-0.130425517,-0.130078817,-0.13247135,-0.134863317,-0.13832945,-0.139858967,-0.1424854,-0.145832,-0.147902333,-0.150342733,-0.153150617,-0.159151,-0.1644305,-0.16980645,-0.177174967,-0.18332645,-0.188122033,-0.190897783,-0.1942306,-0.197113817,-0.198145283,-0.1982991,-0.197703433,-0.195659917,-0.190229233,-0.184324983,-0.1765487,-0.168337317,-0.1611709,-0.154265833,-0.150372883,-0.148506388,-0.149524958,-0.153281833,-0.157986333,-0.161791333,-0.162487433,-0.15910325,-0.150434863,-0.136906865,-0.12015937,-0.101334493,-0.081436867,-0.060447221,-0.037676938,-0.011804372,0.017386787,0.050293976666666663,0.086323627,0.12419863733333332,0.16170132833333334,0.19693436,0.2293889166666667,0.25880926666666665,0.28528296666666664,0.30852620000000003,0.32988558333333334,0.3492690166666667,0.36746553333333337,0.3852791,0.40371735000000003,0.4229446333333333,0.4427099833333334,0.4621283166666667,0.48042765,0.4964605166666667,0.5099590833333333,0.5227021000000001,0.5370822000000001,0.5559276833333333,0.5802173833333333,0.6073680833333334,0.63393875,0.65617045,0.6742957500000001,0.6910351666666666,0.7084159666666667,0.7260049000000001,0.7404659166666666,0.74755805,0.7448278,0.7308196333333333,0.7044984333333333,0.6638365666666667,0.6064287666666667,0.5310291833333333,0.44043530000000003,0.3413840666666667,0.24124475,0.14547378833333335,0.056565822,-0.024983468,-0.099228292,-0.166047967,-0.2250964,-0.275965517,-0.318274033,-0.352259617,-0.3788644,-0.399501167,-0.415489367,-0.427609683,-0.436346117,-0.442403967,-0.446380733,-0.448840717,-0.450212917,-0.450833983,-0.451019167,-0.45095395,-0.450854133,-0.4507457,-0.450765217,-0.450866133,-0.451016933,-0.451224983,-0.451424967,-0.451610483,-0.451634317,-0.4514415,-0.450963967,-0.450220217,-0.449125883,-0.44755605,-0.445389,-0.4423325,-0.438265283,-0.433541767,-0.428987833,-0.425308083,-0.4225139,-0.420277717,-0.4183249,-0.416508367,-0.414734567,-0.41292175,-0.411052483,-0.409113767,-0.40704345,-0.404818333,-0.402296833,-0.399457917,-0.39628195,-0.392716867,-0.388968,-0.3853658,-0.38206915,-0.379081267,-0.376557667,-0.37443375,-0.3724068,-0.37020645,-0.367517367,-0.363838567,-0.35894075,-0.35221175,-0.343564583,-0.333045217,-0.320831483,-0.307206117,-0.292286717,-0.275951683,-0.25793115,-0.237867267,-0.2162373,-0.19480705,-0.1760518,-0.16183255,-0.152101383,-0.145810117,-0.141840585,-0.139351582,-0.138184725,-0.138266607,-0.139411128,-0.14177433,-0.145010083,-0.148931283,-0.1535213,-0.1587495,-0.164733333,-0.171389133,-0.178604733,-0.186346483,-0.19425205,-0.202512967,-0.210691867,-0.218651967,-0.226701117,-0.234247967,-0.241650317,-0.248800967,-0.25520655,-0.260898617,-0.265998183,-0.270347933,-0.273563967,-0.2758739,-0.277021467,-0.277557583,-0.277559433,-0.276221317,-0.274100167,-0.2711892,-0.266804583,-0.262774517,-0.257375083,-0.250685617,-0.244737267,-0.237436367,-0.230224433,-0.222611583,-0.214506733,-0.205627817,-0.1977642,-0.18800635,-0.178304967,-0.166971733,-0.153071067,-0.137057117,-0.117361382,-0.09740123,-0.073792943,-0.04989663,3.733333
87,-0.100856202,-0.106610152,-0.109828775,-0.112634217,-0.116089873,-0.1190387,-0.123251478,-0.128565838,-0.132810243,-0.135023252,-0.13787789,-0.143086253,-0.148139367,-0.150747483,-0.156307833,-0.159326183,-0.165805917,-0.170211033,-0.1763217,-0.181593817,-0.187782667,-0.1917633,-0.196721583,-0.198565133,-0.2025389,-0.205301083,-0.204892833,-0.205778583,-0.201097817,-0.197194583,-0.18908455,-0.179509767,-0.167799667,-0.154997,-0.142361867,-0.131388617,-0.12252027,-0.117295203,-0.116404787,-0.119044593,-0.12286068,-0.125310788,-0.123931797,-0.117810547,-0.106549985,-0.09132176,-0.073658517,-0.054932953,-0.034773152,-0.012216961,0.014049430199999999,0.044904789,0.080324188,0.11969878499999999,0.16104861666666667,0.20159081666666664,0.23941856666666664,0.27376545,0.30461455,0.3320326833333333,0.35567164999999995,0.3774345666666667,0.39718298333333335,0.4154869833333333,0.43353559999999997,0.45195618333333337,0.47104850000000004,0.4905678,0.5094889666666668,0.5272569333333333,0.5426353833333333,0.5556425666666667,0.5678057333333334,0.5811519833333333,0.5983393333333334,0.6198670000000001,0.6434127000000002,0.6654985166666666,0.68402115,0.6987433166666667,0.7119410666666667,0.7249481333333335,0.73727245,0.7465278333333334,0.7502086833333333,0.7465712833333334,0.7348285833333333,0.7144319666666666,0.6832847833333334,0.6370159833333334,0.5698941666666667,0.47927216666666667,0.37089863333333334,0.2552829833333334,0.1419334416666667,0.035864444999999995,-0.06130264,-0.149618212,-0.228864933,-0.298819883,-0.359090517,-0.40931275,-0.4497599,-0.48166185,-0.5065653,-0.525865067,-0.540492933,-0.55125745,-0.558833233,-0.56389595,-0.567102333,-0.5690337,-0.570089383,-0.570519417,-0.570602517,-0.57061685,-0.570664117,-0.570731417,-0.570865733,-0.571056267,-0.5713347,-0.5715405,-0.57166445,-0.571663367,-0.57146685,-0.570994433,-0.570136217,-0.568919233,-0.56724055,-0.564935317,-0.561662017,-0.557261833,-0.552169817,-0.547297767,-0.543287417,-0.54024855,-0.53781995,-0.535692133,-0.533670933,-0.53168265,-0.529667417,-0.527592433,-0.525446333,-0.523167683,-0.520689883,-0.517894217,-0.5147824,-0.511252283,-0.507363683,-0.503343967,-0.499365183,-0.495696033,-0.49243465,-0.4895828,-0.4870692,-0.484709333,-0.482071833,-0.4788631,-0.474616067,-0.4689157,-0.461160217,-0.4512211,-0.439054483,-0.424901383,-0.409017283,-0.391585033,-0.372376517,-0.350964483,-0.327054917,-0.301127833,-0.275183883,-0.252497533,-0.235211167,-0.223385133,-0.215649767,-0.210723367,-0.207645967,-0.206266067,-0.20625685,-0.20773125,-0.2105073,-0.214501083,-0.219371917,-0.224966083,-0.231314883,-0.238562183,-0.2466158,-0.255323783,-0.26447765,-0.274090417,-0.283807483,-0.293441667,-0.30311455,-0.312534267,-0.321501433,-0.3300762,-0.33821925,-0.345817233,-0.352493783,-0.358243683,-0.3627519,-0.366133933,-0.36870715,-0.3702093,-0.370267367,-0.36928995,-0.3672814,-0.364823833,-0.36076975,-0.3556158,-0.3498202,-0.342680017,-0.33509405,-0.327395317,-0.317134883,-0.307821933,-0.298424667,-0.2878881,-0.276804833,-0.266068083,-0.252921283,-0.24104145,-0.224373183,-0.20579535,-0.182895367,-0.161561283,-0.13295275,-0.104576428,-0.070552745,3.166667
88,-0.134843582,-0.137371388,-0.141250583,-0.143713267,-0.146250342,-0.1456668,-0.14617565,-0.150279433,-0.1508282,-0.1525929,-0.15611065,-0.15772285,-0.160106033,-0.161575233,-0.163134467,-0.1691619,-0.170862767,-0.176168333,-0.181013033,-0.1873569,-0.191136367,-0.194814783,-0.1991779,-0.20000745,-0.201603817,-0.202581167,-0.200894033,-0.200813517,-0.19626095,-0.190143967,-0.1815997,-0.171492883,-0.158816015,-0.146254363,-0.133590752,-0.123005987,-0.114926857,-0.111464755,-0.111903828,-0.115729613,-0.120414547,-0.122959045,-0.121968188,-0.115542458,-0.104048088,-0.088718632,-0.071048519,-0.052435077,-0.032492313,-0.010050825,0.015839103333333333,0.046232054999999994,0.080937047,0.11956754833333333,0.16050356666666668,0.20075643333333335,0.23848024999999998,0.2729280333333333,0.30393956666666666,0.3316728666666667,0.35549971666666663,0.3775893166666667,0.39731131666666664,0.4158760666666666,0.43406305,0.45274818333333333,0.47235850000000007,0.4924944166666667,0.5120839166666667,0.5304324166666667,0.54633215,0.5599464,0.5725839,0.5868241333333333,0.6051124,0.6280585166666667,0.6532165666666666,0.6773646333333333,0.6974411666666667,0.7136981333333333,0.72848155,0.7436602166666666,0.7583701166666666,0.7701552666666666,0.7757864833333333,0.77339415,0.7617638833333333,0.7395797833333333,0.7038965833333334,0.6503556166666665,0.5742137166666667,0.47551436666666674,0.3617804666666667,0.24393673333333332,0.13101555499999998,0.027116001833333334,-0.066745207,-0.150915935,-0.225710667,-0.2910385,-0.346802367,-0.392822917,-0.429567067,-0.458303267,-0.48062535,-0.497971533,-0.511169383,-0.520869517,-0.52769875,-0.532313667,-0.535251967,-0.537082667,-0.538133533,-0.538640567,-0.538864783,-0.538996167,-0.539167433,-0.539418067,-0.539734383,-0.540113083,-0.540520317,-0.54090905,-0.541209933,-0.541377217,-0.541327717,-0.540984833,-0.540277833,-0.539167217,-0.537574867,-0.535338467,-0.532102833,-0.527730583,-0.522665867,-0.5178196,-0.513871967,-0.510862233,-0.508515367,-0.506454117,-0.50451385,-0.502629833,-0.500700967,-0.498726217,-0.496629717,-0.494430233,-0.492042883,-0.489360933,-0.48635355,-0.482883183,-0.479040483,-0.475097967,-0.471241283,-0.467661617,-0.46445835,-0.461669883,-0.459250083,-0.45692415,-0.4543768,-0.451249517,-0.4470117,-0.44134815,-0.433640317,-0.423768317,-0.411653667,-0.397596317,-0.381858617,-0.364600783,-0.3456816,-0.32467355,-0.301226983,-0.275867817,-0.250681383,-0.228711083,-0.2120109,-0.200552467,-0.193224883,-0.18850515,-0.185658117,-0.184295067,-0.18445035,-0.185902617,-0.1885898,-0.192606967,-0.1973359,-0.202865817,-0.2091917,-0.216249333,-0.224131567,-0.232766767,-0.241919217,-0.25139095,-0.26097945,-0.270532233,-0.280180483,-0.289482167,-0.298382717,-0.307098683,-0.315237117,-0.323031933,-0.3297452,-0.335866883,-0.3405077,-0.344400967,-0.347168183,-0.3486688,-0.349302167,-0.348579217,-0.347537417,-0.344664833,-0.341029017,-0.336965483,-0.33157495,-0.325963717,-0.318075383,-0.310457017,-0.301605133,-0.29456095,-0.284946067,-0.2763281,-0.265793983,-0.257592133,-0.246209517,-0.2340081,-0.219846133,-0.203808233,-0.187286533,-0.162359333,-0.1385946,-0.110245125,-0.08215955,3.333333
89,-0.00251594,-0.013857088,-0.021918432,-0.024827224,-0.030778803,-0.039119673,-0.04304648,-0.053585843,-0.059477781,-0.066624343,-0.074229967,-0.080412022,-0.088269205,-0.094267937,-0.099167938,-0.103212997,-0.109505868,-0.117641737,-0.123075045,-0.130559755,-0.13606303,-0.14271736,-0.145529408,-0.150122408,-0.152576392,-0.154192085,-0.156608448,-0.156473417,-0.15428846,-0.151341728,-0.144590628,-0.137288222,-0.12850277,-0.119683805,-0.111270263,-0.10633733,-0.105377357,-0.109577185,-0.117977497,-0.129945273,-0.142321937,-0.15171245,-0.155934918,-0.153812138,-0.145940193,-0.133565088,-0.118056192,-0.101431815,-0.082971078,-0.061895095,-0.036284789,-0.005889455,0.029860776,0.070140907,0.11345755666666667,0.1563542316666667,0.1970067166666667,0.23417338333333335,0.2677720666666667,0.29751028333333335,0.32324805,0.3467456666666667,0.3679389833333333,0.3877628833333333,0.40728648333333334,0.4275187999999999,0.44911301666666664,0.4711170833333333,0.49278453333333333,0.5130459166666667,0.5305107166666666,0.54513585,0.55856775,0.5741459,0.5951834333333333,0.62234965,0.65254075,0.6815141666666665,0.7052415499999999,0.7243459,0.7410163333333334,0.7582630833333334,0.7752088666666667,0.7882531833333335,0.7948658833333333,0.7923849500000001,0.7793815333333334,0.7539510833333333,0.7116993833333334,0.6466864999999999,0.5542383666666667,0.43728715,0.30808213333333334,0.17996748333333334,0.061855344,-0.043353712,-0.135820225,-0.216894283,-0.287441967,-0.347959467,-0.3986925,-0.439860583,-0.472092717,-0.496856533,-0.5158434,-0.5304372,-0.541469533,-0.549508683,-0.555059483,-0.5587107,-0.560976733,-0.562277017,-0.562935267,-0.563177883,-0.56319215,-0.563207567,-0.5632578,-0.563412083,-0.56368315,-0.564048083,-0.564420417,-0.564768183,-0.565052117,-0.565186183,-0.5651077,-0.5647088,-0.563957833,-0.562785867,-0.561093867,-0.55875305,-0.55534355,-0.5507799,-0.545465333,-0.540390617,-0.536229517,-0.533103583,-0.530585767,-0.528406767,-0.526364817,-0.52437625,-0.52232045,-0.520225967,-0.51800305,-0.515731567,-0.51318065,-0.510370367,-0.507193817,-0.503564467,-0.499546883,-0.4953741,-0.491342,-0.487537233,-0.4841582,-0.481243983,-0.478590183,-0.476040833,-0.473267283,-0.469840117,-0.465336867,-0.459265067,-0.451064767,-0.440661233,-0.427832483,-0.413023183,-0.396408867,-0.3781692,-0.358168883,-0.33596725,-0.311213983,-0.284318967,-0.257686933,-0.234381267,-0.216592067,-0.204487867,-0.196511467,-0.191489317,-0.188353267,-0.186844117,-0.186835217,-0.188300483,-0.1911417,-0.195237567,-0.199990617,-0.205833917,-0.212319967,-0.219659317,-0.227893533,-0.236823017,-0.246241983,-0.256125233,-0.265932367,-0.276081,-0.28575735,-0.295435067,-0.304728433,-0.313513367,-0.321853633,-0.329403517,-0.3361192,-0.341959717,-0.346761917,-0.35026185,-0.352359467,-0.353742167,-0.353589933,-0.352237133,-0.349906717,-0.34649985,-0.342174333,-0.33661165,-0.329400567,-0.3218009,-0.312690817,-0.304009783,-0.293493283,-0.283753483,-0.271292517,-0.259972867,-0.246591267,-0.234430967,-0.220770567,-0.205205033,-0.1861415,-0.167480983,-0.142759133,-0.115252953,-0.085704168,-0.05522438,-0.019603465,3.166667
90,-0.018245942,-0.027412784,-0.032359235,-0.039592829,-0.043655411,-0.053233808,-0.060066102,-0.069359568,-0.077242095,-0.085706342,-0.09340531,-0.099082177,-0.106136755,-0.112154632,-0.11763824,-0.123510052,-0.129839337,-0.136769152,-0.144240083,-0.152593633,-0.159000933,-0.16562225,-0.16957195,-0.1754648,-0.179056733,-0.182528467,-0.184236783,-0.1856391,-0.184767017,-0.183034567,-0.176767217,-0.170276483,-0.160279917,-0.15124533,-0.142070303,-0.133497822,-0.127959197,-0.126023757,-0.127610602,-0.132251327,-0.137795007,-0.141750545,-0.141458047,-0.136347595,-0.126141797,-0.11206036,-0.095475425,-0.077575617,-0.058374647,-0.036904686,-0.01130451,0.018494912333333335,0.052862037,0.09118955,0.131784325,0.17174791666666667,0.20918522333333334,0.24322776333333332,0.2740250166666667,0.3013776666666667,0.32517318333333334,0.34679200000000004,0.3663452333333333,0.3846699499999999,0.40261736666666664,0.4209428333333333,0.44008308333333335,0.45978148333333335,0.47909236666666666,0.49701625,0.5125243666666668,0.5257101333333333,0.5378835999999999,0.5517007166666666,0.5692387,0.5914993833333333,0.6158273333333333,0.6391377333333333,0.6586627166666666,0.6742648666666667,0.6886249166666666,0.7033891166666666,0.7178814333333334,0.7293607166666667,0.73509605,0.73350465,0.7231702333333333,0.7029503833333334,0.6698284333333334,0.6188627166666666,0.54529255,0.44810624999999993,0.33461541666666667,0.21603205833333336,0.10168186666666666,-0.003897973,-0.099442743,-0.18521284,-0.261351267,-0.3278481,-0.384510683,-0.4311724,-0.46830505,-0.497245967,-0.519700067,-0.53710115,-0.550346067,-0.560106683,-0.566941267,-0.571537883,-0.5744655,-0.57623595,-0.577208533,-0.5776696,-0.577857333,-0.5779801,-0.578112117,-0.57834095,-0.578646867,-0.57904385,-0.579465833,-0.5798403,-0.580145083,-0.580285133,-0.580190433,-0.579778317,-0.579001017,-0.577789517,-0.576046533,-0.573582217,-0.5700663,-0.565370617,-0.55988235,-0.554645133,-0.550361233,-0.547128667,-0.54456295,-0.542337183,-0.540240083,-0.538220733,-0.536153,-0.534026133,-0.531785167,-0.529454583,-0.5268894,-0.524004,-0.52078605,-0.517084183,-0.513042433,-0.508807567,-0.504713967,-0.500891167,-0.49742425,-0.494414983,-0.491704033,-0.489110417,-0.486237533,-0.482728533,-0.478081733,-0.471823333,-0.46339435,-0.4525883,-0.439461283,-0.424229567,-0.407116167,-0.388403833,-0.36785735,-0.3451063,-0.31969635,-0.292167317,-0.264872017,-0.240982467,-0.222799517,-0.210490267,-0.20253915,-0.197466367,-0.19432845,-0.19292175,-0.193035283,-0.1946793,-0.197715767,-0.20187665,-0.207036983,-0.2130048,-0.2196334,-0.227294017,-0.235786,-0.244978883,-0.254695717,-0.264697517,-0.274920867,-0.285196,-0.295281833,-0.305211183,-0.3146805,-0.3237884,-0.332401767,-0.340300667,-0.3472171,-0.353307517,-0.357954283,-0.361591033,-0.364047167,-0.365359817,-0.364792833,-0.363811067,-0.361720917,-0.35812745,-0.353307317,-0.3472108,-0.341056283,-0.332798667,-0.323860767,-0.3143275,-0.303913683,-0.292668867,-0.28087385,-0.268421183,-0.255187833,-0.24344095,-0.2299309,-0.214216017,-0.194694833,-0.1737902,-0.15006405,-0.123097567,-0.089713805,-0.059341725,-0.026611889,3.1
91,-0.114400087,-0.117220987,-0.122022438,-0.123701546,-0.125028747,-0.129348858,-0.133269585,-0.136954038,-0.137920502,-0.142863165,-0.14650117,-0.15129613,-0.155036715,-0.15667667,-0.161588767,-0.1649421,-0.168965483,-0.177004317,-0.1831553,-0.189000767,-0.194406917,-0.200498617,-0.203542967,-0.206431317,-0.208392267,-0.21183905,-0.210681617,-0.211351317,-0.209591533,-0.205565633,-0.1994734,-0.1909715,-0.1827462,-0.174510967,-0.167256217,-0.16205625,-0.159663515,-0.16156101,-0.16573952,-0.172065308,-0.177966865,-0.180982633,-0.179665308,-0.173069235,-0.16193264,-0.147029865,-0.129699738,-0.11161342,-0.092261697,-0.070681289,-0.045649058,-0.016730882,0.016108733,0.052663622,0.091261775,0.12955456166666665,0.16568507000000002,0.19885634216666667,0.22885590666666666,0.25586535000000005,0.2792497516666667,0.300969745,0.3205967,0.3390424166666666,0.3572102666666666,0.37576248333333334,0.39504226666666664,0.41483241666666676,0.43442654999999997,0.45284166666666664,0.46887955,0.4825220666666666,0.49514288333333334,0.5097962166666666,0.5296576166666666,0.5550903333333332,0.5836652333333333,0.6112956666666666,0.6344504666666667,0.6530263333333334,0.6698518833333335,0.6874671499999999,0.7056169,0.7206422166666666,0.7293125166666666,0.7289008833333334,0.7174713166666667,0.6924592333333334,0.6501195000000001,0.5861943833333333,0.5001028,0.3959422166666667,0.282887905,0.170303985,0.064729223,-0.031232092,-0.117324172,-0.194195967,-0.26217885,-0.3214387,-0.37182165,-0.4132545,-0.44616955,-0.471784717,-0.491625417,-0.50703555,-0.518752333,-0.5273741,-0.533426933,-0.537464067,-0.540026,-0.541589183,-0.542445,-0.5428453,-0.542974067,-0.54308795,-0.543250683,-0.543464117,-0.543766517,-0.544155667,-0.544581883,-0.544946683,-0.54527105,-0.5454297,-0.545408483,-0.545046733,-0.544344483,-0.54326465,-0.541689083,-0.539477633,-0.536245667,-0.531905333,-0.526870933,-0.522022717,-0.518075817,-0.515124933,-0.512732367,-0.510657033,-0.50875075,-0.506849683,-0.504925733,-0.502953067,-0.500831083,-0.49865095,-0.49622715,-0.493561433,-0.4905573,-0.487085167,-0.483257333,-0.47927425,-0.475422767,-0.47184485,-0.46864345,-0.46585445,-0.463424017,-0.461068183,-0.458533717,-0.455361867,-0.451165033,-0.445455517,-0.437701517,-0.42772735,-0.41551285,-0.401326983,-0.385415133,-0.3680124,-0.348794833,-0.327526633,-0.303826933,-0.278124333,-0.252649567,-0.230420533,-0.213515367,-0.201964567,-0.19450405,-0.1897609,-0.1868431,-0.185494083,-0.1855188,-0.1869835,-0.1897825,-0.1937014,-0.198489833,-0.204076067,-0.210331633,-0.217563517,-0.22558915,-0.234285,-0.243489433,-0.252984583,-0.2627297,-0.272587917,-0.282119583,-0.29168065,-0.3007129,-0.30960745,-0.31789285,-0.3254323,-0.332410267,-0.338425733,-0.34332965,-0.347157933,-0.349767783,-0.351689733,-0.352053733,-0.351610267,-0.350099533,-0.347524833,-0.343548083,-0.338983567,-0.33332885,-0.326898367,-0.319734267,-0.312282383,-0.303730617,-0.295361033,-0.2844006,-0.275412567,-0.2641569,-0.2545045,-0.243280367,-0.232435683,-0.21687095,-0.199989483,-0.181714833,-0.159188033,-0.134333605,-0.109854998,-0.07876337,3.166667
92,-0.117845963,-0.122219822,-0.125569995,-0.12786131,-0.12756375,-0.132469008,-0.131091775,-0.13451106,-0.135306378,-0.138960538,-0.141617748,-0.145038425,-0.147320657,-0.149115897,-0.152809917,-0.15525275,-0.160338833,-0.165988967,-0.172263767,-0.178985433,-0.183289817,-0.1881276,-0.19123905,-0.192832917,-0.195367483,-0.1963512,-0.197475017,-0.19632105,-0.191796267,-0.187279967,-0.18045665,-0.172816217,-0.163474717,-0.155371883,-0.148355498,-0.14540812,-0.145746052,-0.150982417,-0.159956848,-0.171600153,-0.182647368,-0.190222753,-0.192585978,-0.188942448,-0.179581685,-0.165993082,-0.149582145,-0.131871075,-0.11276792,-0.09104162,-0.065319282,-0.03499651,-0.000101023,0.03891012,0.080740293,0.12215458666666663,0.16127052166666667,0.19709796666666665,0.2296072,0.25843,0.2835599833333333,0.30654793333333336,0.32738724999999996,0.34691378333333334,0.3661889166666667,0.38602318333333335,0.40691226666666663,0.4284795666666667,0.4498524000000001,0.4698761500000001,0.48712805,0.50155545,0.5149975333333333,0.53053575,0.5511754833333332,0.5778806666666667,0.6082298666666666,0.6374859166666665,0.6620119166666666,0.6818105666666666,0.6996384,0.7184495666666667,0.7373385166666667,0.75295615,0.7614228666666668,0.7602990166666667,0.7479102499999999,0.7217135999999998,0.6781379166666667,0.6121183333333333,0.5212833833333333,0.41014164999999997,0.2893951833333333,0.17018725333333337,0.059565115,-0.039885535,-0.128268355,-0.20653165,-0.2752941,-0.3347823,-0.385058867,-0.426173,-0.458620967,-0.48371965,-0.503050217,-0.5179145,-0.529179133,-0.53738745,-0.5430694,-0.54681415,-0.549119333,-0.550461417,-0.551120417,-0.551333033,-0.55135135,-0.551294383,-0.551312483,-0.55141545,-0.5515975,-0.551906833,-0.552194667,-0.552465567,-0.5526948,-0.552748633,-0.55262655,-0.552176817,-0.551411167,-0.550291383,-0.548664817,-0.546410167,-0.543184217,-0.53888335,-0.533906533,-0.529122233,-0.5252041,-0.522264033,-0.519904267,-0.5178664,-0.515937117,-0.5140474,-0.51214485,-0.510151767,-0.508086417,-0.505881517,-0.5034989,-0.500824417,-0.497838633,-0.494400533,-0.490582267,-0.48663665,-0.482814917,-0.479259683,-0.476097533,-0.47333115,-0.470962567,-0.468650467,-0.466159583,-0.463073167,-0.458944483,-0.453403817,-0.44587185,-0.436234567,-0.424428017,-0.410702283,-0.395284567,-0.378400117,-0.35981915,-0.339136383,-0.3159684,-0.290906467,-0.2658427,-0.24397785,-0.2272661,-0.215929717,-0.20844585,-0.203747417,-0.200881433,-0.199457483,-0.199506067,-0.200942117,-0.203729467,-0.20753435,-0.212240983,-0.217793033,-0.223915633,-0.230934517,-0.238748083,-0.2473067,-0.25620555,-0.26558815,-0.27496305,-0.2844582,-0.29393335,-0.3029134,-0.311630133,-0.320094967,-0.3280385,-0.3352474,-0.34217085,-0.347419217,-0.352292033,-0.355753867,-0.358193667,-0.359826183,-0.359691333,-0.359260817,-0.357229183,-0.3549904,-0.351197617,-0.3469863,-0.341600583,-0.334354033,-0.32784955,-0.319969383,-0.311332333,-0.302839817,-0.293387883,-0.28309665,-0.273658767,-0.262246567,-0.252212567,-0.238487967,-0.224361833,-0.209839367,-0.189054983,-0.167640467,-0.142807733,-0.113965027,-0.08481328,3.1
93,-0.135569267,-0.137786433,-0.1381799,-0.141219167,-0.142254017,-0.14289805,-0.143288217,-0.14332915,-0.143878967,-0.149407083,-0.147796533,-0.149636483,-0.151829617,-0.152417433,-0.155694967,-0.158459917,-0.161079917,-0.166515133,-0.171601517,-0.175374967,-0.178827183,-0.183436917,-0.1859143,-0.1879313,-0.187364267,-0.187999417,-0.187224783,-0.184811583,-0.179212133,-0.1731278,-0.16338655,-0.153639267,-0.141440033,-0.12988508,-0.11962593,-0.11104621,-0.107066365,-0.106557717,-0.110652273,-0.117460642,-0.124619428,-0.129375583,-0.129798833,-0.124612262,-0.113841123,-0.099242788,-0.081957103,-0.063484553,-0.043673619,-0.021331481,0.004723655,0.035456184,0.070614683,0.10992841499999999,0.15168532,0.19279316666666665,0.23146608333333332,0.2666903,0.29836239999999997,0.32657175,0.3510085166666667,0.37348168333333326,0.3937901,0.4128340333333333,0.4314239833333333,0.4507922166666667,0.47100055,0.49196923333333337,0.5123612666666667,0.53161325,0.5481937833333334,0.5621790333333333,0.5749732666666666,0.5897059666666666,0.6088629333333334,0.6338277166666667,0.6615987833333333,0.6883177166666666,0.7106278,0.7287614000000001,0.7454159833333334,0.76238655,0.7795387333333332,0.7932753833333335,0.8002668666666667,0.7983323833333333,0.7857814166666667,0.7612035833333333,0.7212734833333334,0.6617046833333332,0.5786449166666666,0.47400643333333337,0.35654805,0.23690818333333338,0.12317432166666668,0.018883793333333333,-0.075321527,-0.159904267,-0.235047683,-0.300696583,-0.356669867,-0.402818783,-0.4395693,-0.468260483,-0.49050115,-0.50769295,-0.5207295,-0.530280183,-0.537007867,-0.54149115,-0.544335983,-0.546051433,-0.5470283,-0.547435933,-0.547610183,-0.547686383,-0.547810567,-0.548008117,-0.5482889,-0.5486944,-0.549089333,-0.54942425,-0.549703,-0.5498338,-0.549775667,-0.549374117,-0.548643283,-0.547536183,-0.545942317,-0.543640183,-0.54036885,-0.535979983,-0.530885233,-0.526005333,-0.522005967,-0.519021033,-0.5165982,-0.5145295,-0.512564117,-0.510684483,-0.508733383,-0.506732367,-0.5046338,-0.5024215,-0.499972317,-0.4972785,-0.494218783,-0.490732083,-0.486861317,-0.4828473,-0.478951833,-0.4753096,-0.4720874,-0.469286783,-0.466811317,-0.464467333,-0.4618462,-0.45867945,-0.45447825,-0.4487497,-0.440951783,-0.430979167,-0.418808317,-0.404693483,-0.3887815,-0.37135585,-0.352302167,-0.331089467,-0.30733845,-0.2816621,-0.2561671,-0.233839133,-0.216872467,-0.205255867,-0.197771483,-0.193001267,-0.190069417,-0.188658533,-0.18873255,-0.190209933,-0.193082717,-0.197010367,-0.201770383,-0.207441017,-0.213771817,-0.221013633,-0.228990883,-0.237672783,-0.246953,-0.2564688,-0.26622535,-0.276009833,-0.285599183,-0.29527575,-0.30414915,-0.312981583,-0.321226883,-0.32902205,-0.336025817,-0.341887983,-0.346792567,-0.350825067,-0.353623783,-0.355395917,-0.355890417,-0.355609483,-0.35397565,-0.35145395,-0.348418717,-0.34367695,-0.338268833,-0.332108517,-0.324579067,-0.317508,-0.309032217,-0.30037385,-0.290944017,-0.2818745,-0.272157933,-0.263155133,-0.2508571,-0.239804167,-0.22536995,-0.20947515,-0.190834017,-0.167826483,-0.143349517,-0.114701473,-0.08541215,3.4
94,-0.070079377,-0.07137584,-0.081081512,-0.08512272,-0.088802237,-0.098123328,-0.103564638,-0.111071745,-0.119331988,-0.124257795,-0.129432005,-0.136354817,-0.140784183,-0.146661617,-0.15084865,-0.160902,-0.163532917,-0.171929683,-0.177883317,-0.18540385,-0.193586717,-0.1981391,-0.203414567,-0.209352133,-0.2114676,-0.216684983,-0.217772517,-0.2203818,-0.2201996,-0.216454467,-0.2120263,-0.20395105,-0.1951557,-0.185462367,-0.175411317,-0.168821905,-0.163890345,-0.164256212,-0.168820467,-0.177103,-0.18550505,-0.19180015,-0.1938692,-0.190444717,-0.18108994,-0.167799932,-0.15169758,-0.134517605,-0.115800238,-0.094351211,-0.068916418,-0.038884113,-0.004049848,0.034899505,0.076571283,0.11782780833333333,0.1566637366666667,0.1921506416666667,0.2240587666666667,0.25253275000000003,0.27711786666666666,0.29963185,0.3199148,0.3387909333333334,0.35754098333333334,0.3767249,0.3968630833333333,0.4177003833333333,0.4379312166666667,0.45688734999999997,0.47318431666666666,0.4869162833333333,0.49957561666666667,0.5139092999999999,0.5328632333333333,0.5567220666666667,0.5831831166666667,0.608197,0.6288399499999999,0.64555545,0.6604446,0.6756479999999999,0.6903612166666667,0.7016792000000001,0.7073736833333334,0.7055249833333334,0.6950964166666666,0.6743082333333333,0.6396913999999999,0.5848441999999999,0.5043622333333334,0.39940121666666667,0.2800348333333333,0.15873891666666665,0.044610863,-0.058695852,-0.150773042,-0.23244845,-0.304277933,-0.366482167,-0.41905425,-0.46204795,-0.495974817,-0.522223333,-0.542420683,-0.55801115,-0.5698089,-0.5784424,-0.584401317,-0.588294567,-0.590723767,-0.5921029,-0.5927914,-0.5930206,-0.593034167,-0.592988367,-0.593010833,-0.59312465,-0.593355267,-0.59369165,-0.59403655,-0.594347533,-0.594604017,-0.594708783,-0.59458965,-0.594150133,-0.593345433,-0.5921129,-0.590377017,-0.5879222,-0.584403933,-0.579699233,-0.574225917,-0.569012283,-0.564722933,-0.561481533,-0.5588595,-0.556602283,-0.55446645,-0.55236915,-0.550287583,-0.54811655,-0.545806217,-0.543425917,-0.540787667,-0.537854483,-0.5345823,-0.53083565,-0.526704983,-0.5224465,-0.518277067,-0.51440745,-0.510903517,-0.507814617,-0.50507245,-0.5024226,-0.499497883,-0.49592585,-0.49124835,-0.484953583,-0.476497167,-0.465765117,-0.452625933,-0.437397017,-0.420278033,-0.40161845,-0.38107325,-0.358339683,-0.332968317,-0.305588517,-0.27830675,-0.254535833,-0.236370667,-0.223995417,-0.215939867,-0.210731283,-0.207544183,-0.205979733,-0.205945817,-0.20748605,-0.210268617,-0.21439925,-0.21944155,-0.225301383,-0.23195005,-0.239425883,-0.2478359,-0.256934433,-0.266575617,-0.276766683,-0.28670075,-0.297158583,-0.3070371,-0.3170991,-0.32661125,-0.335611867,-0.344323183,-0.3521891,-0.35928685,-0.3656533,-0.3703828,-0.374156533,-0.3767794,-0.37789995,-0.3783671,-0.377035883,-0.37492655,-0.372253433,-0.367067817,-0.362369567,-0.355487517,-0.34763675,-0.33976005,-0.33049135,-0.320762717,-0.3105043,-0.29866255,-0.287936917,-0.2752574,-0.26432665,-0.249679533,-0.23401325,-0.217402967,-0.199595,-0.176823083,-0.151728467,-0.122161972,-0.09419879,-0.058447333,3.3
95,-0.044488897,-0.051699677,-0.055933741,-0.063243478,-0.070254714,-0.075576043,-0.083396647,-0.089982097,-0.093884453,-0.102704233,-0.109759848,-0.112060493,-0.119599873,-0.12581632,-0.129140057,-0.135294045,-0.140701658,-0.146650317,-0.154529783,-0.161057117,-0.16802445,-0.174176067,-0.178910417,-0.181651017,-0.185313417,-0.188783317,-0.19132325,-0.1916496,-0.1900714,-0.187185117,-0.182095367,-0.173286253,-0.164100968,-0.154591377,-0.146442677,-0.140451762,-0.137802467,-0.140627632,-0.14767304,-0.158440412,-0.169524832,-0.178306603,-0.182157563,-0.179745698,-0.171621592,-0.158869267,-0.143273527,-0.126118945,-0.10740864,-0.085835883,-0.060091235,-0.029313612,0.006483302,0.046717345,0.089746262,0.132348525,0.17241316666666665,0.20905893333333334,0.24203509999999998,0.2713212,0.2965773166666667,0.3196161,0.3404088166666666,0.35980233333333334,0.3788731,0.39862658333333334,0.41950058333333323,0.4410933666666667,0.46212915,0.4818652666666667,0.4987386166666667,0.5129554666666667,0.5259450666666666,0.5407245333333333,0.5602640499999999,0.5852479166666666,0.6127877666666667,0.63912095,0.6608165666666668,0.67809185,0.6937168833333334,0.7093208166666667,0.7246198,0.7366459000000001,0.7424699,0.7402361333333333,0.7289945333333333,0.7070676166666666,0.6708938333333333,0.6148667166666666,0.5334509500000001,0.42775308333333334,0.30769301666666665,0.1856191,0.070451723,-0.034052075,-0.127519058,-0.210664517,-0.283948333,-0.347532417,-0.401327683,-0.445343533,-0.48010965,-0.507006983,-0.527731383,-0.5436871,-0.555774467,-0.56458895,-0.570718633,-0.574742483,-0.577217033,-0.578642867,-0.579365267,-0.5795891,-0.579577683,-0.579556333,-0.579563217,-0.57968795,-0.579912333,-0.580261033,-0.580584333,-0.580877367,-0.581114183,-0.581200633,-0.58106785,-0.58057225,-0.579724267,-0.578468333,-0.5766575,-0.574155233,-0.570567467,-0.5657889,-0.560279533,-0.554975383,-0.5506545,-0.547387467,-0.544773483,-0.542491233,-0.540351317,-0.538277617,-0.53617755,-0.534005983,-0.531723383,-0.529329633,-0.52671075,-0.523784067,-0.520545817,-0.5167979,-0.512733267,-0.508497817,-0.50433665,-0.500500983,-0.497033917,-0.494003867,-0.491304267,-0.488701933,-0.4857914,-0.48228225,-0.477618633,-0.471417433,-0.463037417,-0.452360217,-0.43940345,-0.424385333,-0.407547417,-0.38916485,-0.369030083,-0.346730767,-0.321906967,-0.295116717,-0.268457233,-0.2452214,-0.22758795,-0.215554183,-0.20770065,-0.202738333,-0.199693633,-0.1982951,-0.198295433,-0.199799333,-0.202679933,-0.20675855,-0.211670033,-0.217439317,-0.22388665,-0.23117975,-0.239480567,-0.248420417,-0.25790725,-0.267700883,-0.277609733,-0.28759275,-0.29743515,-0.3071007,-0.3164886,-0.325202733,-0.333646833,-0.3415017,-0.3483121,-0.3543576,-0.3591076,-0.36268015,-0.365211733,-0.36644475,-0.366143767,-0.365436067,-0.363220817,-0.3596951,-0.35575035,-0.3502973,-0.343570433,-0.336161417,-0.327321033,-0.318201267,-0.309131883,-0.299072167,-0.287358417,-0.2757504,-0.263632167,-0.251443683,-0.239171333,-0.22461525,-0.20483585,-0.18857245,-0.16448035,-0.1397253,-0.109646458,-0.080440507,-0.04810623,3
96,-0.10501492,-0.109399215,-0.111768832,-0.11291702,-0.11616812,-0.116509107,-0.120954377,-0.124591307,-0.124208227,-0.13161939,-0.134380717,-0.13587647,-0.138460083,-0.140461417,-0.145008167,-0.1484389,-0.151704417,-0.156695367,-0.161468017,-0.170171167,-0.1722204,-0.177038717,-0.178288933,-0.181924717,-0.18227845,-0.183759117,-0.183847917,-0.183399417,-0.179341517,-0.172793533,-0.164677433,-0.155621933,-0.14472918,-0.134084058,-0.124989188,-0.119746013,-0.117547858,-0.121492677,-0.128991035,-0.140111088,-0.150924685,-0.158933867,-0.161953073,-0.158813518,-0.149819998,-0.136360413,-0.120338415,-0.10297338,-0.084111528,-0.062476355,-0.036834328,-0.006412553,0.028873584833333337,0.068477745,0.11080293833333332,0.1528706,0.19252158833333333,0.2288171,0.2615298833333333,0.29064321666666665,0.3157481833333333,0.33880093333333333,0.3595309666666667,0.37896655000000007,0.3981317166666667,0.4181105666666667,0.43932176666666667,0.46103773333333337,0.4825751833333333,0.5026571833333334,0.5198419166666667,0.5343065666666666,0.5474254666666666,0.5626565000000001,0.5831621666666668,0.6097416333333333,0.6397046,0.6685695166666666,0.6925910833333333,0.7118295166666666,0.7292638333333333,0.7472908833333333,0.7651560333333333,0.7798953000000001,0.7878312666666667,0.7865873833333333,0.7750322666666666,0.7504244666666667,0.7090705333333333,0.6449184166666666,0.5549896166666667,0.44360235,0.32183345,0.20138453333333337,0.08960445,-0.010843062,-0.100204897,-0.1794581,-0.249233083,-0.309778633,-0.361068767,-0.403157433,-0.436521433,-0.46243845,-0.482498483,-0.497962317,-0.509657,-0.518249567,-0.524230167,-0.528201817,-0.530710633,-0.5322163,-0.53301515,-0.533337533,-0.533421283,-0.533432917,-0.53348105,-0.5336297,-0.533817733,-0.534123833,-0.534402983,-0.53467205,-0.5348719,-0.534940467,-0.534819783,-0.534387667,-0.533651483,-0.5325474,-0.530953183,-0.5287845,-0.525614983,-0.521412967,-0.516571783,-0.511937933,-0.5081427,-0.505277367,-0.5029564,-0.500941583,-0.499055217,-0.497200867,-0.4953092,-0.493377833,-0.491323833,-0.489184917,-0.486824117,-0.484241033,-0.481327733,-0.477975517,-0.47429165,-0.47045885,-0.466731733,-0.463295233,-0.46021945,-0.45761225,-0.4553114,-0.453172033,-0.4508054,-0.447889967,-0.443989117,-0.4386808,-0.431423367,-0.422194417,-0.410798033,-0.397626917,-0.38284075,-0.366567967,-0.348694567,-0.328835267,-0.30657775,-0.282488583,-0.25855835,-0.237568867,-0.2215827,-0.21070885,-0.203676767,-0.1991944,-0.196373467,-0.195126517,-0.195121933,-0.196523633,-0.199184833,-0.202836133,-0.20736145,-0.212659883,-0.218512783,-0.225305033,-0.2327113,-0.240902467,-0.249570383,-0.258512,-0.267568433,-0.276613917,-0.28564295,-0.294311383,-0.3027737,-0.31074345,-0.31838505,-0.325470383,-0.331787467,-0.337311317,-0.341511867,-0.345244167,-0.34742475,-0.34874245,-0.349087767,-0.34824955,-0.346882183,-0.3441432,-0.34028345,-0.335761583,-0.330038483,-0.324306883,-0.316875167,-0.309134317,-0.301551967,-0.2926238,-0.284147717,-0.273768983,-0.264380683,-0.254034433,-0.24182955,-0.23036085,-0.21587065,-0.200778817,-0.180207167,-0.158991333,-0.1329844,-0.103991907,-0.076291807,3.066667
97,-0.101455038,-0.103103928,-0.110177902,-0.110698487,-0.11201171,-0.115105975,-0.11884225,-0.118736035,-0.122544873,-0.12558195,-0.130985238,-0.13420385,-0.137552418,-0.138841167,-0.139578252,-0.145091415,-0.150192513,-0.15586898,-0.160446455,-0.166438313,-0.172786433,-0.175756367,-0.17822315,-0.181054733,-0.18184325,-0.18288925,-0.18261135,-0.182781767,-0.178507467,-0.17316155,-0.165413383,-0.154714717,-0.144040957,-0.13223365,-0.120995403,-0.111871032,-0.106242347,-0.104632682,-0.108154788,-0.114519648,-0.121144782,-0.12594496,-0.126302697,-0.121155555,-0.110534163,-0.095674945,-0.078236157,-0.059600143,-0.039733114,-0.017385256,0.008807926,0.039511469333333334,0.074783197,0.11416320333333334,0.1559908,0.19726031666666663,0.23601731666666662,0.27137065000000005,0.30326933333333334,0.3317269333333333,0.35647676666666667,0.37902881666666666,0.39948005000000003,0.4184845833333333,0.43714761666666674,0.45608570000000004,0.47590445,0.49628495,0.5163172166666666,0.5349477166666666,0.5513229666666667,0.5651763333333334,0.5779751166666667,0.5928617166666666,0.6122695166666666,0.6369587166666667,0.6641257833333333,0.6898464833333334,0.7108602833333334,0.7274990333333333,0.7421298166666667,0.7572923833333333,0.7721198166666667,0.7837141666666666,0.7890336166666668,0.7861785666666666,0.7736496833333333,0.7499084166666666,0.7121819499999998,0.6556460333333333,0.5759766333333333,0.47435826666666664,0.35918316666666666,0.24171928333333334,0.13029134999999997,0.028468143333333334,-0.063190573,-0.145253548,-0.21808695,-0.2817575,-0.336075833,-0.380890317,-0.416676833,-0.444635933,-0.4663203,-0.4830421,-0.4956902,-0.504903667,-0.511275133,-0.515476067,-0.518109233,-0.5196052,-0.52032545,-0.5205517,-0.52051435,-0.52040525,-0.5203365,-0.520348433,-0.52047345,-0.520665317,-0.520884917,-0.5210538,-0.521186567,-0.5211543,-0.5209719,-0.520484533,-0.519662117,-0.518500817,-0.516916183,-0.514674683,-0.511546733,-0.507336317,-0.50248245,-0.497829617,-0.494021217,-0.491139717,-0.4887978,-0.4867679,-0.4848298,-0.482923,-0.481033133,-0.479037033,-0.476950383,-0.474714783,-0.472327383,-0.469665633,-0.466666,-0.46327215,-0.459500517,-0.455578983,-0.451781167,-0.44828885,-0.445143167,-0.4424353,-0.440090783,-0.43783595,-0.435349267,-0.432317517,-0.428323817,-0.422846033,-0.4154622,-0.4059499,-0.394325933,-0.380778033,-0.365596567,-0.348903283,-0.3305069,-0.310070467,-0.287138967,-0.262335733,-0.237599067,-0.2159398,-0.199478683,-0.188201867,-0.1808774,-0.176136583,-0.173238683,-0.171850483,-0.17188385,-0.173249833,-0.175877967,-0.179638483,-0.184166667,-0.189522683,-0.195631583,-0.202593567,-0.2102235,-0.218495167,-0.22737165,-0.236521783,-0.245907217,-0.2551795,-0.264473733,-0.273442067,-0.282081333,-0.2903591,-0.298349067,-0.3054893,-0.311929483,-0.31776115,-0.3221539,-0.325761333,-0.328242217,-0.33000465,-0.329957,-0.329548217,-0.32805485,-0.325055233,-0.321556067,-0.317168417,-0.3115389,-0.30531715,-0.298146633,-0.290169867,-0.282753983,-0.273443167,-0.2641404,-0.256028767,-0.245425817,-0.23565425,-0.223786983,-0.212066767,-0.198059833,-0.18242855,-0.1623536,-0.139628133,-0.11388265,-0.084501995,-0.056095761,3.133333
98,-0.011037853,-0.019498111,-0.026671954,-0.032957345,-0.035125954,-0.043581157,-0.048197635,-0.055363568,-0.062441215,-0.069077788,-0.075488463,-0.083384903,-0.08828424,-0.093922852,-0.098323205,-0.103054212,-0.109975487,-0.117331872,-0.12230845,-0.130904583,-0.138386533,-0.141225417,-0.1457126,-0.149198317,-0.153093517,-0.155517283,-0.156379033,-0.157066733,-0.15632805,-0.153210383,-0.146205817,-0.13859699,-0.128768563,-0.118918907,-0.109386127,-0.10203872,-0.099266097,-0.100636177,-0.106975245,-0.116323123,-0.126325805,-0.13373668,-0.136403962,-0.132913187,-0.123284153,-0.109404033,-0.092807423,-0.074881861,-0.055711752,-0.033824017,-0.007681722,0.023256504166666664,0.059365019,0.099892907,0.143054255,0.18571355,0.2256958,0.26223769999999996,0.2952388166666667,0.3245755666666667,0.3499843166666667,0.3730814333333334,0.39395175000000004,0.4132880833333334,0.4323000333333333,0.4518317,0.47222610000000004,0.49332064999999997,0.5139387833333333,0.5330621166666667,0.5496910666666667,0.5637490000000001,0.57668685,0.5915395833333333,0.6111357166666667,0.6363034833333333,0.6636418666666667,0.6894209833333335,0.7101235,0.7263084333333333,0.7405925166666667,0.7546429666666666,0.76791395,0.7775413833333333,0.7806473166666666,0.7756400999999999,0.7616673166666668,0.7377681166666666,0.70141725,0.6468246333333333,0.5677124666666667,0.46419184999999996,0.34521963333333333,0.22307246666666666,0.10712277999999999,0.0011504,-0.094334668,-0.17996562,-0.25612325,-0.322849567,-0.379933933,-0.4272467,-0.465152717,-0.494897317,-0.5180054,-0.535855017,-0.54932595,-0.5591566,-0.566008667,-0.5705171,-0.57332725,-0.574955867,-0.575778667,-0.576053233,-0.576055067,-0.575964967,-0.575890783,-0.5759035,-0.5759875,-0.57617735,-0.576363517,-0.5765157,-0.576624917,-0.576585,-0.57637365,-0.57585985,-0.575009433,-0.573791683,-0.572127317,-0.569806333,-0.5665612,-0.562261417,-0.55727705,-0.552497033,-0.5485422,-0.545539883,-0.543099317,-0.540944367,-0.538923433,-0.536967117,-0.53495065,-0.53289465,-0.530701417,-0.528425917,-0.52593415,-0.52317695,-0.520069467,-0.516552233,-0.512647,-0.50862645,-0.50469525,-0.501025667,-0.4977788,-0.49495185,-0.492430817,-0.490004367,-0.487347483,-0.484187817,-0.479890983,-0.4741434,-0.466383183,-0.456433533,-0.444305383,-0.4301287,-0.41426845,-0.39678735,-0.377549983,-0.356158383,-0.332169233,-0.306216067,-0.280336467,-0.257702833,-0.2403932,-0.228668717,-0.22086555,-0.21590945,-0.212819483,-0.211344933,-0.211219167,-0.212615417,-0.21534855,-0.2192287,-0.223977433,-0.2294467,-0.235832783,-0.242846217,-0.250827583,-0.2594922,-0.268592067,-0.278045167,-0.28755825,-0.297116967,-0.306637033,-0.315821983,-0.324826867,-0.33326905,-0.3410245,-0.348626583,-0.35510365,-0.3603931,-0.364828833,-0.368166567,-0.370230867,-0.371414433,-0.3708136,-0.3697215,-0.367161683,-0.363802083,-0.359272683,-0.353504933,-0.347179583,-0.339676217,-0.3307359,-0.322287717,-0.31107825,-0.301603583,-0.289649533,-0.27773535,-0.266332,-0.2514311,-0.237935417,-0.2224052,-0.204261767,-0.186236367,-0.161640817,-0.13393975,-0.100376435,-0.068454247,-0.033658033,3.533333
99,-0.040610423,-0.046272449,-0.048122189,-0.05477777,-0.06119302,-0.0655116,-0.071652832,-0.074568302,-0.083411943,-0.089917787,-0.093632528,-0.098706825,-0.102993905,-0.108566737,-0.113297703,-0.117294875,-0.124195517,-0.131607433,-0.1341273,-0.1422655,-0.148564617,-0.153704517,-0.158421067,-0.162140467,-0.163721167,-0.16549515,-0.167837017,-0.167382917,-0.16492735,-0.1614128,-0.154703167,-0.146363283,-0.136892117,-0.126525817,-0.118226623,-0.112198567,-0.109576328,-0.112385207,-0.119228765,-0.12962659,-0.14014765,-0.148056233,-0.151090067,-0.148060933,-0.138928217,-0.12502205,-0.108442855,-0.090391782,-0.070909783,-0.048719392,-0.022154667,0.009090444,0.045359179,0.085939635,0.1293294633333333,0.17208298333333336,0.2123813333333333,0.24892289999999997,0.28203528333333333,0.3114120833333333,0.33680378333333333,0.36011645000000003,0.38104011666666665,0.4005535,0.4195421,0.4392203833333333,0.4597389499999999,0.48086998333333336,0.5016105000000001,0.5208927,0.5376647333333333,0.5516770666666666,0.5647208666666667,0.5797467166666666,0.5994000166666668,0.6246731333333333,0.6523254833333334,0.6783015666666666,0.6997355000000001,0.7164397666666668,0.7310379833333333,0.7458814166666666,0.7601109999999999,0.7709605833333334,0.7749433833333333,0.7704586833333332,0.7566264166666666,0.7317798833333332,0.6934930833333334,0.636157,0.5545490166666667,0.44914306666666665,0.3291971166666667,0.20686881666666668,0.091081762,-0.014413619,-0.109086157,-0.193540483,-0.26824395,-0.333260283,-0.388480717,-0.4338999,-0.469970583,-0.498016367,-0.519678383,-0.53639675,-0.54898755,-0.5581509,-0.56444235,-0.568560033,-0.571062917,-0.572494083,-0.573130333,-0.573281,-0.5731982,-0.5730296,-0.572925267,-0.572941233,-0.5730659,-0.573286067,-0.57350595,-0.573723433,-0.573892767,-0.573917733,-0.573705333,-0.573189267,-0.57235535,-0.571109,-0.56933145,-0.566902267,-0.563445367,-0.558854,-0.55353885,-0.548453833,-0.544260417,-0.541108133,-0.538558583,-0.536307567,-0.5342192,-0.532189467,-0.530114867,-0.527979733,-0.525729533,-0.52336655,-0.520805617,-0.5179402,-0.514751867,-0.511129667,-0.50713235,-0.5029828,-0.49894395,-0.4951524,-0.491823583,-0.488883383,-0.4862585,-0.483755767,-0.481028433,-0.477637683,-0.47320325,-0.467204183,-0.459133767,-0.448858883,-0.436279417,-0.4216783,-0.405321683,-0.387407967,-0.367726833,-0.345886983,-0.321447783,-0.29505205,-0.26879835,-0.245901633,-0.228464567,-0.216550017,-0.208862117,-0.203880717,-0.200832917,-0.199357083,-0.1993195,-0.200899033,-0.203649633,-0.207562483,-0.212478217,-0.218142233,-0.224526767,-0.231767867,-0.23995625,-0.24865935,-0.257988983,-0.26764995,-0.277489517,-0.287324433,-0.296895783,-0.306472817,-0.31554345,-0.324369417,-0.3326021,-0.340174033,-0.346801183,-0.352672383,-0.357209767,-0.360915267,-0.363338383,-0.364416767,-0.364376667,-0.363412467,-0.361166133,-0.357995183,-0.353361,-0.348580383,-0.341348817,-0.334032267,-0.32573365,-0.31676225,-0.3069193,-0.297004367,-0.286363133,-0.274514883,-0.262321283,-0.250319833,-0.236290933,-0.2217432,-0.204460433,-0.185512,-0.162597533,-0.136764633,-0.106741907,-0.075482768,-0.040421917,3.1
100,-0.27358165,-0.273702367,-0.277339833,-0.27676545,-0.278190567,-0.278262617,-0.27486985,-0.27592275,-0.27604765,-0.275271117,-0.2776914,-0.2780437,-0.280403667,-0.283762083,-0.285902683,-0.292235717,-0.297568,-0.306575317,-0.318359467,-0.33122405,-0.349194067,-0.371057083,-0.395288467,-0.42451695,-0.45482165,-0.48717215,-0.518288383,-0.549852783,-0.581941917,-0.615237083,-0.647655967,-0.6782433,-0.705844367,-0.73004385,-0.7498934,-0.765199167,-0.7763995,-0.784508483,-0.788872717,-0.791045433,-0.790834633,-0.789140017,-0.786330633,-0.7830415,-0.7794647,-0.7757342,-0.77128125,-0.76592275,-0.759404717,-0.75178115,-0.743851167,-0.736848133,-0.731940017,-0.72891935,-0.725961717,-0.721463667,-0.71531325,-0.70819425,-0.7008791,-0.693389917,-0.68600215,-0.678650883,-0.671218917,-0.66376705,-0.65634845,-0.649100217,-0.641948133,-0.634841667,-0.627764733,-0.620747217,-0.613893233,-0.607277433,-0.60091125,-0.594752733,-0.5886632,-0.582609417,-0.576636633,-0.570829117,-0.565404733,-0.56026725,-0.5548769,-0.548774,-0.541872017,-0.534738567,-0.528395383,-0.52387315,-0.522151467,-0.524068967,-0.52992935,-0.538408933,-0.547026317,-0.553811167,-0.558146733,-0.560298033,-0.560868283,-0.560285633,-0.558872683,-0.556733433,-0.55399175,-0.550765683,-0.5469917,-0.542543767,-0.537463367,-0.532386283,-0.528185083,-0.5252459,-0.523469617,-0.522448917,-0.521798833,-0.521270717,-0.520807917,-0.520420783,-0.5201159,-0.51988795,-0.519699517,-0.519624233,-0.519680833,-0.5197956,-0.51998605,-0.520248617,-0.5205239,-0.520781233,-0.5209277,-0.5209275,-0.5207329,-0.5202009,-0.519315817,-0.517996967,-0.516173767,-0.513675233,-0.5101506,-0.505449767,-0.500020433,-0.494771833,-0.490510167,-0.487284433,-0.484763533,-0.482637817,-0.480612617,-0.478646883,-0.476721317,-0.4746731,-0.47259465,-0.4703388,-0.467892617,-0.465191517,-0.46212075,-0.458627417,-0.454760617,-0.450702583,-0.4467263,-0.443096067,-0.439841017,-0.437030167,-0.434551583,-0.432234467,-0.429731433,-0.4267482,-0.422833,-0.417484867,-0.41033575,-0.4013398,-0.390392467,-0.37785675,-0.3639857,-0.349034733,-0.332770817,-0.314901483,-0.295137733,-0.273711167,-0.252452483,-0.233782867,-0.219668917,-0.2100768,-0.203952633,-0.200065883,-0.19782465,-0.196769833,-0.196966983,-0.198229733,-0.200595733,-0.203798117,-0.207819717,-0.212377667,-0.217568783,-0.223462583,-0.22997045,-0.23716145,-0.24486435,-0.2528316,-0.260812867,-0.268988283,-0.276713583,-0.284717083,-0.2921391,-0.299422717,-0.306351583,-0.31293065,-0.318788467,-0.32391485,-0.328026217,-0.33163545,-0.333899617,-0.335345617,-0.33652135,-0.33641055,-0.335189433,-0.334018033,-0.33163675,-0.328066017,-0.324543083,-0.320143667,-0.3151655,-0.310689633,-0.304230833,-0.298790583,-0.293510567,-0.28731855,-0.282063567,-0.2793869,-0.2749457,-0.270759983,-0.270715017,-0.271474733,-0.278576167,-0.289407667,-0.310641533,-0.340438433,-0.376724483,7.45
101,-0.26150925,-0.262366767,-0.265115017,-0.265256683,-0.26685085,-0.266993383,-0.266863883,-0.2669132,-0.2661809,-0.26823755,-0.268466133,-0.269446083,-0.272693383,-0.275274517,-0.27787495,-0.28222885,-0.2880473,-0.294730217,-0.302876833,-0.311020517,-0.3222098,-0.337811917,-0.356696983,-0.377370533,-0.4012952,-0.4281368,-0.456788683,-0.48815125,-0.518937483,-0.55134335,-0.582866967,-0.613417083,-0.640560117,-0.663720217,-0.682541617,-0.697848917,-0.709141,-0.717621683,-0.72321035,-0.7269004,-0.728365633,-0.728705217,-0.727769583,-0.726495917,-0.72502605,-0.723256017,-0.720863267,-0.71749035,-0.7127686,-0.7069198,-0.700634167,-0.695455767,-0.692434233,-0.691409183,-0.69046385,-0.687713567,-0.683162783,-0.67751145,-0.671437033,-0.66512735,-0.6588178,-0.652423,-0.645835117,-0.63910145,-0.632350183,-0.625719567,-0.619155533,-0.612625367,-0.605995567,-0.5993142,-0.59268175,-0.586289217,-0.580136317,-0.574160017,-0.568349367,-0.562587033,-0.556937433,-0.5515363,-0.5465625,-0.541877,-0.536965233,-0.531386817,-0.525100767,-0.518597983,-0.51282955,-0.508737817,-0.507243333,-0.509196033,-0.514927517,-0.523229067,-0.531764333,-0.538592517,-0.543034333,-0.54535105,-0.5460823,-0.545671167,-0.544431417,-0.542478733,-0.53994795,-0.5368812,-0.533335167,-0.529080533,-0.524246033,-0.519390783,-0.515394133,-0.512606317,-0.51093235,-0.50999325,-0.50942355,-0.50896355,-0.50857455,-0.50828865,-0.508041683,-0.507864433,-0.5077315,-0.5077276,-0.50781535,-0.507968617,-0.508182667,-0.508432183,-0.5087341,-0.508978017,-0.509154467,-0.509157067,-0.508969283,-0.50845415,-0.507584483,-0.506312067,-0.504561967,-0.502159083,-0.498799733,-0.4942796,-0.489015117,-0.483958983,-0.479837367,-0.476748933,-0.474307817,-0.472251383,-0.470317583,-0.468430583,-0.46654215,-0.4645981,-0.462560883,-0.46040125,-0.458050917,-0.455430317,-0.452455383,-0.449050467,-0.44527355,-0.441309867,-0.43745295,-0.4338758,-0.430739317,-0.427985933,-0.425613183,-0.423457167,-0.421150183,-0.418397717,-0.414731917,-0.409844967,-0.403278117,-0.39486805,-0.384718683,-0.3730294,-0.36019285,-0.346317417,-0.331288783,-0.31483455,-0.29653065,-0.276878133,-0.257306517,-0.240178433,-0.227062983,-0.21803755,-0.212372133,-0.208661767,-0.206437233,-0.205283217,-0.205312783,-0.206410667,-0.208357017,-0.2112355,-0.214816667,-0.2189073,-0.223565833,-0.22892885,-0.234768217,-0.241429267,-0.248275217,-0.25559075,-0.2630857,-0.27036955,-0.277682867,-0.284690217,-0.291714667,-0.298371383,-0.304611817,-0.31090175,-0.31592985,-0.3206189,-0.324477317,-0.327517883,-0.329830683,-0.330995633,-0.33167405,-0.331638933,-0.330771583,-0.329082433,-0.32678875,-0.324242167,-0.320640733,-0.31582585,-0.3117302,-0.306435117,-0.300177317,-0.295961717,-0.290051467,-0.284430167,-0.278990833,-0.274016067,-0.271010817,-0.26722485,-0.26633475,-0.267725183,-0.271679,-0.27992945,-0.298937817,-0.325994233,-0.3583511,9
102,-0.253742317,-0.2549487,-0.257804867,-0.259375183,-0.257917217,-0.259028733,-0.257534083,-0.25999325,-0.261696667,-0.264646117,-0.2678453,-0.274378233,-0.284299283,-0.294467067,-0.308447167,-0.323383617,-0.341121783,-0.363822933,-0.384431767,-0.410638767,-0.437845967,-0.467775833,-0.498625517,-0.529365433,-0.5601633,-0.58960665,-0.617564767,-0.642927317,-0.66936195,-0.695333983,-0.7205204,-0.74407455,-0.764987217,-0.78241385,-0.795661267,-0.806198133,-0.8127322,-0.815990367,-0.816199733,-0.813821333,-0.808994167,-0.802913433,-0.795456783,-0.78775045,-0.779906783,-0.772157167,-0.7640615,-0.7555031,-0.745877217,-0.735469267,-0.724688983,-0.714942233,-0.707439667,-0.70195375,-0.696618533,-0.6898601,-0.68149675,-0.672307783,-0.663091283,-0.654113183,-0.645560983,-0.637280833,-0.6288436,-0.620412533,-0.61195005,-0.60356535,-0.5950998,-0.5866347,-0.5781708,-0.5698163,-0.561815167,-0.554366567,-0.547448517,-0.54084205,-0.534153483,-0.527188983,-0.519906483,-0.51258965,-0.5054612,-0.498355667,-0.490574367,-0.481501567,-0.471161283,-0.460601783,-0.451453667,-0.44512205,-0.442972217,-0.4463268,-0.4559027,-0.470217317,-0.485820983,-0.49940575,-0.5094257,-0.515950183,-0.519659617,-0.52132085,-0.5215286,-0.520569933,-0.518801483,-0.5163054,-0.513113833,-0.509064367,-0.50435425,-0.499535333,-0.495574467,-0.492818933,-0.4912119,-0.490320917,-0.489807033,-0.4893736,-0.489030333,-0.4887643,-0.4885869,-0.48845345,-0.48836905,-0.488422533,-0.488613067,-0.488831933,-0.48912195,-0.489482967,-0.489909167,-0.490267117,-0.49056765,-0.49068505,-0.4906014,-0.49023525,-0.489453567,-0.48822065,-0.486535533,-0.484170067,-0.480730867,-0.476101267,-0.4707211,-0.465547167,-0.461354267,-0.4582271,-0.455811517,-0.453765567,-0.451840717,-0.450007817,-0.448142417,-0.4462806,-0.444269683,-0.442150583,-0.43980765,-0.437247533,-0.434308617,-0.430919983,-0.42719095,-0.4232663,-0.4194386,-0.415947783,-0.412826917,-0.41013035,-0.40779675,-0.40562805,-0.403317783,-0.400491567,-0.396751933,-0.391678067,-0.384836517,-0.3760754,-0.365430167,-0.353207183,-0.339668433,-0.3251142,-0.309352617,-0.292034883,-0.272822867,-0.25205575,-0.2314851,-0.213545197,-0.199879,-0.190640722,-0.18479705,-0.18117372,-0.179027967,-0.178072725,-0.178249432,-0.179543077,-0.18188315,-0.18507,-0.188930982,-0.193499107,-0.198676352,-0.204488688,-0.21093126,-0.218005383,-0.225441267,-0.233298517,-0.241232067,-0.249113783,-0.257003783,-0.264740433,-0.271998017,-0.279235833,-0.285835583,-0.29233145,-0.297975117,-0.30340195,-0.307289067,-0.310905417,-0.313098433,-0.3148018,-0.315484517,-0.315684633,-0.314895067,-0.313310033,-0.3108218,-0.307601967,-0.304283817,-0.29929345,-0.295432583,-0.290302017,-0.284337733,-0.278682417,-0.274252733,-0.26733545,-0.2619989,-0.258117817,-0.2558344,-0.251269217,-0.251922517,-0.253105217,-0.257739067,-0.26856235,-0.289820667,-0.31519255,-0.3486612,8
103,-0.286801083,-0.29045355,-0.288948483,-0.29129935,-0.290906117,-0.289975267,-0.290385933,-0.290359233,-0.288900983,-0.28970435,-0.28916705,-0.290858,-0.291921283,-0.2959244,-0.297314133,-0.303295717,-0.3074618,-0.31405505,-0.321839033,-0.333278333,-0.3459295,-0.363207867,-0.382994233,-0.406666133,-0.433252817,-0.46162505,-0.490064333,-0.521814067,-0.552576733,-0.585348233,-0.617176567,-0.6488731,-0.6775581,-0.702720233,-0.723186483,-0.740502833,-0.752451883,-0.761927283,-0.767796083,-0.771396183,-0.772494267,-0.772201817,-0.770800633,-0.769197067,-0.7673172,-0.7651446,-0.762547633,-0.758995083,-0.75422815,-0.7482976,-0.74202645,-0.736727333,-0.733724,-0.732672917,-0.731562067,-0.728868933,-0.724345117,-0.718758267,-0.71267665,-0.70634495,-0.699889067,-0.693441017,-0.68668575,-0.679919783,-0.67312095,-0.666547083,-0.660062283,-0.653649867,-0.64722375,-0.640797067,-0.634463233,-0.628289733,-0.622319917,-0.616668083,-0.611338117,-0.606361733,-0.601743617,-0.597545283,-0.59378315,-0.59034175,-0.586914633,-0.583294017,-0.579333567,-0.57527905,-0.571600167,-0.56883415,-0.567451167,-0.567926333,-0.5703734,-0.57392655,-0.57728125,-0.579470283,-0.580313117,-0.580045217,-0.578988733,-0.577356767,-0.5752425,-0.572649033,-0.569624033,-0.566186433,-0.562342333,-0.557864767,-0.552871417,-0.547923867,-0.5438292,-0.54098355,-0.539218383,-0.538214317,-0.5375689,-0.537031417,-0.536584367,-0.5361955,-0.535880183,-0.535624517,-0.535437933,-0.535332217,-0.535332267,-0.535411017,-0.535560183,-0.5357474,-0.535984217,-0.53617995,-0.536272383,-0.536211517,-0.53595975,-0.5354365,-0.534540517,-0.53320195,-0.53144075,-0.529041783,-0.525677367,-0.5211636,-0.51594225,-0.510937283,-0.5068397,-0.503753483,-0.5013235,-0.4992363,-0.497244717,-0.495343533,-0.493414067,-0.491481133,-0.48938915,-0.487206733,-0.484812967,-0.482165983,-0.4791683,-0.475766533,-0.471973533,-0.468026317,-0.464175017,-0.46061925,-0.457429333,-0.4546763,-0.4522995,-0.450071583,-0.4476475,-0.444823917,-0.441095133,-0.436006383,-0.4292544,-0.4205953,-0.410108883,-0.398060533,-0.3846409,-0.3700861,-0.35431545,-0.336803033,-0.317267967,-0.296052367,-0.274813017,-0.256208017,-0.241985433,-0.232314967,-0.226051467,-0.222087217,-0.219827333,-0.218616083,-0.218749233,-0.219932467,-0.222323167,-0.22544615,-0.229417383,-0.234002167,-0.239148967,-0.245064933,-0.2515302,-0.258577817,-0.266213933,-0.273985133,-0.281946567,-0.28987935,-0.297710133,-0.305469933,-0.31272345,-0.31981995,-0.326514167,-0.3329728,-0.33846235,-0.343494717,-0.3474421,-0.3508505,-0.35316765,-0.354454933,-0.355296333,-0.355441683,-0.354881183,-0.352882433,-0.35005265,-0.34803375,-0.3433592,-0.339183783,-0.334178533,-0.328694883,-0.32386815,-0.318354583,-0.313007017,-0.30656735,-0.30179375,-0.297241533,-0.29241605,-0.290376,-0.288462017,-0.29028835,-0.295348267,-0.306266933,-0.323927,-0.353633217,-0.388109817,8.1
104,-0.270251183,-0.274187917,-0.273362883,-0.273629067,-0.273847383,-0.275466167,-0.275995683,-0.277247467,-0.2744838,-0.275458183,-0.276800367,-0.278927083,-0.280698,-0.283541683,-0.28779905,-0.292702567,-0.299002183,-0.307901867,-0.315445367,-0.327747917,-0.341713433,-0.35965775,-0.382706733,-0.408164767,-0.435131917,-0.464585633,-0.4947671,-0.52481065,-0.55626615,-0.586899683,-0.617629617,-0.647491483,-0.673499983,-0.697233633,-0.716971017,-0.733416583,-0.7466911,-0.756807617,-0.763617683,-0.76819095,-0.769890283,-0.769730567,-0.768172367,-0.765789883,-0.762974583,-0.759958383,-0.756325,-0.751949117,-0.746467333,-0.7400394,-0.733106817,-0.726871667,-0.722398333,-0.719545033,-0.716716833,-0.71233105,-0.706333,-0.699419033,-0.692212333,-0.684924683,-0.677746133,-0.670589483,-0.663301017,-0.655975933,-0.6485997,-0.641287767,-0.63397965,-0.626708583,-0.619373533,-0.612102683,-0.604992883,-0.598256067,-0.59184685,-0.585673917,-0.579545183,-0.573350717,-0.567068817,-0.5608927,-0.555038,-0.549326233,-0.543207317,-0.536162017,-0.528172467,-0.5199961,-0.512698867,-0.507432867,-0.505241517,-0.5071612,-0.513797883,-0.523914483,-0.534836717,-0.544133317,-0.5507043,-0.554690967,-0.556617983,-0.557063417,-0.556421,-0.554917033,-0.552789617,-0.550062967,-0.546770617,-0.542769583,-0.538188433,-0.533587667,-0.529749283,-0.52710155,-0.525430217,-0.524484217,-0.523859717,-0.523351067,-0.522877867,-0.52249395,-0.522180783,-0.521903733,-0.521685033,-0.5215651,-0.521568217,-0.521618767,-0.521736617,-0.521894833,-0.522083633,-0.522234467,-0.522305717,-0.52224815,-0.521973367,-0.521436333,-0.5205251,-0.519251183,-0.5175226,-0.5151908,-0.511890683,-0.507531683,-0.502478633,-0.497620733,-0.493709817,-0.490716783,-0.488375917,-0.4863322,-0.4844419,-0.48262045,-0.480737583,-0.4788498,-0.47685645,-0.474748517,-0.472430183,-0.469863133,-0.466976367,-0.463684367,-0.459987717,-0.456149633,-0.452401833,-0.4489646,-0.445917467,-0.44327195,-0.441027633,-0.4389485,-0.4367117,-0.434043083,-0.430504233,-0.42571895,-0.41926735,-0.411042933,-0.401012283,-0.38952105,-0.3767595,-0.362948483,-0.347874083,-0.331213117,-0.312571683,-0.2923443,-0.272185583,-0.2544369,-0.2407962,-0.231530717,-0.225699983,-0.2219331,-0.219661783,-0.218586317,-0.218661417,-0.219858417,-0.2221561,-0.225155583,-0.228966283,-0.233378933,-0.238289417,-0.243852583,-0.25008245,-0.256900117,-0.26425365,-0.271637717,-0.27919445,-0.28676685,-0.294181517,-0.301523967,-0.308497867,-0.315170417,-0.32153495,-0.327593967,-0.332625617,-0.337392833,-0.341288783,-0.34434975,-0.346233933,-0.347464767,-0.348349867,-0.348016733,-0.347213983,-0.344881517,-0.342545033,-0.339803933,-0.3354105,-0.3316142,-0.326072883,-0.321080967,-0.315916283,-0.309799817,-0.303908933,-0.298951817,-0.293684967,-0.289280667,-0.284554283,-0.2811745,-0.27872215,-0.279779,-0.282962217,-0.29464365,-0.3113296,-0.33788195,-0.371826983,8.1
105,-0.259529067,-0.262402483,-0.264014583,-0.265705317,-0.26550235,-0.266697317,-0.264323983,-0.2661656,-0.26629205,-0.267399283,-0.268100267,-0.272162483,-0.27532315,-0.2789767,-0.28663285,-0.293104633,-0.302213467,-0.313184217,-0.32652965,-0.341582817,-0.35913765,-0.38064925,-0.405036733,-0.43180625,-0.45816565,-0.488307283,-0.517765417,-0.54676095,-0.575977717,-0.606061017,-0.633457133,-0.660426783,-0.6843096,-0.704326917,-0.72067365,-0.73331985,-0.742257933,-0.748737633,-0.752196917,-0.753522933,-0.752579983,-0.750502567,-0.747291767,-0.7440073,-0.740302817,-0.736919333,-0.733132583,-0.728917933,-0.723759317,-0.717603433,-0.711092383,-0.705300133,-0.70118415,-0.698678983,-0.695945683,-0.691585283,-0.685499217,-0.6784799,-0.671121733,-0.663666317,-0.656262717,-0.6489878,-0.641576433,-0.6341235,-0.626644833,-0.6192067,-0.611701317,-0.604140817,-0.596515117,-0.5889105,-0.581547817,-0.5745114,-0.56779985,-0.5612662,-0.554723967,-0.5479512,-0.541016783,-0.534090883,-0.527502867,-0.5210841,-0.51415465,-0.506008367,-0.496731667,-0.487183633,-0.478764533,-0.472871333,-0.47077565,-0.473857217,-0.482862383,-0.4963082,-0.510821767,-0.523289817,-0.53236475,-0.538145767,-0.541343383,-0.542668017,-0.542657367,-0.541599917,-0.539755433,-0.537219,-0.534037833,-0.530047233,-0.525401817,-0.52065705,-0.516775517,-0.514041467,-0.5123805,-0.51144805,-0.510848317,-0.510350133,-0.5098973,-0.509552467,-0.50925375,-0.509004383,-0.508792567,-0.508732633,-0.5087622,-0.50888755,-0.509058783,-0.50931665,-0.509574567,-0.509783067,-0.50991645,-0.509903167,-0.509679883,-0.5091914,-0.508287683,-0.506987333,-0.5052052,-0.50277675,-0.499363167,-0.494779067,-0.489483167,-0.484392333,-0.480268183,-0.47714595,-0.474712767,-0.472605933,-0.4706771,-0.468774767,-0.46687235,-0.464926967,-0.462890817,-0.4607135,-0.458319767,-0.4557037,-0.452721683,-0.44931695,-0.4455265,-0.44158455,-0.437715717,-0.4341829,-0.4310456,-0.428340383,-0.4259558,-0.423813033,-0.421447683,-0.4186745,-0.414948933,-0.409972033,-0.403258783,-0.394694483,-0.3843172,-0.3723753,-0.359243083,-0.345076733,-0.329725733,-0.312786633,-0.294088717,-0.2738992,-0.253848183,-0.236328883,-0.222948667,-0.2138055,-0.20800135,-0.20438575,-0.202182983,-0.201119983,-0.201182733,-0.202341817,-0.204538867,-0.207523317,-0.211266183,-0.215360267,-0.220305617,-0.2257933,-0.231860483,-0.2386717,-0.2458307,-0.253327883,-0.2608333,-0.268417167,-0.275815983,-0.283265583,-0.290302683,-0.297131333,-0.3036223,-0.309870833,-0.315297433,-0.320072733,-0.323937383,-0.327258367,-0.329362817,-0.331099867,-0.3313367,-0.331370683,-0.330587433,-0.329113,-0.32649045,-0.322955083,-0.31931985,-0.315782267,-0.310872617,-0.30515725,-0.299569467,-0.295150383,-0.288848867,-0.282708183,-0.277417583,-0.273196017,-0.269261733,-0.266936733,-0.26245225,-0.265127067,-0.268753183,-0.27780295,-0.295983417,-0.323603817,-0.3552629,10
106,-0.2706626,-0.27251155,-0.276324317,-0.27324585,-0.274512483,-0.273959567,-0.273966367,-0.2731155,-0.273692717,-0.273867117,-0.271081783,-0.275212833,-0.27634335,-0.280191,-0.281904683,-0.28718085,-0.292721033,-0.300984817,-0.309069017,-0.32229555,-0.3376445,-0.356372167,-0.379916267,-0.40717305,-0.436530333,-0.468139033,-0.500090483,-0.532979167,-0.56633935,-0.601129967,-0.633139533,-0.66451655,-0.691641,-0.714398467,-0.732972267,-0.74627995,-0.7559243,-0.7620671,-0.765058183,-0.765839783,-0.764670983,-0.7623284,-0.758933883,-0.75540945,-0.7516142,-0.747925767,-0.743744733,-0.73901225,-0.73328135,-0.726720883,-0.7200365,-0.71427365,-0.7103188,-0.708123633,-0.705831467,-0.70206885,-0.696797,-0.690696417,-0.684340883,-0.677761417,-0.671076517,-0.664365317,-0.657384917,-0.650329183,-0.6433226,-0.636697833,-0.63022515,-0.623892583,-0.617581183,-0.61117165,-0.604728367,-0.598483,-0.5924037,-0.586617433,-0.581291033,-0.576370517,-0.571895633,-0.567891583,-0.564396317,-0.56132175,-0.558421017,-0.555435017,-0.5522099,-0.548889483,-0.545922717,-0.543665183,-0.542661683,-0.543339233,-0.545722017,-0.54901335,-0.5520474,-0.553977583,-0.554639083,-0.5543083,-0.5532621,-0.551727717,-0.549753383,-0.5472879,-0.544456567,-0.541235033,-0.53761105,-0.533323733,-0.52858205,-0.52388255,-0.520030583,-0.517329333,-0.515704633,-0.514819433,-0.51429735,-0.513875,-0.513499033,-0.513208567,-0.513026917,-0.51284375,-0.51275045,-0.5127415,-0.51281385,-0.512975967,-0.513211367,-0.513493467,-0.513767617,-0.51404865,-0.514195,-0.51422565,-0.514038617,-0.513564883,-0.512761083,-0.51153925,-0.509923467,-0.50764705,-0.504399667,-0.500072383,-0.495064483,-0.490230817,-0.4862892,-0.483353233,-0.48099595,-0.479016933,-0.47716555,-0.475350267,-0.473518067,-0.471645417,-0.469668883,-0.46758075,-0.46527985,-0.462725217,-0.459845917,-0.4565315,-0.45281485,-0.44895355,-0.4451385,-0.441656217,-0.43853765,-0.435872217,-0.433599483,-0.431407433,-0.429181633,-0.426426,-0.42276275,-0.4178471,-0.411197783,-0.402687267,-0.392291267,-0.3803258,-0.367008517,-0.3525095,-0.3366834,-0.31917835,-0.299481633,-0.27808245,-0.2567371,-0.237892533,-0.22353045,-0.213765067,-0.207504267,-0.20351015,-0.201226667,-0.2001215,-0.200328367,-0.201635617,-0.204013817,-0.20744055,-0.21148305,-0.216179533,-0.221437617,-0.22739795,-0.234011817,-0.241279083,-0.249095517,-0.257027167,-0.265099783,-0.273247967,-0.2811114,-0.2890177,-0.2965229,-0.30372725,-0.310590117,-0.317104,-0.3226519,-0.327893567,-0.33203695,-0.335289233,-0.3375046,-0.339372267,-0.3399451,-0.34002985,-0.338744767,-0.337572617,-0.3354428,-0.332101433,-0.32816105,-0.324256683,-0.319260833,-0.31429795,-0.308100117,-0.302863417,-0.296684633,-0.292766067,-0.285989017,-0.28244875,-0.2768557,-0.2744584,-0.271960717,-0.27353015,-0.276972,-0.28681365,-0.301816083,-0.33047885,-0.364045033,8.2
107,-0.266191,-0.27040325,-0.269433567,-0.270640383,-0.2721128,-0.2729091,-0.272799983,-0.275873,-0.275756517,-0.283185417,-0.285196317,-0.2913254,-0.299633283,-0.310346383,-0.324653117,-0.341336233,-0.357706333,-0.378175883,-0.399451483,-0.426455483,-0.454527767,-0.4857989,-0.5181251,-0.551841883,-0.5829679,-0.614139117,-0.6411633,-0.6680934,-0.695990133,-0.723981833,-0.75090575,-0.775895433,-0.797334283,-0.814404233,-0.825598533,-0.833431783,-0.8368211,-0.837045033,-0.834064717,-0.82879625,-0.82200335,-0.813890267,-0.805094533,-0.796476983,-0.78774945,-0.779253567,-0.770753167,-0.761999,-0.752735083,-0.743237767,-0.73386635,-0.725723633,-0.719473167,-0.71491265,-0.710464433,-0.704832167,-0.69794875,-0.690417633,-0.682756267,-0.675079833,-0.66751545,-0.660045617,-0.65257515,-0.6451209,-0.63777005,-0.630685267,-0.623698283,-0.616848567,-0.609914383,-0.6030949,-0.596270267,-0.589731917,-0.583371533,-0.577261367,-0.5713946,-0.565762583,-0.560322783,-0.555261167,-0.55062765,-0.546418867,-0.5421209,-0.537254483,-0.531798333,-0.5261198,-0.521110617,-0.517596383,-0.516419133,-0.5184292,-0.5238479,-0.531615917,-0.539483167,-0.545704183,-0.549690867,-0.551729717,-0.552323167,-0.551837433,-0.550592417,-0.548670567,-0.546210733,-0.543238767,-0.53975485,-0.535616933,-0.5308915,-0.526172783,-0.5222719,-0.5196229,-0.518025983,-0.51713445,-0.516611967,-0.516209267,-0.515861683,-0.51555245,-0.515348217,-0.515154017,-0.515056967,-0.515044817,-0.51514715,-0.515297583,-0.515511683,-0.515816867,-0.516085,-0.516344117,-0.516508083,-0.516561133,-0.516374117,-0.515883017,-0.515047183,-0.51378385,-0.512073283,-0.509693983,-0.50635135,-0.50187075,-0.496679183,-0.4916842,-0.487640833,-0.484609967,-0.482193667,-0.4801345,-0.47820745,-0.47633265,-0.474445833,-0.472521,-0.470505083,-0.468347417,-0.46599055,-0.463365833,-0.460417483,-0.457026267,-0.45326605,-0.449312983,-0.445476883,-0.4419374,-0.438794833,-0.43608955,-0.433755033,-0.431602517,-0.42923775,-0.42642435,-0.422688283,-0.417639583,-0.410852483,-0.402224317,-0.391733567,-0.37962655,-0.3662409,-0.351777233,-0.335971783,-0.31864875,-0.299254167,-0.27822675,-0.25727755,-0.238977,-0.224973583,-0.215550633,-0.209496167,-0.205649217,-0.20334325,-0.2023335,-0.2024673,-0.2037687,-0.205942633,-0.209220317,-0.213081617,-0.217641,-0.222662617,-0.228456317,-0.234876233,-0.2419798,-0.249477067,-0.257287017,-0.265225683,-0.273099167,-0.2809904,-0.2885844,-0.29580455,-0.30302145,-0.309703883,-0.316014,-0.32165755,-0.3267438,-0.33075355,-0.334025867,-0.33632675,-0.3376905,-0.338312267,-0.338113717,-0.337760167,-0.335977633,-0.33299745,-0.330374467,-0.326982567,-0.322624583,-0.317557883,-0.311805633,-0.305971533,-0.300528417,-0.294260017,-0.28929275,-0.283543767,-0.27829785,-0.275254067,-0.272730433,-0.269944833,-0.269270467,-0.2731242,-0.283296667,-0.300229183,-0.328294617,-0.3617987,7.9
108,-0.240717033,-0.241948717,-0.24639625,-0.246333083,-0.2484677,-0.250389233,-0.24931035,-0.251662917,-0.251873283,-0.253354883,-0.253417683,-0.257619283,-0.259666283,-0.265598267,-0.269716183,-0.2776681,-0.2870347,-0.298538967,-0.311980817,-0.329069417,-0.350751217,-0.375610533,-0.40046005,-0.429873867,-0.460021683,-0.490785667,-0.5194269,-0.548439267,-0.5768575,-0.605760767,-0.632895367,-0.6597463,-0.683811917,-0.704763733,-0.723705417,-0.739480533,-0.75208055,-0.76169055,-0.768185817,-0.771622267,-0.772341567,-0.770899067,-0.767868017,-0.763941333,-0.75934015,-0.754451667,-0.7489688,-0.74264215,-0.73507075,-0.726276733,-0.7170097,-0.70851965,-0.70212785,-0.697689267,-0.693315067,-0.68737895,-0.679874233,-0.671545133,-0.66306455,-0.654641067,-0.646353683,-0.638240617,-0.630214617,-0.622235367,-0.614170783,-0.606321733,-0.598374733,-0.590492967,-0.582515467,-0.574749383,-0.5672617,-0.560234633,-0.553578583,-0.547082967,-0.54053985,-0.533707367,-0.526563183,-0.519160133,-0.511884083,-0.504539833,-0.496401533,-0.486771733,-0.475783367,-0.464499633,-0.45474385,-0.4480079,-0.445585983,-0.449079067,-0.45940075,-0.475136483,-0.492521517,-0.508002167,-0.519728867,-0.52768675,-0.532508167,-0.535078483,-0.535979633,-0.535666433,-0.5343889,-0.532329383,-0.529447083,-0.5256866,-0.52117705,-0.516573983,-0.512727333,-0.510142033,-0.5086685,-0.507906517,-0.507510133,-0.507201017,-0.506971683,-0.506793617,-0.50668455,-0.506632417,-0.506646983,-0.5067675,-0.50701835,-0.507362017,-0.507798067,-0.508267717,-0.508777217,-0.509227117,-0.5096014,-0.509815833,-0.5098058,-0.509448733,-0.508699833,-0.507522217,-0.505817383,-0.503415583,-0.499901083,-0.49518245,-0.489700333,-0.484447633,-0.480198767,-0.477043383,-0.4746093,-0.472536433,-0.470623333,-0.468759517,-0.46687085,-0.464971433,-0.462942767,-0.460795417,-0.458403317,-0.455786017,-0.452787333,-0.44933385,-0.44548425,-0.4414959,-0.4375889,-0.433997617,-0.430776267,-0.428011967,-0.425557333,-0.42326875,-0.420816533,-0.417791,-0.413804267,-0.408399083,-0.4011892,-0.391988517,-0.380870367,-0.368133867,-0.354110333,-0.338919,-0.3225184,-0.304541533,-0.284582767,-0.26307925,-0.2417172,-0.223145067,-0.20902485,-0.199569467,-0.193547467,-0.189831167,-0.187661483,-0.186778433,-0.186956817,-0.1883398,-0.190820317,-0.19414835,-0.198216783,-0.202838317,-0.2081066,-0.214093367,-0.2206851,-0.227928483,-0.235733633,-0.243728717,-0.251887833,-0.260082317,-0.2680109,-0.2760442,-0.2838469,-0.291122283,-0.298074833,-0.304514183,-0.310408267,-0.31585775,-0.319803333,-0.323796817,-0.325948667,-0.327504717,-0.327991433,-0.32815015,-0.327085717,-0.325552633,-0.322966017,-0.319104233,-0.31487385,-0.3106008,-0.305616567,-0.300193417,-0.293218517,-0.2870279,-0.280103733,-0.274795033,-0.2680887,-0.2644132,-0.258321833,-0.2546201,-0.251192883,-0.252411167,-0.2537423,-0.265185067,-0.280733467,-0.306475317,-0.339989783,7.6
109,-0.25964965,-0.26025125,-0.2608195,-0.263734333,-0.2641044,-0.2666725,-0.266023783,-0.273864233,-0.276372783,-0.283755933,-0.290148967,-0.30127595,-0.313679567,-0.32927585,-0.34713015,-0.3673328,-0.386776117,-0.408229533,-0.431531417,-0.45712115,-0.482968983,-0.513327233,-0.544038583,-0.576037467,-0.602683283,-0.629800817,-0.653539,-0.677923367,-0.703060233,-0.7283794,-0.75442305,-0.779746633,-0.7999305,-0.817801917,-0.830255533,-0.839234217,-0.843019067,-0.844052667,-0.841512483,-0.8372395,-0.831025067,-0.823701583,-0.81588125,-0.808226633,-0.800616017,-0.793128867,-0.785449817,-0.7771898,-0.767940083,-0.757814183,-0.74750535,-0.7383036,-0.73119335,-0.72605485,-0.721000367,-0.714701467,-0.706909167,-0.698388617,-0.68983575,-0.681359383,-0.6729871,-0.664756933,-0.6566307,-0.648554083,-0.640589917,-0.632917117,-0.625380317,-0.6179932,-0.6105849,-0.603275767,-0.596124517,-0.58932455,-0.582755317,-0.576330967,-0.569928683,-0.5634179,-0.5568033,-0.55024755,-0.544040717,-0.53793755,-0.531408983,-0.523822717,-0.51505295,-0.505958233,-0.497935883,-0.492287967,-0.49031545,-0.493286583,-0.501762817,-0.51391745,-0.526562267,-0.536881167,-0.543973317,-0.548119717,-0.550010133,-0.550343683,-0.549518883,-0.5477887,-0.54533015,-0.542222217,-0.538507333,-0.5339586,-0.52872265,-0.523489217,-0.519170083,-0.516223633,-0.51448865,-0.513546733,-0.513023867,-0.5126029,-0.512282533,-0.512005583,-0.511849667,-0.511683133,-0.511652917,-0.5117493,-0.511974683,-0.512285667,-0.512671383,-0.513152467,-0.5136384,-0.514059317,-0.514404383,-0.514604817,-0.514559,-0.514165817,-0.5133495,-0.512085583,-0.510287967,-0.50772815,-0.504079017,-0.499147367,-0.493417033,-0.487893017,-0.48343935,-0.480129167,-0.477580433,-0.475365667,-0.473321367,-0.471338033,-0.469358567,-0.467349367,-0.465219183,-0.46292945,-0.460447233,-0.457691567,-0.454550133,-0.450939567,-0.44693955,-0.442797283,-0.4387097,-0.434983233,-0.431630583,-0.42868885,-0.426109717,-0.423687717,-0.421078033,-0.417904433,-0.413665383,-0.408022267,-0.400479367,-0.390845833,-0.379185667,-0.365803417,-0.35111495,-0.33516755,-0.317928083,-0.298974017,-0.277982117,-0.25537335,-0.232952583,-0.213347633,-0.1985157,-0.1885468,-0.182239933,-0.178321217,-0.176017517,-0.17504645,-0.175264367,-0.176750167,-0.17934155,-0.1828405,-0.187186783,-0.192093433,-0.197658517,-0.2038769,-0.210862617,-0.218621567,-0.22672205,-0.235186,-0.243817183,-0.252277633,-0.260903367,-0.269215483,-0.277395133,-0.285076267,-0.292596,-0.299499817,-0.305961567,-0.311402667,-0.316237983,-0.3196571,-0.322664167,-0.324385867,-0.325139717,-0.325692083,-0.325134533,-0.323305983,-0.320995283,-0.317894,-0.313838283,-0.309114067,-0.30401645,-0.2986989,-0.293237783,-0.287424417,-0.281524633,-0.2753183,-0.2697786,-0.2654364,-0.260878817,-0.25859605,-0.255864117,-0.25694775,-0.261603117,-0.27420935,-0.293175,-0.322229083,-0.355755567,7.1
110,-0.27520015,-0.279412717,-0.27870845,-0.279251667,-0.277343533,-0.277417767,-0.27719665,-0.276192817,-0.275366233,-0.276484733,-0.277024633,-0.277432833,-0.278742133,-0.281408333,-0.283824183,-0.289095967,-0.294029117,-0.302241383,-0.310375783,-0.323178383,-0.336665483,-0.354427567,-0.377635,-0.404030683,-0.4313579,-0.461574767,-0.492080433,-0.5235627,-0.5566039,-0.591744367,-0.626744633,-0.658933333,-0.688874133,-0.714713017,-0.73584495,-0.752210783,-0.76425175,-0.77294815,-0.777999367,-0.780940667,-0.781343583,-0.7804239,-0.778573783,-0.7762732,-0.773604233,-0.770732033,-0.767368167,-0.763188667,-0.7579077,-0.751568517,-0.7450098,-0.739333867,-0.735725367,-0.733846217,-0.731992467,-0.728509467,-0.723430717,-0.717340833,-0.710830583,-0.704214317,-0.697461533,-0.690768283,-0.683885883,-0.67690515,-0.66991265,-0.663108567,-0.656470783,-0.649890167,-0.6432485,-0.636608767,-0.630004217,-0.62365375,-0.617540983,-0.61173375,-0.60615585,-0.600890967,-0.595940933,-0.59147685,-0.587497717,-0.58385545,-0.580269267,-0.57641405,-0.572211733,-0.567860233,-0.56397445,-0.5610716,-0.559691417,-0.560415017,-0.56331405,-0.5674806,-0.571488633,-0.574265767,-0.57554745,-0.575630133,-0.574778383,-0.57331705,-0.57132825,-0.56881375,-0.565879467,-0.562504017,-0.55869075,-0.554282233,-0.549327283,-0.5444281,-0.54034425,-0.537490117,-0.535715317,-0.534664383,-0.533976033,-0.533385933,-0.532916617,-0.532473733,-0.53213065,-0.531813133,-0.531604567,-0.531486467,-0.531448683,-0.5314949,-0.53163135,-0.531797667,-0.531960467,-0.532096483,-0.532166633,-0.532106233,-0.5318193,-0.531250183,-0.530310567,-0.528991133,-0.527206917,-0.524766083,-0.521335683,-0.516832667,-0.51159765,-0.506594817,-0.5024918,-0.499378917,-0.49693345,-0.494816183,-0.492826217,-0.4908567,-0.488929,-0.486949233,-0.4848374,-0.482643517,-0.4802092,-0.477553183,-0.474509983,-0.471066033,-0.467252833,-0.46324865,-0.45936795,-0.45577625,-0.4525622,-0.4497618,-0.44732155,-0.44501375,-0.442562317,-0.4396388,-0.435757367,-0.430556917,-0.423647717,-0.414803217,-0.404090933,-0.3917831,-0.37813595,-0.363327983,-0.347196233,-0.3293642,-0.3094265,-0.287763217,-0.266148933,-0.247206083,-0.232741983,-0.222947933,-0.216574333,-0.212669617,-0.21029105,-0.209213317,-0.209320417,-0.21060175,-0.213038883,-0.216448733,-0.220504883,-0.22521055,-0.2305698,-0.236480983,-0.243176983,-0.25048225,-0.2581977,-0.266251933,-0.274382467,-0.282529067,-0.29041365,-0.2983496,-0.305889283,-0.313030783,-0.31980085,-0.326150483,-0.33242095,-0.337216833,-0.341193017,-0.3446411,-0.347059983,-0.348569883,-0.349712967,-0.350067167,-0.348595367,-0.346863033,-0.344488483,-0.341115167,-0.337569633,-0.332738783,-0.328049217,-0.322890383,-0.317682333,-0.311570117,-0.305198267,-0.299655083,-0.294761017,-0.290368533,-0.28525315,-0.282153417,-0.279777233,-0.280879967,-0.284337917,-0.295844367,-0.31351835,-0.341060783,-0.375764283,7.3
111,-0.272771267,-0.2772661,-0.276754133,-0.277722283,-0.277645117,-0.276685617,-0.276264383,-0.274281217,-0.273514417,-0.2726836,-0.2737513,-0.2743229,-0.276586983,-0.277642267,-0.280568283,-0.284933567,-0.2890455,-0.2944106,-0.300538933,-0.309664717,-0.32174765,-0.33548625,-0.354644833,-0.376482883,-0.402178467,-0.430133283,-0.459174633,-0.4896023,-0.52242845,-0.554998617,-0.5878988,-0.619098717,-0.647235483,-0.67112325,-0.690739917,-0.707289217,-0.719110033,-0.72801055,-0.733684817,-0.737738633,-0.739344683,-0.7395553,-0.738897117,-0.73810835,-0.736877067,-0.7355923,-0.7338393,-0.731485133,-0.7279725,-0.723537867,-0.718802033,-0.714943267,-0.7130778,-0.7128939,-0.712544583,-0.710538283,-0.7067455,-0.70180025,-0.69638445,-0.690594533,-0.68470205,-0.678699117,-0.6724015,-0.665907483,-0.659369283,-0.652975017,-0.646697617,-0.640407833,-0.6340718,-0.62765345,-0.621220633,-0.61501685,-0.60906165,-0.603414817,-0.59819285,-0.593421417,-0.589017567,-0.5851096,-0.5817357,-0.578668117,-0.575686367,-0.5725311,-0.569069933,-0.565549,-0.562372483,-0.560002017,-0.558921817,-0.559563633,-0.562051183,-0.565562317,-0.568828233,-0.570961983,-0.571795883,-0.571573433,-0.570558883,-0.569006033,-0.5669679,-0.564495467,-0.561598217,-0.558320433,-0.55459585,-0.550305567,-0.545505067,-0.540743267,-0.536806067,-0.534034983,-0.532356433,-0.531354417,-0.5307035,-0.53016925,-0.529731233,-0.5293066,-0.5289808,-0.528677783,-0.528464033,-0.528355583,-0.528300567,-0.528323083,-0.528402917,-0.528574133,-0.5286838,-0.528795683,-0.52882475,-0.528743167,-0.528438083,-0.527821283,-0.526904367,-0.525600167,-0.523834983,-0.521428583,-0.518100983,-0.513723933,-0.50862525,-0.503757217,-0.499765083,-0.496737917,-0.49434305,-0.492278017,-0.490322183,-0.488419883,-0.486509317,-0.484559017,-0.48249325,-0.480373633,-0.47797505,-0.475354417,-0.472394867,-0.46900805,-0.465247283,-0.461352883,-0.457526217,-0.453985183,-0.450860567,-0.448153717,-0.4457523,-0.443590983,-0.441220967,-0.438429483,-0.434714483,-0.429706467,-0.423107183,-0.41456505,-0.404203733,-0.392290267,-0.37903895,-0.364581683,-0.348858283,-0.331350917,-0.3117329,-0.290312633,-0.2688421,-0.2499445,-0.235454017,-0.225550667,-0.219203033,-0.215240517,-0.212819017,-0.211656783,-0.211720333,-0.213070967,-0.215461633,-0.218890983,-0.222983933,-0.227648917,-0.232999533,-0.2389748,-0.245638983,-0.252935533,-0.260641033,-0.268632267,-0.276645867,-0.284654333,-0.292540433,-0.300159383,-0.307734867,-0.314782417,-0.321427617,-0.327841167,-0.33340545,-0.338432533,-0.342545983,-0.345805133,-0.348299433,-0.34937785,-0.350427383,-0.350185817,-0.34886145,-0.347394767,-0.345697883,-0.34286725,-0.338727133,-0.334341583,-0.3285108,-0.324048383,-0.317712033,-0.312296017,-0.307064383,-0.301701533,-0.2949127,-0.290330833,-0.285719633,-0.283161817,-0.279012067,-0.280035167,-0.282555933,-0.292994233,-0.30846115,-0.336174367,-0.36836195,9.6
112,-0.274284317,-0.273922117,-0.274059133,-0.27669945,-0.275875567,-0.274234967,-0.275980767,-0.272636783,-0.273086617,-0.273119267,-0.275782183,-0.2744543,-0.2767935,-0.278239,-0.281389467,-0.285137833,-0.289472583,-0.296156983,-0.304662217,-0.315411417,-0.329284983,-0.346627483,-0.3673847,-0.391589583,-0.419668067,-0.449093733,-0.479258217,-0.51132475,-0.54361625,-0.577391883,-0.608944,-0.639565933,-0.666970367,-0.6908815,-0.70970955,-0.724570367,-0.735549167,-0.7433859,-0.748240917,-0.7509152,-0.751603067,-0.7511257,-0.749842083,-0.748513567,-0.7467609,-0.745141733,-0.743082633,-0.740197133,-0.736265683,-0.73130145,-0.7258594,-0.721312983,-0.718614883,-0.717496883,-0.716146933,-0.71327605,-0.708752867,-0.7032019,-0.697169167,-0.690924833,-0.684607517,-0.678242067,-0.671685617,-0.66511655,-0.658505233,-0.6520742,-0.64577955,-0.639520267,-0.633207983,-0.626923333,-0.620674433,-0.614588117,-0.608721583,-0.603077067,-0.597665567,-0.59250655,-0.587566033,-0.5829797,-0.578831317,-0.574903033,-0.57089915,-0.566518417,-0.5616178,-0.55655085,-0.552024733,-0.548684833,-0.547222633,-0.548262383,-0.5520191,-0.557441483,-0.562778183,-0.566769233,-0.568988517,-0.569725883,-0.569350817,-0.568212,-0.56647435,-0.56414665,-0.5613516,-0.558078467,-0.55433715,-0.549922133,-0.544938833,-0.540018267,-0.5359261,-0.533092717,-0.531370917,-0.53037445,-0.52977635,-0.5292806,-0.528873967,-0.52853225,-0.528258033,-0.52803835,-0.52790545,-0.527869717,-0.52793845,-0.528050083,-0.52826175,-0.528556133,-0.5287948,-0.529023017,-0.5291944,-0.5292124,-0.52900075,-0.528481183,-0.527579433,-0.52628615,-0.5245128,-0.52208265,-0.518623283,-0.51402715,-0.508664233,-0.503563483,-0.499384017,-0.49622735,-0.4937454,-0.491611583,-0.489635733,-0.487665183,-0.485718317,-0.48372905,-0.4816115,-0.4793813,-0.476959533,-0.4742317,-0.471162133,-0.467666817,-0.4637232,-0.45972045,-0.45572875,-0.452069283,-0.44878875,-0.445965433,-0.443439983,-0.441092933,-0.43855665,-0.4355368,-0.431510483,-0.42619625,-0.419057867,-0.409962367,-0.398894533,-0.386209083,-0.372210917,-0.356870367,-0.340292617,-0.3218854,-0.301354083,-0.279063967,-0.2568283,-0.237264833,-0.2223637,-0.212205167,-0.205778033,-0.201744417,-0.199257167,-0.198217917,-0.198371917,-0.19972205,-0.202203467,-0.20573905,-0.210039417,-0.214887367,-0.220298383,-0.22662005,-0.23353685,-0.241129183,-0.249023317,-0.2573347,-0.265666967,-0.2741637,-0.282296467,-0.2906414,-0.2982089,-0.305928567,-0.313001117,-0.319799267,-0.325619817,-0.331206283,-0.33578855,-0.33900535,-0.3418076,-0.343274683,-0.343876917,-0.344211383,-0.343287583,-0.34196715,-0.339484933,-0.33619465,-0.332217233,-0.3274216,-0.322816617,-0.317679883,-0.312162133,-0.3066755,-0.299884283,-0.294081817,-0.28873965,-0.284559467,-0.2791856,-0.274921167,-0.273085217,-0.273338117,-0.27691245,-0.2868176,-0.3036833,-0.329788917,-0.3641415,9.5
113,-0.278035667,-0.278700033,-0.27930935,-0.279503017,-0.275629183,-0.278019533,-0.275334833,-0.27405435,-0.273233017,-0.272675533,-0.27262945,-0.27443215,-0.27672475,-0.279887633,-0.285841233,-0.296235867,-0.306941067,-0.319751767,-0.3362181,-0.3566628,-0.381772283,-0.409997167,-0.4401096,-0.475457917,-0.509322033,-0.542597817,-0.574856717,-0.6071838,-0.639143267,-0.672614583,-0.704121617,-0.7347128,-0.76265155,-0.785447267,-0.804560267,-0.818990417,-0.82892385,-0.835440017,-0.838403317,-0.839098467,-0.83742435,-0.834375033,-0.830203817,-0.825403067,-0.8203403,-0.814935683,-0.8088434,-0.80187505,-0.793857167,-0.784963183,-0.775777533,-0.767423667,-0.760871917,-0.7559437,-0.751009517,-0.7447993,-0.73717485,-0.728870917,-0.720417783,-0.711979367,-0.703759217,-0.6957491,-0.687720867,-0.679709117,-0.671846033,-0.664167333,-0.656605967,-0.649165967,-0.64175265,-0.634451,-0.627359367,-0.620621483,-0.614171217,-0.607911833,-0.601625967,-0.595289833,-0.588828067,-0.5825553,-0.576686483,-0.57101465,-0.5651589,-0.558483317,-0.55089655,-0.543103267,-0.5362147,-0.531393533,-0.52965215,-0.531988617,-0.538748267,-0.548472317,-0.5584188,-0.566430917,-0.571733,-0.574648417,-0.575716867,-0.575539317,-0.57443365,-0.572550683,-0.570052333,-0.567036967,-0.56345,-0.559140217,-0.5542166,-0.549318017,-0.5452127,-0.542329883,-0.5405777,-0.53952085,-0.538833317,-0.538256233,-0.537791217,-0.537350833,-0.5369948,-0.53669655,-0.536496183,-0.536412533,-0.536413,-0.53648035,-0.536669917,-0.536922633,-0.537144783,-0.537365083,-0.53749605,-0.537502933,-0.537263017,-0.536728367,-0.5358026,-0.534490533,-0.532685167,-0.530183217,-0.52667645,-0.5219932,-0.5165749,-0.51136805,-0.507120833,-0.503917583,-0.501378233,-0.499210433,-0.49719525,-0.495185533,-0.493206783,-0.491172367,-0.4890327,-0.48677135,-0.48430345,-0.481557733,-0.4784839,-0.47491085,-0.470952933,-0.46687325,-0.462866267,-0.459139833,-0.45583425,-0.452937383,-0.450391817,-0.447994333,-0.445404883,-0.442273367,-0.4381422,-0.432620333,-0.425240133,-0.415867583,-0.40442165,-0.3913204,-0.3767139,-0.360919817,-0.343692017,-0.3247108,-0.303565683,-0.28062255,-0.2577615,-0.237779967,-0.222523467,-0.212268167,-0.20575405,-0.201654,-0.1992604,-0.198249767,-0.1984762,-0.199944983,-0.202590417,-0.206187167,-0.2105356,-0.215647933,-0.221331417,-0.227651283,-0.234699783,-0.242536933,-0.250686433,-0.259275617,-0.267913283,-0.276619433,-0.28513765,-0.29344405,-0.301613917,-0.3094769,-0.316624333,-0.323508333,-0.32980555,-0.335153117,-0.3397451,-0.3434393,-0.3460559,-0.347767817,-0.348784567,-0.348900167,-0.347775733,-0.346573,-0.3439171,-0.3410076,-0.336850417,-0.332782783,-0.327171417,-0.32103985,-0.315938817,-0.309468133,-0.302891517,-0.29787545,-0.292555967,-0.288029767,-0.28368115,-0.281814033,-0.27860475,-0.280503133,-0.28458905,-0.295319017,-0.314100233,-0.342743317,-0.377445983,6.8
114,-0.270502483,-0.272184517,-0.270629267,-0.271205583,-0.270287417,-0.268861683,-0.269348133,-0.269116967,-0.2696235,-0.26945785,-0.270133867,-0.274852167,-0.2789526,-0.283313317,-0.290834133,-0.2998422,-0.311626467,-0.32820645,-0.3443027,-0.364918467,-0.388846533,-0.417029733,-0.445036933,-0.477913417,-0.510189033,-0.542216567,-0.573744267,-0.605598067,-0.636606417,-0.667315483,-0.697028783,-0.725586067,-0.749939633,-0.7710387,-0.78761255,-0.800847433,-0.80988285,-0.815769467,-0.818149067,-0.818326517,-0.816005183,-0.81198715,-0.806756383,-0.801122617,-0.795214467,-0.789324483,-0.78302305,-0.776217483,-0.768324117,-0.759551467,-0.750443267,-0.7425069,-0.736760167,-0.732965233,-0.729348567,-0.724271383,-0.7175482,-0.709824433,-0.7019538,-0.69402745,-0.6862617,-0.678569517,-0.670835167,-0.663113067,-0.655430717,-0.647903333,-0.640460717,-0.6331122,-0.6257568,-0.618466067,-0.611394333,-0.604688633,-0.59825625,-0.592128583,-0.586227833,-0.58047925,-0.574777233,-0.569279067,-0.564048117,-0.558880217,-0.553308517,-0.546972467,-0.539845717,-0.532550767,-0.526154117,-0.52154995,-0.5196522,-0.521279317,-0.5268599,-0.535217333,-0.544064567,-0.55138895,-0.556292217,-0.5590725,-0.56007885,-0.55989005,-0.558769633,-0.556884167,-0.554402217,-0.551363483,-0.5477842,-0.543498483,-0.5386076,-0.53375125,-0.5297658,-0.526986283,-0.5253572,-0.524415533,-0.5238518,-0.52340275,-0.522991133,-0.52265175,-0.522378867,-0.522155683,-0.522002767,-0.521948633,-0.521992283,-0.522105533,-0.522284583,-0.5225486,-0.522774867,-0.522991933,-0.52310495,-0.52308135,-0.522825283,-0.5222845,-0.521364383,-0.5200348,-0.518203383,-0.5157182,-0.512224217,-0.507637217,-0.502299283,-0.497208333,-0.49308935,-0.489987817,-0.48757145,-0.48549585,-0.483521067,-0.481648217,-0.4797326,-0.477791,-0.475720333,-0.473567183,-0.47117505,-0.468548767,-0.46553155,-0.462138,-0.45832265,-0.45438645,-0.450517433,-0.44698075,-0.443819967,-0.441108917,-0.438746917,-0.436543717,-0.434143933,-0.4312807,-0.427480367,-0.422401167,-0.41552125,-0.406796883,-0.396244783,-0.384177517,-0.370827317,-0.356417433,-0.340776317,-0.323635517,-0.30461785,-0.284134967,-0.263821967,-0.246167017,-0.232788667,-0.223709167,-0.218014067,-0.214378933,-0.212254417,-0.21133795,-0.211570517,-0.212781933,-0.215118117,-0.218280867,-0.222036917,-0.226449983,-0.231496733,-0.23710105,-0.243314733,-0.250183133,-0.25749155,-0.265205583,-0.2728372,-0.280457183,-0.288192567,-0.295625717,-0.302870917,-0.3097724,-0.316428617,-0.322672617,-0.3282496,-0.333222083,-0.33726455,-0.3406519,-0.342674733,-0.344258633,-0.345262367,-0.345012517,-0.344197317,-0.34239225,-0.33996905,-0.33665085,-0.333262183,-0.32838625,-0.323594917,-0.318486817,-0.3128824,-0.307386233,-0.30054785,-0.295420083,-0.28939625,-0.284130317,-0.280481467,-0.2759352,-0.274168817,-0.275147117,-0.276135033,-0.2876149,-0.302675683,-0.331539533,-0.36295465,7.3
115,-0.26833005,-0.271210717,-0.2715826,-0.273008917,-0.270287483,-0.270193617,-0.270858467,-0.26982815,-0.271004283,-0.272001933,-0.272556917,-0.275947417,-0.2812313,-0.286251417,-0.2932021,-0.3031883,-0.315609883,-0.328687483,-0.34438295,-0.364774967,-0.3877307,-0.415580083,-0.4448984,-0.47764065,-0.5093763,-0.5401901,-0.569539117,-0.599380633,-0.630591967,-0.661326533,-0.6921996,-0.721270367,-0.74707515,-0.769512767,-0.786314967,-0.799213117,-0.80755515,-0.812286467,-0.813928783,-0.812918417,-0.809623733,-0.805099217,-0.799753033,-0.79397305,-0.788205967,-0.782409933,-0.77609815,-0.769164917,-0.76112015,-0.752480767,-0.74369595,-0.736061583,-0.730576167,-0.726934317,-0.723357233,-0.718425567,-0.711927917,-0.704601017,-0.697169783,-0.689697533,-0.682309967,-0.674970867,-0.6675909,-0.660147083,-0.652802567,-0.645662667,-0.638602717,-0.631677033,-0.62472205,-0.617813283,-0.61102895,-0.604501233,-0.598226067,-0.5922014,-0.586469933,-0.580873517,-0.57543395,-0.570272067,-0.5654704,-0.560782233,-0.555926233,-0.55045515,-0.544205483,-0.5377997,-0.532217,-0.5282826,-0.526847933,-0.528721583,-0.534050983,-0.541625833,-0.54918535,-0.555046167,-0.5586658,-0.56037185,-0.560584567,-0.559853083,-0.558309617,-0.556111417,-0.55337705,-0.5501536,-0.5464327,-0.542037883,-0.5370697,-0.5321382,-0.528065117,-0.525245767,-0.5235171,-0.522504667,-0.5218965,-0.521401317,-0.520953117,-0.52061565,-0.5203652,-0.52012905,-0.51998185,-0.519937117,-0.519992733,-0.52010145,-0.520309767,-0.52057685,-0.5208114,-0.52103535,-0.521164617,-0.521155817,-0.520920467,-0.5203986,-0.519478033,-0.518140983,-0.516344833,-0.5138879,-0.5104352,-0.50581975,-0.500491783,-0.4954302,-0.491266017,-0.488144583,-0.485655783,-0.483557533,-0.481576233,-0.479647367,-0.47772285,-0.475708067,-0.473609567,-0.471388767,-0.46896605,-0.466281133,-0.463222517,-0.459755883,-0.455857217,-0.45178055,-0.447839233,-0.444198767,-0.440914367,-0.4380705,-0.435580117,-0.433228683,-0.430718883,-0.427748883,-0.423812833,-0.4185658,-0.411581483,-0.40269065,-0.391994483,-0.379673417,-0.366038583,-0.3513051,-0.335178233,-0.317343617,-0.297518567,-0.27600905,-0.25457495,-0.235766,-0.221400167,-0.211625417,-0.205380617,-0.201356267,-0.198942517,-0.197865083,-0.1979872,-0.1993236,-0.201722733,-0.205053733,-0.20910955,-0.213729983,-0.219053883,-0.224994117,-0.2315649,-0.238761017,-0.246473117,-0.254520583,-0.262670067,-0.2707228,-0.278693417,-0.28643185,-0.2941123,-0.301442667,-0.3081421,-0.314621733,-0.32055625,-0.325519833,-0.32995915,-0.333365833,-0.335734617,-0.3374602,-0.338271867,-0.3384059,-0.337819367,-0.3361643,-0.333840733,-0.3303715,-0.326817833,-0.322670433,-0.317894633,-0.312410383,-0.3065057,-0.300658533,-0.29445675,-0.288633533,-0.2825363,-0.27753145,-0.274556117,-0.271306017,-0.26771315,-0.268544517,-0.270905983,-0.27999815,-0.296670033,-0.323559583,-0.356166433,7.7
116,-0.257472317,-0.260390883,-0.261248133,-0.259658967,-0.259290417,-0.259273967,-0.260099717,-0.25982825,-0.2590541,-0.2597982,-0.261235417,-0.2628194,-0.264677817,-0.270622267,-0.27364395,-0.280529483,-0.289819883,-0.3014558,-0.316628233,-0.336247617,-0.358599433,-0.384746017,-0.415235883,-0.4472591,-0.480376467,-0.514538667,-0.545748667,-0.578364,-0.610523683,-0.6443829,-0.675845733,-0.70569565,-0.7325349,-0.755273233,-0.773055917,-0.786905333,-0.796238183,-0.802227633,-0.804769633,-0.805004883,-0.803033617,-0.7996374,-0.795356917,-0.790648517,-0.785627217,-0.780555883,-0.77494405,-0.768441733,-0.760783467,-0.752002417,-0.74289465,-0.734791517,-0.728634033,-0.724273883,-0.71993445,-0.7141844,-0.70689745,-0.698808583,-0.690573133,-0.682336367,-0.674287533,-0.666388883,-0.658454667,-0.650555767,-0.642663633,-0.634976167,-0.627363533,-0.6197931,-0.6122501,-0.6048231,-0.59765325,-0.5909477,-0.584518717,-0.57828005,-0.5720246,-0.5655832,-0.558961683,-0.552393867,-0.546027533,-0.539726833,-0.53289065,-0.5249798,-0.515848717,-0.5064875,-0.49825445,-0.49258635,-0.490594883,-0.49354855,-0.501883917,-0.51396425,-0.52653845,-0.536875767,-0.544007783,-0.548228933,-0.550141733,-0.550491167,-0.549679217,-0.5479333,-0.5454487,-0.542317967,-0.5385526,-0.533989033,-0.528692183,-0.523408533,-0.5190824,-0.5161268,-0.514423233,-0.513468917,-0.5129147,-0.5124774,-0.51212225,-0.511851217,-0.511627383,-0.511482717,-0.511428417,-0.511504117,-0.511699617,-0.511942,-0.5122873,-0.5127172,-0.5131463,-0.513540417,-0.513809917,-0.5139522,-0.51383625,-0.5133352,-0.512486867,-0.511143217,-0.509269433,-0.506624217,-0.50285305,-0.49782745,-0.491991467,-0.486435583,-0.48194785,-0.478627333,-0.476024667,-0.473808583,-0.471716333,-0.469719667,-0.467688667,-0.46565235,-0.463468283,-0.4612128,-0.458668433,-0.45589765,-0.452732917,-0.449081867,-0.445063133,-0.440899867,-0.436824233,-0.4330832,-0.429672817,-0.426755283,-0.424191733,-0.421750967,-0.419076133,-0.41585425,-0.4116389,-0.405983017,-0.398458383,-0.388932233,-0.377498567,-0.36444595,-0.350145117,-0.334740167,-0.3181652,-0.300052783,-0.2800844,-0.258716083,-0.237705917,-0.219487617,-0.205810167,-0.1965703,-0.190753433,-0.1870965,-0.18503735,-0.184038217,-0.184274867,-0.18556895,-0.187924883,-0.1912002,-0.195072267,-0.1996084,-0.2047218,-0.21049485,-0.217063117,-0.224146083,-0.231892817,-0.239791433,-0.24778505,-0.255900117,-0.264043383,-0.27183685,-0.279591667,-0.287025567,-0.2940845,-0.3008131,-0.306794767,-0.312305233,-0.316593767,-0.320195333,-0.3230743,-0.325167583,-0.325644617,-0.325398067,-0.32519025,-0.323374967,-0.320887033,-0.31782485,-0.314387517,-0.309323833,-0.30441105,-0.299006817,-0.293258767,-0.288071967,-0.281848933,-0.27620355,-0.269668067,-0.264911267,-0.260174217,-0.258845467,-0.254612,-0.255110367,-0.2601845,-0.270255333,-0.286934383,-0.314447567,-0.348418167,8.15
117,-0.2552925,-0.258158067,-0.259184567,-0.259596633,-0.25712145,-0.258431283,-0.256895567,-0.25710585,-0.257413717,-0.256729183,-0.257731283,-0.2602117,-0.26284375,-0.2654928,-0.270007883,-0.2745561,-0.280697883,-0.289586933,-0.29747195,-0.311189933,-0.328032933,-0.34847455,-0.372025633,-0.396921883,-0.42655,-0.455108683,-0.483817833,-0.5142711,-0.544526833,-0.575394367,-0.605776217,-0.634720383,-0.660050333,-0.682544067,-0.700644867,-0.7151798,-0.726066767,-0.733970383,-0.73838095,-0.740900567,-0.74139255,-0.740158767,-0.737932767,-0.7354966,-0.73292495,-0.730265233,-0.727421817,-0.72394285,-0.719484167,-0.714124317,-0.7084532,-0.703568333,-0.700556183,-0.6990224,-0.697309783,-0.693986083,-0.6889529,-0.682913733,-0.676451717,-0.669802167,-0.6631066,-0.656387733,-0.649460883,-0.642513317,-0.635543867,-0.628763033,-0.622062217,-0.615348417,-0.608628633,-0.601886317,-0.595217983,-0.588759517,-0.582596433,-0.576586583,-0.570834567,-0.565239683,-0.55981,-0.554709433,-0.55005845,-0.54559615,-0.540984533,-0.535797683,-0.529962517,-0.523976833,-0.518691433,-0.51496005,-0.513581367,-0.515299033,-0.520386333,-0.527675967,-0.535077033,-0.540902833,-0.544604667,-0.546398417,-0.546738583,-0.5460325,-0.544517367,-0.542296217,-0.539497833,-0.536182667,-0.5322774,-0.527705933,-0.52247175,-0.517285767,-0.513009333,-0.510061817,-0.508330733,-0.507333533,-0.5067662,-0.506304667,-0.505925617,-0.505621283,-0.50540755,-0.50525755,-0.50517145,-0.505203417,-0.5053443,-0.5055576,-0.5058448,-0.5061948,-0.50655655,-0.506861117,-0.507093017,-0.507176717,-0.507005083,-0.50650885,-0.505604433,-0.504260283,-0.502426933,-0.4998586,-0.496227067,-0.491364033,-0.485727333,-0.48039655,-0.47604065,-0.4727872,-0.470231783,-0.468088633,-0.466051433,-0.464052733,-0.462077483,-0.4600503,-0.457888933,-0.455676667,-0.45318305,-0.45045405,-0.447334183,-0.443787083,-0.439815417,-0.43569995,-0.431690633,-0.427988483,-0.424713517,-0.421818883,-0.419300733,-0.41693235,-0.414342883,-0.411254283,-0.40716985,-0.401711167,-0.394437583,-0.385252817,-0.374132433,-0.3615234,-0.3476139,-0.332609983,-0.31635435,-0.2984976,-0.27874255,-0.257474067,-0.236487167,-0.218173683,-0.204305917,-0.194983383,-0.1889735,-0.1851872,-0.18302885,-0.181995833,-0.18213545,-0.183504317,-0.185764817,-0.18907175,-0.1930505,-0.197637617,-0.2027655,-0.20871305,-0.215189867,-0.2224159,-0.22997845,-0.238075317,-0.246066333,-0.254160317,-0.261908667,-0.269811667,-0.277429267,-0.284770283,-0.29171665,-0.29826235,-0.30430235,-0.309582417,-0.313917883,-0.317492533,-0.320370817,-0.321739233,-0.322459667,-0.322702617,-0.321950333,-0.320796633,-0.31781345,-0.31541065,-0.3112101,-0.307560217,-0.30194735,-0.296799883,-0.2912506,-0.284679317,-0.27927005,-0.273172333,-0.268201417,-0.264031283,-0.25705745,-0.255502,-0.253265533,-0.252324317,-0.254373633,-0.264412717,-0.2809729,-0.30772455,-0.340327233,8.1
118,-0.259180033,-0.263812817,-0.259803617,-0.2620973,-0.262084167,-0.260947967,-0.262519383,-0.2618549,-0.263414883,-0.2643327,-0.2645791,-0.26855855,-0.273043583,-0.279694117,-0.287731933,-0.297499417,-0.30981215,-0.326482467,-0.34612685,-0.36838405,-0.393192883,-0.423726283,-0.4551643,-0.48801745,-0.521421117,-0.5549824,-0.585771967,-0.61601345,-0.646491017,-0.6794677,-0.710779417,-0.741672017,-0.768605,-0.791863867,-0.810594917,-0.824830917,-0.834199367,-0.840200233,-0.84261765,-0.842491133,-0.839959167,-0.836091233,-0.831050517,-0.82569795,-0.819972233,-0.8141363,-0.807759617,-0.800537033,-0.792255733,-0.783082983,-0.773700483,-0.765205467,-0.758804667,-0.754150933,-0.749604117,-0.743643417,-0.736117917,-0.727806533,-0.7193541,-0.710918217,-0.702766283,-0.69476685,-0.686783767,-0.678838483,-0.670896033,-0.6631916,-0.655535333,-0.64796665,-0.640398917,-0.63299075,-0.6258178,-0.619116883,-0.612714,-0.6065557,-0.60042525,-0.5941414,-0.58766385,-0.581263983,-0.575061367,-0.568812367,-0.562001783,-0.553989867,-0.54477385,-0.535258783,-0.52693805,-0.521220317,-0.51928975,-0.5223793,-0.530816783,-0.542869617,-0.555227017,-0.56528695,-0.572101133,-0.57600575,-0.5776795,-0.577822483,-0.5768233,-0.57492265,-0.572302467,-0.569077083,-0.5652276,-0.560622333,-0.555318283,-0.550042083,-0.545682933,-0.542661267,-0.540839617,-0.539776233,-0.5391024,-0.5385666,-0.5381254,-0.537730833,-0.537419617,-0.537197983,-0.537027433,-0.537028117,-0.5370999,-0.537264767,-0.537537467,-0.5378613,-0.53819805,-0.538498617,-0.538712683,-0.53878425,-0.538589167,-0.538056033,-0.53714125,-0.53576385,-0.533861467,-0.531241117,-0.527521283,-0.522523867,-0.516779833,-0.511303183,-0.506860383,-0.503524667,-0.500907117,-0.498661967,-0.4965478,-0.494500283,-0.492459,-0.490388167,-0.488187,-0.485842017,-0.483290933,-0.4804738,-0.477261117,-0.473625567,-0.46958565,-0.465410283,-0.4613246,-0.457476817,-0.45407055,-0.45115655,-0.448512917,-0.446049233,-0.443342967,-0.44009305,-0.435841417,-0.430152467,-0.422589783,-0.412977433,-0.401414667,-0.388180267,-0.37355735,-0.357814267,-0.340721767,-0.321963917,-0.30121365,-0.278865917,-0.256756617,-0.23751455,-0.222967767,-0.213143817,-0.206851867,-0.202948633,-0.200718217,-0.19965665,-0.1999127,-0.201235183,-0.203670133,-0.2071615,-0.211334133,-0.21608395,-0.2215095,-0.2276128,-0.23450185,-0.242022933,-0.249896217,-0.25807475,-0.2664441,-0.27477605,-0.2830696,-0.29114965,-0.299007633,-0.306662233,-0.313853383,-0.320715383,-0.326625033,-0.332120633,-0.336570017,-0.339910017,-0.342833917,-0.344294633,-0.34492745,-0.344892317,-0.34392535,-0.34230895,-0.33989625,-0.336062817,-0.331985783,-0.3271278,-0.321038983,-0.316402867,-0.309122033,-0.303295917,-0.296347367,-0.290800783,-0.284443483,-0.278621767,-0.273847233,-0.271733517,-0.26693325,-0.267684733,-0.270266967,-0.28190495,-0.299121667,-0.32956935,-0.36325075,6.7
119,-0.247400733,-0.249625017,-0.248794833,-0.248477883,-0.248378683,-0.248381167,-0.2470566,-0.248413433,-0.247551583,-0.247644367,-0.248885817,-0.250169517,-0.2521953,-0.25493785,-0.259763267,-0.263372183,-0.2662328,-0.27352845,-0.281389633,-0.293025383,-0.306170867,-0.32242885,-0.342683517,-0.3665005,-0.3928446,-0.42173745,-0.4484614,-0.478284383,-0.50801025,-0.540242817,-0.570184017,-0.601280367,-0.62801365,-0.650037083,-0.66859155,-0.682810733,-0.692940783,-0.699915567,-0.704014567,-0.706341033,-0.706470967,-0.70555035,-0.70387285,-0.702120117,-0.700304367,-0.698515967,-0.69647465,-0.6935487,-0.689590467,-0.68454585,-0.6792436,-0.674890833,-0.672732717,-0.672388583,-0.671890083,-0.6697035,-0.665575167,-0.66035155,-0.654649117,-0.64866125,-0.6425334,-0.636440683,-0.630128433,-0.623745767,-0.6172975,-0.6108795,-0.604505433,-0.598129683,-0.5916239,-0.585127967,-0.578650133,-0.572376233,-0.56637175,-0.560554317,-0.554943083,-0.549529267,-0.544286367,-0.539460317,-0.535071383,-0.530974517,-0.5266924,-0.5218099,-0.516195467,-0.510386983,-0.50533065,-0.50193475,-0.501076367,-0.5035515,-0.509586867,-0.51792615,-0.52619135,-0.532677367,-0.536851533,-0.53899935,-0.539592433,-0.53912265,-0.5377868,-0.535748917,-0.53309905,-0.52993055,-0.526205567,-0.5217387,-0.516635167,-0.511556417,-0.5074313,-0.50462095,-0.50304465,-0.50219935,-0.501769433,-0.50147715,-0.501242733,-0.5010812,-0.500992367,-0.5009556,-0.50100625,-0.50116025,-0.501428917,-0.501742383,-0.502142083,-0.502612233,-0.503089433,-0.503491833,-0.5038078,-0.504007967,-0.503910933,-0.503486583,-0.50266225,-0.501378717,-0.499588683,-0.4970624,-0.493477583,-0.488633517,-0.48302965,-0.477705017,-0.4733887,-0.4701518,-0.467634417,-0.4655122,-0.463526267,-0.461568633,-0.4596309,-0.4576436,-0.4555483,-0.453300317,-0.45087675,-0.448163617,-0.445064633,-0.441537083,-0.437587417,-0.43351835,-0.429543633,-0.4258302,-0.4225487,-0.419705717,-0.417176017,-0.414812017,-0.412282217,-0.409220417,-0.405168633,-0.399755583,-0.392527433,-0.3833092,-0.372244183,-0.3596172,-0.345700967,-0.330682817,-0.31445515,-0.296708433,-0.276985033,-0.255855333,-0.235022467,-0.216779,-0.203014183,-0.193768733,-0.187828483,-0.1841247,-0.18185645,-0.180833433,-0.181046933,-0.182355967,-0.1846631,-0.18782615,-0.1917933,-0.196390783,-0.201520683,-0.207310433,-0.213750333,-0.220933567,-0.228543033,-0.23644425,-0.244460483,-0.252458483,-0.260390233,-0.2683439,-0.2758535,-0.283135717,-0.290143,-0.2968525,-0.302775333,-0.308152317,-0.312671267,-0.315999633,-0.318450517,-0.320524567,-0.321354867,-0.321416517,-0.32082315,-0.319318017,-0.3164735,-0.313652183,-0.309627,-0.305659367,-0.300630783,-0.295186583,-0.289262917,-0.283473367,-0.276894283,-0.271644883,-0.265518117,-0.260051883,-0.255269317,-0.251653283,-0.2491325,-0.2472778,-0.249806267,-0.256116267,-0.27138,-0.29662295,-0.327533217,8.5
120,-0.274857083,-0.275175133,-0.276489617,-0.274712433,-0.275430067,-0.27549855,-0.2752391,-0.2747288,-0.276221717,-0.275209367,-0.279010483,-0.2793056,-0.280866267,-0.285102583,-0.2891817,-0.294241383,-0.300466733,-0.31029665,-0.3198592,-0.331579317,-0.34956905,-0.37063345,-0.393517433,-0.420701783,-0.449850433,-0.481410967,-0.511914383,-0.543433817,-0.574341117,-0.607514233,-0.639399367,-0.66981405,-0.69740115,-0.720292183,-0.738755017,-0.753173117,-0.763322017,-0.769839833,-0.772935033,-0.773813867,-0.772555867,-0.769858867,-0.766356183,-0.762562333,-0.75860785,-0.754664167,-0.750348467,-0.745381983,-0.739343517,-0.732483517,-0.725403733,-0.7195769,-0.716053483,-0.714409817,-0.7128491,-0.709642433,-0.70468095,-0.6987215,-0.69234185,-0.68584515,-0.679276783,-0.672633833,-0.6657918,-0.658866567,-0.651849817,-0.645005467,-0.63822835,-0.631430117,-0.624591083,-0.617755733,-0.610994283,-0.6044667,-0.59823875,-0.592322567,-0.5867152,-0.581467283,-0.576492117,-0.571952067,-0.567886,-0.56418655,-0.560381417,-0.556192017,-0.55142145,-0.546468067,-0.542078467,-0.538982067,-0.53792275,-0.539536733,-0.54392985,-0.549989283,-0.55583265,-0.560070417,-0.562402733,-0.563179267,-0.5627645,-0.561567117,-0.559700283,-0.557276383,-0.554361483,-0.550972733,-0.547147183,-0.542689883,-0.537650967,-0.532695767,-0.528632133,-0.525798067,-0.5240663,-0.523013533,-0.52235815,-0.521825733,-0.521331883,-0.52091395,-0.520585033,-0.520309817,-0.520093317,-0.519960183,-0.51997165,-0.520021633,-0.52014085,-0.52032445,-0.520491567,-0.52063865,-0.5207189,-0.52065465,-0.520366833,-0.519780433,-0.51882545,-0.517462767,-0.515635567,-0.513148467,-0.509706983,-0.505136633,-0.499865283,-0.4948412,-0.490729033,-0.48765645,-0.48517745,-0.483090683,-0.481069267,-0.479123783,-0.477185217,-0.475228917,-0.473103267,-0.470925917,-0.468503917,-0.465839433,-0.46283465,-0.459398117,-0.455589217,-0.45161855,-0.447723833,-0.44416995,-0.440972367,-0.438269683,-0.4358453,-0.43363415,-0.43129415,-0.4284247,-0.4247139,-0.419742233,-0.413059817,-0.4045712,-0.394340467,-0.382535567,-0.3695457,-0.355437167,-0.3401043,-0.3231676,-0.304385267,-0.284038667,-0.26385905,-0.246088583,-0.232582467,-0.223373383,-0.217473583,-0.2136806,-0.21135765,-0.210306167,-0.210373067,-0.211471783,-0.21373295,-0.216749783,-0.220499917,-0.224841167,-0.22976255,-0.2352825,-0.241627367,-0.248460983,-0.255727967,-0.263248017,-0.270918967,-0.278522483,-0.286013667,-0.293353017,-0.300657283,-0.307505467,-0.314053283,-0.319991583,-0.325880417,-0.33050855,-0.334521417,-0.33785105,-0.340212867,-0.34184935,-0.342601717,-0.342697317,-0.341716283,-0.340470433,-0.33767005,-0.33438925,-0.3309099,-0.327104,-0.3214764,-0.316716333,-0.311296617,-0.30635365,-0.2996583,-0.2937598,-0.2893118,-0.283476967,-0.278951833,-0.276446717,-0.272753667,-0.272296467,-0.274412033,-0.283107467,-0.297818533,-0.324808283,-0.355803617,10.1
121,-0.254152583,-0.255808767,-0.255164833,-0.256440067,-0.255516983,-0.257099367,-0.257555583,-0.256651117,-0.254447133,-0.256111833,-0.257169667,-0.26015195,-0.261401833,-0.26294495,-0.266506017,-0.272627383,-0.279266267,-0.285350733,-0.29499945,-0.306796583,-0.322528933,-0.3409797,-0.363910233,-0.3886727,-0.417678833,-0.44587305,-0.473981767,-0.502246617,-0.5309064,-0.560713517,-0.58929955,-0.616082917,-0.641085017,-0.6629921,-0.68066225,-0.69585945,-0.707521533,-0.716411,-0.722286417,-0.725525867,-0.727010983,-0.726346267,-0.72487785,-0.72290285,-0.720605017,-0.718256417,-0.715773617,-0.712692367,-0.7086015,-0.703814717,-0.698758083,-0.6945397,-0.692165833,-0.6913012,-0.690137367,-0.687133667,-0.682311183,-0.6763405,-0.669982667,-0.663482683,-0.65693605,-0.650353217,-0.64360025,-0.63673145,-0.629766633,-0.622913017,-0.6160427,-0.60911755,-0.602109983,-0.59501645,-0.587990433,-0.5812619,-0.57482355,-0.5686427,-0.562675167,-0.556801867,-0.551075,-0.545597317,-0.540518767,-0.535571033,-0.530306433,-0.524249317,-0.5172535,-0.5101147,-0.503932467,-0.499804183,-0.4986591,-0.501440283,-0.508506867,-0.518554767,-0.528883433,-0.537331267,-0.54307455,-0.5463482,-0.547655467,-0.547644517,-0.546584983,-0.54469655,-0.542096517,-0.538932467,-0.535145217,-0.530591067,-0.525354917,-0.520157867,-0.51588345,-0.5129247,-0.51116505,-0.5101715,-0.509573317,-0.509114583,-0.5087209,-0.50842885,-0.50818295,-0.508016417,-0.507912067,-0.507955667,-0.508093217,-0.508277417,-0.5085739,-0.508944617,-0.50930305,-0.50960395,-0.509828717,-0.509898583,-0.509738067,-0.509221417,-0.50830455,-0.506915917,-0.505046367,-0.502400183,-0.498706183,-0.493775983,-0.488040567,-0.4826109,-0.478141083,-0.474832617,-0.4722224,-0.470007567,-0.467922417,-0.465866683,-0.463857867,-0.46178765,-0.45960305,-0.457308633,-0.454780383,-0.4519745,-0.448786183,-0.44516665,-0.441140883,-0.436939083,-0.432887433,-0.429090633,-0.4256924,-0.422773367,-0.420148633,-0.417670983,-0.41503485,-0.411851167,-0.407663483,-0.402108467,-0.39471005,-0.3853549,-0.374064267,-0.361175333,-0.346940617,-0.331586167,-0.314943083,-0.29662775,-0.276375133,-0.25448935,-0.232784483,-0.213863133,-0.199548667,-0.189763033,-0.1835837,-0.179659783,-0.177271317,-0.176290417,-0.176449417,-0.177840917,-0.1803074,-0.183631117,-0.187690917,-0.192479267,-0.197797017,-0.203834033,-0.21054915,-0.217907183,-0.22577425,-0.2340562,-0.242165517,-0.250480283,-0.258693917,-0.266768367,-0.274589617,-0.281899183,-0.289213717,-0.295898683,-0.301984433,-0.3074099,-0.311947967,-0.315483183,-0.3182885,-0.320055417,-0.321138917,-0.321245617,-0.32024105,-0.3188494,-0.316616917,-0.313772167,-0.30927765,-0.305417783,-0.29977055,-0.294359767,-0.28897985,-0.283043967,-0.2782309,-0.27051595,-0.265483933,-0.2616464,-0.256596283,-0.252787433,-0.249910233,-0.2482347,-0.25086165,-0.260494917,-0.276477133,-0.300484233,-0.333732433,10.2
122,-0.2694334,-0.26938,-0.269210317,-0.269425317,-0.269417333,-0.26999185,-0.270621067,-0.270340933,-0.270026267,-0.269983383,-0.27176325,-0.2736499,-0.277072383,-0.2806198,-0.285862467,-0.290983417,-0.298487267,-0.308983717,-0.3204493,-0.33830965,-0.357978567,-0.38136285,-0.407631667,-0.438361417,-0.4686938,-0.500654733,-0.5323306,-0.5633652,-0.595102583,-0.6273221,-0.659096267,-0.69018715,-0.7178693,-0.741530167,-0.760258467,-0.775540983,-0.785933767,-0.793152867,-0.796701567,-0.79780095,-0.79661675,-0.793985,-0.790380017,-0.786346283,-0.782192667,-0.7777608,-0.772916683,-0.767338367,-0.760629517,-0.753126317,-0.745360133,-0.7385344,-0.7337123,-0.730559183,-0.727365033,-0.722593683,-0.716208017,-0.708937283,-0.701390167,-0.693757933,-0.686191217,-0.678766433,-0.67120355,-0.663642317,-0.656142017,-0.648737117,-0.6414667,-0.634206733,-0.626921883,-0.619714533,-0.612631,-0.605841867,-0.599299867,-0.5929656,-0.586773,-0.5805791,-0.574439867,-0.568555333,-0.5630054,-0.557659833,-0.55204875,-0.545611267,-0.538327017,-0.530806717,-0.524239683,-0.519683667,-0.5181854,-0.520694467,-0.52749715,-0.537157467,-0.546887483,-0.554612633,-0.559600883,-0.562225317,-0.56302725,-0.562560117,-0.561172117,-0.558984817,-0.556168867,-0.55278795,-0.548811117,-0.544124267,-0.538806567,-0.533513283,-0.52916205,-0.526151667,-0.5243361,-0.523260067,-0.522617083,-0.522059017,-0.521621917,-0.521236567,-0.520937167,-0.520703617,-0.5205193,-0.5205144,-0.5205689,-0.520712,-0.5209471,-0.521254867,-0.521558933,-0.521825617,-0.522004283,-0.522047183,-0.521829033,-0.521277433,-0.5203344,-0.51895185,-0.517065783,-0.514419,-0.510711233,-0.50578795,-0.500121183,-0.494685083,-0.49030525,-0.487038533,-0.484434117,-0.482226683,-0.480130217,-0.478105533,-0.47609085,-0.474033867,-0.471838683,-0.469576717,-0.467038283,-0.464234533,-0.4611003,-0.4574876,-0.45351775,-0.449373267,-0.445329633,-0.441617667,-0.438291867,-0.435381133,-0.432791383,-0.43039725,-0.427784167,-0.424617967,-0.4204955,-0.41499255,-0.407634233,-0.39836245,-0.387154233,-0.374325,-0.360260733,-0.345056967,-0.328610517,-0.310578383,-0.290644733,-0.269199867,-0.247994467,-0.229557683,-0.215634933,-0.206255867,-0.20022505,-0.1965167,-0.194252717,-0.19329535,-0.193478733,-0.194739867,-0.197058433,-0.200333333,-0.20431105,-0.208878733,-0.214111483,-0.22004545,-0.22649525,-0.233677233,-0.241353,-0.249415167,-0.257395217,-0.265486633,-0.27345255,-0.281341367,-0.288925717,-0.296331767,-0.303364017,-0.309881433,-0.315908683,-0.32113085,-0.325540317,-0.329190417,-0.331518467,-0.333542433,-0.334439083,-0.334540933,-0.3334905,-0.332008833,-0.329612767,-0.3266742,-0.322740867,-0.318176617,-0.312788783,-0.308306117,-0.3021224,-0.296900433,-0.290168417,-0.284983783,-0.278945,-0.274605833,-0.269052317,-0.265615883,-0.263301033,-0.264427733,-0.267211183,-0.276534383,-0.2925107,-0.319600933,-0.3537158,7.8
123,-0.26878275,-0.27046745,-0.271402283,-0.269070833,-0.26947355,-0.27039515,-0.270049683,-0.27050985,-0.270191517,-0.271252417,-0.273484733,-0.273230483,-0.27373225,-0.2778668,-0.280450633,-0.286082017,-0.2899443,-0.298378517,-0.306329417,-0.317473967,-0.332561917,-0.34893815,-0.36938185,-0.394058333,-0.420522517,-0.4492404,-0.47886435,-0.511079517,-0.54227445,-0.573968633,-0.604878517,-0.63452515,-0.6610582,-0.6844704,-0.7036156,-0.7190104,-0.7312803,-0.739697117,-0.745439733,-0.749000667,-0.75028595,-0.749853117,-0.74864185,-0.7471922,-0.745596533,-0.744156483,-0.742264233,-0.739844867,-0.736136717,-0.731205467,-0.725751317,-0.720964283,-0.718163233,-0.717111833,-0.71593845,-0.712946417,-0.707956767,-0.701876667,-0.695341183,-0.68859585,-0.6818797,-0.675111917,-0.668166367,-0.661106867,-0.653978217,-0.646869367,-0.639740383,-0.632619583,-0.625399283,-0.618215183,-0.611213283,-0.604578783,-0.598307367,-0.592260883,-0.586460583,-0.580766067,-0.57500805,-0.569298517,-0.563617367,-0.557689717,-0.5509754,-0.543070867,-0.5339661,-0.524630533,-0.516406833,-0.51056605,-0.508255967,-0.510550867,-0.517966867,-0.52896815,-0.540513167,-0.550027283,-0.556529333,-0.560264667,-0.561856767,-0.561934633,-0.560892433,-0.55896675,-0.556295,-0.553023667,-0.549096183,-0.54441025,-0.539051583,-0.5337059,-0.5292872,-0.526238683,-0.5244028,-0.523299167,-0.5226275,-0.52209105,-0.521615717,-0.521231583,-0.520884317,-0.520647783,-0.520466467,-0.520441217,-0.520502083,-0.520630967,-0.520885117,-0.521199433,-0.521511017,-0.521785083,-0.521978,-0.5220246,-0.52182715,-0.521264533,-0.520319233,-0.51892975,-0.51702015,-0.5143375,-0.510607667,-0.505640783,-0.499880633,-0.49441955,-0.489989767,-0.486673733,-0.484067017,-0.48185215,-0.47975535,-0.4777404,-0.47570435,-0.473639633,-0.471482783,-0.469159733,-0.466654533,-0.4638764,-0.460741383,-0.45714055,-0.453160433,-0.4490532,-0.445041117,-0.441359433,-0.438023783,-0.435143183,-0.43261405,-0.430199667,-0.427676967,-0.424587933,-0.42052255,-0.41509665,-0.407878783,-0.398706233,-0.387677683,-0.375134467,-0.36128905,-0.346419333,-0.330370333,-0.312775467,-0.29328825,-0.272410483,-0.25175825,-0.233769883,-0.2201594,-0.211007917,-0.20515645,-0.20147635,-0.199294533,-0.19838535,-0.198521033,-0.19974975,-0.20205675,-0.205213133,-0.209088683,-0.213573117,-0.21861025,-0.224371633,-0.230721083,-0.23777845,-0.245236383,-0.253042433,-0.2608734,-0.268661633,-0.27636495,-0.284129267,-0.291604033,-0.298681583,-0.305482967,-0.311813933,-0.317691917,-0.322840333,-0.32702,-0.330401967,-0.332999517,-0.334825717,-0.335566683,-0.335444267,-0.335116317,-0.332921333,-0.330947267,-0.327736,-0.324237817,-0.319442617,-0.314401767,-0.309657733,-0.303720733,-0.298242333,-0.291789183,-0.286865983,-0.2810779,-0.27657235,-0.271186783,-0.26750815,-0.265215517,-0.264706683,-0.2684298,-0.277029067,-0.294664683,-0.3190827,-0.350826483,9.2
124,-0.267778983,-0.270395517,-0.267642167,-0.273281683,-0.270547817,-0.271791717,-0.2695866,-0.27227695,-0.269739667,-0.270648667,-0.27208545,-0.2720683,-0.2756457,-0.277528317,-0.28145135,-0.283643,-0.287889567,-0.292702917,-0.298973583,-0.308663717,-0.318575517,-0.3316016,-0.348595333,-0.3693564,-0.391083717,-0.418230983,-0.445549767,-0.47574925,-0.505410017,-0.538417033,-0.5696384,-0.600364983,-0.62890415,-0.6534057,-0.674308317,-0.6909907,-0.703942183,-0.71346395,-0.7201387,-0.72421825,-0.726511533,-0.727293983,-0.727024283,-0.7263233,-0.725393,-0.724226767,-0.72247155,-0.7202683,-0.71689945,-0.712616683,-0.707966117,-0.704136417,-0.7020446,-0.70130355,-0.700358483,-0.697764633,-0.693573333,-0.6882752,-0.682578833,-0.676576133,-0.670458233,-0.66432075,-0.657887567,-0.65132605,-0.644747767,-0.638312167,-0.6319197,-0.625590483,-0.619206883,-0.612719667,-0.606263783,-0.599961683,-0.593904883,-0.5880821,-0.582505533,-0.577231433,-0.5722409,-0.567650467,-0.5635442,-0.559798867,-0.55608355,-0.55206835,-0.547586917,-0.542990867,-0.538917717,-0.535967567,-0.5348016,-0.536050233,-0.539802133,-0.5451198,-0.5502583,-0.55396145,-0.555980917,-0.556558,-0.5560769,-0.554866017,-0.553065117,-0.5507332,-0.54793625,-0.54472125,-0.5410496,-0.536771033,-0.5320155,-0.527273167,-0.523415433,-0.520716,-0.5191076,-0.518131583,-0.517536017,-0.517036983,-0.5166358,-0.516279183,-0.515970683,-0.515728567,-0.515559917,-0.515488867,-0.51548285,-0.5155516,-0.515708167,-0.5158888,-0.5160755,-0.5162063,-0.516290233,-0.516233267,-0.51596115,-0.515396,-0.514485117,-0.5131896,-0.51144015,-0.509039217,-0.5057074,-0.50131425,-0.496274583,-0.491423717,-0.487496733,-0.4845198,-0.482184017,-0.480183717,-0.478271467,-0.476434783,-0.4745877,-0.472686867,-0.470666017,-0.46855325,-0.466233967,-0.463648983,-0.46075745,-0.4574337,-0.453722233,-0.4498607,-0.44611585,-0.442655917,-0.439617317,-0.436943833,-0.434627183,-0.432520033,-0.430189867,-0.427380667,-0.423701817,-0.418749117,-0.4121007,-0.403610117,-0.393371133,-0.381524083,-0.368463583,-0.354236017,-0.338688467,-0.321497217,-0.30223275,-0.281290767,-0.260421133,-0.2422124,-0.2282666,-0.218827617,-0.212750017,-0.209011883,-0.206798283,-0.2057797,-0.206051933,-0.2073642,-0.20979535,-0.213190783,-0.2171972,-0.221795417,-0.227021233,-0.23290585,-0.239542183,-0.246562683,-0.254199567,-0.262068083,-0.269920567,-0.2778552,-0.285589133,-0.29322485,-0.3005242,-0.3077194,-0.314218033,-0.320626783,-0.326386133,-0.331272467,-0.335364,-0.338517083,-0.34094555,-0.342665867,-0.343220667,-0.34270185,-0.342635317,-0.341146817,-0.3387428,-0.335924733,-0.331510067,-0.327479133,-0.3226255,-0.316898933,-0.311567733,-0.305455183,-0.299770233,-0.2941493,-0.288267617,-0.28335835,-0.277996017,-0.27504,-0.271306583,-0.26975195,-0.27074645,-0.2790568,-0.295300333,-0.317187383,-0.349674567,9.4
125,-0.2714359,-0.270721733,-0.271589967,-0.271083083,-0.2718103,-0.269335833,-0.27131705,-0.271595433,-0.2710787,-0.273183417,-0.27262495,-0.275107983,-0.2753498,-0.279347917,-0.2815446,-0.2859961,-0.291731533,-0.2994724,-0.307459217,-0.3198603,-0.33434395,-0.353926317,-0.376224267,-0.4028183,-0.430521267,-0.46129365,-0.490935283,-0.52244865,-0.553374533,-0.587641983,-0.620998067,-0.65288955,-0.681164833,-0.705415933,-0.725393333,-0.7413917,-0.753002033,-0.761252167,-0.766173517,-0.768907767,-0.7693375,-0.768410867,-0.766260717,-0.76385375,-0.761024233,-0.75811815,-0.754615333,-0.750208133,-0.74456005,-0.73789345,-0.73087115,-0.7248683,-0.720910567,-0.718678333,-0.716532867,-0.7128044,-0.707366783,-0.700977567,-0.694213733,-0.687353133,-0.680491867,-0.6736245,-0.666629067,-0.6595138,-0.6524268,-0.645496783,-0.638660883,-0.63183805,-0.625071967,-0.618325033,-0.611675683,-0.605302883,-0.59918275,-0.593359667,-0.5877195,-0.582293967,-0.577017467,-0.572140483,-0.56769465,-0.563526483,-0.559333633,-0.554718633,-0.549436167,-0.543995767,-0.539182467,-0.535675933,-0.534345517,-0.535938333,-0.540540717,-0.5469991,-0.553291667,-0.557992033,-0.560714383,-0.561830817,-0.561734033,-0.560816217,-0.559257133,-0.557158667,-0.554586083,-0.551589767,-0.548094983,-0.54402295,-0.539377933,-0.534776583,-0.53101055,-0.528394917,-0.526822933,-0.525890583,-0.52533425,-0.5248633,-0.524441583,-0.52408975,-0.523799033,-0.523563683,-0.523370683,-0.523311967,-0.523296367,-0.52336005,-0.5235138,-0.52369955,-0.523898983,-0.524036067,-0.52409775,-0.524047217,-0.523808567,-0.523238,-0.52235275,-0.521037383,-0.519282633,-0.516916383,-0.513556633,-0.509128383,-0.504022517,-0.4991508,-0.495162117,-0.492182533,-0.489779767,-0.48773535,-0.485798767,-0.483915033,-0.482015467,-0.480071433,-0.478027467,-0.475857233,-0.473489533,-0.4708751,-0.4679022,-0.46450055,-0.460718517,-0.456806433,-0.452973367,-0.44945845,-0.446307567,-0.443590083,-0.441201883,-0.4389995,-0.4366342,-0.433704617,-0.429863483,-0.424703517,-0.417777483,-0.408922133,-0.398268583,-0.386000917,-0.372426017,-0.357700217,-0.341591083,-0.323832,-0.304048517,-0.282617867,-0.261362933,-0.242735733,-0.228678333,-0.219092667,-0.213050583,-0.209268983,-0.2070076,-0.206080517,-0.206287217,-0.207576583,-0.2100214,-0.213397433,-0.217436933,-0.222106867,-0.227408717,-0.233358217,-0.239955833,-0.2471867,-0.254771167,-0.262907233,-0.270840367,-0.278907933,-0.286923333,-0.294691483,-0.30210805,-0.309513033,-0.316330433,-0.322793533,-0.32843285,-0.333689233,-0.337995633,-0.341190567,-0.3439147,-0.345334417,-0.3458873,-0.346015983,-0.344741233,-0.343947533,-0.340948417,-0.337985167,-0.333927,-0.330313867,-0.324379983,-0.31880385,-0.313011733,-0.306752633,-0.3009465,-0.295438217,-0.290002883,-0.28450035,-0.278405417,-0.276884533,-0.273542517,-0.27207235,-0.272705433,-0.282512967,-0.296802367,-0.323233983,-0.3548281,7.5
126,-0.258315567,-0.262508333,-0.260105483,-0.260213733,-0.259924217,-0.259316267,-0.258452567,-0.260302417,-0.258557417,-0.258386083,-0.2605869,-0.262652133,-0.263845083,-0.26563,-0.267427733,-0.2722983,-0.27707135,-0.284027783,-0.289827167,-0.299903833,-0.311615267,-0.326877483,-0.344993617,-0.366018117,-0.390165867,-0.41682465,-0.445724517,-0.474924417,-0.505946917,-0.5391662,-0.570047783,-0.600806783,-0.628252017,-0.6531929,-0.673801233,-0.6912753,-0.705088017,-0.715828933,-0.723370567,-0.728640867,-0.731411867,-0.732969267,-0.732817083,-0.732352017,-0.731279867,-0.730185933,-0.728297433,-0.725776617,-0.722120617,-0.717416467,-0.71225925,-0.7076252,-0.70477645,-0.703324083,-0.701634883,-0.698321317,-0.69327975,-0.687209533,-0.680780133,-0.674113233,-0.667535983,-0.66087305,-0.654075417,-0.647170833,-0.640180783,-0.63329455,-0.626302217,-0.61925925,-0.612178333,-0.605125417,-0.598245333,-0.591687283,-0.585407817,-0.57942575,-0.57356765,-0.56769915,-0.5618355,-0.5560625,-0.550523833,-0.54500735,-0.538968417,-0.53197495,-0.523996033,-0.515852617,-0.508702133,-0.503658467,-0.501776083,-0.504025317,-0.510928217,-0.5211682,-0.531928683,-0.540940717,-0.5471906,-0.550880417,-0.55255615,-0.552794467,-0.551983117,-0.550332833,-0.5480089,-0.5450998,-0.541594333,-0.5374034,-0.53260195,-0.527803783,-0.5238527,-0.521114133,-0.519493733,-0.518518117,-0.51790095,-0.517411817,-0.516972133,-0.516600217,-0.51627065,-0.516005683,-0.515796817,-0.515723267,-0.51572765,-0.515775417,-0.515938917,-0.516129633,-0.5163478,-0.51650135,-0.516587083,-0.516536917,-0.516286617,-0.515691683,-0.514755983,-0.51340505,-0.511607267,-0.509095217,-0.505649833,-0.5010651,-0.495809467,-0.490781017,-0.48670905,-0.483657817,-0.4812545,-0.47917495,-0.47721165,-0.475329867,-0.473410533,-0.471449967,-0.46939665,-0.467216267,-0.464821367,-0.4622127,-0.4592675,-0.455850067,-0.452060983,-0.448152767,-0.4443209,-0.440829517,-0.437688367,-0.4350001,-0.4326614,-0.430461567,-0.4281427,-0.42530625,-0.421572717,-0.41652285,-0.409768867,-0.401159983,-0.39077705,-0.378848867,-0.365683983,-0.351453667,-0.335943617,-0.318870217,-0.299869633,-0.2792986,-0.258917983,-0.241099083,-0.227686283,-0.218530717,-0.21269995,-0.209019967,-0.2068445,-0.205896467,-0.206086283,-0.207387367,-0.209668467,-0.212869867,-0.2166704,-0.2211214,-0.226165917,-0.231868933,-0.238167883,-0.245082883,-0.252413767,-0.2601718,-0.267776167,-0.275529467,-0.283091783,-0.290560767,-0.297755633,-0.304598517,-0.311142717,-0.317427767,-0.32288545,-0.327817417,-0.3317664,-0.335313517,-0.337317983,-0.33903395,-0.339386533,-0.339240617,-0.3385808,-0.3369579,-0.3346814,-0.331676167,-0.327726533,-0.323308517,-0.317111067,-0.312826267,-0.30758075,-0.301948433,-0.2958647,-0.289715083,-0.283294217,-0.278616,-0.273965533,-0.27030075,-0.266379633,-0.264316783,-0.265176067,-0.27594255,-0.292100517,-0.314735933,-0.345086933,9.8
127,-0.27910675,-0.281618267,-0.280591417,-0.283320917,-0.282329817,-0.282740217,-0.282871233,-0.284191733,-0.28514815,-0.286096733,-0.286709917,-0.289138717,-0.291067833,-0.294079983,-0.29617115,-0.30205275,-0.306529117,-0.310555133,-0.318117783,-0.326312783,-0.3360567,-0.3501511,-0.365060567,-0.383625633,-0.40580285,-0.43194635,-0.4576323,-0.486949317,-0.516049033,-0.546719917,-0.577335417,-0.606289833,-0.632315,-0.655170767,-0.673631917,-0.688655767,-0.700099083,-0.708117917,-0.713660033,-0.717074183,-0.718642583,-0.718927767,-0.718637267,-0.7177673,-0.717006833,-0.716041517,-0.714941183,-0.713236083,-0.71051095,-0.706958133,-0.703182733,-0.700334717,-0.6993949,-0.699939,-0.700178783,-0.698619017,-0.69517105,-0.690583383,-0.685525033,-0.680118783,-0.674545467,-0.668784683,-0.662717767,-0.656471933,-0.650132417,-0.643807967,-0.637366217,-0.63089305,-0.624259267,-0.617593083,-0.610936317,-0.60449925,-0.598304517,-0.592439183,-0.586907667,-0.581693433,-0.57676575,-0.572410783,-0.568627383,-0.565311083,-0.562122217,-0.55862775,-0.554548067,-0.5503337,-0.546581317,-0.544010417,-0.543348533,-0.545341283,-0.5501286,-0.556575883,-0.56278455,-0.567361017,-0.569931533,-0.57090025,-0.570698133,-0.569685117,-0.568028433,-0.565818167,-0.563140717,-0.56004255,-0.556493117,-0.55233975,-0.547681367,-0.54303955,-0.539197367,-0.536502783,-0.534842383,-0.533790633,-0.533102733,-0.53251375,-0.5320226,-0.531582383,-0.531185267,-0.530872967,-0.53060835,-0.53047175,-0.53038085,-0.53035565,-0.530402767,-0.53051125,-0.53063305,-0.530669983,-0.53064015,-0.530524167,-0.530199717,-0.5295654,-0.528597683,-0.527249517,-0.525499333,-0.5231024,-0.519819817,-0.51546205,-0.510482983,-0.50571465,-0.501765883,-0.498818767,-0.496432567,-0.494400817,-0.49245655,-0.490564733,-0.488692933,-0.486730533,-0.484679817,-0.4825116,-0.480155817,-0.4775345,-0.47461305,-0.471219683,-0.46747265,-0.463588717,-0.459740483,-0.456272733,-0.453135117,-0.450392883,-0.44806545,-0.445859033,-0.443582033,-0.440800533,-0.43717915,-0.4322897,-0.425740383,-0.4174042,-0.407304917,-0.39568295,-0.382715983,-0.368592883,-0.353171683,-0.336019217,-0.316800467,-0.295912133,-0.274949417,-0.2566091,-0.2425181,-0.232893333,-0.22667075,-0.22272145,-0.220300917,-0.2191232,-0.219243533,-0.220436167,-0.222754667,-0.2260264,-0.229916633,-0.234597017,-0.23967665,-0.24550515,-0.25203,-0.25906765,-0.266484133,-0.274341033,-0.282181333,-0.2900622,-0.297586333,-0.3050977,-0.312489883,-0.319275817,-0.325668367,-0.332287083,-0.337593333,-0.342467533,-0.3466444,-0.34963785,-0.352150533,-0.353529617,-0.353848567,-0.354231167,-0.3533941,-0.3515234,-0.349531167,-0.34620885,-0.342441733,-0.338458217,-0.333045383,-0.327810667,-0.32228395,-0.3165487,-0.310122217,-0.304822733,-0.2986294,-0.292995917,-0.288377733,-0.28431165,-0.280590483,-0.279089567,-0.281100867,-0.287314017,-0.300159933,-0.32556345,-0.352602167,10.1
128,-0.271979767,-0.274058583,-0.273472883,-0.27495515,-0.275036683,-0.273278,-0.27426625,-0.273260583,-0.272498817,-0.27479995,-0.275224267,-0.276869633,-0.279935133,-0.280777617,-0.285524383,-0.289185533,-0.293940683,-0.30151005,-0.309510467,-0.322564867,-0.337827467,-0.35698715,-0.378818233,-0.4061189,-0.434698267,-0.463506767,-0.49424385,-0.5243169,-0.55613145,-0.5902584,-0.622140033,-0.655733917,-0.685612033,-0.71093785,-0.73226685,-0.748852767,-0.761658833,-0.770152717,-0.775502033,-0.778080167,-0.778302967,-0.776908717,-0.774528333,-0.771611917,-0.76840195,-0.76503055,-0.761043517,-0.756223717,-0.750056267,-0.742870717,-0.735387867,-0.72917595,-0.725374567,-0.723761083,-0.72224455,-0.719068933,-0.714112317,-0.708088683,-0.701659967,-0.695092317,-0.688368883,-0.681736483,-0.674799167,-0.667773017,-0.6607583,-0.65400925,-0.64734745,-0.640735933,-0.634184567,-0.627548967,-0.6210757,-0.614804917,-0.608831883,-0.6031746,-0.597945467,-0.593093967,-0.588622783,-0.584603467,-0.581001317,-0.5776035,-0.574149817,-0.570422383,-0.566291567,-0.562053317,-0.558256817,-0.5554264,-0.554095083,-0.5547702,-0.557457217,-0.561267767,-0.564841533,-0.56720075,-0.56815315,-0.567983983,-0.5669468,-0.565323017,-0.563162267,-0.560492017,-0.557371933,-0.553821333,-0.549806583,-0.5451515,-0.53993715,-0.534820867,-0.5306052,-0.527707167,-0.5259674,-0.52497835,-0.524361567,-0.523871083,-0.523457117,-0.523144367,-0.522850667,-0.522668733,-0.5225055,-0.522512717,-0.522561683,-0.52268565,-0.52291605,-0.5231725,-0.52343675,-0.523650267,-0.52377675,-0.5237885,-0.5235635,-0.522995167,-0.52206585,-0.520693867,-0.518864,-0.51632305,-0.512759183,-0.508058383,-0.502605383,-0.4974189,-0.493194833,-0.4900484,-0.48756205,-0.485450083,-0.483433167,-0.48148315,-0.479532733,-0.47752315,-0.4754296,-0.473193,-0.470733067,-0.468046467,-0.4649729,-0.46147585,-0.457598967,-0.453516067,-0.44959595,-0.4459389,-0.44271565,-0.439861017,-0.43737565,-0.435043483,-0.432536917,-0.429470333,-0.425450717,-0.4201312,-0.412960833,-0.403860417,-0.392862633,-0.380361633,-0.366516017,-0.351567433,-0.33525295,-0.31738555,-0.297402383,-0.2759873,-0.254755867,-0.2362418,-0.2222549,-0.212695483,-0.206700667,-0.202908317,-0.200690333,-0.199692133,-0.199939067,-0.201309517,-0.203659667,-0.206992867,-0.210988467,-0.215696383,-0.2209461,-0.226840283,-0.233549683,-0.240804433,-0.248510683,-0.256546367,-0.264592883,-0.272719467,-0.28067875,-0.288583733,-0.296183083,-0.303633533,-0.310481717,-0.3171634,-0.32309495,-0.3283967,-0.332492067,-0.33622215,-0.33863925,-0.340790267,-0.341298467,-0.341309633,-0.3405954,-0.338928033,-0.336918483,-0.333444267,-0.329199767,-0.325724133,-0.320635617,-0.314866033,-0.309150767,-0.303233117,-0.297766767,-0.291256767,-0.285719583,-0.280678133,-0.276717217,-0.272760417,-0.268597433,-0.269422483,-0.270402567,-0.281580883,-0.296696183,-0.32240645,-0.355071533,9.2
129,-0.267172433,-0.2705868,-0.269224667,-0.268719183,-0.269309033,-0.269775617,-0.27130435,-0.271392717,-0.269544483,-0.271425967,-0.274226667,-0.275722283,-0.277276717,-0.281638417,-0.28726095,-0.2914874,-0.298703733,-0.30753465,-0.318083717,-0.330245517,-0.343919183,-0.364058717,-0.385825333,-0.409744667,-0.435155933,-0.4624234,-0.490680383,-0.519350467,-0.548495667,-0.580497817,-0.61023535,-0.640076233,-0.66643215,-0.689325067,-0.7076937,-0.722407767,-0.732773283,-0.740229717,-0.744310567,-0.746060217,-0.74593725,-0.744382317,-0.742118083,-0.739704883,-0.737165717,-0.734537267,-0.731460583,-0.727572517,-0.7224971,-0.7163191,-0.710015067,-0.704946283,-0.702347417,-0.701788917,-0.701303817,-0.69903375,-0.694971817,-0.689789433,-0.684172733,-0.678273183,-0.672239583,-0.6661136,-0.659818233,-0.65338065,-0.646958733,-0.640760367,-0.634684583,-0.62864215,-0.622598683,-0.616456417,-0.610337667,-0.6043564,-0.598616583,-0.593134567,-0.588132333,-0.58355915,-0.579423883,-0.57577775,-0.572566083,-0.56967465,-0.566845833,-0.5638601,-0.560522083,-0.557145733,-0.554117833,-0.551866333,-0.550823917,-0.551455133,-0.553751167,-0.55696205,-0.559903333,-0.561788133,-0.562448533,-0.562110367,-0.56109135,-0.559513067,-0.55750525,-0.555011433,-0.55209635,-0.548804783,-0.545078517,-0.54075535,-0.535896583,-0.531114017,-0.527168317,-0.524445317,-0.522814417,-0.52187515,-0.521304233,-0.520835967,-0.5204769,-0.520166617,-0.5198965,-0.519702283,-0.5195605,-0.519540417,-0.519572433,-0.519686183,-0.519864683,-0.520090033,-0.520340767,-0.520511683,-0.520615033,-0.520576417,-0.520329883,-0.519764867,-0.518859833,-0.517544333,-0.515786017,-0.513357583,-0.509954567,-0.505465483,-0.50029385,-0.4953417,-0.491291,-0.488245767,-0.48583465,-0.483771017,-0.481794333,-0.479911217,-0.478018467,-0.476061483,-0.473986783,-0.471792067,-0.469387783,-0.4667338,-0.463746333,-0.460290583,-0.456483267,-0.452534283,-0.448641367,-0.4450318,-0.441859483,-0.43908625,-0.436632383,-0.434411,-0.431967517,-0.429052967,-0.425198967,-0.4200796,-0.413189267,-0.404444533,-0.3937923,-0.3816651,-0.368144483,-0.3534835,-0.33748325,-0.319727317,-0.299951467,-0.278513733,-0.2571963,-0.2384437,-0.224282667,-0.2145138,-0.208298333,-0.204362017,-0.201993383,-0.2008886,-0.20105765,-0.202370717,-0.204731833,-0.208111183,-0.212172883,-0.21680335,-0.222130217,-0.228160833,-0.234675867,-0.242011233,-0.24969865,-0.2577389,-0.2657668,-0.273891117,-0.281908417,-0.289447933,-0.297050583,-0.30447765,-0.311029717,-0.317642317,-0.323430967,-0.328343183,-0.332636,-0.336054483,-0.338741433,-0.340539033,-0.340947967,-0.34102075,-0.340061383,-0.33880805,-0.335951983,-0.332773633,-0.3290114,-0.32468325,-0.319490467,-0.31409225,-0.309042167,-0.3033186,-0.29632605,-0.291052483,-0.284679667,-0.279384017,-0.274306533,-0.270071133,-0.267916933,-0.265241933,-0.267167283,-0.274775,-0.289653433,-0.31392595,-0.344093,10.8
130,-0.27165065,-0.272881433,-0.2725521,-0.272651133,-0.272259733,-0.274995283,-0.272990167,-0.272807883,-0.27374615,-0.274513467,-0.27492285,-0.276937867,-0.279090667,-0.281200183,-0.28474235,-0.287287683,-0.29201935,-0.29674475,-0.301657917,-0.308563567,-0.316609383,-0.329295317,-0.342227117,-0.359759717,-0.379133767,-0.402778967,-0.427465,-0.455076917,-0.484422983,-0.51554885,-0.545320767,-0.57625035,-0.604926917,-0.6297663,-0.6506064,-0.66772075,-0.6819677,-0.692377367,-0.699907717,-0.705246517,-0.708574217,-0.710601117,-0.711435883,-0.712109,-0.712439717,-0.712662783,-0.712333233,-0.711127433,-0.708671617,-0.70515005,-0.701092483,-0.69803105,-0.697032483,-0.69764765,-0.698141117,-0.69689685,-0.693745217,-0.689466083,-0.68464745,-0.6794411,-0.674069917,-0.668516367,-0.66264315,-0.6566174,-0.650464883,-0.6444307,-0.6384256,-0.63243945,-0.62631155,-0.620116083,-0.613878683,-0.6078062,-0.601893283,-0.596277717,-0.591077483,-0.586213933,-0.581774217,-0.577827267,-0.574364033,-0.571207017,-0.568090033,-0.564875233,-0.561335783,-0.55775685,-0.554571367,-0.552169883,-0.55103055,-0.5515703,-0.553878483,-0.5571679,-0.560256017,-0.5622624,-0.563050167,-0.562813617,-0.56181455,-0.560323867,-0.558355267,-0.555942367,-0.55313325,-0.549945733,-0.546323483,-0.5421672,-0.537505067,-0.532921467,-0.52914755,-0.5265308,-0.5249493,-0.5240189,-0.52344765,-0.522981367,-0.522558033,-0.52221615,-0.521894033,-0.521652,-0.521466567,-0.5213976,-0.521376367,-0.52140415,-0.521517467,-0.521649467,-0.521814167,-0.521911567,-0.521965183,-0.521858683,-0.521577317,-0.52099325,-0.520081533,-0.518792183,-0.5170662,-0.5147373,-0.511477717,-0.50720605,-0.502244617,-0.497553483,-0.493702517,-0.49079875,-0.48846785,-0.4864919,-0.484585167,-0.4827471,-0.480890867,-0.478999367,-0.476999067,-0.47486995,-0.472532683,-0.46997575,-0.467092467,-0.463784233,-0.4600737,-0.45625935,-0.452487567,-0.449053883,-0.44598535,-0.443385267,-0.441096667,-0.43901,-0.4367795,-0.434082617,-0.43049705,-0.425635417,-0.4191491,-0.4108729,-0.40086305,-0.389285617,-0.376468617,-0.362563117,-0.347280467,-0.330323167,-0.311384667,-0.290834867,-0.270306967,-0.2523412,-0.238670717,-0.22938105,-0.223362383,-0.219612517,-0.217286883,-0.216291383,-0.2164233,-0.217670917,-0.219936317,-0.2231589,-0.2270861,-0.23151935,-0.236591583,-0.24236165,-0.248706683,-0.25568095,-0.263083483,-0.27074845,-0.278430067,-0.2862287,-0.293812867,-0.30118705,-0.30828615,-0.315257017,-0.321715817,-0.328058533,-0.333437317,-0.338382017,-0.342285117,-0.345588033,-0.347890633,-0.349180717,-0.35001655,-0.34980165,-0.348933267,-0.347569367,-0.344774633,-0.341889667,-0.338185133,-0.33381825,-0.328513117,-0.323083567,-0.317759217,-0.312788467,-0.306219033,-0.300328283,-0.2933732,-0.289134517,-0.283691217,-0.280354067,-0.276359417,-0.274796183,-0.276130633,-0.281470683,-0.295706633,-0.319720417,-0.349220183,10.55
131,-0.277602417,-0.279583267,-0.278876683,-0.277181617,-0.278730617,-0.276909033,-0.277472167,-0.27716805,-0.275696733,-0.2765452,-0.2776245,-0.280852983,-0.284547833,-0.2893992,-0.297019217,-0.308783733,-0.3202692,-0.337715983,-0.3592439,-0.383306283,-0.410887483,-0.441282983,-0.47587605,-0.512175533,-0.5461989,-0.579752733,-0.610189517,-0.640985617,-0.673109733,-0.705899467,-0.738734283,-0.7704532,-0.798131733,-0.821676217,-0.840955867,-0.85461445,-0.8640834,-0.8691445,-0.871123633,-0.870169767,-0.8664689,-0.861387867,-0.85496405,-0.848231633,-0.841035933,-0.833683567,-0.82566915,-0.816743683,-0.80669355,-0.795780283,-0.784683283,-0.774802283,-0.767406067,-0.76202035,-0.7569862,-0.750678617,-0.7430077,-0.734599167,-0.7260857,-0.71764315,-0.70931685,-0.701170367,-0.693026283,-0.68489175,-0.67692345,-0.669281017,-0.661892317,-0.654664783,-0.64754565,-0.640489433,-0.633553317,-0.626909567,-0.6205252,-0.614374717,-0.60846765,-0.60277505,-0.597198933,-0.591976317,-0.587043333,-0.582316833,-0.57746205,-0.5721455,-0.566223633,-0.560169783,-0.5547754,-0.5507471,-0.548833417,-0.5496628,-0.553341017,-0.558767117,-0.5641038,-0.568073833,-0.570273917,-0.570934117,-0.570495117,-0.56924995,-0.567364767,-0.564869033,-0.561918033,-0.558491783,-0.55461675,-0.550105383,-0.5450096,-0.539998583,-0.535846733,-0.532989667,-0.531228483,-0.5302169,-0.529552367,-0.529018283,-0.528582783,-0.528209483,-0.527876517,-0.527646017,-0.527469833,-0.52744655,-0.527456217,-0.527564817,-0.527729867,-0.527987583,-0.5282327,-0.528407117,-0.5285496,-0.528514283,-0.528255867,-0.527680717,-0.526759317,-0.52543295,-0.523624017,-0.521127033,-0.517627733,-0.513021783,-0.50771255,-0.50262565,-0.498478067,-0.495392283,-0.492953717,-0.490845733,-0.488853317,-0.486906733,-0.4849852,-0.4830092,-0.480944917,-0.4786957,-0.476289917,-0.473570417,-0.470521917,-0.4670758,-0.463198417,-0.459190917,-0.455225367,-0.451609583,-0.448384183,-0.445541767,-0.443076983,-0.44078105,-0.438252017,-0.435233767,-0.4312471,-0.425946367,-0.418872683,-0.409884633,-0.399060267,-0.386654833,-0.372928333,-0.3580914,-0.3418138,-0.323949683,-0.303902033,-0.282346067,-0.260880167,-0.242086167,-0.227871583,-0.218235883,-0.2120356,-0.208156183,-0.205779883,-0.204771633,-0.204990517,-0.206313533,-0.2087446,-0.21200995,-0.216236367,-0.220937133,-0.226336833,-0.232433567,-0.239075733,-0.24638915,-0.254114317,-0.2621618,-0.270331617,-0.278560183,-0.286547433,-0.29453575,-0.30209635,-0.309331867,-0.31631125,-0.322900867,-0.329073267,-0.334272883,-0.338275383,-0.3417142,-0.3443559,-0.346394,-0.346771517,-0.346726133,-0.346228483,-0.345180433,-0.342300133,-0.339453833,-0.335193833,-0.331050967,-0.325449183,-0.32047265,-0.315024217,-0.309522983,-0.30289785,-0.29760315,-0.291843383,-0.2861686,-0.2821367,-0.279113783,-0.275867633,-0.27698625,-0.2785141,-0.288513067,-0.307095383,-0.334541917,-0.36918755,8.1
132,-0.266326517,-0.2676421,-0.267686633,-0.268989183,-0.268065267,-0.26944665,-0.267609417,-0.267302433,-0.269045883,-0.26852925,-0.270726483,-0.2721797,-0.275843233,-0.2813892,-0.286415667,-0.294645867,-0.304128083,-0.318061567,-0.3339194,-0.352196233,-0.37601335,-0.401440017,-0.431230383,-0.4631711,-0.495251517,-0.527489367,-0.558691333,-0.5884569,-0.6194978,-0.651531117,-0.682736733,-0.714106117,-0.741130367,-0.7642366,-0.782938783,-0.7971455,-0.807150383,-0.813038267,-0.815268117,-0.814998283,-0.812234867,-0.807588033,-0.801952133,-0.7957698,-0.7893319,-0.782815433,-0.775664267,-0.767769183,-0.758701233,-0.74892655,-0.739076367,-0.73050545,-0.724542217,-0.720814483,-0.717367,-0.712573733,-0.706195117,-0.699039733,-0.69161945,-0.684211067,-0.676835233,-0.669584067,-0.662186467,-0.6548195,-0.647554267,-0.640462867,-0.633570017,-0.626804567,-0.620031933,-0.613319333,-0.606654367,-0.600333433,-0.594289467,-0.588542733,-0.583220833,-0.5782914,-0.5736634,-0.56947375,-0.56564675,-0.5620535,-0.55839235,-0.554464033,-0.55006725,-0.5456082,-0.541637717,-0.538802567,-0.537621167,-0.538595067,-0.54176835,-0.54619365,-0.550412633,-0.5533663,-0.554829967,-0.555071767,-0.554391333,-0.553045333,-0.551131433,-0.548687433,-0.54577205,-0.5424445,-0.538644883,-0.534197567,-0.529181433,-0.524268633,-0.52021935,-0.5175008,-0.515891317,-0.515003233,-0.514502717,-0.514100367,-0.513779617,-0.513527167,-0.513315,-0.51316385,-0.513102617,-0.513150767,-0.513263867,-0.51343625,-0.513694783,-0.514025383,-0.514344467,-0.514597917,-0.514783917,-0.514837567,-0.5146454,-0.5141284,-0.51325985,-0.511965333,-0.510184983,-0.507719733,-0.504226133,-0.499609033,-0.494259633,-0.489206767,-0.485069667,-0.48197785,-0.479535367,-0.4774706,-0.475475417,-0.473602933,-0.471684183,-0.469720317,-0.467643183,-0.465473233,-0.463041883,-0.460386433,-0.457377867,-0.453957,-0.450107983,-0.446131217,-0.4422286,-0.4386684,-0.43549605,-0.43272825,-0.430323367,-0.42809965,-0.42565495,-0.42274075,-0.418823817,-0.4136205,-0.406600883,-0.397671417,-0.386971433,-0.374695017,-0.361107417,-0.346461733,-0.3305476,-0.312971667,-0.293525467,-0.27260585,-0.251913017,-0.233911283,-0.220285117,-0.211091167,-0.205253133,-0.20162915,-0.199455017,-0.198481433,-0.198707317,-0.199980267,-0.20230345,-0.205516217,-0.2093874,-0.213895283,-0.218969717,-0.22474945,-0.23111505,-0.238227433,-0.245756933,-0.2535865,-0.261370183,-0.269447217,-0.277198017,-0.284968633,-0.292378717,-0.299665867,-0.30656165,-0.312810383,-0.318702417,-0.323819917,-0.328158117,-0.331645633,-0.334056783,-0.3358148,-0.336440133,-0.336661633,-0.335643033,-0.334146133,-0.332050217,-0.32915985,-0.3252623,-0.321171733,-0.315516333,-0.310935217,-0.304611617,-0.299686917,-0.292687817,-0.287517817,-0.281449783,-0.2761855,-0.27160555,-0.268044733,-0.263940967,-0.264862767,-0.266542833,-0.276679817,-0.290485283,-0.316126717,-0.349078583,8.8
133,-0.268660583,-0.27093665,-0.270607833,-0.271629883,-0.270009083,-0.269275533,-0.270235517,-0.2712001,-0.2718979,-0.271168633,-0.273439317,-0.274947817,-0.279393533,-0.2826498,-0.28848045,-0.294331,-0.301400167,-0.3106156,-0.321448783,-0.337349,-0.35411645,-0.375191183,-0.4000442,-0.4278157,-0.4565148,-0.488014067,-0.51788955,-0.548966317,-0.580155433,-0.611023967,-0.64191735,-0.6710591,-0.697281517,-0.720356567,-0.739689583,-0.75652735,-0.768785567,-0.778050083,-0.784106783,-0.787510217,-0.78823455,-0.787072983,-0.78432435,-0.78103165,-0.777261667,-0.77326185,-0.76863055,-0.76312065,-0.756348983,-0.748455583,-0.740067783,-0.732459717,-0.72693045,-0.723288,-0.71957275,-0.714309217,-0.70739015,-0.699556533,-0.69151325,-0.6834598,-0.675611367,-0.667929817,-0.660160667,-0.652340867,-0.64454305,-0.636752117,-0.62892125,-0.621037833,-0.613127867,-0.605344017,-0.597905067,-0.5908747,-0.58430095,-0.577971,-0.57164695,-0.565128883,-0.558382467,-0.551682733,-0.545122167,-0.538516267,-0.5312382,-0.52275105,-0.5130027,-0.503067883,-0.494456783,-0.488465833,-0.486339,-0.48932365,-0.498103967,-0.5112099,-0.525360317,-0.537584817,-0.5464948,-0.55221015,-0.555353583,-0.556657233,-0.556618333,-0.555537817,-0.553666683,-0.551145133,-0.547947333,-0.543968333,-0.539310233,-0.5346524,-0.530795783,-0.52815045,-0.526561133,-0.52564895,-0.5250571,-0.524566783,-0.5241323,-0.523790333,-0.52344075,-0.523210833,-0.523029283,-0.522971083,-0.5229796,-0.5230909,-0.523264917,-0.523486067,-0.523722,-0.523911483,-0.524037467,-0.524002967,-0.5237594,-0.5232175,-0.522286033,-0.520949867,-0.5191393,-0.51668235,-0.513217367,-0.5086325,-0.503357833,-0.498337933,-0.4942643,-0.49119875,-0.488816067,-0.486758567,-0.484787867,-0.48291625,-0.48102655,-0.479067617,-0.476986683,-0.474817333,-0.472449633,-0.46980095,-0.466839317,-0.463452083,-0.4596689,-0.455731017,-0.451896667,-0.448360667,-0.44526585,-0.442535133,-0.4401861,-0.438022333,-0.435686483,-0.432820667,-0.429034633,-0.423967533,-0.417210733,-0.408596683,-0.398170817,-0.38627085,-0.373143117,-0.35898585,-0.3435677,-0.3265799,-0.307706067,-0.287369367,-0.267116367,-0.249517467,-0.236197767,-0.227189417,-0.2214516,-0.2178351,-0.215658583,-0.214670933,-0.214822783,-0.216087667,-0.2183199,-0.221489067,-0.225247183,-0.229627367,-0.234588867,-0.240246183,-0.246441767,-0.25336915,-0.2606158,-0.2681861,-0.275720233,-0.283443283,-0.2909338,-0.298457217,-0.305609117,-0.312357283,-0.318901967,-0.325092883,-0.33067865,-0.3355269,-0.3396794,-0.342994933,-0.3450276,-0.346761683,-0.347023933,-0.347806867,-0.346561233,-0.344672683,-0.342040883,-0.339541367,-0.335170933,-0.3312704,-0.326180583,-0.3208459,-0.31512415,-0.30934955,-0.302402667,-0.297655733,-0.291251483,-0.286309533,-0.281344617,-0.277554933,-0.273825417,-0.272737133,-0.274140367,-0.2839831,-0.297569717,-0.321796317,-0.35349615,7.6
134,-0.137217368,-0.1420245,-0.150660833,-0.150959917,-0.15585765,-0.158177183,-0.1633075,-0.165753033,-0.171200067,-0.1743922,-0.179538917,-0.18176485,-0.18512515,-0.18847255,-0.194232567,-0.19810705,-0.204700067,-0.212477717,-0.221368,-0.230374483,-0.236919683,-0.2442202,-0.250064583,-0.253881867,-0.25893655,-0.2626451,-0.26654305,-0.269891967,-0.269168317,-0.26755505,-0.26421995,-0.260726433,-0.258432567,-0.25686095,-0.260434967,-0.26808705,-0.280162117,-0.297830217,-0.317564433,-0.337543317,-0.354115567,-0.3654624,-0.369541133,-0.36697205,-0.358288817,-0.345387267,-0.329769733,-0.312672667,-0.293735383,-0.271859933,-0.246404417,-0.21730708,-0.184930437,-0.149419862,-0.110923617,-0.07151767,-0.033345218,0.002464823,0.03535244,0.064898745,0.090756693,0.11438067883333335,0.13594950000000003,0.15608616333333333,0.17624159833333333,0.19749448449999998,0.220087735,0.24362380333333333,0.26700689166666663,0.288740905,0.3074102833333333,0.32286831666666665,0.33703153333333336,0.35347396666666664,0.3765648333333333,0.4077663,0.44401065,0.4800663666666667,0.5110505166666667,0.5365594166666666,0.5598614333333333,0.5841685333333333,0.6091515333333334,0.6310935166666667,0.6451354833333334,0.6483735,0.6378761666666667,0.6092858833333333,0.5551298833333332,0.4689421166666667,0.35383243333333336,0.22393585833333338,0.096339801,-0.017791532,-0.11453608,-0.1945629,-0.2605305,-0.315105733,-0.360289217,-0.397336733,-0.427058667,-0.4500823,-0.467145917,-0.4795412,-0.4887099,-0.495681033,-0.5009808,-0.5047744,-0.507245233,-0.50870705,-0.509414317,-0.509619017,-0.509445417,-0.5091705,-0.50883485,-0.508587533,-0.508445617,-0.508487067,-0.508662917,-0.508942333,-0.509275117,-0.509583433,-0.509840783,-0.509969033,-0.509862983,-0.5094927,-0.508742017,-0.507557383,-0.505909333,-0.50356775,-0.5002156,-0.4957104,-0.490458533,-0.485343967,-0.481185233,-0.47805515,-0.47556435,-0.473390133,-0.471439583,-0.4694734,-0.4674988,-0.465513067,-0.46341975,-0.461200233,-0.458744583,-0.45600855,-0.4528944,-0.4494089,-0.44547625,-0.441382683,-0.437442817,-0.433723483,-0.430391317,-0.4274844,-0.424910933,-0.4224811,-0.419796433,-0.416474867,-0.412091533,-0.406191217,-0.3981974,-0.387838033,-0.375100433,-0.3603319,-0.343757067,-0.3255441,-0.305472083,-0.283207617,-0.258366333,-0.23132025,-0.204381517,-0.180640033,-0.162420167,-0.149984283,-0.141931433,-0.136859583,-0.133833133,-0.132533783,-0.132730333,-0.134462983,-0.13755985,-0.1418693,-0.146986133,-0.153057183,-0.159847633,-0.16754915,-0.176000033,-0.18526125,-0.194820567,-0.205024067,-0.215299367,-0.225516983,-0.235850417,-0.245738117,-0.255228033,-0.264332733,-0.272943467,-0.28098545,-0.28829705,-0.294233867,-0.29922825,-0.303417067,-0.306206467,-0.30705695,-0.307795317,-0.307561,-0.305676567,-0.303411183,-0.299816667,-0.29495065,-0.2896688,-0.282914617,-0.275655183,-0.267569217,-0.25915545,-0.250236033,-0.2408949,-0.232300117,-0.2218788,-0.21269985,-0.202086317,-0.192557033,-0.177615783,-0.165502017,-0.149823983,-0.135752733,-0.117673537,-0.098330875,-0.079123013,3.880033
135,-0.115247998,-0.125217032,-0.130348395,-0.138884388,-0.144933723,-0.150602818,-0.156814548,-0.162958642,-0.1700655,-0.177186617,-0.181659467,-0.188175217,-0.1908383,-0.196365733,-0.20156155,-0.20850195,-0.216677383,-0.22905575,-0.239863817,-0.253826767,-0.264314367,-0.27367845,-0.28034635,-0.287907517,-0.293717317,-0.3005414,-0.307190817,-0.314321183,-0.317237317,-0.31937515,-0.320145117,-0.32298195,-0.327912633,-0.33644995,-0.351067,-0.369600517,-0.39288445,-0.41866025,-0.444902867,-0.469158183,-0.4882311,-0.500903867,-0.505745783,-0.504366217,-0.497287783,-0.486329467,-0.4727359,-0.4573594,-0.439961183,-0.419454317,-0.395362683,-0.368398683,-0.3393219,-0.3076824,-0.272980433,-0.236532017,-0.200161367,-0.165698757,-0.133836908,-0.105026744,-0.079800967,-0.057129142,-0.03633331,-0.016350642,0.004195872,0.026624694999999993,0.051234572,0.077274732,0.10341053500000001,0.12777257833333336,0.14864378418333332,0.16550422666666664,0.18032309166666668,0.197112595,0.22080478166666664,0.253915995,0.29423479999999996,0.33636573333333336,0.37466145,0.40851195,0.4420347666666667,0.47901685,0.5184924166666667,0.5543897166666666,0.5795880166666666,0.58907035,0.5787499333333334,0.5420871666666666,0.47074336666666666,0.3623111666666667,0.228141025,0.088509411,-0.039727842,-0.148508868,-0.236752667,-0.30706805,-0.3631028,-0.408025883,-0.444100867,-0.4727843,-0.495019533,-0.511485033,-0.522971683,-0.53072905,-0.536176333,-0.540325783,-0.543485367,-0.545772467,-0.547182567,-0.547937683,-0.54818325,-0.548103833,-0.54781095,-0.547480167,-0.547159467,-0.54697255,-0.5469122,-0.54708515,-0.54734185,-0.547722383,-0.548167083,-0.548616383,-0.548960817,-0.549139967,-0.5491125,-0.5487332,-0.547997917,-0.546790883,-0.5450855,-0.54263385,-0.539076867,-0.534260367,-0.528661017,-0.523214933,-0.518777533,-0.515420983,-0.5127615,-0.510460783,-0.508342883,-0.506290333,-0.504186183,-0.502060283,-0.499825617,-0.497467617,-0.49486925,-0.491952633,-0.488611633,-0.484887583,-0.4806967,-0.476375817,-0.47212755,-0.468120867,-0.464511583,-0.461345433,-0.458456333,-0.4556787,-0.4526348,-0.448911617,-0.44405015,-0.437509667,-0.428779383,-0.41750005,-0.403714217,-0.387680117,-0.36966335,-0.349831233,-0.328024083,-0.303633117,-0.276385667,-0.2467515,-0.216912,-0.19048225,-0.170111883,-0.156084933,-0.14694255,-0.141162782,-0.13768871,-0.136078372,-0.136218275,-0.138060627,-0.141421912,-0.146199367,-0.15198655,-0.158708233,-0.166267883,-0.174801167,-0.184180633,-0.194267867,-0.204967367,-0.216172283,-0.22724625,-0.238568083,-0.2496462,-0.2606219,-0.27095015,-0.281001517,-0.290322283,-0.299036167,-0.306601967,-0.313139867,-0.318908733,-0.323001267,-0.32566955,-0.327529083,-0.32766265,-0.32723095,-0.3256113,-0.322095433,-0.317949083,-0.3128145,-0.306446533,-0.299006433,-0.291104667,-0.282666433,-0.272272283,-0.262369683,-0.251811517,-0.241463867,-0.2302786,-0.219552383,-0.208891883,-0.196550667,-0.18331105,-0.1710264,-0.154089317,-0.141728183,-0.126036,-0.11862612,-0.108822392,3.728039
136,-0.167501717,-0.172405767,-0.1739817,-0.18050715,-0.183914867,-0.188895733,-0.194052033,-0.200003117,-0.204418,-0.207782133,-0.212917167,-0.218383233,-0.222882083,-0.2265427,-0.230984767,-0.236946833,-0.245870083,-0.2559138,-0.266428083,-0.27875445,-0.288611017,-0.298195583,-0.303628917,-0.310136617,-0.31615755,-0.322326267,-0.328333017,-0.3339769,-0.336701717,-0.338334783,-0.33826375,-0.338734433,-0.3400371,-0.343867867,-0.350186333,-0.360032933,-0.372951967,-0.38856445,-0.404776617,-0.420302617,-0.431828017,-0.43799445,-0.438088983,-0.432145833,-0.421498233,-0.407502733,-0.391238667,-0.373685583,-0.35471295,-0.3330821,-0.308630183,-0.281766217,-0.253207967,-0.22261263,-0.18944458,-0.154980477,-0.120912028,-0.088751963,-0.059015248,-0.032150952,-0.008492879,0.013082481833333333,0.032894215,0.051729758,0.070781192,0.090971685,0.11265155999999998,0.13523862166666667,0.15775625666666668,0.1787818708333333,0.19698976,0.21217584333333336,0.225909225,0.24129791166666667,0.26174776833333335,0.28915256666666667,0.32156025,0.35493938333333336,0.38520865,0.4117762833333334,0.43770145000000005,0.46588406666666665,0.49538980000000005,0.5222664166666667,0.5410425333333334,0.5483645,0.5411360833333334,0.5149295166666666,0.46349105,0.3830009666666667,0.2786171333333333,0.16344864416666666,0.051630952,-0.047961318,-0.132167025,-0.201816142,-0.259195467,-0.30667045,-0.34594035,-0.378093317,-0.40380895,-0.423576683,-0.4380956,-0.448502033,-0.456103217,-0.461932767,-0.466372167,-0.469585667,-0.471763867,-0.47310285,-0.47378465,-0.474105083,-0.474094983,-0.473980083,-0.4738682,-0.473792783,-0.473862433,-0.474073833,-0.47439905,-0.474782,-0.4752577,-0.475698883,-0.4760719,-0.476290067,-0.47632245,-0.476082883,-0.475439333,-0.4744081,-0.472950933,-0.470742583,-0.467619417,-0.463351433,-0.458355083,-0.453513883,-0.449584833,-0.446603383,-0.444237417,-0.442217333,-0.440427283,-0.438640467,-0.43681545,-0.43495075,-0.432998717,-0.430923933,-0.42866975,-0.42610175,-0.42314525,-0.41979925,-0.416061567,-0.412164267,-0.408349567,-0.404759383,-0.401575583,-0.398804383,-0.396395167,-0.394121333,-0.391726133,-0.388790217,-0.38495625,-0.379651517,-0.3725865,-0.363350083,-0.3519706,-0.338761167,-0.324042033,-0.307867667,-0.290227267,-0.270703783,-0.249068767,-0.225744983,-0.20252845,-0.182098628,-0.166519785,-0.15586039,-0.148849107,-0.144435612,-0.141769162,-0.14053066,-0.140617083,-0.142020197,-0.144606717,-0.148146453,-0.152512173,-0.15764948,-0.163354,-0.170004413,-0.177246098,-0.185278833,-0.193703067,-0.202609467,-0.211502,-0.22056835,-0.229546433,-0.238261533,-0.246763867,-0.255015933,-0.26262205,-0.26974055,-0.276422017,-0.282209617,-0.286799483,-0.290623717,-0.293015917,-0.29506315,-0.295250217,-0.295252433,-0.29432645,-0.292424733,-0.289333067,-0.28536825,-0.280628383,-0.27490705,-0.268703833,-0.262821633,-0.254391167,-0.247036083,-0.239012967,-0.2312122,-0.223160167,-0.214805683,-0.206205117,-0.196980767,-0.18707705,-0.175026367,-0.164786108,-0.150656862,-0.140068645,-0.127437613,-0.117334502,3.952744
137,-0.148336412,-0.151130045,-0.155883625,-0.161055545,-0.164487958,-0.167315083,-0.170758617,-0.1751803,-0.177655317,-0.180739467,-0.1847512,-0.1869676,-0.190673383,-0.193654083,-0.1974721,-0.201550483,-0.208352433,-0.215568233,-0.224859167,-0.2355215,-0.242244367,-0.24797525,-0.252066267,-0.256902367,-0.261697983,-0.26640185,-0.2701891,-0.273131183,-0.2725123,-0.272478167,-0.268780533,-0.2668316,-0.264987383,-0.26670245,-0.272830933,-0.283742983,-0.300278217,-0.3211291,-0.343901933,-0.366626,-0.3854297,-0.3983532,-0.403449083,-0.401661833,-0.393658083,-0.381003983,-0.365790867,-0.348852633,-0.33029855,-0.308724483,-0.2833038,-0.25418055,-0.221901233,-0.186302845,-0.147613198,-0.108027389,-0.069324005,-0.0331679,0.000178718,0.030154382,0.056579098,0.080676917,0.10259358,0.12318843833333333,0.14382298833333332,0.16536503333333333,0.18843788333333333,0.2124217833333333,0.2363706166666667,0.25871425,0.2779195666666667,0.29390584999999997,0.3085974166666667,0.3259481,0.35004584999999994,0.3828681,0.4211696333333333,0.45935733333333334,0.49224538333333334,0.5190789833333332,0.5436414666666668,0.56953055,0.5962935833333334,0.6196042833333334,0.6345645999999999,0.6376582166666668,0.6259909166666667,0.5953458,0.5376851333333333,0.4472116,0.3278386166666667,0.19480995,0.065547537,-0.049202775,-0.145833378,-0.225383767,-0.2906671,-0.344432983,-0.388779583,-0.424989283,-0.453915067,-0.4761434,-0.492503383,-0.504287617,-0.512887833,-0.519434383,-0.524353217,-0.527852467,-0.530089583,-0.531361,-0.531896133,-0.5319639,-0.531707567,-0.531320883,-0.5309217,-0.530557933,-0.5303731,-0.530386083,-0.53050715,-0.530742767,-0.531054983,-0.531352733,-0.53157805,-0.531677967,-0.531549517,-0.531126383,-0.530352967,-0.529135783,-0.5274349,-0.5250272,-0.5215914,-0.516968483,-0.5116064,-0.50641115,-0.502139117,-0.4989261,-0.4963684,-0.49412135,-0.492081583,-0.490056533,-0.488038367,-0.4859474,-0.483781633,-0.481499433,-0.478991783,-0.47617985,-0.47295195,-0.469397083,-0.465382,-0.461241733,-0.457145133,-0.4533773,-0.4499899,-0.446979767,-0.44431035,-0.441779533,-0.43901655,-0.4356045,-0.431098183,-0.425072867,-0.416949817,-0.40647745,-0.393648967,-0.3786891,-0.36195295,-0.343593633,-0.3234226,-0.300997617,-0.27596655,-0.248783167,-0.221644633,-0.197715967,-0.179389,-0.166802983,-0.1586604,-0.153535983,-0.1504046,-0.148987817,-0.149135783,-0.15083195,-0.153905417,-0.158120283,-0.163220383,-0.169231833,-0.176038,-0.183733633,-0.192170167,-0.201327,-0.2110836,-0.2212641,-0.231429717,-0.241799917,-0.25201995,-0.261963767,-0.271425467,-0.28079235,-0.289224317,-0.297403267,-0.304373867,-0.3107352,-0.315744033,-0.319519933,-0.32227795,-0.324140833,-0.324515433,-0.3240832,-0.322722533,-0.319975817,-0.316707833,-0.3117715,-0.305606467,-0.2996471,-0.292075,-0.284071317,-0.27560925,-0.2666359,-0.25745245,-0.248668717,-0.238201117,-0.2289513,-0.2178317,-0.208161667,-0.1953817,-0.182182,-0.167474167,-0.1498764,-0.132613248,-0.11658772,-0.100719563,3.690408
138,-0.162704917,-0.16528075,-0.16705265,-0.168942933,-0.173624367,-0.177071167,-0.180897283,-0.184332983,-0.186083167,-0.190620817,-0.194810883,-0.197581267,-0.199821217,-0.203300433,-0.20782615,-0.211931867,-0.217900367,-0.22787485,-0.2389561,-0.24889245,-0.256265817,-0.263892633,-0.26990975,-0.274226283,-0.278451333,-0.284578417,-0.289371867,-0.29208785,-0.293580883,-0.292704917,-0.290276533,-0.289980367,-0.2904531,-0.29495015,-0.30415955,-0.3186647,-0.3382341,-0.36100995,-0.385417917,-0.408574317,-0.427428117,-0.439849483,-0.4447021,-0.442938667,-0.435355933,-0.423686733,-0.40960235,-0.393779983,-0.375990433,-0.355150733,-0.3304531,-0.3024935,-0.272053445,-0.238727397,-0.202118378,-0.163740122,-0.125729467,-0.089912307,-0.056998553,-0.027519135,-0.0017996,0.021315059999999997,0.042304578333333336,0.062623904,0.08343295,0.10629283666666667,0.13146130683333332,0.15821051833333333,0.184844825,0.20955750833333334,0.23059231666666669,0.24762513333333333,0.26232325,0.27852099999999996,0.30070464999999996,0.33132999999999996,0.3685468,0.40776900000000005,0.4438622833333333,0.4763545333333333,0.5090060833333333,0.5449691666666666,0.5828818,0.6169191499999999,0.6403030166666667,0.6490207333333333,0.6394238666666666,0.6063764833333334,0.5418860333333333,0.44163693333333337,0.31331919999999996,0.17500437500000002,0.043978483833333325,-0.070027265,-0.164530723,-0.241125283,-0.303029033,-0.353137283,-0.393657867,-0.4260987,-0.451448867,-0.47038585,-0.483874033,-0.49318135,-0.4998424,-0.50491785,-0.50882625,-0.51164755,-0.513515617,-0.5146192,-0.515139733,-0.515288933,-0.515202633,-0.5150161,-0.514846617,-0.514753317,-0.51481805,-0.515039083,-0.515393133,-0.515823533,-0.516338117,-0.516804317,-0.517224283,-0.517495217,-0.5175089,-0.51721345,-0.516535217,-0.515405683,-0.513806683,-0.511430883,-0.5080144,-0.503421517,-0.497982883,-0.4927455,-0.48843345,-0.4851987,-0.482640417,-0.480472283,-0.478463033,-0.476510683,-0.474537467,-0.472498033,-0.470427317,-0.4681783,-0.465678133,-0.462887833,-0.459742033,-0.45615075,-0.452117267,-0.447941883,-0.4438095,-0.43999065,-0.436498633,-0.433482017,-0.430729267,-0.428144633,-0.425304933,-0.42181705,-0.417247367,-0.411038433,-0.402686783,-0.391997917,-0.378761033,-0.363448567,-0.346231733,-0.327278767,-0.30647485,-0.28332585,-0.257424117,-0.2293281,-0.2011545,-0.176329317,-0.157240758,-0.144038297,-0.135547698,-0.13012999,-0.126916488,-0.12551815,-0.125705858,-0.127559202,-0.130810768,-0.135272852,-0.140760837,-0.147194303,-0.154461987,-0.162724833,-0.171614683,-0.181341633,-0.19169575,-0.20233625,-0.2131164,-0.224005317,-0.2348166,-0.24541005,-0.255454533,-0.265373483,-0.27439175,-0.283002483,-0.290769417,-0.297395967,-0.30317635,-0.307654383,-0.310748567,-0.312661083,-0.313693533,-0.31371535,-0.31244735,-0.31018765,-0.307106117,-0.302774383,-0.297346933,-0.29181555,-0.284056767,-0.277659017,-0.26896825,-0.260814817,-0.251700467,-0.24443455,-0.234254483,-0.2268704,-0.216152583,-0.206427017,-0.196820017,-0.184600233,-0.171317383,-0.157227783,-0.144493615,-0.132891407,-0.121351267,3.571805
139,-0.1695809,-0.178291233,-0.178999883,-0.1844029,-0.189766667,-0.19262865,-0.197247717,-0.203550417,-0.209407617,-0.21586925,-0.2209577,-0.22565385,-0.2301776,-0.234647817,-0.239874717,-0.24679275,-0.255284183,-0.2684475,-0.281081433,-0.29305785,-0.305100317,-0.31483455,-0.321574133,-0.328195033,-0.336131517,-0.3439835,-0.349685767,-0.355910017,-0.359344083,-0.361755383,-0.362788583,-0.3644752,-0.366556983,-0.371623483,-0.378743833,-0.3891554,-0.40190905,-0.417006683,-0.43195075,-0.445487583,-0.455412233,-0.459826417,-0.45847335,-0.4520105,-0.44115445,-0.427238633,-0.411297683,-0.393938383,-0.375097667,-0.353618583,-0.329408083,-0.303455283,-0.27666025,-0.2485934,-0.218177217,-0.186096427,-0.153849632,-0.123101628,-0.094610612,-0.068728325,-0.045991957,-0.025486578,-0.006487245,0.011753476666666667,0.030398479166666673,0.050460842,0.072393659,0.095341267,0.11813434666666667,0.13933215833333334,0.15759904500000002,0.17274669333333334,0.18607785,0.20080388333333335,0.22041423333333332,0.24689339999999996,0.27872931666666667,0.31214254999999996,0.3432187,0.3713685166666667,0.40007043333333336,0.43171466666666664,0.46553758333333334,0.49676711666666656,0.5193114666666666,0.5289262,0.52213645,0.49407701666666665,0.43835604999999994,0.3530084166666667,0.24507196666666667,0.12882386,0.018091707,-0.079059782,-0.160226992,-0.226611183,-0.280768033,-0.325147617,-0.361555167,-0.3911306,-0.4146115,-0.432497983,-0.44550655,-0.4547443,-0.461462683,-0.466644017,-0.47065605,-0.473613133,-0.475588833,-0.476838217,-0.477527167,-0.477833983,-0.477922917,-0.477873417,-0.47785825,-0.477887617,-0.478014483,-0.47831825,-0.478723617,-0.479212933,-0.479720283,-0.48023,-0.4806761,-0.480985583,-0.481076017,-0.480864183,-0.480307683,-0.479364033,-0.477967383,-0.475908433,-0.472865917,-0.468755217,-0.463936133,-0.459246483,-0.45543805,-0.4525636,-0.450325867,-0.448380433,-0.446639783,-0.444913733,-0.443163967,-0.441310267,-0.439425617,-0.437418217,-0.435169633,-0.432643417,-0.429782517,-0.42652555,-0.422865333,-0.418993217,-0.4151808,-0.411669083,-0.408524783,-0.405817383,-0.40346065,-0.401327483,-0.399055717,-0.3962889,-0.3926359,-0.387643783,-0.380814783,-0.372034283,-0.361141983,-0.34853125,-0.334445417,-0.31901105,-0.302222167,-0.283513383,-0.262866667,-0.240602067,-0.218376633,-0.19891795,-0.183935783,-0.1736753,-0.1669687,-0.162597633,-0.159974567,-0.158680033,-0.158631183,-0.1598986,-0.16218055,-0.165408967,-0.16949185,-0.1742442,-0.179655933,-0.185835017,-0.192679017,-0.200124667,-0.208186567,-0.2167085,-0.225025067,-0.2336598,-0.242186867,-0.250544083,-0.258550367,-0.266296617,-0.273776217,-0.280725567,-0.2869727,-0.292471783,-0.2970059,-0.30023485,-0.303135117,-0.3047941,-0.305368317,-0.305548733,-0.304087817,-0.302050867,-0.299019783,-0.29524785,-0.291095483,-0.285879533,-0.279732933,-0.273231417,-0.265272867,-0.258362967,-0.25079455,-0.242676533,-0.235294717,-0.226518533,-0.2196773,-0.21098395,-0.199856817,-0.190332667,-0.1775432,-0.16647635,-0.157005883,-0.144588617,-0.13357754,3.711091
140,-0.144160392,-0.153382642,-0.157265057,-0.161835248,-0.164572747,-0.171209433,-0.17477325,-0.179691133,-0.1837256,-0.18944655,-0.192425567,-0.19794385,-0.201915683,-0.206098583,-0.20922315,-0.217169033,-0.221395717,-0.23177855,-0.241011667,-0.250713783,-0.258603917,-0.265254117,-0.27199415,-0.27670725,-0.282178133,-0.28774995,-0.293324283,-0.297633317,-0.298477667,-0.29859615,-0.29605405,-0.293966183,-0.292807367,-0.294144517,-0.299225833,-0.309059583,-0.323622317,-0.34250075,-0.364990267,-0.387230317,-0.405799983,-0.418425433,-0.423715183,-0.421998633,-0.414016433,-0.401568067,-0.38632565,-0.369525933,-0.350882567,-0.32936375,-0.303830717,-0.274653533,-0.242119283,-0.206251017,-0.167203968,-0.127215228,-0.08825148,-0.051735817,-0.018215872,0.011892686666666666,0.038311592,0.062363453,0.084215385,0.10475796166666666,0.1252362741666667,0.14687041450000002,0.17008139,0.19415163,0.21814341499999998,0.24043466666666666,0.25953365,0.2753738666666667,0.28983418333333333,0.3067720333333333,0.3305985833333333,0.36270851666666665,0.39998343333333336,0.4368007333333333,0.46810288333333333,0.49348311666666667,0.5166680833333334,0.5405630499999999,0.5650423833333333,0.5863196,0.5995692833333334,0.6019282333333333,0.5908378666666666,0.5619095666666667,0.5076353,0.4211286166666666,0.3046366166666667,0.17278635833333333,0.043325749999999996,-0.072124523,-0.169464353,-0.249590067,-0.315271133,-0.3693449,-0.413851833,-0.450175367,-0.4791317,-0.50137805,-0.517698033,-0.529438817,-0.537993067,-0.544455683,-0.54931035,-0.552724767,-0.5548625,-0.556031033,-0.556465717,-0.55644035,-0.556108033,-0.555612333,-0.555133467,-0.554699167,-0.554436317,-0.554361917,-0.554436767,-0.554636283,-0.554885983,-0.55512115,-0.55530655,-0.555349833,-0.5551806,-0.554709083,-0.5538642,-0.552607783,-0.55084945,-0.548397817,-0.54490475,-0.540230433,-0.53482635,-0.529586517,-0.52525175,-0.522003783,-0.519386333,-0.517122333,-0.515001967,-0.512950467,-0.51085075,-0.508688217,-0.50645815,-0.504135917,-0.501539983,-0.4987003,-0.49542455,-0.49177295,-0.48773525,-0.483501817,-0.479355367,-0.4755093,-0.472074067,-0.46900745,-0.466280083,-0.463657417,-0.460809167,-0.457331933,-0.452761017,-0.446576533,-0.438298233,-0.42767035,-0.41465655,-0.399546683,-0.382581817,-0.363916733,-0.343442267,-0.3206675,-0.295215617,-0.267633167,-0.240004967,-0.215631967,-0.197018833,-0.184197567,-0.175930483,-0.170619817,-0.167456917,-0.1659064,-0.16605175,-0.167745167,-0.17078705,-0.174980233,-0.1802181,-0.186220633,-0.1929878,-0.200767267,-0.20932495,-0.21864065,-0.228441067,-0.238653583,-0.24888475,-0.2593909,-0.269550883,-0.2797112,-0.2892235,-0.298414283,-0.307184983,-0.3151629,-0.322267833,-0.328409283,-0.333595333,-0.337713767,-0.3400179,-0.341747633,-0.342091783,-0.3414624,-0.339293133,-0.33667635,-0.3322016,-0.32809865,-0.321714317,-0.314979233,-0.306736367,-0.298744283,-0.289729,-0.2807254,-0.270981583,-0.260403,-0.250351783,-0.2401083,-0.228346833,-0.21816895,-0.202606733,-0.190109483,-0.173227167,-0.155477383,-0.13716235,-0.121960585,-0.105383107,3.511771
141,-0.134942652,-0.139861647,-0.145656707,-0.150967627,-0.15392531,-0.16112763,-0.16674301,-0.174356197,-0.182546583,-0.188696217,-0.195128317,-0.202653467,-0.207876867,-0.213981767,-0.219298517,-0.226283367,-0.231577983,-0.239869367,-0.250104667,-0.2603955,-0.267643083,-0.276182483,-0.281255717,-0.288566733,-0.293239917,-0.299176767,-0.3039562,-0.3071326,-0.30853515,-0.3079357,-0.305494367,-0.302796033,-0.3001099,-0.297846283,-0.297643483,-0.301416467,-0.30896085,-0.32040915,-0.3344153,-0.34931595,-0.362001,-0.370534,-0.372948367,-0.369505867,-0.360594633,-0.3477547,-0.332540333,-0.31606755,-0.29797155,-0.2772916,-0.25296125,-0.224866483,-0.193413903,-0.158526043,-0.120916492,-0.08274127,-0.045930792,-0.011717327,0.019585036,0.047479577,0.071815175,0.09408662,0.11440732833333334,0.13377848333333334,0.1529709333333333,0.17330671666666664,0.1948510383333333,0.21707394666666666,0.23898071499999998,0.259389435,0.2769035063333333,0.2914970666666667,0.30459352500000003,0.31967989,0.3403165833333333,0.3679444966666667,0.39975641666666667,0.43122421666666666,0.4581140166666666,0.48027768333333337,0.5001148333333333,0.5203769833333334,0.5406916500000001,0.5580101333333334,0.5686067166666667,0.57014195,0.5601744999999999,0.5352744833333334,0.4892367166666666,0.41542283333333335,0.31349211666666665,0.19355058,0.070788103,-0.042582137,-0.141091816,-0.224188443,-0.292909417,-0.349381467,-0.396289,-0.435007233,-0.4662314,-0.490424667,-0.508434733,-0.5215752,-0.531149933,-0.53837,-0.543726183,-0.54753785,-0.549986133,-0.551539567,-0.5523798,-0.552792783,-0.552943883,-0.5528285,-0.552729033,-0.55255425,-0.55260745,-0.552786717,-0.553203367,-0.553800117,-0.5546161,-0.5555555,-0.556480733,-0.557269583,-0.557877633,-0.558175783,-0.558114383,-0.557546833,-0.556372833,-0.554451867,-0.551376033,-0.547068467,-0.5417821,-0.53656245,-0.532175267,-0.5287215,-0.525942517,-0.5234992,-0.521226167,-0.51903085,-0.516833717,-0.514511283,-0.512138867,-0.509663767,-0.506924317,-0.503890417,-0.500465167,-0.496577267,-0.4923169,-0.487786267,-0.48337705,-0.479276917,-0.475488817,-0.472158117,-0.469116667,-0.466192133,-0.4630244,-0.459288333,-0.4544992,-0.44814655,-0.4397797,-0.429086133,-0.415965667,-0.400781017,-0.38376715,-0.36511475,-0.344600333,-0.3218184,-0.2964917,-0.269038917,-0.241491417,-0.217272567,-0.198545833,-0.185521267,-0.176988667,-0.171444667,-0.1679542,-0.166175917,-0.165964933,-0.167272317,-0.170028383,-0.174127367,-0.178987383,-0.184884367,-0.191499317,-0.199082783,-0.20742515,-0.2165661,-0.226254783,-0.2363011,-0.246473633,-0.256679733,-0.266994583,-0.277087733,-0.286571467,-0.295851183,-0.304401667,-0.31244185,-0.31970595,-0.325951683,-0.331,-0.334842833,-0.337846183,-0.339243967,-0.339782967,-0.339482567,-0.3377154,-0.335245933,-0.331088083,-0.326716283,-0.321013333,-0.31397345,-0.305995483,-0.298268983,-0.289731967,-0.2803439,-0.269903,-0.260323233,-0.250223233,-0.240162767,-0.2276084,-0.21737345,-0.203871233,-0.188449567,-0.17130945,-0.153292333,-0.135564133,-0.116799375,-0.096520553,3.794095
142,-0.043000487,-0.053694526,-0.065797798,-0.07054727,-0.080371925,-0.091113755,-0.098690502,-0.10933744,-0.117599453,-0.126151775,-0.134203612,-0.142640153,-0.148673748,-0.155221325,-0.16353775,-0.169708867,-0.177035017,-0.188553933,-0.197502667,-0.20659375,-0.217190483,-0.22396085,-0.232092217,-0.240602183,-0.245235383,-0.253936583,-0.258233817,-0.264580817,-0.266801133,-0.267855083,-0.266353733,-0.2645037,-0.26303815,-0.2645621,-0.2701415,-0.28082465,-0.297605333,-0.320376583,-0.346541633,-0.373233133,-0.395866367,-0.412272533,-0.4206356,-0.421379367,-0.415433717,-0.404729517,-0.390981067,-0.375324233,-0.35766815,-0.336769883,-0.311514317,-0.282186333,-0.24919075,-0.212481233,-0.172329488,-0.13087045,-0.090403018,-0.052423857,-0.017577499,0.013760703333333332,0.041118407,0.065916218,0.088423397,0.10959480833333334,0.13076177999999997,0.15323199166666665,0.17739799833333336,0.20273968333333334,0.22800436666666668,0.2515213333333333,0.27171406666666664,0.28821233333333335,0.30312294999999995,0.32061921666666665,0.3456901833333334,0.37963223333333335,0.41919028333333336,0.45789758333333336,0.4906969666666667,0.51679205,0.5402270166666666,0.5641078333333334,0.5880672333333333,0.6083062333333333,0.6206220833333335,0.6225266833333333,0.61168805,0.58345775,0.5288863500000001,0.4386215333333334,0.31422381666666666,0.17272848666666665,0.034653732,-0.087166077,-0.188816783,-0.27163965,-0.338938817,-0.393873683,-0.438691033,-0.474946,-0.50360785,-0.525357833,-0.541101733,-0.552184883,-0.560186083,-0.56621815,-0.57073745,-0.573901317,-0.5758501,-0.576882167,-0.5772177,-0.5771241,-0.576743217,-0.576238217,-0.575776183,-0.575343967,-0.575118667,-0.575099083,-0.575256983,-0.575507567,-0.575838533,-0.576162167,-0.5764004,-0.5764927,-0.576356517,-0.575886883,-0.57502505,-0.573687917,-0.571852717,-0.56926625,-0.565518883,-0.560505383,-0.554704267,-0.549057717,-0.544402167,-0.540899,-0.538077083,-0.535656617,-0.533398167,-0.531188917,-0.528981,-0.526681267,-0.5242939,-0.52180765,-0.519061517,-0.516002117,-0.5125135,-0.508621233,-0.504316217,-0.499796233,-0.495367133,-0.49125435,-0.48749905,-0.4841371,-0.481096483,-0.478159667,-0.4749409,-0.47102695,-0.465874783,-0.458992533,-0.449799283,-0.438049183,-0.4236468,-0.406856733,-0.38806655,-0.367317217,-0.344477767,-0.318983683,-0.290442683,-0.259381583,-0.228194983,-0.20060315,-0.17931455,-0.1646758,-0.15502475,-0.1489781,-0.145275517,-0.14352295,-0.143639667,-0.1456082,-0.149002367,-0.153888033,-0.159766617,-0.166753433,-0.17458655,-0.183347067,-0.193071,-0.20356665,-0.214514183,-0.226113267,-0.237551133,-0.249155967,-0.260710633,-0.271963617,-0.2826926,-0.29302105,-0.302391067,-0.311530083,-0.319167567,-0.32586305,-0.331401683,-0.335275267,-0.338304217,-0.33948985,-0.339120583,-0.337953983,-0.335896183,-0.331961767,-0.327223433,-0.3213307,-0.312912,-0.305238133,-0.295692417,-0.28553795,-0.274201383,-0.262398083,-0.249666083,-0.2375325,-0.223423317,-0.211735717,-0.1971322,-0.18121755,-0.164466567,-0.14601745,-0.123419448,-0.102290417,-0.081087875,-0.05860877,-0.042098745,3.712767
143,-0.081769555,-0.08807369,-0.096159673,-0.103097402,-0.112255163,-0.118766645,-0.12773743,-0.136892298,-0.143985283,-0.15091965,-0.159875067,-0.166383333,-0.172449333,-0.176973833,-0.18288335,-0.1917458,-0.201457467,-0.212166917,-0.224523867,-0.237563167,-0.248651667,-0.259413967,-0.265508833,-0.2738349,-0.281225767,-0.288148533,-0.293989033,-0.30050205,-0.304045133,-0.308943117,-0.310874267,-0.31688365,-0.325528283,-0.3400111,-0.359392033,-0.3853876,-0.415753783,-0.449354133,-0.482921117,-0.514420617,-0.539164917,-0.556047217,-0.564365133,-0.565378583,-0.560220033,-0.550659517,-0.5383522,-0.524573267,-0.508544417,-0.48941085,-0.46637295,-0.440214433,-0.4116569,-0.380341683,-0.345652983,-0.3087051,-0.271706667,-0.2364128,-0.203635805,-0.173940277,-0.1479563,-0.124621786,-0.103368345,-0.083070055,-0.062163298,-0.039358048,-0.014067607,0.012866644999999996,0.03998062,0.065241614,0.086910503,0.10438776,0.119917965,0.13800757166666666,0.164068815,0.20063773333333335,0.2449921833333333,0.29116495,0.3328995666666667,0.3690743666666667,0.40405911666666666,0.4422356166666667,0.48314623333333334,0.520304,0.54578245,0.5541745166666666,0.5405604833333333,0.4983733666666666,0.4181187,0.29811145,0.1530916566666667,0.006408311,-0.124025073,-0.231239717,-0.3157095,-0.381257967,-0.432196367,-0.472180683,-0.5036184,-0.528090867,-0.54665055,-0.559928817,-0.56874415,-0.574283967,-0.5779193,-0.58060745,-0.582580417,-0.583850883,-0.584375433,-0.584376083,-0.583949517,-0.583297617,-0.582487233,-0.581664817,-0.580948233,-0.580337917,-0.579935567,-0.579762617,-0.579747567,-0.579870817,-0.5800766,-0.580245733,-0.5803601,-0.5803317,-0.580065533,-0.579500667,-0.578505767,-0.577078,-0.575125867,-0.572460167,-0.56864065,-0.563575833,-0.557747583,-0.55208085,-0.54742385,-0.543851683,-0.54099005,-0.538494517,-0.536176383,-0.53390895,-0.531658317,-0.529309617,-0.526886667,-0.524373067,-0.521563017,-0.5184714,-0.514965483,-0.51101195,-0.50670795,-0.502149633,-0.497702583,-0.49357825,-0.489815617,-0.48640175,-0.483337333,-0.480371867,-0.477083767,-0.47312925,-0.467958233,-0.461051567,-0.45186205,-0.440152817,-0.4257534,-0.408987717,-0.390194217,-0.369390833,-0.346369317,-0.320687267,-0.291758767,-0.260257767,-0.22844575,-0.200223617,-0.178381933,-0.163393867,-0.153578717,-0.14738285,-0.1436496,-0.14202805,-0.142174917,-0.144210583,-0.14793265,-0.15301425,-0.159252717,-0.166476367,-0.174582833,-0.183653233,-0.193658433,-0.204390317,-0.21571595,-0.227527917,-0.239426517,-0.251241483,-0.2629799,-0.274326317,-0.285172833,-0.295316917,-0.305375367,-0.314306567,-0.322196733,-0.3293573,-0.334533917,-0.338786233,-0.341634833,-0.343110217,-0.343416,-0.342482867,-0.340184717,-0.337351033,-0.332916333,-0.326513183,-0.32001225,-0.311846083,-0.30305605,-0.294224267,-0.282539967,-0.271645267,-0.26031655,-0.248584467,-0.236314133,-0.225900633,-0.212162583,-0.19833335,-0.1855754,-0.169960933,-0.154523683,-0.13929665,-0.124431152,-0.117689432,-0.113588797,3.829984
144,-0.050763248,-0.060586883,-0.070756848,-0.076357833,-0.081855753,-0.091527572,-0.09858563,-0.106358585,-0.115940815,-0.122257492,-0.12854501,-0.136124,-0.138828233,-0.144374583,-0.149766567,-0.1582299,-0.164553233,-0.1739439,-0.18429905,-0.197444067,-0.204765633,-0.212149267,-0.21566325,-0.222216033,-0.227150433,-0.2332179,-0.23695895,-0.241456883,-0.243468483,-0.243661267,-0.242982433,-0.243790267,-0.245396217,-0.251992583,-0.262328117,-0.27913185,-0.30053025,-0.326591967,-0.354813567,-0.38278315,-0.40593905,-0.423200317,-0.432075433,-0.43350005,-0.42787,-0.417593217,-0.404322017,-0.389265367,-0.372129267,-0.351754467,-0.327397183,-0.29902555,-0.2672122,-0.231700667,-0.192652945,-0.15226702,-0.112671785,-0.075403911,-0.041069464,-0.00992095,0.017455698333333335,0.042346689,0.064841497,0.08587336,0.10683775499999999,0.12909803649999999,0.15314485166666666,0.17860492333333333,0.20402828333333334,0.22774675,0.24822626666666667,0.26512915,0.28084885,0.29979825,0.3268389666666667,0.3638968166666667,0.4073317666666667,0.4505265333333333,0.48737611666666664,0.5169836833333333,0.5441711333333333,0.5735318666666667,0.6046683333333334,0.6325205833333333,0.6507518500000001,0.6546237833333334,0.6404337833333332,0.6024960833333334,0.5329247,0.4274185166666667,0.2934041,0.148624975,0.011123960000000002,-0.108938158,-0.208696067,-0.289912567,-0.3558721,-0.40973445,-0.453683883,-0.489206433,-0.517194167,-0.538343533,-0.55350005,-0.5640386,-0.57156395,-0.5772231,-0.581469933,-0.5844138,-0.586181267,-0.58705995,-0.587277683,-0.587054783,-0.586591717,-0.586001367,-0.5854736,-0.58500515,-0.584753217,-0.584686983,-0.584810583,-0.585074383,-0.58538915,-0.585703617,-0.5859484,-0.586027967,-0.585846783,-0.585294667,-0.584359117,-0.582918917,-0.5809103,-0.5780806,-0.574076783,-0.5687123,-0.562479233,-0.5564427,-0.551456933,-0.547707333,-0.544675733,-0.542051033,-0.539591033,-0.537208283,-0.53483535,-0.5323823,-0.529825883,-0.527161167,-0.524252183,-0.520998133,-0.517318033,-0.513200183,-0.50870925,-0.504011717,-0.499380167,-0.4950679,-0.4911515,-0.487597133,-0.4843226,-0.4811772,-0.47768405,-0.473509883,-0.468108883,-0.460888683,-0.451345083,-0.4392271,-0.42445535,-0.407277717,-0.388097083,-0.367003517,-0.3438792,-0.318167317,-0.289496683,-0.258431567,-0.22735005,-0.1998882,-0.17867665,-0.164144767,-0.1545699,-0.148440883,-0.144732717,-0.142926167,-0.142920767,-0.144745333,-0.148068417,-0.152831383,-0.158638667,-0.165546783,-0.173241967,-0.181794317,-0.191448367,-0.20198425,-0.212921383,-0.224341567,-0.235862783,-0.247594033,-0.259125133,-0.2705822,-0.2812173,-0.291540117,-0.301290783,-0.3103169,-0.3184085,-0.325268767,-0.331056217,-0.335344833,-0.338054717,-0.340009117,-0.340015633,-0.339522183,-0.33711055,-0.333849367,-0.328935383,-0.323267917,-0.31621075,-0.308527733,-0.2983731,-0.289155283,-0.278510083,-0.267945583,-0.256511433,-0.244219383,-0.231387367,-0.219791917,-0.205129017,-0.192553517,-0.176802717,-0.1607442,-0.139181017,-0.120615952,-0.101091475,-0.081406112,-0.06528026,3.693375
145,-0.030033172,-0.038740565,-0.04568801,-0.053990071,-0.060058596,-0.068348748,-0.0782867,-0.085976978,-0.093614513,-0.102982092,-0.111607418,-0.11714674,-0.122972748,-0.129754335,-0.134444053,-0.141296822,-0.148173282,-0.157328457,-0.168438025,-0.178264305,-0.186291983,-0.194469468,-0.200076987,-0.206173418,-0.21005765,-0.215293992,-0.218197897,-0.221724065,-0.223160735,-0.222756228,-0.219883025,-0.22046215,-0.22041462,-0.225217418,-0.234534718,-0.249474445,-0.271316497,-0.298965767,-0.330299633,-0.361586067,-0.389118967,-0.4098929,-0.42199975,-0.425886167,-0.422390133,-0.413654133,-0.401622617,-0.387695933,-0.371325767,-0.351375883,-0.326806417,-0.297707267,-0.264776717,-0.227819203,-0.187092795,-0.144550468,-0.102600805,-0.063246478,-0.026998458,0.005566783,0.03393036,0.059611433,0.082766996,0.104645765,0.126801335,0.150404525,0.176197939,0.20352568833333332,0.2306362866666667,0.255766775,0.27723272,0.29476233166666665,0.31049808333333334,0.32933316333333335,0.35622634166666667,0.39343868333333326,0.43719366666666665,0.4809692833333334,0.5185476,0.5490445,0.5767568166666666,0.6055480833333333,0.6345822166666667,0.6593071666666668,0.6735737,0.6741334000000001,0.6578074666666666,0.61963065,0.5507390333333334,0.4443093666666667,0.30543921166666665,0.15332532716666666,0.008864912,-0.116070223,-0.218630833,-0.301101483,-0.3673552,-0.4209293,-0.464302167,-0.49912425,-0.526405,-0.546827417,-0.561365467,-0.571376767,-0.578468917,-0.583825867,-0.587810067,-0.590588017,-0.5922029,-0.592962783,-0.593081867,-0.5927712,-0.592228083,-0.5915614,-0.590953483,-0.590455717,-0.590162683,-0.590096333,-0.5902124,-0.590461283,-0.590793517,-0.591120833,-0.591360683,-0.591410767,-0.591262267,-0.590728783,-0.589748733,-0.588315233,-0.586279983,-0.583440933,-0.579378283,-0.573951383,-0.567622417,-0.561512633,-0.556478483,-0.552681583,-0.5496295,-0.546983667,-0.544503067,-0.542105517,-0.539690233,-0.537212633,-0.534631367,-0.531978667,-0.529013917,-0.525728283,-0.521979333,-0.51780105,-0.513226117,-0.50848015,-0.503778233,-0.499404817,-0.4953749,-0.491747717,-0.488431067,-0.485141033,-0.481550967,-0.477149533,-0.471472533,-0.463941217,-0.453952,-0.44123805,-0.425737317,-0.407661383,-0.387426317,-0.365182433,-0.340648,-0.313374,-0.282865883,-0.249709817,-0.2163828,-0.1869707,-0.164304917,-0.148669733,-0.1385182,-0.132070953,-0.128149853,-0.12630329,-0.126458927,-0.128557353,-0.132212898,-0.137397752,-0.143753367,-0.151295467,-0.15962895,-0.16902945,-0.179446667,-0.190495833,-0.202428267,-0.214751433,-0.22705845,-0.239504667,-0.251856633,-0.2637758,-0.275404383,-0.286397817,-0.2967723,-0.30630465,-0.3146868,-0.32206845,-0.328001233,-0.3325085,-0.335620117,-0.337280467,-0.337648367,-0.336449067,-0.333691383,-0.33045755,-0.325167817,-0.319364017,-0.311994767,-0.30277095,-0.293365667,-0.2835693,-0.271983567,-0.260979083,-0.246930667,-0.234526317,-0.221369483,-0.20691055,-0.19384825,-0.1792259,-0.161089767,-0.142091617,-0.122270727,-0.10151804,-0.081746145,-0.06167924,-0.046319834,3.814366
146,-0.144495645,-0.153267293,-0.159938208,-0.166612552,-0.173214453,-0.179195567,-0.185937718,-0.191854568,-0.198107477,-0.204723007,-0.211115467,-0.215316,-0.22137245,-0.224402417,-0.230879617,-0.237783817,-0.2474744,-0.2563365,-0.269089167,-0.28300515,-0.2921767,-0.302306567,-0.3104436,-0.316818433,-0.3233149,-0.331750767,-0.338265283,-0.344909783,-0.348162033,-0.350012417,-0.351083417,-0.3524382,-0.355214117,-0.36092205,-0.3699435,-0.38356635,-0.400640433,-0.420966667,-0.441861283,-0.4619618,-0.477265017,-0.487302467,-0.49003255,-0.486752833,-0.47787525,-0.465268517,-0.450358517,-0.434000083,-0.415663917,-0.394496083,-0.369795833,-0.34219365,-0.312380233,-0.280041917,-0.244743903,-0.20788519,-0.17147702,-0.137159948,-0.105501488,-0.077059965,-0.052187157,-0.029709378,-0.009354468,0.010153143,0.030100108166666664,0.051691222,0.075285245,0.10016964666666667,0.12496308166666666,0.14793697,0.16762606000000002,0.18373124666666665,0.19791617333333333,0.2137764,0.23534620000000003,0.26471595000000003,0.29980208333333336,0.33621144999999997,0.3692409666666667,0.39866783333333333,0.42809649999999994,0.4605528333333333,0.49509006666666666,0.5265139833333333,0.5490123166666666,0.5589182833333334,0.55258975,0.5248317000000001,0.46761283333333337,0.37690253333333334,0.259107,0.130316145,0.006607434,-0.102321908,-0.193326982,-0.267562067,-0.327842883,-0.376951383,-0.416839933,-0.44888255,-0.473983717,-0.492770967,-0.506068367,-0.515255683,-0.521809183,-0.526878933,-0.530818033,-0.533695583,-0.535635567,-0.536796683,-0.537367933,-0.5375791,-0.537523017,-0.537379167,-0.5372515,-0.53716295,-0.53723355,-0.537455033,-0.53781875,-0.538260017,-0.538780183,-0.539261533,-0.5396779,-0.539898617,-0.53991215,-0.539566233,-0.5388204,-0.537605483,-0.535851917,-0.533320967,-0.529681917,-0.524749567,-0.519012667,-0.5134655,-0.508953533,-0.50557925,-0.502905267,-0.5005907,-0.4984406,-0.49634605,-0.494223317,-0.492043083,-0.489808983,-0.487438433,-0.484798617,-0.481894017,-0.478569917,-0.47477075,-0.470641167,-0.466313433,-0.462033583,-0.45812535,-0.454581767,-0.451483517,-0.4486522,-0.445953133,-0.443007617,-0.439396017,-0.434704217,-0.428310317,-0.419824133,-0.408997033,-0.39572215,-0.380359467,-0.3632679,-0.344565467,-0.324157233,-0.301507767,-0.276445067,-0.24942325,-0.222525933,-0.199041033,-0.18106975,-0.16878067,-0.160772958,-0.155571435,-0.152519205,-0.150986403,-0.150991718,-0.15255645,-0.155323817,-0.159368732,-0.164291412,-0.170085975,-0.176711912,-0.184228317,-0.192462733,-0.201496917,-0.211229183,-0.221149583,-0.231363483,-0.24159865,-0.251726633,-0.261713667,-0.27132855,-0.280562717,-0.2893202,-0.297308933,-0.304827,-0.311390233,-0.316361867,-0.320779517,-0.323359533,-0.325280417,-0.32572685,-0.3255401,-0.3238618,-0.321606533,-0.317229283,-0.312694367,-0.306896433,-0.3000127,-0.292438067,-0.284087617,-0.275464967,-0.266304283,-0.257944567,-0.247756217,-0.237580667,-0.227850583,-0.21780695,-0.20626015,-0.194111367,-0.180661917,-0.165498,-0.151154917,-0.137827377,-0.123672728,-0.112920275,3.603044
147,-0.09113644,-0.093210088,-0.09819118,-0.102331032,-0.107386815,-0.112534207,-0.117818087,-0.120752908,-0.12934572,-0.132445073,-0.138842658,-0.141528512,-0.145759378,-0.150155622,-0.15447607,-0.159707573,-0.166950117,-0.17205875,-0.180467767,-0.187907117,-0.1948161,-0.199930267,-0.204541283,-0.20743185,-0.210028683,-0.21323165,-0.216566083,-0.216366717,-0.214442133,-0.211659583,-0.206867883,-0.200593467,-0.195899883,-0.19250885,-0.193323333,-0.198090383,-0.207247467,-0.220852,-0.2383008,-0.256337983,-0.272065883,-0.282790933,-0.287113717,-0.284284583,-0.275588483,-0.262571067,-0.246567867,-0.228957757,-0.20971087,-0.187444115,-0.16144157,-0.131380628,-0.097547635,-0.060213241,-0.02004841,0.020470646166666665,0.059311449999999995,0.095345477,0.128280057,0.15773905833333335,0.18323886,0.2067958166666667,0.22822686833333336,0.24850250000000007,0.26878168333333335,0.2901236,0.3127286333333334,0.3361703333333333,0.35928591666666665,0.3808182166666667,0.3992409833333333,0.4146338166666667,0.4285396166666667,0.44474041666666664,0.46714629999999996,0.4974894666666667,0.5328639833333333,0.5680169166666666,0.5979464,0.6222410666666667,0.6447166,0.6681682666666666,0.6919214,0.71163185,0.723164,0.7230260166666667,0.7092003666666667,0.6786465666666667,0.6256369,0.5448472333333333,0.4372195833333333,0.31243255,0.18478829333333335,0.065541797,-0.039789722,-0.130293297,-0.20746915,-0.2732349,-0.329111567,-0.375981933,-0.4144789,-0.444988683,-0.468307683,-0.4857127,-0.498808667,-0.50883925,-0.516403067,-0.521874617,-0.525547167,-0.527860167,-0.529175,-0.529786167,-0.52997395,-0.529867217,-0.529702817,-0.529557683,-0.529497117,-0.52959705,-0.529828683,-0.5301734,-0.530518267,-0.53086865,-0.53115665,-0.531268067,-0.531164883,-0.5307476,-0.52992505,-0.528704233,-0.526955233,-0.524499983,-0.520985017,-0.516260533,-0.51077465,-0.50545995,-0.50111975,-0.497813233,-0.495170333,-0.492890967,-0.490776367,-0.488720133,-0.4866786,-0.484534817,-0.48230955,-0.479954367,-0.4773707,-0.474494667,-0.471193183,-0.467469183,-0.4633941,-0.4590779,-0.454815217,-0.4508708,-0.447311317,-0.444136483,-0.441257117,-0.4385231,-0.435549567,-0.432019467,-0.427413183,-0.4211914,-0.412979183,-0.402427233,-0.389549717,-0.374550883,-0.357790483,-0.339389067,-0.319187367,-0.2967793,-0.27177835,-0.24470235,-0.21764035,-0.193846783,-0.17548565,-0.162875633,-0.15450605,-0.14916445,-0.14589195,-0.144182183,-0.144179017,-0.145672733,-0.148590383,-0.15266145,-0.157803967,-0.163737617,-0.1703977,-0.178010117,-0.186463617,-0.195728633,-0.205361867,-0.2154649,-0.225660067,-0.2359531,-0.246133117,-0.256192,-0.265790933,-0.275009283,-0.28368555,-0.2918494,-0.299022,-0.305568117,-0.310579333,-0.314661633,-0.317923983,-0.3195643,-0.319854483,-0.319551383,-0.318023667,-0.315644217,-0.3111971,-0.306737017,-0.3016395,-0.294729683,-0.287709567,-0.279482667,-0.269552633,-0.261721867,-0.251016883,-0.240073783,-0.2311278,-0.223003917,-0.20988125,-0.197643367,-0.1828902,-0.166814017,-0.148994633,-0.130436167,-0.106579048,-0.08532407,-0.061023923,3.594937
148,-0.039852991,-0.047031996,-0.054969297,-0.065795133,-0.074986713,-0.08371484,-0.091669403,-0.101923483,-0.111096988,-0.118985398,-0.128179158,-0.134414907,-0.141349513,-0.148717312,-0.154099297,-0.16240481,-0.169809435,-0.178340233,-0.1893433,-0.202029917,-0.20926375,-0.220176317,-0.224798633,-0.231293433,-0.236928983,-0.244538783,-0.250144983,-0.253705133,-0.25764935,-0.258291733,-0.255472667,-0.258089683,-0.260085517,-0.265229883,-0.27459785,-0.290635683,-0.311632817,-0.337874983,-0.366560717,-0.394857133,-0.418949433,-0.436262583,-0.445718267,-0.447581683,-0.442767683,-0.433174467,-0.420578,-0.406080517,-0.389491633,-0.369698967,-0.345825867,-0.318258533,-0.287263667,-0.252749033,-0.214619967,-0.174856107,-0.135761325,-0.098828368,-0.064648955,-0.03370603,-0.006590605,0.018110536833333336,0.040520713333333326,0.061568123166666676,0.08246539,0.1046528083333333,0.12872446833333331,0.15413437333333332,0.17970758333333334,0.20358691666666665,0.22419124999999998,0.24113618333333334,0.25679821666666663,0.2758253,0.3032185,0.34080740000000004,0.3847016333333333,0.42790073333333334,0.46434233333333336,0.4935020166666666,0.5197437833333333,0.5474194833333332,0.5764871166666666,0.6020343833333334,0.6183313500000001,0.6213174666666667,0.6073133166666665,0.57097285,0.5035185666666667,0.3990705333333333,0.2643736333333333,0.11849459333333334,-0.019122608,-0.137876772,-0.23537105,-0.313757583,-0.376812933,-0.427824417,-0.469149667,-0.502306983,-0.528259533,-0.547729283,-0.56155195,-0.571071833,-0.577811483,-0.58286085,-0.5866421,-0.589193,-0.590667967,-0.59133815,-0.591385183,-0.591068433,-0.5905228,-0.589879667,-0.589300017,-0.588811233,-0.5885301,-0.58846435,-0.5885792,-0.588848867,-0.589145183,-0.589447217,-0.5896832,-0.589745883,-0.589579083,-0.589060483,-0.58812145,-0.5867291,-0.584785083,-0.582046083,-0.578128717,-0.572925233,-0.566892467,-0.561025133,-0.556250367,-0.552593783,-0.549647267,-0.547113783,-0.544696467,-0.5423838,-0.540071267,-0.53767,-0.535177683,-0.532600717,-0.5297092,-0.52653075,-0.52291855,-0.518855383,-0.514423733,-0.509791817,-0.50519185,-0.500917517,-0.497079667,-0.493561317,-0.49036625,-0.487244317,-0.483849433,-0.47975025,-0.474388217,-0.4672399,-0.457771483,-0.4457476,-0.4309986,-0.41382865,-0.3945726,-0.373318233,-0.349928533,-0.32384025,-0.2945019,-0.2626241,-0.230544817,-0.202127967,-0.180281817,-0.16511,-0.15526495,-0.148980967,-0.145156867,-0.14343315,-0.14347715,-0.145424567,-0.149054867,-0.1540908,-0.160232,-0.167500033,-0.175575767,-0.184702883,-0.194680383,-0.205554233,-0.216879567,-0.228729517,-0.240700833,-0.252662617,-0.264508117,-0.275994067,-0.287119633,-0.297541083,-0.307387917,-0.316926,-0.324689133,-0.331710417,-0.337324983,-0.341583633,-0.344851033,-0.3461909,-0.346345417,-0.345600483,-0.343152967,-0.340184233,-0.334582217,-0.329022167,-0.322083617,-0.313583833,-0.304242083,-0.293864917,-0.283062467,-0.271903483,-0.25892385,-0.247513333,-0.233000067,-0.220517983,-0.20607125,-0.192157167,-0.176042183,-0.156338167,-0.13549575,-0.11686127,-0.094844365,-0.075997878,-0.058206047,3.776547
149,-0.116818712,-0.126600712,-0.13860808,-0.147739683,-0.156443683,-0.167409167,-0.176137417,-0.1884834,-0.197737,-0.2084679,-0.219321267,-0.22936865,-0.236436617,-0.24318545,-0.25318265,-0.26396355,-0.275979483,-0.291539633,-0.307139083,-0.324115033,-0.3394543,-0.353242467,-0.363129833,-0.374499833,-0.38418475,-0.396718867,-0.4065692,-0.416467217,-0.42370345,-0.43277005,-0.4415793,-0.4524905,-0.465801317,-0.484616433,-0.5073136,-0.534561717,-0.564012917,-0.5949309,-0.624238283,-0.64997295,-0.669594283,-0.681877867,-0.6867131,-0.685583383,-0.6792859,-0.669617033,-0.657641817,-0.644051733,-0.628642233,-0.610395217,-0.58908145,-0.565553533,-0.540662267,-0.514029883,-0.484652517,-0.453139833,-0.421291433,-0.390717333,-0.362116683,-0.336023133,-0.3128898,-0.2920161,-0.272880783,-0.254492667,-0.23547105,-0.214760917,-0.191845802,-0.1673965,-0.142853113,-0.119901305,-0.100209986,-0.084156033,-0.069786138,-0.052967567,-0.028877324,0.00498789,0.046514225,0.090149573,0.13013808333333335,0.16536851666666666,0.20037918000000002,0.23980975333333332,0.2831224683333333,0.32388662166666665,0.35335417,0.3649871983333333,0.353248185,0.31061272666666667,0.22925779333333332,0.11175666666666667,-0.023464877,-0.153814752,-0.265070133,-0.35343165,-0.421010833,-0.472031967,-0.510759333,-0.540426,-0.5631672,-0.58038375,-0.592894783,-0.601258833,-0.60610295,-0.608550733,-0.609788867,-0.610675383,-0.611309783,-0.611571517,-0.6113992,-0.61089495,-0.6100886,-0.609187067,-0.60820725,-0.607261567,-0.606437483,-0.605779017,-0.605336417,-0.60512925,-0.605079283,-0.605201383,-0.605367867,-0.605538817,-0.605646717,-0.605588933,-0.605294117,-0.604672483,-0.6036566,-0.60220825,-0.60023405,-0.597492533,-0.593654433,-0.5885375,-0.58260835,-0.576885233,-0.57218865,-0.568586767,-0.56568625,-0.563131667,-0.560741683,-0.558443833,-0.556101067,-0.553708033,-0.551202983,-0.548609733,-0.5457404,-0.542575417,-0.53899635,-0.534951917,-0.530524967,-0.525936367,-0.5213912,-0.517150733,-0.513323267,-0.509844133,-0.506697367,-0.503583117,-0.5002466,-0.49613545,-0.490861917,-0.483810467,-0.474422167,-0.462535567,-0.44792375,-0.43094215,-0.411800683,-0.39067595,-0.367309083,-0.341171633,-0.311726267,-0.279568283,-0.24718415,-0.218314183,-0.19602595,-0.180669567,-0.170582833,-0.1641838,-0.160342783,-0.158569583,-0.158704133,-0.1607003,-0.164420017,-0.169587433,-0.175870867,-0.1833728,-0.191541483,-0.200766567,-0.211007217,-0.221897633,-0.233453717,-0.245238033,-0.2573468,-0.269303667,-0.281192933,-0.292953117,-0.30395165,-0.314487267,-0.324267917,-0.333352283,-0.34110275,-0.3483339,-0.353724383,-0.358225683,-0.360976883,-0.36252055,-0.362876917,-0.361931367,-0.3596392,-0.356250983,-0.352143333,-0.346377817,-0.339090683,-0.330685017,-0.3213422,-0.3118897,-0.301384083,-0.29043675,-0.278297583,-0.266378217,-0.254136917,-0.243117167,-0.2313985,-0.21717,-0.204223867,-0.191400567,-0.178473833,-0.165242683,-0.159397933,-0.159909067,-0.167448117,4.108514
150,-0.08491668,-0.09310022,-0.099878755,-0.105906648,-0.114655238,-0.120744322,-0.12916338,-0.135274035,-0.141890967,-0.149703497,-0.156972885,-0.162480352,-0.168169003,-0.172361333,-0.176081588,-0.185033642,-0.194085817,-0.204385967,-0.214292033,-0.227094567,-0.237646033,-0.24646425,-0.25379515,-0.259047183,-0.265908483,-0.272505917,-0.2784153,-0.283382233,-0.286237417,-0.28845875,-0.290393283,-0.293761467,-0.30170475,-0.311876317,-0.328757767,-0.351815167,-0.379151817,-0.409642067,-0.440957983,-0.470297933,-0.494228017,-0.510561117,-0.518948083,-0.51955845,-0.514089983,-0.50429175,-0.491598317,-0.477157667,-0.46075765,-0.4411929,-0.417711917,-0.390781983,-0.36133635,-0.32868115,-0.292711267,-0.2547173,-0.217050733,-0.18124514,-0.148194945,-0.118198475,-0.092095077,-0.068542996,-0.047177669,-0.026819908,-0.006005389,0.016710931666666668,0.041811183,0.068565603,0.095468512,0.12051614166666667,0.14193814833333332,0.15938369666666669,0.174813732,0.19292779833333332,0.21874274000000002,0.2548247133333333,0.29825065,0.34296581666666665,0.3829177166666667,0.41749531666666667,0.4510219833333333,0.48793289999999995,0.5275361,0.5636834833333334,0.5885643666666667,0.5965512833333333,0.5830685999999999,0.5420072833333334,0.46494798333333337,0.34984123333333333,0.2092173966666667,0.064472618,-0.067037778,-0.177451427,-0.2661431,-0.3362353,-0.3916204,-0.435705483,-0.470870367,-0.49857775,-0.5198639,-0.53540735,-0.546054633,-0.553078583,-0.557875367,-0.561484567,-0.564168617,-0.565976183,-0.566949567,-0.567270717,-0.5671097,-0.56665875,-0.566045283,-0.565338683,-0.564743067,-0.564244617,-0.56394195,-0.563840167,-0.563911567,-0.564105817,-0.56436325,-0.564613817,-0.5647995,-0.564825933,-0.564605817,-0.5640958,-0.563130033,-0.561741383,-0.5598405,-0.557156233,-0.553371933,-0.548301483,-0.542438917,-0.536762567,-0.5321376,-0.528605967,-0.52575115,-0.523282133,-0.5209628,-0.5187205,-0.516476133,-0.514185833,-0.511774917,-0.509250733,-0.506475433,-0.503419683,-0.499908533,-0.495999433,-0.491685233,-0.4872074,-0.482824917,-0.4787128,-0.474999317,-0.471678767,-0.468649667,-0.465695733,-0.462528717,-0.45859055,-0.453464833,-0.4465989,-0.437470783,-0.425856783,-0.411606283,-0.394978667,-0.376412983,-0.35588025,-0.3333192,-0.308145083,-0.279909233,-0.2492336,-0.218448433,-0.1911923,-0.170241517,-0.155899467,-0.146615018,-0.140657512,-0.137090862,-0.135525735,-0.135726163,-0.137620002,-0.141212518,-0.145998738,-0.152006567,-0.15899765,-0.166755517,-0.175667233,-0.185296683,-0.195691083,-0.2067304,-0.218203583,-0.229753167,-0.241361467,-0.252819217,-0.264072133,-0.274789817,-0.2849535,-0.294773517,-0.303513567,-0.31152525,-0.318464583,-0.32394305,-0.328537783,-0.331565483,-0.333401833,-0.333763133,-0.332949283,-0.331166983,-0.328444633,-0.323790833,-0.318897233,-0.31223725,-0.30496035,-0.2964566,-0.2869996,-0.277572333,-0.266672717,-0.2553649,-0.244584033,-0.2325442,-0.22295565,-0.2097251,-0.198748133,-0.183814333,-0.167417783,-0.1534733,-0.136813233,-0.120452957,-0.110076148,-0.09911415,3.786236
151,-0.09041211,-0.103158145,-0.110280955,-0.124272323,-0.131118456,-0.142648657,-0.153593133,-0.164830527,-0.176404918,-0.189323283,-0.198497962,-0.208291698,-0.217054408,-0.224872128,-0.233961605,-0.243732557,-0.254549982,-0.268115483,-0.283663167,-0.297330767,-0.31207415,-0.323090033,-0.332475983,-0.342590183,-0.3520908,-0.3624092,-0.37038135,-0.3787901,-0.384969783,-0.390094583,-0.395086517,-0.401781017,-0.409589383,-0.4222693,-0.439103717,-0.46019155,-0.486225833,-0.514730367,-0.543289983,-0.569347683,-0.589954117,-0.603904917,-0.610230733,-0.610229467,-0.604700933,-0.595436833,-0.583845783,-0.570740383,-0.555665333,-0.537526267,-0.516033133,-0.492094717,-0.466530633,-0.43878415,-0.40768255,-0.374325217,-0.340643083,-0.308463318,-0.27860162,-0.251507068,-0.227808363,-0.206580708,-0.187261621,-0.16845931,-0.148997333,-0.127321542,-0.103037394,-0.077088753,-0.05111426,-0.026945793,-0.006359933,0.010261766666666656,0.024753033333333327,0.041260531666666656,0.064372127,0.096622277,0.13595284566666668,0.17745044666666665,0.215969776,0.2507197848333333,0.28561663666666665,0.32437082666666667,0.36593905,0.40394615000000006,0.4306916666666667,0.4409145333333333,0.43024968333333335,0.39195278333333333,0.3169399333333333,0.20405453399999998,0.06825726,-0.068038945,-0.188079082,-0.285927617,-0.36241025,-0.4214367,-0.467196467,-0.503033817,-0.53119745,-0.553105867,-0.569643967,-0.581389033,-0.58903705,-0.5937323,-0.596788233,-0.599107283,-0.600867317,-0.602035667,-0.60256425,-0.60260655,-0.60226665,-0.601727383,-0.601084283,-0.600403117,-0.599818217,-0.599365067,-0.599118817,-0.599093933,-0.599216317,-0.599473017,-0.599783383,-0.60010585,-0.6003216,-0.60040145,-0.600220067,-0.599719233,-0.598807667,-0.597441867,-0.595552667,-0.592897617,-0.5891179,-0.584044333,-0.57816655,-0.5725051,-0.567837633,-0.564266683,-0.561419717,-0.5589154,-0.5565717,-0.554274333,-0.551983867,-0.549639333,-0.547184167,-0.544622633,-0.541787733,-0.538659183,-0.535094917,-0.5310718,-0.5266771,-0.522135217,-0.517593917,-0.5133861,-0.509594067,-0.506157183,-0.502982617,-0.499943067,-0.496611183,-0.492595067,-0.48734895,-0.480349383,-0.471027883,-0.459204083,-0.444687417,-0.427819133,-0.408814483,-0.387889917,-0.364769867,-0.338910867,-0.30984115,-0.278223517,-0.24637455,-0.218186333,-0.196552717,-0.181513533,-0.171768717,-0.165487933,-0.16172725,-0.159958083,-0.160112917,-0.161984767,-0.165577783,-0.170575267,-0.176646583,-0.183769833,-0.1918667,-0.200866633,-0.21069025,-0.2214497,-0.23262795,-0.2443382,-0.256087817,-0.268022467,-0.279770333,-0.2911601,-0.301940217,-0.312415,-0.322042417,-0.331236133,-0.339086983,-0.346153567,-0.351566717,-0.355917733,-0.359048283,-0.36037055,-0.360030317,-0.3594012,-0.3572094,-0.35390935,-0.3495203,-0.343803917,-0.336707283,-0.329039983,-0.319850867,-0.308978417,-0.298583467,-0.28793895,-0.276312183,-0.263719867,-0.250653133,-0.2395458,-0.227334483,-0.213365133,-0.1989671,-0.18490415,-0.166657483,-0.155284072,-0.143465982,-0.139312532,-0.138250422,3.983513
152,-0.018911283,-0.025787083,-0.029795665,-0.038422409,-0.045782454,-0.05519686,-0.065068298,-0.075994437,-0.085510478,-0.094395038,-0.103635333,-0.112066465,-0.117251865,-0.12542134,-0.129805307,-0.140532188,-0.147357052,-0.158729633,-0.170640917,-0.182259783,-0.194523167,-0.202219167,-0.208187583,-0.2155127,-0.221535633,-0.230544467,-0.23625045,-0.241816367,-0.243558133,-0.2462916,-0.2473703,-0.2494487,-0.255895583,-0.266979433,-0.28417475,-0.30814465,-0.337858417,-0.371973667,-0.407634767,-0.44103955,-0.468954483,-0.488689933,-0.499495033,-0.502236517,-0.49788495,-0.48895755,-0.47696165,-0.462968233,-0.446756617,-0.426804833,-0.40268155,-0.374724683,-0.343672717,-0.309144967,-0.270692617,-0.230174367,-0.189883233,-0.15169675,-0.116684298,-0.085282808,-0.058190467,-0.033896947,-0.011829747,0.009319404,0.031347479,0.055854034,0.083188698,0.11240844333333333,0.1416685666666667,0.16879401666666669,0.19162038333333334,0.20995221666666666,0.22574211666666666,0.24366868333333333,0.26898785000000003,0.30434811666666667,0.3474721166666666,0.3927962166666667,0.43398660000000006,0.47064951666666666,0.5069521,0.5463809833333333,0.5875681666666667,0.6231871999999999,0.6464232,0.6525187499999999,0.6380068666666666,0.5974489833333333,0.5213356333333333,0.4050722500000001,0.2590343666666667,0.10524207833333332,-0.036632127,-0.157117467,-0.254799717,-0.332521383,-0.394305867,-0.443627317,-0.48302265,-0.51416335,-0.538151083,-0.555785067,-0.568017683,-0.576163233,-0.58178985,-0.585954667,-0.589051467,-0.591166883,-0.592328867,-0.59281585,-0.592772017,-0.592396583,-0.591863133,-0.59124165,-0.590698267,-0.590239867,-0.589967017,-0.589916083,-0.590030617,-0.590276717,-0.590534,-0.59080185,-0.5910242,-0.591045333,-0.590850517,-0.5903109,-0.589363467,-0.58796585,-0.586013733,-0.583290383,-0.579454933,-0.574297967,-0.568343233,-0.562571783,-0.557837083,-0.5542217,-0.551305017,-0.54880285,-0.54640795,-0.54413905,-0.541847783,-0.539471667,-0.537007517,-0.53441835,-0.53156635,-0.52842945,-0.524830883,-0.520779567,-0.516379083,-0.511746033,-0.507175267,-0.502916983,-0.49905425,-0.495547267,-0.492378817,-0.489233283,-0.48584535,-0.481746167,-0.476459433,-0.46941495,-0.4600734,-0.448199233,-0.433670567,-0.416755567,-0.397764233,-0.37680415,-0.353748033,-0.327928867,-0.298955767,-0.267424133,-0.23563375,-0.207467533,-0.18565115,-0.170549217,-0.160726033,-0.154356367,-0.150431383,-0.1486267,-0.14863485,-0.1505628,-0.154096667,-0.159044733,-0.16520935,-0.172248,-0.180452533,-0.18927295,-0.199201667,-0.210028433,-0.221222033,-0.232997433,-0.244781733,-0.25657365,-0.2682609,-0.27969645,-0.290527483,-0.301034583,-0.310498033,-0.31954795,-0.32730275,-0.3344655,-0.340142617,-0.343921583,-0.346879817,-0.348334833,-0.348490817,-0.347582483,-0.345128433,-0.341752917,-0.33723775,-0.3311872,-0.32378975,-0.315414067,-0.306308233,-0.2961668,-0.2853266,-0.273732383,-0.25987775,-0.248824383,-0.233869717,-0.2221777,-0.208767883,-0.1939831,-0.177239383,-0.159232967,-0.13839025,-0.120263722,-0.097878813,-0.085163695,-0.071017385,3.288957
153,-0.074280008,-0.081477343,-0.0868383,-0.09660795,-0.108366898,-0.117728038,-0.128665455,-0.14099359,-0.151352445,-0.163710962,-0.17305975,-0.182128767,-0.189638833,-0.198102567,-0.205655467,-0.214582917,-0.225245217,-0.239141867,-0.25445655,-0.268646533,-0.281997083,-0.292979817,-0.301934483,-0.310906583,-0.321087417,-0.32877365,-0.3365532,-0.345102767,-0.34973595,-0.35468225,-0.357041517,-0.361854183,-0.369100617,-0.37928465,-0.3950987,-0.414555333,-0.438076,-0.464057133,-0.4914469,-0.516750783,-0.53702045,-0.550714533,-0.556867533,-0.556215917,-0.5499646,-0.53964375,-0.526823067,-0.5123524,-0.49603015,-0.476413383,-0.453027233,-0.426591717,-0.397883533,-0.366602583,-0.33217535,-0.29568925,-0.259398783,-0.224978775,-0.193273563,-0.164793671,-0.140098587,-0.117942385,-0.097743093,-0.078174361,-0.057790533,-0.035277618,-0.010188239,0.016489628333333332,0.043015528,0.067585162,0.088429307,0.10517950999999999,0.11954630133333333,0.13551624416666666,0.1575237966666667,0.1879543983333333,0.2250453,0.2641886666666666,0.3006426833333333,0.33389684999999997,0.3675599333333333,0.4046042,0.4435998666666667,0.47839845000000003,0.5024745,0.51157345,0.5020592833333334,0.46820276666666666,0.4018229,0.29918046666666664,0.17018587666666665,0.034496761,-0.090615217,-0.1965806,-0.282136917,-0.349864533,-0.40343965,-0.446059217,-0.47990515,-0.506530983,-0.52685075,-0.541556417,-0.551487167,-0.557888467,-0.562202433,-0.565464717,-0.567927883,-0.56962425,-0.570536183,-0.57087145,-0.570724917,-0.570357983,-0.569814083,-0.569216167,-0.56871515,-0.5683166,-0.568103683,-0.5680967,-0.568265867,-0.568543733,-0.5688979,-0.569223183,-0.569489883,-0.569581733,-0.5694485,-0.568980633,-0.568055483,-0.566702467,-0.56479675,-0.562123333,-0.558293883,-0.553166183,-0.547223567,-0.541498583,-0.53683165,-0.5332616,-0.530404717,-0.527975317,-0.525651917,-0.523437917,-0.521196183,-0.518859,-0.516463033,-0.5139674,-0.5111966,-0.508103383,-0.5046224,-0.500647767,-0.4962977,-0.49179785,-0.487343017,-0.48318615,-0.479442817,-0.47606975,-0.473029967,-0.470056517,-0.466770867,-0.462846117,-0.457690567,-0.450738283,-0.441574433,-0.429851283,-0.415550417,-0.3988609,-0.380215467,-0.359660717,-0.337061783,-0.3118855,-0.2837163,-0.25321685,-0.2226067,-0.195637483,-0.17489505,-0.16072595,-0.151507083,-0.145633637,-0.142115645,-0.140467342,-0.140713605,-0.142658238,-0.1461206,-0.15083465,-0.156670983,-0.16346245,-0.171255767,-0.179908933,-0.189459133,-0.199919217,-0.210841433,-0.2221317,-0.233536483,-0.24515025,-0.256462367,-0.267625883,-0.27826285,-0.28858115,-0.2979885,-0.307048667,-0.314981267,-0.32194295,-0.32757005,-0.331601433,-0.334736167,-0.336310183,-0.336680183,-0.335587833,-0.333787517,-0.331252783,-0.326847233,-0.320964633,-0.314219617,-0.306265433,-0.297067133,-0.287864483,-0.277616033,-0.267049517,-0.254719383,-0.244728467,-0.232536167,-0.22096945,-0.20779585,-0.19422585,-0.180329267,-0.166730033,-0.1502418,-0.135024043,-0.11790926,-0.112316777,-0.1075576,3.695583
154,-0.094999203,-0.105399273,-0.112651738,-0.12251094,-0.130353375,-0.140535375,-0.148858112,-0.158204683,-0.16769,-0.176770933,-0.185282883,-0.192843267,-0.196112517,-0.203924467,-0.211244667,-0.2217782,-0.230200683,-0.242775967,-0.257505483,-0.273664567,-0.2865483,-0.2977909,-0.306076467,-0.31498755,-0.322699433,-0.3340019,-0.3430358,-0.35144775,-0.358337333,-0.364863883,-0.37104215,-0.37922825,-0.39245275,-0.411134533,-0.435118783,-0.465725167,-0.500179883,-0.536865633,-0.5720357,-0.603607,-0.62782205,-0.643846467,-0.65134825,-0.65187675,-0.6465691,-0.637256067,-0.6254438,-0.6118664,-0.59636485,-0.577704283,-0.5555342,-0.530701567,-0.50414385,-0.47539345,-0.44345875,-0.4090401,-0.37426685,-0.340841983,-0.3096628,-0.28122425,-0.256037967,-0.233450683,-0.212866467,-0.193274033,-0.1731445,-0.1512275,-0.126868718,-0.100735478,-0.074407,-0.049692255,-0.02850824,-0.01124346,0.00432517,0.022900537999999998,0.049915248333333335,0.087845583,0.13398295833333332,0.18185510833333332,0.22482850000000001,0.2619439666666667,0.2980175333333333,0.3384818,0.3827286666666667,0.4237723166666667,0.45293385,0.46359531666666665,0.4507297833333334,0.40630248333333335,0.32097808333333333,0.19574619999999998,0.049272856,-0.093657487,-0.216845917,-0.315439933,-0.39131555,-0.44892595,-0.492772417,-0.5264695,-0.5523354,-0.571972633,-0.586310867,-0.5960078,-0.601808933,-0.60487065,-0.606579383,-0.607788433,-0.608641817,-0.609091017,-0.609019817,-0.608576333,-0.607808833,-0.6069293,-0.605971867,-0.605008283,-0.604186167,-0.603522333,-0.60308005,-0.602882267,-0.6028724,-0.603011733,-0.60319685,-0.603362283,-0.603505483,-0.603430583,-0.603148117,-0.6025443,-0.601484467,-0.599990317,-0.597944117,-0.595093717,-0.591104717,-0.58577065,-0.579627283,-0.573694117,-0.5687729,-0.5650212,-0.561976367,-0.5593561,-0.556849183,-0.554464367,-0.552043167,-0.54954685,-0.546977217,-0.544285467,-0.541315133,-0.53803375,-0.534309833,-0.53013865,-0.52557195,-0.520833533,-0.5161261,-0.511747083,-0.507747583,-0.504134033,-0.50081815,-0.497546383,-0.493981917,-0.48967745,-0.48410595,-0.476664367,-0.466843983,-0.45438035,-0.439085267,-0.421270483,-0.401308133,-0.379221333,-0.354842467,-0.327620117,-0.296975017,-0.26361255,-0.230003933,-0.2002457,-0.177269133,-0.161335767,-0.151032967,-0.144366867,-0.140399067,-0.13846375,-0.138641333,-0.14071,-0.144493567,-0.1497012,-0.156202867,-0.163740567,-0.1723596,-0.181884333,-0.192322267,-0.203737133,-0.215692783,-0.228044167,-0.240377717,-0.253092917,-0.26549295,-0.277469517,-0.289120367,-0.300101783,-0.31042305,-0.320128767,-0.328491083,-0.335936783,-0.341724433,-0.346691667,-0.349665133,-0.351637533,-0.351839233,-0.351441917,-0.348826717,-0.346027183,-0.341083717,-0.335333783,-0.32860585,-0.31976,-0.31035755,-0.3007098,-0.28930655,-0.278626567,-0.267035,-0.254993317,-0.242341267,-0.231633933,-0.217407217,-0.203278567,-0.191031033,-0.17629105,-0.161430433,-0.148859433,-0.138034657,-0.136393028,-0.138419397,4.085906
155,-0.098653625,-0.104334037,-0.108617085,-0.114723478,-0.119710267,-0.12796228,-0.133729595,-0.138397398,-0.144757843,-0.152406858,-0.15850617,-0.164598027,-0.168710133,-0.172800333,-0.178284967,-0.184889117,-0.194632717,-0.20665235,-0.21972375,-0.232097933,-0.243563667,-0.252368533,-0.2595769,-0.265481567,-0.27093655,-0.277217583,-0.284837167,-0.2907509,-0.29340045,-0.297182833,-0.2993424,-0.30544205,-0.3155977,-0.3302533,-0.350872817,-0.377084517,-0.406176533,-0.437791117,-0.468638917,-0.495924833,-0.51716445,-0.53117505,-0.53676955,-0.535757317,-0.528907717,-0.51827505,-0.505013867,-0.490108667,-0.4731003,-0.453005833,-0.429340533,-0.40291235,-0.374498417,-0.343700267,-0.309854933,-0.2739414,-0.2381606,-0.204023172,-0.172369927,-0.143689898,-0.118504911,-0.095748885,-0.074968778,-0.055071264,-0.034665387,-0.01247523,0.011950303333333337,0.037843475,0.063741405,0.087836726,0.10839438666666668,0.12509989166666666,0.14011486166666667,0.15766116333333333,0.18286843333333333,0.21818128333333334,0.26111175000000003,0.30543943333333334,0.34535505,0.3800773333333333,0.41427628333333333,0.45258741666666663,0.49400506666666666,0.5316975166666666,0.5574490000000001,0.5651636333333333,0.5498296333333333,0.5052694999999999,0.42416693333333333,0.3071845,0.1687136933333333,0.029421643333333334,-0.095088528,-0.19843758,-0.28080465,-0.345372583,-0.396085217,-0.436184967,-0.467949633,-0.4928418,-0.511796283,-0.525467367,-0.53469555,-0.54061085,-0.54458025,-0.547535517,-0.54973865,-0.5511659,-0.551842567,-0.551982267,-0.551679517,-0.551162317,-0.5504826,-0.54978125,-0.549171633,-0.548692017,-0.548378983,-0.548270917,-0.54833635,-0.548505967,-0.548750533,-0.548980817,-0.549158,-0.549165583,-0.54898895,-0.54847345,-0.54756345,-0.546213367,-0.544352017,-0.5417451,-0.538062733,-0.533176533,-0.527482333,-0.5220019,-0.517476433,-0.5140112,-0.511223733,-0.508816017,-0.506549333,-0.5043308,-0.502121217,-0.499851033,-0.4974956,-0.49501365,-0.49226565,-0.489260967,-0.485833817,-0.481957667,-0.477717333,-0.473302067,-0.468954617,-0.46490325,-0.46120565,-0.457947167,-0.454961333,-0.452050583,-0.448916517,-0.445117883,-0.440142983,-0.4334663,-0.424598483,-0.4133132,-0.399422017,-0.3832484,-0.365148733,-0.345181417,-0.323195517,-0.29861905,-0.2711129,-0.241178533,-0.211205617,-0.184740583,-0.1643379,-0.150238867,-0.14110955,-0.135296367,-0.131654058,-0.130033282,-0.130143633,-0.132078427,-0.135431292,-0.14015995,-0.1458283,-0.152663167,-0.160243467,-0.168696483,-0.17816295,-0.188382,-0.199175983,-0.2103099,-0.221530033,-0.232986567,-0.24421865,-0.255127133,-0.265736117,-0.275749133,-0.2852577,-0.294187183,-0.301860783,-0.3090775,-0.314294967,-0.318872733,-0.321931017,-0.323898433,-0.324333983,-0.324097,-0.322112717,-0.319681783,-0.316164767,-0.3107931,-0.303775333,-0.29727975,-0.289229767,-0.281088717,-0.271648017,-0.262382633,-0.2509503,-0.241683283,-0.2299757,-0.221214,-0.210447683,-0.197807,-0.185561533,-0.17115865,-0.15621895,-0.14231775,-0.127337188,-0.118340568,-0.111318537,3.938796
156,-0.076333163,-0.083798343,-0.092174968,-0.10162653,-0.107378853,-0.120702208,-0.130851492,-0.14060515,-0.148686633,-0.157899333,-0.16927225,-0.177098867,-0.184125833,-0.192174667,-0.198942133,-0.208926517,-0.2188304,-0.23197945,-0.24810625,-0.262841383,-0.275297667,-0.285967817,-0.294577883,-0.302932117,-0.311475267,-0.322107167,-0.32951985,-0.33742795,-0.34501735,-0.3484793,-0.353742583,-0.360182767,-0.368320633,-0.381459483,-0.3985973,-0.420793383,-0.446147367,-0.474165517,-0.501705883,-0.527068967,-0.546769983,-0.559582483,-0.56489885,-0.56373895,-0.557143967,-0.546665767,-0.5335997,-0.51892395,-0.50201905,-0.482147083,-0.4588698,-0.4330999,-0.4055116,-0.375797433,-0.343051033,-0.308195133,-0.273355833,-0.240001633,-0.2090884,-0.180992478,-0.156227663,-0.1339337,-0.113584145,-0.094137158,-0.074336337,-0.052849793,-0.029254869,-0.004183917,0.020915358,0.044362127,0.064547435,0.081036882,0.095986473,0.11337472166666666,0.137960326,0.17172020833333332,0.2120626183333333,0.25339518333333333,0.29035025,0.32247255,0.35413998333333324,0.3894907,0.42765448333333334,0.46277725000000003,0.48765718333333335,0.4971342333333333,0.4867037666666667,0.4497491,0.37783150000000004,0.2694592333333334,0.137050782,0.001143632,-0.121707295,-0.224246017,-0.306025117,-0.370118967,-0.4202686,-0.459761517,-0.490854067,-0.515046683,-0.533304617,-0.5462856,-0.55482725,-0.560110717,-0.563595517,-0.566234383,-0.568238617,-0.569615117,-0.570321367,-0.570543483,-0.570353017,-0.569941917,-0.569418,-0.568864083,-0.568410383,-0.5680912,-0.567947583,-0.567996067,-0.568227767,-0.568595517,-0.568964783,-0.569365067,-0.569673617,-0.569830233,-0.56974535,-0.5693177,-0.568456983,-0.567153117,-0.565308433,-0.562651067,-0.55887145,-0.553772617,-0.547861367,-0.542133667,-0.537471633,-0.533892083,-0.53108585,-0.528618067,-0.526332767,-0.524108467,-0.521876517,-0.519591217,-0.517202,-0.514687817,-0.511908567,-0.508835783,-0.505323633,-0.501321283,-0.496973433,-0.492427733,-0.487932983,-0.483750183,-0.47995785,-0.476554,-0.47344645,-0.470426117,-0.467083983,-0.463143617,-0.457892817,-0.450939433,-0.441654933,-0.42985365,-0.415423233,-0.39860215,-0.37974075,-0.359033583,-0.336251883,-0.310875283,-0.282448783,-0.251681533,-0.220876767,-0.19374875,-0.172790617,-0.15848985,-0.149104917,-0.14307645,-0.13942975,-0.137701067,-0.137810833,-0.139656817,-0.143146067,-0.147896967,-0.1538181,-0.160723283,-0.168382467,-0.1772716,-0.186842317,-0.197422033,-0.208340967,-0.2198245,-0.231405867,-0.243108717,-0.254579083,-0.265908433,-0.276729617,-0.287227883,-0.296705433,-0.306083517,-0.3140961,-0.3213218,-0.3266842,-0.33128885,-0.334590283,-0.33629375,-0.337016733,-0.335653917,-0.334091767,-0.33094065,-0.32665275,-0.3211249,-0.314754967,-0.30726925,-0.298423,-0.288847417,-0.278656833,-0.267740233,-0.256528383,-0.245403333,-0.233402,-0.221843233,-0.20834835,-0.195386933,-0.182373483,-0.1682625,-0.14950235,-0.1360574,-0.122277482,-0.114422367,-0.10932824,3.879533
157,-0.118715,-0.132714975,-0.137391458,-0.1496088,-0.156213448,-0.170600697,-0.181030097,-0.192083658,-0.205152595,-0.215214433,-0.2261433,-0.23775505,-0.2462703,-0.256358667,-0.264607417,-0.275297217,-0.2890722,-0.303661067,-0.322474867,-0.339451067,-0.356382983,-0.371943983,-0.383486817,-0.39442535,-0.405024517,-0.416840533,-0.427793583,-0.43797995,-0.447024583,-0.4572289,-0.468125317,-0.483318133,-0.501241633,-0.524847533,-0.5526626,-0.584259983,-0.617880133,-0.650926617,-0.6813548,-0.706741767,-0.7257616,-0.737429383,-0.7417029,-0.740147033,-0.733939333,-0.724518767,-0.712855533,-0.699933383,-0.68514035,-0.66788145,-0.647901233,-0.626246583,-0.6035287,-0.579163867,-0.552171483,-0.5229625,-0.493452083,-0.464759167,-0.437997033,-0.41338415,-0.391473333,-0.371664967,-0.35350875,-0.33592625,-0.317770667,-0.298016567,-0.276180473,-0.25286646,-0.229325152,-0.207258207,-0.188217398,-0.172744302,-0.158791237,-0.142255017,-0.11841004,-0.084582083,-0.042838737,0.001447355,0.04251689,0.078970181,0.115607945,0.15768981,0.2051745,0.2508435833333333,0.2847066833333334,0.29876244999999996,0.2865421166666667,0.23981368333333333,0.15219739666666668,0.030448910166666666,-0.103484113,-0.227571303,-0.330057883,-0.4091743,-0.468246433,-0.511866967,-0.544289417,-0.568630833,-0.586894283,-0.600407167,-0.609828417,-0.615711,-0.618617467,-0.619538033,-0.619592783,-0.6195894,-0.61950665,-0.61924435,-0.618646967,-0.617819417,-0.616774117,-0.615679033,-0.614569883,-0.613476117,-0.61255995,-0.61179895,-0.6112921,-0.610987483,-0.610890167,-0.610925617,-0.611026283,-0.61110085,-0.6111327,-0.610989733,-0.61062115,-0.609954333,-0.6088766,-0.60735985,-0.605351783,-0.602558217,-0.59871635,-0.593614017,-0.58770785,-0.582014217,-0.577321033,-0.573721183,-0.570767717,-0.568210317,-0.5657876,-0.563448017,-0.56108885,-0.558667317,-0.55614585,-0.553481683,-0.550586183,-0.547391833,-0.543764833,-0.539685283,-0.535194183,-0.530571,-0.5260036,-0.5217056,-0.51780035,-0.514294917,-0.5110748,-0.5079206,-0.504495583,-0.500317133,-0.494972117,-0.487867833,-0.4784781,-0.4665313,-0.451916167,-0.434867867,-0.415678467,-0.394497833,-0.37087905,-0.344535517,-0.3147539,-0.282173483,-0.249269683,-0.21993615,-0.197314733,-0.181641817,-0.171371567,-0.1649162,-0.160830657,-0.159032858,-0.159089712,-0.161177582,-0.1649641,-0.170246033,-0.176515333,-0.18404435,-0.192494683,-0.201870133,-0.212186883,-0.22325195,-0.2349994,-0.246906983,-0.259286117,-0.271425867,-0.283245983,-0.295157067,-0.306053733,-0.316797917,-0.326590317,-0.335715117,-0.34386915,-0.350934067,-0.356848333,-0.3610848,-0.364194817,-0.365646267,-0.366182983,-0.365488683,-0.363056117,-0.360069817,-0.355680367,-0.34969085,-0.3433259,-0.335444983,-0.325903783,-0.317594133,-0.306377,-0.296147333,-0.284503967,-0.272976917,-0.2599825,-0.249903017,-0.237889967,-0.2257843,-0.2114691,-0.20187175,-0.189177433,-0.181771783,-0.177627383,-0.182503533,-0.195173983,4.32573
158,-0.051364212,-0.057571012,-0.06345205,-0.073343917,-0.083228117,-0.093097523,-0.100470915,-0.109350365,-0.116675315,-0.125402597,-0.134461695,-0.142560632,-0.14719881,-0.155453095,-0.16172807,-0.167675597,-0.176051753,-0.184828152,-0.192105233,-0.204021167,-0.212442433,-0.221292883,-0.2282697,-0.234166033,-0.241152567,-0.2468547,-0.252750717,-0.255560017,-0.256790867,-0.2573718,-0.25605255,-0.255946917,-0.2541703,-0.256261317,-0.261717367,-0.273270083,-0.290367617,-0.313167483,-0.339878533,-0.367337733,-0.391772167,-0.409819567,-0.42026205,-0.423024583,-0.418831817,-0.409749767,-0.39756165,-0.3835375,-0.367504783,-0.347981333,-0.3237992,-0.295219267,-0.26270965,-0.226255212,-0.186240068,-0.144911128,-0.104671935,-0.067024494,-0.03262323,-0.001838884,0.024951967,0.049287025000000005,0.071329132,0.092358306,0.11355753049999999,0.13631252833333332,0.16089938,0.18656024666666668,0.21202915,0.23543598333333335,0.25535175,0.2714007333333333,0.28574425,0.30280379999999996,0.32721505,0.36070465,0.40017506666666675,0.4394308333333334,0.47322083333333337,0.50063815,0.5252031333333333,0.5501641166666666,0.5749144833333334,0.5956452,0.6078282500000001,0.6087762333333333,0.5958513666666666,0.5646144333333334,0.5061716166666667,0.41263059999999996,0.2873045,0.14707717666666667,0.011891486666666666,-0.10626089,-0.204090457,-0.28325975,-0.3472919,-0.39942435,-0.441895183,-0.47622945,-0.503336117,-0.523891117,-0.53870025,-0.549100867,-0.556596883,-0.56216675,-0.566261833,-0.569047483,-0.57059695,-0.571302583,-0.5713082,-0.570919283,-0.570277383,-0.569491383,-0.568759633,-0.5681358,-0.5676785,-0.567472883,-0.567400967,-0.567498483,-0.5676349,-0.5677794,-0.56784145,-0.567780283,-0.567472483,-0.5668547,-0.565865133,-0.564428633,-0.56246705,-0.559780917,-0.556030733,-0.551018283,-0.5452708,-0.539726633,-0.535164817,-0.53163685,-0.528796217,-0.526327167,-0.523967033,-0.521694783,-0.519433117,-0.517054867,-0.5146206,-0.512053283,-0.509248683,-0.506148183,-0.502634933,-0.498669383,-0.494330617,-0.489846033,-0.48542805,-0.481286533,-0.477544233,-0.474185683,-0.47112535,-0.468150333,-0.464868417,-0.460962533,-0.455853367,-0.4490047,-0.439938333,-0.428429817,-0.41431925,-0.39784685,-0.379389433,-0.359005167,-0.336476233,-0.311336283,-0.2830609,-0.25223045,-0.221392833,-0.193989633,-0.172974583,-0.158462,-0.1489793,-0.142927317,-0.13928,-0.13760417,-0.137656522,-0.139536683,-0.142931083,-0.147789817,-0.1537544,-0.160647983,-0.168438017,-0.17715035,-0.18663215,-0.197116417,-0.208085217,-0.219412683,-0.230877617,-0.24238835,-0.253682467,-0.264784617,-0.275235483,-0.2855075,-0.294791683,-0.3035849,-0.311302217,-0.317966883,-0.323354017,-0.327615817,-0.3303002,-0.33204015,-0.332218717,-0.331087017,-0.329204333,-0.325948933,-0.32142695,-0.316009817,-0.30901345,-0.30096525,-0.291869633,-0.282080967,-0.272116883,-0.261101033,-0.24985605,-0.2373701,-0.22512445,-0.212522917,-0.198862033,-0.1858599,-0.168231083,-0.152251083,-0.131987683,-0.109583638,-0.088786122,-0.07008398,-0.05454821,3.968678
159,-0.073301791,-0.078979652,-0.085694197,-0.096073698,-0.101851657,-0.111196593,-0.118247708,-0.127601517,-0.137031537,-0.145257255,-0.151577113,-0.158224467,-0.1645061,-0.170726917,-0.1764048,-0.184685183,-0.192186917,-0.201998367,-0.212965233,-0.222336817,-0.231290267,-0.238118067,-0.245886333,-0.252194567,-0.257884233,-0.26345135,-0.2695258,-0.273389767,-0.275395033,-0.27609785,-0.275111683,-0.273657217,-0.273989833,-0.2764805,-0.282290917,-0.291637567,-0.306293683,-0.3249449,-0.346459183,-0.368019617,-0.38684155,-0.4000752,-0.406129767,-0.4055372,-0.398916667,-0.387744217,-0.3738845,-0.358059117,-0.340411783,-0.319658317,-0.295111233,-0.266955133,-0.235429067,-0.200703912,-0.162745043,-0.1238047,-0.085931535,-0.050374955,-0.017593977,0.012171425000000005,0.038207137,0.061977823,0.083562647,0.10390288833333333,0.12397702833333334,0.14489190000000002,0.16722074499999998,0.1905486616666667,0.2135915833333333,0.23540846666666668,0.2542817333333333,0.2699968666666667,0.28477538333333335,0.3024573333333333,0.32728261666666664,0.36071196666666666,0.39911720000000006,0.4362958166666666,0.4673776,0.4920086833333333,0.5141374166666667,0.5377014666666666,0.56226665,0.5837093666666666,0.5972120833333333,0.5994772166666668,0.5874843166666667,0.5570832166666667,0.5008441,0.4130825166666667,0.29664128333333334,0.16551841833333333,0.036724295,-0.078621097,-0.176430512,-0.257350167,-0.323989317,-0.37906985,-0.42447845,-0.46147735,-0.4908786,-0.5132902,-0.5295099,-0.540967617,-0.54924245,-0.555520667,-0.560193167,-0.563499583,-0.565514683,-0.566630333,-0.566995467,-0.566922017,-0.566584533,-0.566074633,-0.5656084,-0.565247317,-0.56504555,-0.565069183,-0.565243833,-0.5655838,-0.565928817,-0.566295217,-0.5665976,-0.566686683,-0.566537917,-0.566043117,-0.5651154,-0.56371305,-0.561712017,-0.558884267,-0.554875683,-0.54951005,-0.5432892,-0.537269917,-0.53235475,-0.528608933,-0.52559725,-0.5229924,-0.5205266,-0.518158883,-0.51578285,-0.513327917,-0.510793767,-0.5081325,-0.50520915,-0.501971067,-0.498297783,-0.494159583,-0.48962995,-0.48496695,-0.480310267,-0.475975483,-0.4720739,-0.468506583,-0.46526335,-0.46208475,-0.458590833,-0.454394383,-0.44897315,-0.441715667,-0.432144283,-0.419999917,-0.4052075,-0.388059317,-0.368862833,-0.347838033,-0.324778633,-0.299204117,-0.270695733,-0.239855483,-0.209112733,-0.182122917,-0.161429983,-0.147065807,-0.137816523,-0.131883985,-0.12817906,-0.12646884,-0.126430107,-0.128253455,-0.131539223,-0.136242437,-0.142030377,-0.148702267,-0.156321548,-0.165005217,-0.174441667,-0.184895767,-0.195849067,-0.207096133,-0.2188752,-0.230297533,-0.241965567,-0.25345365,-0.26414915,-0.274726167,-0.28431475,-0.293620467,-0.301996617,-0.30925365,-0.31523245,-0.319534333,-0.322983233,-0.32511275,-0.32549105,-0.325141067,-0.323627533,-0.3204996,-0.31656165,-0.311404533,-0.303742667,-0.297128683,-0.288163917,-0.279150733,-0.268705333,-0.258778067,-0.247222133,-0.2371063,-0.225381933,-0.2133234,-0.199964683,-0.187860667,-0.172388317,-0.156039983,-0.13773135,-0.117654262,-0.097574472,-0.077000543,-0.060880335,4.068165
160,-0.04275669,-0.05593593,-0.06102501,-0.074107832,-0.079368753,-0.091174168,-0.1003627,-0.11256439,-0.123189507,-0.132341708,-0.14038923,-0.151393698,-0.157134575,-0.167597868,-0.173038223,-0.181904533,-0.191819083,-0.201491733,-0.214813183,-0.226858917,-0.238086033,-0.249328583,-0.257683433,-0.26693765,-0.273111267,-0.282404983,-0.28897205,-0.29584985,-0.29982325,-0.303519883,-0.306165733,-0.311936467,-0.318404217,-0.3302128,-0.346452017,-0.3698725,-0.398101533,-0.430762133,-0.46441295,-0.49596585,-0.522182983,-0.540749717,-0.550534167,-0.5526281,-0.548136183,-0.539162183,-0.527149433,-0.513452017,-0.497669833,-0.478577917,-0.455297133,-0.428372483,-0.398529083,-0.3654526,-0.328639933,-0.2898433,-0.2514044,-0.214932417,-0.181434683,-0.151248707,-0.124905647,-0.101360515,-0.079891789,-0.059399178,-0.03803609,-0.014644345,0.011314505,0.039028437,0.066631247,0.092275165,0.11402404666666667,0.13141455333333332,0.14664005333333333,0.164190835,0.189198125,0.2241348666666667,0.26634243333333335,0.3102473333333333,0.34997714999999996,0.38450985,0.4179062333333334,0.45364431666666666,0.4906179166666667,0.52286445,0.5435505833333333,0.5490344666666667,0.53576045,0.49818713333333337,0.42682821666666676,0.31652436666666667,0.17809886833333333,0.033437918,-0.098347597,-0.208631,-0.29680645,-0.366070217,-0.420624583,-0.463883067,-0.4982288,-0.525281867,-0.546015583,-0.56111505,-0.5714026,-0.578140983,-0.582707217,-0.58606875,-0.588491117,-0.590043933,-0.5907177,-0.59079495,-0.590372283,-0.589704483,-0.58885815,-0.5879604,-0.587127867,-0.586446317,-0.585940233,-0.58567825,-0.5855598,-0.585592567,-0.585654383,-0.58576105,-0.5858046,-0.585676033,-0.585323817,-0.58467545,-0.583634967,-0.58217945,-0.580184233,-0.57748895,-0.573715033,-0.568715567,-0.562991633,-0.557465017,-0.5528847,-0.54937625,-0.5465146,-0.544042933,-0.541669283,-0.539406233,-0.537108733,-0.534777767,-0.53230805,-0.529717733,-0.5269027,-0.523793367,-0.52028365,-0.516340867,-0.51196355,-0.507498167,-0.503067567,-0.498928667,-0.49518835,-0.491855233,-0.48880625,-0.4858087,-0.482507317,-0.478583783,-0.47340725,-0.466516767,-0.457329117,-0.445688333,-0.431369483,-0.414652317,-0.395866033,-0.375130733,-0.3521105,-0.326387667,-0.297329083,-0.265641983,-0.233761233,-0.205471667,-0.1836852,-0.16863835,-0.15890775,-0.1526791,-0.1489175,-0.147197483,-0.147384083,-0.149463033,-0.153086233,-0.158126433,-0.1644073,-0.171644567,-0.17971375,-0.188927633,-0.19875075,-0.209677983,-0.220925967,-0.232631967,-0.24455315,-0.256281933,-0.26797755,-0.279284183,-0.290110383,-0.300578767,-0.309987,-0.319094633,-0.3270635,-0.333789133,-0.33890715,-0.3433106,-0.3460129,-0.347764533,-0.347419267,-0.34690965,-0.343839067,-0.34081465,-0.336291167,-0.330167133,-0.323445817,-0.314807483,-0.305297733,-0.29624265,-0.284340233,-0.274157517,-0.260479517,-0.250262833,-0.235907117,-0.223411217,-0.209974867,-0.1961167,-0.179229367,-0.162222117,-0.143560667,-0.126796267,-0.10701464,-0.096920788,-0.09012054,3.705384
161,-0.051719382,-0.056669792,-0.059825498,-0.067714364,-0.074702275,-0.082630388,-0.091729105,-0.100632932,-0.108805458,-0.117660303,-0.123998835,-0.134627473,-0.139110638,-0.146495137,-0.154778148,-0.161591558,-0.168942692,-0.179122317,-0.1907523,-0.201336083,-0.21116485,-0.2205123,-0.225616167,-0.234119617,-0.238830983,-0.244949583,-0.251025783,-0.252866883,-0.255782833,-0.25685955,-0.2590061,-0.262927333,-0.267995883,-0.2781717,-0.293395717,-0.3139357,-0.33942955,-0.369230217,-0.401226083,-0.43173855,-0.45753125,-0.476283933,-0.486673433,-0.489449333,-0.485490883,-0.476838633,-0.465206,-0.451867333,-0.436475617,-0.417873233,-0.395281017,-0.3688957,-0.339202033,-0.305995433,-0.269160333,-0.230427867,-0.19231535,-0.156209122,-0.122950035,-0.092868361,-0.066515744,-0.042656382,-0.021113767,-0.000599994,0.020267445000000002,0.042699934999999994,0.067280145,0.093276545,0.11933659166666667,0.14356649666666668,0.16432911999999997,0.181157465,0.19647665,0.2149981,0.24185094999999998,0.2793027,0.32356331666666666,0.36827245000000003,0.4074178500000001,0.4396395666666666,0.4695751166666666,0.5014123833333334,0.53480695,0.5640438666666667,0.5825518666666667,0.5854528000000001,0.5689529999999999,0.5278465666666667,0.45382724999999996,0.34301685,0.20493966666666666,0.059663225,-0.074123963,-0.18741175,-0.278909483,-0.3515129,-0.4091655,-0.455292983,-0.492220533,-0.5215293,-0.5441567,-0.56079305,-0.572286183,-0.579905433,-0.585130933,-0.589007417,-0.591819283,-0.59367395,-0.594571367,-0.594768083,-0.594437233,-0.593830617,-0.593051833,-0.592196767,-0.591430117,-0.59081315,-0.590401267,-0.590233933,-0.5902367,-0.59038175,-0.590604383,-0.59081555,-0.590949667,-0.590934917,-0.590681967,-0.5900779,-0.589061567,-0.587563967,-0.5855169,-0.582681917,-0.578675083,-0.573382433,-0.567265917,-0.561372617,-0.55651525,-0.5527693,-0.549769267,-0.547155517,-0.54467445,-0.542247317,-0.53986435,-0.537381833,-0.53482725,-0.532129533,-0.5291308,-0.5258672,-0.52216365,-0.518032433,-0.513495633,-0.508809267,-0.504129083,-0.499793183,-0.495840917,-0.492202767,-0.488900367,-0.485617667,-0.4820612,-0.47783875,-0.47234635,-0.465088417,-0.455549567,-0.4435134,-0.4288065,-0.411760483,-0.3926303,-0.371594133,-0.348449067,-0.322692983,-0.293835,-0.262514883,-0.231097033,-0.20337935,-0.18203415,-0.167222167,-0.157509733,-0.151337317,-0.147414917,-0.145631333,-0.1455851,-0.147405717,-0.15081055,-0.155528233,-0.161512867,-0.168350383,-0.176152483,-0.185017517,-0.19457445,-0.20508445,-0.216136433,-0.227550533,-0.2391944,-0.250808733,-0.26246645,-0.273783883,-0.284463267,-0.29496745,-0.30449715,-0.3138339,-0.321473517,-0.32854655,-0.334328683,-0.338516783,-0.3416287,-0.34368335,-0.343712783,-0.34339965,-0.34108805,-0.3378785,-0.33359595,-0.328094317,-0.321215333,-0.31288605,-0.304861717,-0.295308683,-0.283952617,-0.27413745,-0.261501117,-0.251788833,-0.23885165,-0.2275943,-0.214082867,-0.199647467,-0.184174233,-0.169053867,-0.148192367,-0.132231233,-0.113902327,-0.09822873,-0.087122597,3.927884
162,-0.07473694,-0.085935347,-0.090658505,-0.105659947,-0.115078065,-0.12644664,-0.1401053,-0.15067824,-0.16118566,-0.172379923,-0.182013267,-0.193799943,-0.203017033,-0.211116983,-0.220148433,-0.22752295,-0.2382896,-0.248994417,-0.262907183,-0.27601165,-0.288894517,-0.301629967,-0.310024667,-0.319514683,-0.329606717,-0.337484983,-0.346441167,-0.353952117,-0.358648617,-0.362912983,-0.365764017,-0.36926225,-0.373636217,-0.380109633,-0.390026783,-0.404335533,-0.422945717,-0.4452975,-0.4697229,-0.4932683,-0.513120333,-0.526804367,-0.533261367,-0.5330778,-0.526888583,-0.5166603,-0.5037912,-0.489232117,-0.47286345,-0.45322135,-0.42964655,-0.402764867,-0.373138683,-0.3406308,-0.304683717,-0.267052567,-0.229956167,-0.194907413,-0.162785368,-0.133875762,-0.108818397,-0.08623266,-0.06562573,-0.045797079,-0.02542917,-0.003259907,0.021073445000000007,0.04674006,0.072196236,0.095736368,0.11578626666666668,0.13195576333333334,0.14607035833333334,0.16221745833333331,0.18446865166666668,0.21504999999999996,0.25146329999999995,0.28883571666666663,0.32224923333333333,0.3511273,0.3787865666666666,0.4080629166666667,0.4381226833333333,0.4643719166666667,0.48162483333333334,0.48673610000000006,0.47704065,0.4474473833333334,0.3896113833333333,0.2971601666666666,0.17583001166666667,0.043078488,-0.082515745,-0.190632167,-0.278854383,-0.349276333,-0.405383083,-0.450342083,-0.486370317,-0.514958967,-0.537044233,-0.553290933,-0.564546417,-0.572053033,-0.577245867,-0.58113025,-0.583988267,-0.58592585,-0.5868922,-0.587195833,-0.586974117,-0.586460017,-0.58576525,-0.5849812,-0.58427635,-0.583691583,-0.583310783,-0.583130683,-0.583099867,-0.58321745,-0.583378683,-0.583558283,-0.583670183,-0.583641183,-0.583384283,-0.582785483,-0.5817993,-0.580405483,-0.5784507,-0.57573755,-0.5719356,-0.566868067,-0.561079233,-0.5554845,-0.550898383,-0.5473935,-0.544581933,-0.542113983,-0.539786033,-0.537531467,-0.535266317,-0.532937517,-0.530524833,-0.5279806,-0.525193167,-0.52210995,-0.518612867,-0.514693767,-0.510405933,-0.505942317,-0.501577133,-0.497494283,-0.493836717,-0.490521333,-0.487528233,-0.48463115,-0.481473283,-0.477661533,-0.472634183,-0.4659808,-0.45708905,-0.44576185,-0.431950467,-0.415835117,-0.397825467,-0.378028917,-0.356231467,-0.3319261,-0.304651417,-0.2750985,-0.2455889,-0.219574633,-0.199615417,-0.1859289,-0.177053983,-0.171346067,-0.167924683,-0.16632725,-0.166396333,-0.168195483,-0.17146515,-0.1760517,-0.1816307,-0.188193033,-0.195487317,-0.203811633,-0.21288375,-0.222845017,-0.233239583,-0.244170317,-0.255145133,-0.2661315,-0.277035,-0.287644367,-0.2975986,-0.307417617,-0.316419717,-0.324963917,-0.33259205,-0.338930233,-0.3442713,-0.348270317,-0.350681383,-0.352515067,-0.352112817,-0.35128985,-0.348459367,-0.345964067,-0.341348667,-0.335819433,-0.328923317,-0.320905033,-0.311711033,-0.303125517,-0.291556017,-0.28190785,-0.26875365,-0.256998783,-0.2456356,-0.232639667,-0.221045183,-0.207041333,-0.19046365,-0.174799183,-0.154034483,-0.137999033,-0.118220503,-0.107070053,-0.097845667,3.632127
163,-0.027495746,-0.032919966,-0.038552606,-0.048995378,-0.054225072,-0.063488155,-0.070938187,-0.079318463,-0.086584597,-0.095849237,-0.100197265,-0.106892937,-0.113332735,-0.117761077,-0.123123483,-0.13013575,-0.135507917,-0.1466033,-0.155983517,-0.165070967,-0.172824467,-0.179259817,-0.183199667,-0.18927705,-0.193547333,-0.197488817,-0.201477667,-0.205057017,-0.20415295,-0.20380335,-0.201125383,-0.1999483,-0.200328567,-0.2052508,-0.213518917,-0.229217667,-0.24908805,-0.2746948,-0.302914217,-0.330740667,-0.354754033,-0.371785017,-0.380638867,-0.381792733,-0.37580805,-0.364951533,-0.3508563,-0.335036917,-0.317158983,-0.29601635,-0.270746133,-0.241126533,-0.207710983,-0.170461788,-0.129681645,-0.087763097,-0.047105862,-0.00884379,0.026350725,0.05823432,0.086103159,0.11149197666666667,0.13444724333333333,0.15582484333333332,0.1770825016666667,0.19948178333333333,0.22356041666666668,0.24891965000000002,0.27409175,0.29783055,0.31819548333333336,0.33508794999999997,0.35089790000000004,0.37026376666666666,0.3981011333333333,0.43604423333333336,0.47991944999999997,0.5226473833333334,0.55832445,0.5865561499999999,0.6121948833333334,0.6394105999999999,0.6679740500000001,0.6929529166666666,0.7082910166666667,0.7095977666666666,0.6934710000000001,0.6547529499999999,0.5858594500000001,0.4813309333333334,0.34719565,0.20036323,0.059386818333333334,-0.064705568,-0.168459383,-0.253322833,-0.32255025,-0.379265733,-0.425657133,-0.463278717,-0.493007983,-0.5156376,-0.532007333,-0.543585383,-0.551950283,-0.5583051,-0.5630487,-0.566425933,-0.5685009,-0.569657617,-0.570089183,-0.570091867,-0.569819567,-0.56941785,-0.569015917,-0.568745467,-0.56863395,-0.568742833,-0.568995683,-0.569395867,-0.569842833,-0.570275133,-0.570617267,-0.570811733,-0.570770017,-0.570358733,-0.569493283,-0.568176333,-0.566293583,-0.563567783,-0.559679017,-0.5544278,-0.548387817,-0.54251915,-0.537733267,-0.534114683,-0.53122415,-0.52872705,-0.52638355,-0.524079117,-0.521787567,-0.519454767,-0.517011917,-0.514440183,-0.511601567,-0.508398,-0.504784883,-0.500760933,-0.496315767,-0.491666983,-0.487101417,-0.482817217,-0.478927817,-0.47541545,-0.472182583,-0.469062767,-0.465609117,-0.461469367,-0.4560599,-0.448915633,-0.439441233,-0.42740425,-0.41275145,-0.395647267,-0.376563083,-0.355558617,-0.33248285,-0.3068785,-0.278159433,-0.24706435,-0.2159686,-0.188547617,-0.167461233,-0.152898117,-0.14336145,-0.13731005,-0.133584885,-0.131828617,-0.131835983,-0.133775297,-0.1372001,-0.1420079,-0.1478974,-0.154920267,-0.162706483,-0.1715784,-0.181242167,-0.19184855,-0.2028155,-0.214403817,-0.226208583,-0.237782883,-0.249397667,-0.26085435,-0.271628117,-0.28205715,-0.292011667,-0.301191533,-0.309178133,-0.3162389,-0.321889133,-0.32662085,-0.329833583,-0.331356117,-0.331924583,-0.3310947,-0.32919705,-0.326226433,-0.321936767,-0.316237617,-0.30926135,-0.301494183,-0.292048283,-0.282084217,-0.2720198,-0.261107383,-0.249947833,-0.23827095,-0.223938233,-0.21233065,-0.199008317,-0.184860767,-0.168746167,-0.14919675,-0.128751883,-0.107025742,-0.081218468,-0.059426138,-0.038378932,3.593169
164,-0.048337781,-0.062517342,-0.067771127,-0.077729708,-0.085468753,-0.09637787,-0.108278612,-0.117424312,-0.124536228,-0.13706176,-0.14580195,-0.1543443,-0.16278675,-0.165971917,-0.174607317,-0.182646767,-0.191063933,-0.201968417,-0.211955283,-0.2224082,-0.23236685,-0.240843117,-0.24861395,-0.255967467,-0.263515767,-0.269875,-0.2758636,-0.281111917,-0.282413883,-0.284103517,-0.28386165,-0.282868417,-0.281746567,-0.282078833,-0.283851467,-0.289522483,-0.2983588,-0.312123183,-0.32878865,-0.346437983,-0.36202145,-0.372833983,-0.3778353,-0.375903667,-0.368408733,-0.356605883,-0.34212565,-0.3261502,-0.308374217,-0.28748565,-0.26268875,-0.234006817,-0.202069267,-0.166719165,-0.128291768,-0.088938493,-0.050891965,-0.015450325,0.016969550000000003,0.045939255500000005,0.070905075,0.093650975,0.11447831166666667,0.13411573499999999,0.15396060833333333,0.1750168666666667,0.19762008333333334,0.22102886666666666,0.2441392166666667,0.2655288833333333,0.28377763333333333,0.2988512833333334,0.3123316333333333,0.32781031666666666,0.34881960000000006,0.37651571666666667,0.40847038333333324,0.44005116666666666,0.4673826833333334,0.49007891666666664,0.5111632666666666,0.5329195833333332,0.5547781166666667,0.5732848833333334,0.5846553166666667,0.5864102666666666,0.5765381500000001,0.551432,0.5049164833333332,0.42985500000000004,0.32554236666666664,0.20191381666666663,0.075233172,-0.04160076,-0.142779785,-0.227752083,-0.298609017,-0.357816983,-0.4071507,-0.447759967,-0.480447333,-0.505760167,-0.524499833,-0.538062333,-0.548054233,-0.555633517,-0.5612955,-0.56530695,-0.567842467,-0.5692862,-0.569899,-0.569966533,-0.569695817,-0.56924125,-0.5687646,-0.568369567,-0.56812705,-0.568089033,-0.568213667,-0.56842625,-0.568721367,-0.56899595,-0.569207083,-0.569250917,-0.569057783,-0.5685516,-0.5675937,-0.56621475,-0.564269533,-0.561555883,-0.557704217,-0.552602117,-0.546686,-0.541018083,-0.536359217,-0.532814167,-0.529958233,-0.5274909,-0.525152067,-0.522865883,-0.5205841,-0.518255683,-0.515845683,-0.513303433,-0.510481717,-0.5073685,-0.50388745,-0.499947833,-0.495676733,-0.491202783,-0.4868167,-0.4827455,-0.479043383,-0.475741483,-0.4727298,-0.469806033,-0.466645083,-0.462815733,-0.457809433,-0.451091883,-0.442172817,-0.43091785,-0.417137283,-0.401135183,-0.383322883,-0.363774317,-0.342316583,-0.318550167,-0.29207755,-0.263487067,-0.23508405,-0.210198517,-0.191160167,-0.178196633,-0.16969585,-0.164289283,-0.160969983,-0.159358417,-0.159430833,-0.16107155,-0.164136733,-0.1683623,-0.173606033,-0.179717583,-0.1866501,-0.19450975,-0.203285983,-0.212683383,-0.222758183,-0.233231233,-0.243804883,-0.254511683,-0.264942333,-0.275451417,-0.285376683,-0.2948517,-0.303932767,-0.312263933,-0.319682533,-0.326080533,-0.331414883,-0.335737517,-0.338151017,-0.34002465,-0.340053383,-0.33913995,-0.336910417,-0.333373467,-0.329342333,-0.3238666,-0.316871533,-0.309567267,-0.3003118,-0.291486967,-0.281362633,-0.271379467,-0.258713283,-0.247529333,-0.235354067,-0.224084883,-0.2090418,-0.19598595,-0.178162633,-0.1621379,-0.141081633,-0.120479342,-0.096986325,-0.07343998,-0.054475988,3.689445
165,-0.087373292,-0.093017145,-0.097809452,-0.109552112,-0.116440708,-0.126293853,-0.134279287,-0.145272822,-0.154591,-0.16571185,-0.1757954,-0.183341733,-0.192458483,-0.200144767,-0.20731645,-0.215068617,-0.225832883,-0.237919133,-0.250228417,-0.26536825,-0.278540917,-0.290123967,-0.300040783,-0.3099919,-0.31581275,-0.326699,-0.333690833,-0.3407966,-0.345468467,-0.352028783,-0.357610433,-0.368796733,-0.3820239,-0.4016548,-0.427666767,-0.459794233,-0.496743417,-0.536736617,-0.575455033,-0.610365417,-0.638457517,-0.65790435,-0.668503533,-0.6714286,-0.6680942,-0.660453633,-0.649896683,-0.637692717,-0.623310217,-0.605648517,-0.584259283,-0.560101483,-0.533909283,-0.5051368,-0.472767533,-0.437866583,-0.402549717,-0.368773717,-0.337389467,-0.308996383,-0.2841258,-0.262007667,-0.24191685,-0.222523833,-0.202119317,-0.179322017,-0.153569078,-0.125856208,-0.097953383,-0.071988227,-0.049991623,-0.032368111,-0.01705161,0.00074309,0.026333190500000003,0.062564563,0.10731613499999999,0.15494790333333333,0.19966591666666667,0.24005163333333335,0.28069315,0.326138,0.3751355,0.41967803333333337,0.4503452333333333,0.460513,0.44555548333333334,0.3983048166666667,0.30968718333333334,0.18057495,0.030252158749999997,-0.115809963,-0.241090067,-0.34082895,-0.417282383,-0.475092283,-0.5190195,-0.55270045,-0.578541117,-0.598110867,-0.612373133,-0.62196135,-0.627626517,-0.630548767,-0.632100933,-0.633151083,-0.633825083,-0.634092267,-0.6338117,-0.633160867,-0.632215833,-0.631132117,-0.629994167,-0.628878583,-0.627894767,-0.627112033,-0.6265506,-0.626258217,-0.626115133,-0.626159617,-0.626237767,-0.6263513,-0.6263683,-0.626269217,-0.625877867,-0.62517095,-0.624044667,-0.622425183,-0.620293967,-0.6173334,-0.613204733,-0.607758117,-0.601492833,-0.5954392,-0.590434117,-0.58660565,-0.58349205,-0.580765,-0.578165483,-0.575674367,-0.573134733,-0.570567117,-0.567906717,-0.565109033,-0.562012233,-0.558620817,-0.5547895,-0.550509683,-0.54583305,-0.54097545,-0.536177717,-0.53173655,-0.52758575,-0.52383375,-0.520366883,-0.516957683,-0.5132284,-0.5087447,-0.502985283,-0.495363517,-0.485332917,-0.472677683,-0.457134433,-0.439121,-0.418818933,-0.39642565,-0.371621083,-0.34392595,-0.312705917,-0.278638167,-0.244330517,-0.213956383,-0.190419233,-0.174133567,-0.163439917,-0.1566627,-0.152495733,-0.150523283,-0.15057415,-0.152680367,-0.156481133,-0.16192745,-0.168451483,-0.176252367,-0.185024767,-0.194817133,-0.2053852,-0.216985333,-0.229093283,-0.241643433,-0.254271183,-0.267058133,-0.279570317,-0.291881,-0.303596267,-0.314912383,-0.325266833,-0.335117883,-0.343542983,-0.350907833,-0.356998833,-0.3619935,-0.365009467,-0.367040733,-0.367011433,-0.366939483,-0.3647314,-0.361324567,-0.356285933,-0.351188,-0.343687417,-0.3355413,-0.325759917,-0.31614785,-0.30539645,-0.293792767,-0.282744433,-0.2700077,-0.258119733,-0.246287633,-0.232600783,-0.220550617,-0.204929967,-0.190596183,-0.175749967,-0.1625372,-0.153077817,-0.151121183,-0.152218717,4.014187
166,-0.061402825,-0.06989955,-0.077280787,-0.087273822,-0.096700882,-0.106897518,-0.114807852,-0.127217443,-0.137514985,-0.148992832,-0.158225253,-0.167851385,-0.1753611,-0.1826717,-0.189502233,-0.197965367,-0.2071631,-0.219255733,-0.229873783,-0.241927667,-0.253047383,-0.26243375,-0.269014967,-0.277614117,-0.2838044,-0.292866633,-0.299048283,-0.304711483,-0.3086952,-0.311807683,-0.313067433,-0.316194267,-0.31927705,-0.325690667,-0.334704583,-0.3492252,-0.367932883,-0.390247633,-0.4148193,-0.438777883,-0.45853945,-0.472053117,-0.478701233,-0.4786111,-0.472542483,-0.46239885,-0.449319533,-0.43444175,-0.4175426,-0.397497117,-0.373775767,-0.347083167,-0.317710583,-0.285450433,-0.25005575,-0.21300575,-0.176616343,-0.141959323,-0.109803598,-0.080553137,-0.054750183,-0.031083772,-0.00957309,0.010666223333333329,0.030599873333333333,0.051603118,0.073946324,0.097300055,0.12065791833333334,0.14265702333333333,0.16153291,0.17737462499999998,0.19221365833333334,0.21071979999999998,0.23745566666666665,0.27381438333333336,0.31577029999999995,0.35642413333333334,0.39002235,0.4161886666666667,0.4391877833333333,0.46322883333333337,0.48832751666666674,0.510287,0.5242122,0.52603115,0.5126052,0.4784013166666667,0.4149785666666666,0.3167842166666666,0.1905087,0.054316718,-0.073660117,-0.1837468,-0.27381765,-0.346105717,-0.404100133,-0.450915333,-0.488752617,-0.519008017,-0.5425586,-0.5600508,-0.5722705,-0.58050755,-0.58628905,-0.590582567,-0.5937382,-0.5958604,-0.596960867,-0.597340783,-0.597175533,-0.59668215,-0.595994233,-0.595238017,-0.5945701,-0.594023267,-0.593700533,-0.593606883,-0.593706483,-0.59391345,-0.594211917,-0.594491167,-0.594726817,-0.594765783,-0.594593233,-0.594065433,-0.59308635,-0.591691067,-0.589693033,-0.586896367,-0.582937567,-0.577644633,-0.571543617,-0.565672983,-0.560859933,-0.557162267,-0.554190217,-0.551623,-0.549183783,-0.5468018,-0.5444405,-0.5420167,-0.539480917,-0.536833683,-0.5339201,-0.530696617,-0.527038917,-0.522953733,-0.518426983,-0.513775533,-0.509167917,-0.504872167,-0.500984017,-0.497471833,-0.494228833,-0.491087167,-0.487627267,-0.483502983,-0.478112417,-0.470956883,-0.4614908,-0.44946515,-0.434777817,-0.417716367,-0.39855215,-0.377543617,-0.354350383,-0.328566233,-0.299603383,-0.268235,-0.236854533,-0.209163467,-0.187859833,-0.17318245,-0.163599,-0.157458683,-0.15377655,-0.151918383,-0.1519305,-0.153812833,-0.15731985,-0.162110567,-0.168002733,-0.17497425,-0.182872683,-0.191700333,-0.2014835,-0.2121045,-0.2231503,-0.23482725,-0.24651705,-0.2582004,-0.2697905,-0.281276833,-0.292213167,-0.302660917,-0.31240785,-0.321655083,-0.32970345,-0.336867567,-0.3422868,-0.346765283,-0.349907983,-0.351663233,-0.352094383,-0.3515048,-0.3488996,-0.345486467,-0.3413589,-0.335508017,-0.328485517,-0.320446183,-0.310546033,-0.3010123,-0.2905353,-0.279422083,-0.266773767,-0.25481565,-0.241977933,-0.229664867,-0.215609167,-0.201365983,-0.183997433,-0.16726545,-0.147186467,-0.12587535,-0.107768353,-0.090542132,-0.0762666,3.986306
167,-0.164591615,-0.170578243,-0.177668303,-0.180912782,-0.184402413,-0.188350495,-0.190724615,-0.192421342,-0.198162395,-0.203504015,-0.206348363,-0.211781303,-0.21345069,-0.219091887,-0.222917633,-0.231075883,-0.239663583,-0.252194233,-0.265116883,-0.277825583,-0.28920075,-0.299789617,-0.3067152,-0.3155478,-0.3216933,-0.328484217,-0.3344075,-0.3393633,-0.3429407,-0.344814283,-0.347338637,-0.349589567,-0.352274982,-0.356884648,-0.362540707,-0.370249667,-0.379738821,-0.39139241,-0.404283517,-0.416411317,-0.425857405,-0.430808872,-0.429574418,-0.422753913,-0.410652363,-0.394728283,-0.37644265,-0.357191517,-0.336864133,-0.31458255,-0.2895593,-0.261394755,-0.230156112,-0.196044568,-0.159844237,-0.123303845,-0.088312567,-0.055545183,-0.025463883,0.001784403,0.025671023333333345,0.047526617,0.067480391,0.086201731,0.10465440666666666,0.12388594166666667,0.14426102500000001,0.16534773666666666,0.18638807666666668,0.20611349333333331,0.2233410951666667,0.2378401,0.2510611031666667,0.26629015,0.2869579933333333,0.31449594833333333,0.34637374,0.3781912,0.4059167833333333,0.42933043333333337,0.45162720000000006,0.4762925,0.5029977833333333,0.5276093833333333,0.5442665333333333,0.54829905,0.53586475,0.5033363333333333,0.4470048166666667,0.3668709666666667,0.269046305,0.164178331,0.062487363,-0.02927079,-0.108496478,-0.175364172,-0.2316444,-0.279110587,-0.319115752,-0.35242707,-0.379554583,-0.400804683,-0.416788883,-0.428548233,-0.437252,-0.443905083,-0.4488965,-0.45243855,-0.4547096,-0.455998767,-0.45653785,-0.4565808,-0.456308433,-0.455850217,-0.455361867,-0.454912,-0.4545675,-0.45435105,-0.4542381,-0.454264633,-0.454286483,-0.454315983,-0.454300467,-0.4541651,-0.453803283,-0.453221167,-0.452347317,-0.45106885,-0.449409083,-0.447159317,-0.443997,-0.439866567,-0.435095233,-0.430521767,-0.426813967,-0.423984017,-0.42175475,-0.419794983,-0.41797845,-0.416206083,-0.414419483,-0.412552667,-0.410598633,-0.408558533,-0.406292967,-0.40380895,-0.4010067,-0.397770733,-0.3942104,-0.390490467,-0.38683275,-0.3835551,-0.380585033,-0.3779958,-0.3757544,-0.373673733,-0.371378083,-0.368596883,-0.36491835,-0.359876883,-0.353070967,-0.344420283,-0.3338201,-0.321584317,-0.308075033,-0.29338395,-0.277452083,-0.259937717,-0.2405803,-0.219947283,-0.199699065,-0.182034748,-0.168738375,-0.159779235,-0.153964123,-0.150377782,-0.148246935,-0.14731278,-0.14749454,-0.14874624,-0.1509299,-0.153903218,-0.157628352,-0.161911205,-0.166652345,-0.172273482,-0.178395015,-0.185128855,-0.19228494,-0.199898065,-0.207499715,-0.21515906,-0.222670172,-0.2300351,-0.237089817,-0.2439367,-0.250309783,-0.256455083,-0.261904367,-0.266686,-0.269984183,-0.27342055,-0.27522015,-0.275985067,-0.276268483,-0.275637083,-0.27428175,-0.271741133,-0.268682667,-0.2646683,-0.259975583,-0.254894767,-0.247951383,-0.241084617,-0.2344813,-0.226813318,-0.219385775,-0.211885622,-0.202198428,-0.194998578,-0.185574805,-0.177431887,-0.168389062,-0.155395158,-0.145104613,-0.131409092,-0.119165587,-0.108933198,-0.09933102,3.882007
168,-0.1825939,-0.190029633,-0.19447595,-0.198419117,-0.2029497,-0.204417483,-0.205796117,-0.209196233,-0.213140517,-0.215054617,-0.2201069,-0.2249831,-0.22955595,-0.232898917,-0.23702235,-0.24248415,-0.2510416,-0.260821733,-0.2730722,-0.2842832,-0.295869917,-0.303963883,-0.3110229,-0.3183814,-0.323835733,-0.33158085,-0.337888783,-0.342297467,-0.34647955,-0.34740735,-0.348300283,-0.3482502,-0.3484494,-0.3503541,-0.353377467,-0.35889185,-0.367328683,-0.3784525,-0.391347433,-0.4052043,-0.41622325,-0.423072333,-0.423990133,-0.418459933,-0.4072005,-0.391831933,-0.374004583,-0.35500245,-0.334902517,-0.3126843,-0.287351583,-0.258284835,-0.22559621,-0.189350818,-0.150805155,-0.112355025,-0.075895632,-0.042060677,-0.011067497,0.016743306933333334,0.040983586,0.06309903,0.08334966,0.102302065,0.12103427833333334,0.14028161983333334,0.16068241333333336,0.18171642,0.20264033333333334,0.22225076,0.23939091333333337,0.25393605,0.2672599666666667,0.28249870000000005,0.3029572833333333,0.3298164833333333,0.36057541666666665,0.39085628333333333,0.4170563166666666,0.4391150833333333,0.45987185,0.48241016666666664,0.5063049166666667,0.5281732333333333,0.5431376,0.5479635333333334,0.5395033666666667,0.5143539833333333,0.4679144833333333,0.3973504333333333,0.3047339,0.19825214333333332,0.088997344,-0.013810703,-0.105388785,-0.184579222,-0.252506067,-0.3106849,-0.360265067,-0.40193475,-0.436133367,-0.463202767,-0.483792217,-0.4991103,-0.510569717,-0.519389533,-0.526034917,-0.530816467,-0.533982067,-0.53595565,-0.536978283,-0.537408133,-0.537433567,-0.537222983,-0.536971317,-0.536714033,-0.536573967,-0.53658745,-0.536742567,-0.536992033,-0.537272467,-0.537537283,-0.537756783,-0.537828167,-0.537644783,-0.537239783,-0.536422383,-0.535241483,-0.533584067,-0.531267417,-0.52792925,-0.523507767,-0.51841045,-0.5135063,-0.509562517,-0.506635433,-0.50430895,-0.502363317,-0.50052375,-0.498757017,-0.496964667,-0.495119967,-0.49317635,-0.491141417,-0.4888677,-0.486299517,-0.48340855,-0.480110267,-0.476450533,-0.472676767,-0.468928883,-0.4654849,-0.462451533,-0.4598243,-0.457464233,-0.45526385,-0.452853667,-0.449859717,-0.445881233,-0.440368533,-0.433013517,-0.4236181,-0.41214395,-0.39892015,-0.384284817,-0.368476767,-0.3513544,-0.33258555,-0.312005033,-0.2901519,-0.268687867,-0.2502409,-0.236450333,-0.227204067,-0.221368617,-0.217805917,-0.2156839,-0.214936083,-0.215223417,-0.21670555,-0.219141233,-0.222392933,-0.22639735,-0.230981217,-0.23623285,-0.242110883,-0.2487919,-0.255982067,-0.26372235,-0.2717736,-0.27988615,-0.288163483,-0.296241417,-0.304333367,-0.312007717,-0.319670833,-0.326522267,-0.333063117,-0.339049783,-0.344261367,-0.348071917,-0.351484667,-0.353650983,-0.354810083,-0.354992133,-0.354313967,-0.352422867,-0.349720517,-0.346394467,-0.3421301,-0.336545,-0.330817633,-0.324314533,-0.316961883,-0.30868545,-0.3007378,-0.292215267,-0.283498767,-0.274470067,-0.2648577,-0.255865983,-0.244933467,-0.232742533,-0.219941767,-0.204108033,-0.187091417,-0.171613833,-0.153959483,-0.13812987,2.979359
169,-0.169020063,-0.18026522,-0.187163185,-0.194071325,-0.197646998,-0.204317777,-0.205576602,-0.211693132,-0.216944317,-0.225003035,-0.230420443,-0.236229403,-0.240528108,-0.245852813,-0.25124998,-0.260322788,-0.271842707,-0.285785308,-0.30015504,-0.3156446,-0.327931333,-0.340374383,-0.349126733,-0.358559233,-0.367826667,-0.376018683,-0.385381367,-0.391726137,-0.397604733,-0.401942697,-0.405771862,-0.409309373,-0.414472402,-0.420072473,-0.428538655,-0.438684087,-0.4518751,-0.467428402,-0.484216797,-0.500743063,-0.514076417,-0.52220725,-0.5238264,-0.518937617,-0.5083777,-0.49381345,-0.476800213,-0.458691085,-0.4392632,-0.417745278,-0.393262026,-0.36537034,-0.334171025,-0.2996768,-0.26269452,-0.22518826,-0.189001543,-0.155269327,-0.1240851,-0.09596155,-0.071313633,-0.048850667,-0.028285783,-0.00893235,0.010247283333333324,0.030034666666666657,0.051183683,0.073052852,0.09493618,0.115572355,0.13356613833333333,0.14861516500000002,0.16233144933333335,0.17816946233333333,0.19988384833333336,0.228934236,0.26267955666666665,0.29647619,0.32588065166666663,0.35069956666666663,0.37423986666666664,0.40044609999999997,0.42848015,0.45440886666666663,0.4723357000000001,0.47789563333333335,0.46762138333333336,0.4375747833333333,0.3830652333333333,0.3022831666666666,0.1999715356666667,0.087901967,-0.020949267,-0.117990448,-0.2000562,-0.267746977,-0.323358378,-0.369226683,-0.407072633,-0.437927717,-0.462496483,-0.481272983,-0.494951483,-0.504641083,-0.5116414,-0.5169578,-0.52091105,-0.523632283,-0.525295517,-0.5261118,-0.526279733,-0.526085717,-0.525631,-0.52504685,-0.5244795,-0.523977917,-0.523630817,-0.523433583,-0.523380333,-0.5234429,-0.523551483,-0.523668233,-0.52367965,-0.523602333,-0.523291933,-0.5227299,-0.5218325,-0.5205308,-0.518831783,-0.516466233,-0.513184133,-0.508809283,-0.503806583,-0.498986233,-0.495112667,-0.492179117,-0.4898691,-0.487900383,-0.486050683,-0.48426515,-0.482430117,-0.4805369,-0.478569583,-0.4764919,-0.474188317,-0.471611217,-0.4687148,-0.4654004,-0.461737633,-0.457949117,-0.45420335,-0.450762117,-0.447676717,-0.445020767,-0.442599367,-0.440372017,-0.4378997,-0.4348782,-0.43083125,-0.4253494,-0.41798215,-0.408601683,-0.397118433,-0.3838847,-0.369200483,-0.353256417,-0.335917667,-0.316873083,-0.295850367,-0.273511632,-0.251416737,-0.232346482,-0.2180547,-0.208370303,-0.20232066,-0.198558798,-0.19641807,-0.195690413,-0.196020455,-0.197533772,-0.200005567,-0.203522483,-0.207654103,-0.212393068,-0.217865018,-0.22383155,-0.230553532,-0.238100355,-0.245931315,-0.25400208,-0.262298572,-0.270536307,-0.278709053,-0.286830417,-0.2946038,-0.301851967,-0.308907,-0.3152597,-0.321157567,-0.326102617,-0.3297334,-0.332725833,-0.33479265,-0.335910667,-0.335697433,-0.334720883,-0.332514583,-0.329725567,-0.3262084,-0.321780783,-0.3164312,-0.309618483,-0.302454467,-0.29467645,-0.28646645,-0.277550367,-0.2681055,-0.259400683,-0.2503943,-0.240062497,-0.230309017,-0.220001965,-0.207615303,-0.1945771,-0.179085765,-0.166479808,-0.153751795,-0.14395145,-0.135726105,3.180776
170,-0.119281977,-0.132750552,-0.139576198,-0.147549102,-0.152798558,-0.160064222,-0.162486138,-0.17191759,-0.178228988,-0.184278863,-0.193230667,-0.199748777,-0.205413492,-0.211700213,-0.217619135,-0.22598095,-0.236878767,-0.249573317,-0.262722033,-0.277455033,-0.2903076,-0.301197467,-0.310945083,-0.31983045,-0.328233583,-0.337249583,-0.34572505,-0.352690817,-0.3577913,-0.362603183,-0.365600567,-0.370147167,-0.37447655,-0.380200033,-0.387859033,-0.397082567,-0.408771733,-0.423025217,-0.438857567,-0.4546189,-0.467546133,-0.475577083,-0.4774023,-0.4727971,-0.462457517,-0.44801425,-0.4309889,-0.412890583,-0.393392,-0.371799067,-0.346986117,-0.31857395,-0.28668164,-0.251441448,-0.213700804,-0.175567283,-0.139149485,-0.105303702,-0.074223077,-0.046104432,-0.021700775,0.000449742,0.020661630000000007,0.039691805000000004,0.058504417,0.078076876,0.098946041,0.12071536466666667,0.14225170833333334,0.16249186166666668,0.18008775833333335,0.19485434000000001,0.20830849166666668,0.2237335666666667,0.24442436666666667,0.27175330000000003,0.3032791833333333,0.3346553833333334,0.36201586666666663,0.38538293333333334,0.40803579999999995,0.4329778,0.45998944999999997,0.4851836166666666,0.5035355333333333,0.5108300166666667,0.5037094000000001,0.47793225,0.42821625,0.35193030000000003,0.2524320666666666,0.14006245000000003,0.027525668333333336,-0.075676855,-0.165250173,-0.240772617,-0.304031617,-0.35705415,-0.401362017,-0.437958483,-0.467394683,-0.490193833,-0.507063067,-0.519236283,-0.528164117,-0.53501275,-0.5401809,-0.5439114,-0.546313,-0.547726717,-0.548406633,-0.548580683,-0.548434367,-0.54814,-0.547821733,-0.547549183,-0.54742205,-0.54744465,-0.547609383,-0.547894333,-0.548190617,-0.548491417,-0.54871385,-0.548800867,-0.548640917,-0.548190533,-0.54734085,-0.54609765,-0.5443489,-0.5418907,-0.538384267,-0.533719917,-0.5283099,-0.523106083,-0.518915217,-0.5158205,-0.51339885,-0.5113629,-0.5094373,-0.50759465,-0.505766067,-0.50383045,-0.50181515,-0.4996905,-0.497320617,-0.494666283,-0.49162905,-0.488138517,-0.4843527,-0.480358267,-0.476455017,-0.472805933,-0.469563783,-0.466737733,-0.464145467,-0.461734767,-0.45907525,-0.455754367,-0.4513976,-0.4454663,-0.437528383,-0.427387967,-0.4150993,-0.40090205,-0.3851648,-0.36818085,-0.34972265,-0.329519283,-0.307271667,-0.2835805,-0.26033135,-0.240151867,-0.225037433,-0.214813317,-0.208466617,-0.204491,-0.202256583,-0.2014503,-0.20180785,-0.203477117,-0.20622325,-0.209892483,-0.214292117,-0.2194076,-0.22515075,-0.23158275,-0.238794883,-0.2466781,-0.255009033,-0.263640867,-0.272434733,-0.28117385,-0.2898992,-0.298408383,-0.306648667,-0.314703,-0.3219331,-0.328887967,-0.334963817,-0.34027425,-0.34453825,-0.347618967,-0.34968785,-0.350662033,-0.350443267,-0.348940167,-0.346993317,-0.3439501,-0.3398367,-0.334802867,-0.32835585,-0.321720933,-0.314331517,-0.304861683,-0.2963058,-0.286771283,-0.27583475,-0.26569495,-0.2540207,-0.2432112,-0.232029883,-0.219134717,-0.20528655,-0.188964633,-0.172220817,-0.155114667,-0.138580022,-0.122003188,-0.108590793,3.100535
171,-0.16491523,-0.176751483,-0.188298433,-0.196488217,-0.201746317,-0.2103092,-0.217063533,-0.2250464,-0.232867117,-0.24320265,-0.251260933,-0.2602901,-0.268007217,-0.274316683,-0.283565383,-0.29350725,-0.306246183,-0.321871717,-0.338884583,-0.3577025,-0.37105555,-0.3849325,-0.396332917,-0.40667405,-0.418644217,-0.429278583,-0.4406332,-0.45123045,-0.459945433,-0.46801235,-0.47461195,-0.4828057,-0.490797483,-0.501059617,-0.5117096,-0.524708867,-0.53979745,-0.555339967,-0.571033617,-0.58606595,-0.5972421,-0.603175317,-0.602993467,-0.596919817,-0.585900833,-0.571432117,-0.554694983,-0.537045933,-0.518270017,-0.497653783,-0.474450833,-0.4485419,-0.420006767,-0.3887953,-0.35537225,-0.321334395,-0.288442732,-0.257469744,-0.228665352,-0.202552292,-0.179387428,-0.15849326,-0.139286032,-0.121262733,-0.103352955,-0.084664557,-0.064742473,-0.043908353,-0.023120727,-0.00368409,0.013246786666666663,0.027515466666666655,0.040741918,0.056199092833333325,0.077449572,0.10597377016666666,0.13928716833333335,0.17275918666666668,0.20217767333333336,0.2271631283333333,0.2511991833333333,0.27804215000000004,0.30768915,0.3361582166666666,0.3577767666666667,0.36754518333333336,0.3611263,0.33325979999999994,0.27850075,0.19612972166666667,0.09428044,-0.013387905,-0.114447473,-0.201890587,-0.273936217,-0.331935,-0.378577583,-0.416275233,-0.44676945,-0.471090617,-0.489944283,-0.50377415,-0.51322935,-0.519435833,-0.5236734,-0.526968867,-0.529514967,-0.5312565,-0.5322682,-0.532707733,-0.5326866,-0.53240805,-0.53197045,-0.5315096,-0.531111383,-0.530841967,-0.530731283,-0.530812567,-0.531063383,-0.531404183,-0.531814567,-0.532201733,-0.53252865,-0.532693217,-0.532601417,-0.532211467,-0.531409217,-0.530185417,-0.528434967,-0.525976967,-0.522415033,-0.517626,-0.512110733,-0.506837783,-0.502605567,-0.499453417,-0.497008483,-0.494915483,-0.4930042,-0.491118583,-0.489227817,-0.48726595,-0.48522455,-0.4830519,-0.480662533,-0.477945783,-0.474851217,-0.47135605,-0.467508517,-0.463506833,-0.459544567,-0.4558828,-0.452598717,-0.449727933,-0.447151917,-0.444684717,-0.441976583,-0.438654433,-0.434217983,-0.428266267,-0.4203441,-0.410270017,-0.398070433,-0.384009783,-0.368534417,-0.351883633,-0.333841717,-0.3141512,-0.292627817,-0.269738383,-0.247293483,-0.227926683,-0.213419343,-0.20373436,-0.19759546,-0.193826963,-0.191611057,-0.190767965,-0.191178743,-0.192706038,-0.195267988,-0.198674992,-0.202856907,-0.207727277,-0.213180365,-0.219287717,-0.226171683,-0.23372065,-0.241732117,-0.250042633,-0.25839545,-0.266988283,-0.275294367,-0.2836888,-0.291683083,-0.29932465,-0.306439217,-0.313246917,-0.319263333,-0.3243553,-0.3285603,-0.331757417,-0.333818433,-0.334889533,-0.334841833,-0.333509733,-0.331668683,-0.328940733,-0.324739217,-0.3204625,-0.314458083,-0.3074653,-0.300012217,-0.292487717,-0.282863167,-0.272992167,-0.264827317,-0.254710083,-0.2438655,-0.235064067,-0.223649517,-0.213119483,-0.200286733,-0.189063517,-0.176124683,-0.164102773,-0.156599898,-0.151558643,-0.146706798,3.562307
172,-0.10095643,-0.114310877,-0.124795355,-0.130660438,-0.13896613,-0.14815289,-0.153670117,-0.162753633,-0.17017105,-0.179315783,-0.18822775,-0.1982585,-0.2042782,-0.2115219,-0.217642067,-0.2266527,-0.236321983,-0.250921483,-0.264871667,-0.280003717,-0.292588317,-0.304639317,-0.314823583,-0.32273505,-0.3330064,-0.34404435,-0.351645283,-0.360564783,-0.367766117,-0.3722869,-0.376371033,-0.380651333,-0.38424565,-0.3905962,-0.3975925,-0.4078826,-0.4208635,-0.436775217,-0.454217733,-0.471822017,-0.486707767,-0.496621033,-0.49975175,-0.496422167,-0.486961633,-0.473307383,-0.456954217,-0.439487217,-0.4206832,-0.399679967,-0.3753917,-0.3472868,-0.315498883,-0.280118267,-0.2422304,-0.203932183,-0.1672796,-0.133185085,-0.10179282,-0.073603117,-0.048661512,-0.026096158,-0.005783935,0.013179356666666664,0.032047888,0.051608686,0.072435143,0.094273842,0.11592066833333332,0.13599241499999998,0.153456918,0.16798583,0.1814755233333333,0.19717037666666667,0.21859094833333334,0.24703692666666663,0.27965588333333335,0.3117604333333333,0.3396474333333333,0.3630056666666667,0.3850307333333333,0.4091812833333333,0.4350728833333333,0.4590603833333333,0.47618736666666667,0.48278233333333337,0.4758170499999999,0.45099736666666673,0.4027182666666667,0.32716836666666665,0.22754697,0.114819165,0.002353388,-0.100054543,-0.188251867,-0.26218515,-0.323876667,-0.375518983,-0.418690383,-0.4543521,-0.4831304,-0.5054492,-0.522049367,-0.534089917,-0.542953767,-0.5497689,-0.554889617,-0.558563317,-0.560911817,-0.5622864,-0.56288365,-0.563027,-0.562834667,-0.56247965,-0.56211935,-0.561805633,-0.56160215,-0.5615873,-0.561698533,-0.561894683,-0.562152483,-0.562394017,-0.562578,-0.562619217,-0.562420833,-0.56193665,-0.561105167,-0.5598673,-0.558161833,-0.555794083,-0.55241955,-0.547940183,-0.542766883,-0.537834283,-0.533864533,-0.5309141,-0.5285873,-0.5266299,-0.524758317,-0.5229527,-0.521148083,-0.519244783,-0.517284,-0.515194133,-0.512863767,-0.51026085,-0.50730135,-0.5039513,-0.500260733,-0.496395267,-0.492599667,-0.489120433,-0.485997133,-0.48332675,-0.480895233,-0.4786302,-0.476108667,-0.473041517,-0.468898017,-0.463256233,-0.455724417,-0.446097917,-0.434396883,-0.4208315,-0.405867567,-0.389598833,-0.3719067,-0.352534533,-0.331226667,-0.308455383,-0.2861068,-0.266777767,-0.252301267,-0.24259905,-0.236480467,-0.232719383,-0.230466667,-0.229725233,-0.230047133,-0.231574517,-0.234039367,-0.237539967,-0.2416558,-0.246445933,-0.2518994,-0.258008583,-0.264829833,-0.27237875,-0.2802035,-0.288450583,-0.296824,-0.305060633,-0.3133232,-0.321395633,-0.32905155,-0.33651945,-0.343473583,-0.34977155,-0.35546375,-0.360174717,-0.363841567,-0.366724,-0.368527017,-0.368945433,-0.368271083,-0.366886833,-0.3643532,-0.3608545,-0.35635815,-0.351124367,-0.344442333,-0.337137317,-0.328744317,-0.320451733,-0.310400567,-0.30084135,-0.28933965,-0.278849567,-0.266719333,-0.255758567,-0.243419333,-0.227992133,-0.21340555,-0.197897667,-0.1794303,-0.159406683,-0.142652167,-0.124404433,-0.109123075,2.909185
173,-0.165747517,-0.17517875,-0.18280425,-0.186287217,-0.19008195,-0.195683333,-0.198646217,-0.201384817,-0.207649567,-0.214216733,-0.216850983,-0.223419583,-0.226328217,-0.232129717,-0.238456267,-0.244282567,-0.253210333,-0.264920817,-0.277660383,-0.28946625,-0.301738183,-0.311510833,-0.3203996,-0.327055633,-0.33511495,-0.342568967,-0.349555283,-0.3545736,-0.35831505,-0.360774833,-0.362165267,-0.36384745,-0.3665062,-0.36990915,-0.375067617,-0.382733433,-0.393539683,-0.407087783,-0.422568183,-0.438014217,-0.45093445,-0.45912525,-0.460544267,-0.455698017,-0.444926467,-0.4299104,-0.41244155,-0.393746683,-0.37382685,-0.35171155,-0.32636635,-0.297368067,-0.26468991,-0.228512065,-0.18974992,-0.150719733,-0.113587262,-0.079007948,-0.047412692,-0.01887343,0.006060303,0.028730510000000004,0.0493683,0.068742937,0.088034333,0.10801433500000002,0.12933975166666667,0.1516276533333333,0.17374464166666667,0.19446549866666665,0.21243025166666665,0.227580615,0.24145524499999996,0.25726367,0.27846587500000003,0.30632081666666666,0.33830108333333336,0.37022958333333333,0.3980930833333334,0.4219730666666666,0.44511949999999995,0.4706053166666666,0.4978775833333334,0.5230293,0.54075315,0.5471512499999999,0.5390791500000001,0.5124952500000001,0.4623363666666667,0.38597393333333335,0.2864344833333334,0.174098053,0.061654128333333336,-0.041497365,-0.131068807,-0.206658133,-0.270036383,-0.323158067,-0.367535583,-0.404157767,-0.43361825,-0.456384833,-0.473191733,-0.485313183,-0.494176383,-0.50085755,-0.505734917,-0.5091954,-0.511397333,-0.51272175,-0.513350617,-0.51354345,-0.513438483,-0.513154767,-0.512844983,-0.512571717,-0.512422183,-0.51239915,-0.5125,-0.512707367,-0.512929717,-0.5131556,-0.513345667,-0.513371583,-0.51314685,-0.512655933,-0.5117771,-0.51048975,-0.50871785,-0.506239733,-0.5027054,-0.4980265,-0.492654567,-0.4874924,-0.483339883,-0.48024155,-0.477798567,-0.47571635,-0.4737553,-0.47186965,-0.469972917,-0.468005017,-0.465955517,-0.46381985,-0.461414033,-0.458756217,-0.455740117,-0.452271017,-0.448517233,-0.4446158,-0.440728867,-0.43715915,-0.433994517,-0.431221767,-0.428732283,-0.426378917,-0.423791783,-0.42060575,-0.416448167,-0.41074355,-0.40313105,-0.393503983,-0.381789567,-0.368357917,-0.3535492,-0.3375536,-0.32023245,-0.30131225,-0.2805723,-0.258517633,-0.236907268,-0.21827247,-0.204283347,-0.194906785,-0.188922715,-0.185254405,-0.18313846,-0.182233498,-0.182554563,-0.18405793,-0.18644015,-0.189639125,-0.193680868,-0.198330965,-0.20363143,-0.20947869,-0.216063688,-0.223350807,-0.231091825,-0.239186953,-0.247373853,-0.2555488,-0.2636473,-0.271665183,-0.279281083,-0.286934883,-0.293762583,-0.30055705,-0.30626455,-0.31133845,-0.31552105,-0.318592867,-0.3207609,-0.322025867,-0.3222938,-0.321348667,-0.3196558,-0.31698205,-0.313697283,-0.3091122,-0.303998567,-0.297557883,-0.2906565,-0.283432667,-0.275921933,-0.267246417,-0.25881395,-0.248659233,-0.239887483,-0.230962933,-0.222228467,-0.210161023,-0.198870238,-0.185752933,-0.171995042,-0.157015205,-0.14152014,-0.127102028,-0.11399543,3.246935
174,-0.108739817,-0.116436392,-0.126055038,-0.133416215,-0.138888873,-0.144535755,-0.148945597,-0.155021118,-0.15975527,-0.167645115,-0.173036217,-0.179882117,-0.184596317,-0.1889855,-0.197068233,-0.2045395,-0.21331895,-0.22483885,-0.237195233,-0.2494198,-0.261701567,-0.2707657,-0.279003067,-0.287576183,-0.296131633,-0.302591417,-0.3096974,-0.3153535,-0.320455667,-0.32404745,-0.3255128,-0.328318017,-0.331131533,-0.335841367,-0.342625217,-0.352920683,-0.366341617,-0.382947567,-0.401780333,-0.42120285,-0.437587717,-0.448814983,-0.452939717,-0.450065633,-0.441017933,-0.427387383,-0.410984983,-0.39322815,-0.374129317,-0.35263705,-0.327667283,-0.298810267,-0.2659202,-0.22917535,-0.1896834,-0.149930293,-0.111932458,-0.076693272,-0.044328552,-0.015091687,0.010437098983333332,0.033611648,0.054683333333333334,0.074293502,0.09375947,0.11393841333333332,0.13544152333333334,0.15780916666666667,0.180140905,0.20105586666666667,0.21929430000000003,0.23447235,0.24849555000000004,0.26474178333333337,0.28710555,0.3167006333333333,0.35070756666666664,0.38423393333333333,0.41272444999999996,0.43643021666666665,0.45849456666666666,0.4823260833333334,0.5076436833333333,0.53048565,0.5460718833333333,0.5505456333333333,0.54109955,0.5137185666666667,0.4628258333333333,0.3843951333333333,0.28081935,0.16287107166666667,0.044695312,-0.063330436,-0.156569,-0.234825817,-0.300046617,-0.354484133,-0.399783283,-0.437012833,-0.466887233,-0.489939317,-0.506933117,-0.519201667,-0.528185533,-0.53507905,-0.5402503,-0.543923633,-0.546266333,-0.547620533,-0.548211933,-0.54831725,-0.548105817,-0.5477248,-0.54733335,-0.54702655,-0.5468514,-0.546839083,-0.5469721,-0.547219633,-0.547496,-0.547796767,-0.548023117,-0.54810415,-0.547923317,-0.547461133,-0.546620617,-0.545347617,-0.543603133,-0.541104417,-0.537584383,-0.532877067,-0.527431883,-0.522238117,-0.51805835,-0.514935567,-0.512488617,-0.510395183,-0.50845175,-0.506555467,-0.5046577,-0.502686733,-0.500634433,-0.4984514,-0.49604655,-0.493378067,-0.490278683,-0.48680815,-0.482997367,-0.479022617,-0.475097833,-0.471480283,-0.468241867,-0.465384217,-0.462850283,-0.460405,-0.45774625,-0.454468233,-0.450127133,-0.444244633,-0.436379817,-0.426381283,-0.414248983,-0.4002682,-0.3848692,-0.368204967,-0.350148883,-0.330421317,-0.308756567,-0.2857014,-0.26314775,-0.243732667,-0.2291058,-0.219319517,-0.213131783,-0.209335783,-0.207111467,-0.20627445,-0.206552817,-0.20809125,-0.210598367,-0.214004217,-0.218196633,-0.223100117,-0.228457833,-0.234714667,-0.2415152,-0.249005,-0.2570704,-0.265440333,-0.273950483,-0.282417483,-0.290928733,-0.299074417,-0.307075733,-0.314755717,-0.32172185,-0.32866815,-0.334689517,-0.339877383,-0.343642217,-0.346944767,-0.348696967,-0.349657183,-0.349493717,-0.348353067,-0.34596995,-0.343011333,-0.3389036,-0.3339571,-0.327346783,-0.320058367,-0.312278517,-0.3045692,-0.294989483,-0.28624785,-0.274960583,-0.265216883,-0.253444383,-0.242749,-0.230940267,-0.219160733,-0.205084733,-0.189085967,-0.171232267,-0.1524137,-0.134720583,-0.115600047,-0.099724958,3.055609
175,-0.1345133,-0.144730388,-0.151079582,-0.155649098,-0.159254323,-0.164879463,-0.168602562,-0.175303243,-0.180743338,-0.187507433,-0.194720883,-0.199853517,-0.206327233,-0.210067833,-0.216213883,-0.223723167,-0.23324155,-0.244451233,-0.257187633,-0.26890135,-0.2815242,-0.292136583,-0.30013755,-0.308765483,-0.315828883,-0.32379575,-0.3311011,-0.336951367,-0.340943533,-0.344009583,-0.346456367,-0.34924035,-0.352411833,-0.356437133,-0.362152817,-0.371195233,-0.38288005,-0.398056017,-0.415605533,-0.4333283,-0.4486019,-0.458996967,-0.462634533,-0.459722183,-0.4505795,-0.43687795,-0.4207172,-0.403160833,-0.384099633,-0.36285245,-0.338107017,-0.309486867,-0.277001692,-0.240761585,-0.201786982,-0.16245114,-0.124809203,-0.089904837,-0.057881553,-0.029089975,-0.003887328,0.019080620000000003,0.039914834999999996,0.05942782,0.078695957,0.098733178,0.12003816833333335,0.14219931333333333,0.16431605666666668,0.1849840043333333,0.20283056116666665,0.21781050666666665,0.23151048,0.24749726666666672,0.26924936,0.2980875,0.3311937333333333,0.36388835,0.3919208666666667,0.41524199999999994,0.4372036833333333,0.46128848333333333,0.4869381833333333,0.5104083,0.5271274333333333,0.5331367333333333,0.5252154333333333,0.4993232666666667,0.4496762666666667,0.37228935,0.26957216666666667,0.15245646983333333,0.035120547,-0.071809595,-0.163815042,-0.240767417,-0.304743883,-0.35806255,-0.402393983,-0.438820383,-0.468084417,-0.490676717,-0.50739185,-0.519424317,-0.52828455,-0.535044233,-0.54016025,-0.5437757,-0.546096283,-0.547414483,-0.54800495,-0.548096367,-0.547904217,-0.5474999,-0.547118417,-0.546779133,-0.54658315,-0.54657195,-0.54668185,-0.5469024,-0.547162333,-0.547400983,-0.547596183,-0.54764805,-0.547443233,-0.5469771,-0.546114167,-0.544867167,-0.543151633,-0.540737517,-0.537289117,-0.532696117,-0.527388467,-0.522305917,-0.5182178,-0.51519385,-0.5127825,-0.5107421,-0.5088141,-0.506975517,-0.505116833,-0.503166167,-0.50117285,-0.49901955,-0.49665585,-0.4940022,-0.49097945,-0.487549483,-0.483768683,-0.479824733,-0.475934217,-0.472336867,-0.469132167,-0.466353117,-0.463859383,-0.46141235,-0.458783,-0.455538633,-0.45124395,-0.445347683,-0.437504817,-0.4275281,-0.4153314,-0.401224717,-0.385625733,-0.36865755,-0.350169317,-0.32986095,-0.3074297,-0.283449533,-0.259788217,-0.239356733,-0.223960217,-0.21365695,-0.20707915,-0.20312165,-0.200868533,-0.199914867,-0.200357633,-0.202043533,-0.20481035,-0.208559583,-0.21308035,-0.2183925,-0.2241535,-0.230713217,-0.238055367,-0.246111017,-0.2545912,-0.26336665,-0.272278867,-0.281140517,-0.28994025,-0.298718783,-0.3070606,-0.314996283,-0.32238305,-0.329467367,-0.33552765,-0.340917967,-0.345142383,-0.34845795,-0.3507255,-0.35187675,-0.35176255,-0.350609717,-0.3487314,-0.345692483,-0.3418694,-0.337032217,-0.330967817,-0.324315017,-0.316490483,-0.308034967,-0.298778583,-0.290907717,-0.279982683,-0.270328433,-0.25895855,-0.248654817,-0.236968783,-0.225706033,-0.211081917,-0.197413467,-0.179296933,-0.16205055,-0.144403167,-0.127231218,-0.111647862,3.098763
176,-0.190350383,-0.197123117,-0.199419567,-0.204506583,-0.207656733,-0.20790025,-0.2098115,-0.212283617,-0.215366583,-0.219649033,-0.222951867,-0.227323183,-0.230924333,-0.23486,-0.237777917,-0.244718517,-0.254426417,-0.265419233,-0.279267333,-0.291125083,-0.3013935,-0.3126769,-0.321580817,-0.328880967,-0.335322817,-0.344792117,-0.349514033,-0.355702233,-0.359694367,-0.362748017,-0.3653675,-0.36823455,-0.371721167,-0.377601667,-0.385045517,-0.394515633,-0.40598615,-0.420173933,-0.43482795,-0.449145,-0.460562883,-0.467084367,-0.467454317,-0.461570417,-0.45022675,-0.43482655,-0.41715235,-0.398491633,-0.378477233,-0.356595083,-0.33153455,-0.30301605,-0.271176033,-0.236040905,-0.198628717,-0.16108838,-0.125219408,-0.092031715,-0.061454268,-0.0340401,-0.010091806,0.011643249999999999,0.031516409999999995,0.050348938,0.069028995,0.088571047,0.10937785833333334,0.13089359666666667,0.152279395,0.17233859833333334,0.18982758833333332,0.20441751166666666,0.21776882649999998,0.23281711999999996,0.2530072566666667,0.27953282,0.31031827333333334,0.34136111666666663,0.36888706666666665,0.3929691,0.4166641166666667,0.4431116,0.47173941666666663,0.4985201166666667,0.5178115,0.5254236833333333,0.5177879999999999,0.4908116333333334,0.4397902166666667,0.36351316666666666,0.26631690999999996,0.15862185666666667,0.051626782,-0.046461635,-0.131994542,-0.204649467,-0.266072083,-0.3179723,-0.361734867,-0.398087117,-0.427614967,-0.45065335,-0.467900633,-0.480521283,-0.489912183,-0.497150217,-0.5026385,-0.506588033,-0.509209467,-0.510814183,-0.511636583,-0.511953867,-0.511923633,-0.511711483,-0.5114879,-0.511282017,-0.511206183,-0.511286917,-0.511477933,-0.511765867,-0.5120826,-0.512364367,-0.512628583,-0.512731967,-0.5125978,-0.51220395,-0.511426967,-0.510282167,-0.5086587,-0.506372433,-0.50310845,-0.498724483,-0.49368995,-0.488892717,-0.485011567,-0.482161533,-0.479943967,-0.478039033,-0.476264933,-0.474511433,-0.472807367,-0.4709786,-0.4691272,-0.46712395,-0.4649067,-0.462417133,-0.459616133,-0.456361717,-0.45281995,-0.449100633,-0.445453483,-0.442100067,-0.43915545,-0.436619567,-0.434387933,-0.432282267,-0.429971617,-0.427106267,-0.4232652,-0.417954,-0.410842433,-0.401764267,-0.3907108,-0.3779679,-0.363961617,-0.348821367,-0.332465083,-0.314625717,-0.295172117,-0.27459295,-0.254554617,-0.237427133,-0.224663817,-0.21615195,-0.210845367,-0.207583283,-0.205675983,-0.204922883,-0.205286383,-0.206647783,-0.208871833,-0.21188625,-0.215622783,-0.2199036,-0.2247607,-0.2302142,-0.236417083,-0.243309383,-0.2505601,-0.258190467,-0.265837483,-0.273525633,-0.281350017,-0.289045683,-0.296422833,-0.303460483,-0.310179833,-0.316663767,-0.3223373,-0.327352817,-0.331140417,-0.334419433,-0.33679005,-0.337818933,-0.338227183,-0.3375896,-0.33573435,-0.333787583,-0.33039325,-0.3263685,-0.321357933,-0.315710667,-0.30944175,-0.302947517,-0.294985183,-0.288047367,-0.280049417,-0.271009917,-0.263131667,-0.25500575,-0.24456095,-0.236027883,-0.225606367,-0.211868583,-0.198180267,-0.184828017,-0.17131625,-0.1574783,-0.142584865,3.05082
177,-0.146934883,-0.156613067,-0.163794167,-0.173325283,-0.174614283,-0.18351655,-0.186296533,-0.194804583,-0.199387383,-0.205312817,-0.212419367,-0.220109983,-0.224475133,-0.228880433,-0.235862983,-0.242644833,-0.253650567,-0.265173817,-0.2789874,-0.29291,-0.305119683,-0.31568465,-0.324160217,-0.333064583,-0.34079185,-0.34931665,-0.356827067,-0.36336365,-0.367900767,-0.3717914,-0.374048867,-0.376848983,-0.379835588,-0.383161225,-0.388013802,-0.396718168,-0.407543923,-0.421609217,-0.437532932,-0.453965267,-0.467593067,-0.476616983,-0.479048183,-0.474907833,-0.464818283,-0.450439433,-0.433459783,-0.415347588,-0.395987695,-0.374514478,-0.349731662,-0.321167101,-0.288879157,-0.253001797,-0.214626267,-0.175890133,-0.138896118,-0.1045116,-0.072918385,-0.044473445,-0.01962951,0.003011315,0.023617543,0.042764074999999985,0.061712242,0.081484405,0.10250404666666664,0.12437992833333333,0.14612709999999998,0.16655715533333335,0.18428682333333332,0.19918724583333333,0.21281943333333334,0.22869271666666668,0.25024884833333333,0.27882943,0.31157475000000007,0.34394151666666667,0.37202789999999997,0.3954444499999999,0.41754538333333335,0.44149946666666656,0.4671808,0.4905584,0.5066174000000001,0.5118613499999999,0.50296595,0.47637101666666665,0.42676293333333337,0.3508554833333333,0.2517490683333333,0.13994008616666667,0.028165425000000004,-0.074100645,-0.162803183,-0.23769261,-0.300564065,-0.353435983,-0.397797117,-0.434527,-0.464216183,-0.487269767,-0.50439615,-0.516825117,-0.525995467,-0.533063933,-0.538414017,-0.54226005,-0.5447422,-0.54620075,-0.546882583,-0.547058033,-0.54690125,-0.546565017,-0.546198667,-0.5459124,-0.54576105,-0.5457904,-0.545955783,-0.546230683,-0.54653555,-0.546834067,-0.547070183,-0.5471646,-0.547002567,-0.546556433,-0.54571105,-0.544434683,-0.54269945,-0.54019055,-0.536672583,-0.5319326,-0.52651245,-0.5213176,-0.517147567,-0.514060367,-0.51163165,-0.509589417,-0.507641183,-0.50576255,-0.503899283,-0.5019434,-0.4999284,-0.497780983,-0.4953953,-0.492739583,-0.4897035,-0.4862701,-0.4824702,-0.478543133,-0.474657417,-0.471099067,-0.467944367,-0.46515655,-0.462711717,-0.460331817,-0.457746967,-0.454526167,-0.450290683,-0.444500617,-0.436772233,-0.42695555,-0.415043417,-0.4013895,-0.386279567,-0.370010517,-0.35238995,-0.33307615,-0.312008267,-0.289530933,-0.267534167,-0.2486881,-0.234525167,-0.22505135,-0.21908515,-0.215353167,-0.21329625,-0.212482783,-0.212800383,-0.2142959,-0.216811817,-0.220140267,-0.2242653,-0.22899135,-0.234298217,-0.240341533,-0.2470698,-0.254410733,-0.262267983,-0.270435033,-0.278671183,-0.287113433,-0.29528085,-0.303404917,-0.311167367,-0.318734317,-0.32564055,-0.33226055,-0.337862217,-0.343017017,-0.346991983,-0.350054567,-0.352100567,-0.353344133,-0.352805783,-0.3517595,-0.349234583,-0.346519117,-0.34243815,-0.337409067,-0.33204625,-0.325187867,-0.317151317,-0.3087884,-0.2996384,-0.290076517,-0.28075145,-0.270876533,-0.258894733,-0.249486283,-0.237083367,-0.225433317,-0.212769233,-0.195795833,-0.17899895,-0.163437,-0.14624275,-0.13261955,-0.118048995,3.072662
178,-0.145381538,-0.156479912,-0.164628498,-0.17195842,-0.177372888,-0.182746835,-0.187309492,-0.19507712,-0.200372257,-0.208398292,-0.2143871,-0.22254345,-0.230286567,-0.235297167,-0.2416758,-0.25032755,-0.261508,-0.276214067,-0.290486833,-0.306342833,-0.319686367,-0.330337833,-0.339474017,-0.34970525,-0.357852817,-0.366973317,-0.376385183,-0.384312,-0.390518017,-0.3954394,-0.401728433,-0.4060989,-0.4121659,-0.419691783,-0.429329083,-0.440804317,-0.454484033,-0.470450517,-0.488156667,-0.505384267,-0.5191059,-0.527979333,-0.53010125,-0.5259115,-0.516018117,-0.502102367,-0.485766017,-0.468321567,-0.449575267,-0.428770967,-0.405004267,-0.377800433,-0.347423317,-0.3137358,-0.277619853,-0.240988885,-0.205716457,-0.172764097,-0.142217307,-0.11468559,-0.090316902,-0.068247433,-0.048151417,-0.029417393,-0.010918947,0.008256297,0.028771228333333333,0.050083786,0.071366414,0.091294405,0.10865431999999998,0.12328853333333334,0.13688757833333332,0.15287075166666664,0.17492409033333334,0.20429418666666666,0.23794738833333332,0.27127921499999996,0.30003663333333336,0.32418996666666666,0.3471588666666667,0.3726648833333333,0.40053435000000004,0.42683486666666676,0.44617398333333336,0.45399595,0.4462210833333333,0.4181897666666667,0.36404735000000005,0.2818966333333333,0.17732666833333333,0.063295079,-0.046799225,-0.14424848,-0.226234083,-0.293499567,-0.34849185,-0.3936039,-0.430564133,-0.460550033,-0.484172783,-0.501998767,-0.514763733,-0.523617683,-0.529978367,-0.534893733,-0.538612583,-0.541247167,-0.542881967,-0.543756633,-0.544034033,-0.543976667,-0.543677733,-0.543272483,-0.542894333,-0.54263695,-0.542503783,-0.5425704,-0.542767867,-0.543081533,-0.543440067,-0.543793083,-0.544079333,-0.54420475,-0.544094867,-0.543690733,-0.542865,-0.5416739,-0.539946867,-0.537482733,-0.533984417,-0.529278767,-0.5238532,-0.518691767,-0.514530983,-0.511415617,-0.509021517,-0.5069887,-0.5050607,-0.503201167,-0.501344283,-0.49939165,-0.49739865,-0.495266567,-0.4928895,-0.490220417,-0.487203117,-0.483751333,-0.47994955,-0.476014883,-0.472108083,-0.468502683,-0.465306783,-0.462508317,-0.4600318,-0.457598433,-0.45493405,-0.451686333,-0.447309783,-0.44136425,-0.43344675,-0.423326733,-0.4110161,-0.396805083,-0.3810837,-0.364122817,-0.345594717,-0.325278067,-0.302946033,-0.279128683,-0.255715283,-0.2355296,-0.220329183,-0.2101943,-0.203803667,-0.199911533,-0.197719233,-0.196884733,-0.197271767,-0.198987083,-0.201719833,-0.2055101,-0.20996565,-0.215079567,-0.220997233,-0.227520517,-0.234858017,-0.242755317,-0.251183733,-0.25999525,-0.268909333,-0.27776435,-0.286646583,-0.295411433,-0.303809183,-0.311706983,-0.319311017,-0.326331533,-0.332559767,-0.337982567,-0.34232045,-0.34586155,-0.348152333,-0.349450283,-0.349181483,-0.348253617,-0.346332583,-0.343615667,-0.339967017,-0.334607017,-0.328552233,-0.322047633,-0.31370365,-0.306507767,-0.296971433,-0.287793333,-0.27836455,-0.267354333,-0.2573293,-0.248636933,-0.238057983,-0.22546805,-0.211835367,-0.198186417,-0.18392875,-0.1681583,-0.151419155,-0.141051688,-0.12832278,3.30263
179,-0.147247763,-0.156585478,-0.166438992,-0.17061493,-0.17739057,-0.182196758,-0.185901992,-0.193829933,-0.199730393,-0.206632473,-0.21338577,-0.221151423,-0.225624998,-0.2326667,-0.238136283,-0.247072867,-0.258332133,-0.270215133,-0.283774283,-0.299559517,-0.31185815,-0.32261955,-0.332474283,-0.341141133,-0.349664133,-0.358477533,-0.366336,-0.374416033,-0.3801267,-0.384738967,-0.3892533,-0.3942772,-0.39912335,-0.405428217,-0.414134433,-0.424911883,-0.438920783,-0.455530533,-0.47327465,-0.49092655,-0.505861933,-0.515638817,-0.51847465,-0.514880467,-0.505384467,-0.491795417,-0.475546017,-0.458144117,-0.439258517,-0.418245767,-0.3940757,-0.366349333,-0.3351171,-0.30056963,-0.263466123,-0.226001244,-0.190079587,-0.156513889,-0.125613055,-0.097621187,-0.073099498,-0.050749357,-0.030477278,-0.01149858,0.007236598,0.026577719999999996,0.047250287,0.068675879,0.089926532,0.10991086333333333,0.12728050500000002,0.141756083,0.15524132833333332,0.17112239666666665,0.19305411333333333,0.2223614816666667,0.25592797,0.288904985,0.3173293833333333,0.3407827833333334,0.3628525166666667,0.38682815,0.41268808333333334,0.4366175833333334,0.45343130000000004,0.45909363333333336,0.45019420000000004,0.4221432,0.3696585166666666,0.29014036666666665,0.18787241166666666,0.074567403,-0.036886775,-0.13730473,-0.223140725,-0.294692133,-0.354056317,-0.403411917,-0.444409683,-0.478055083,-0.504994033,-0.525691183,-0.540804533,-0.55159305,-0.5594722,-0.565498933,-0.570026817,-0.573242933,-0.575219267,-0.576329983,-0.57673785,-0.576707383,-0.576418983,-0.575960217,-0.5755278,-0.575177933,-0.574967183,-0.574960667,-0.5750993,-0.575343483,-0.57563725,-0.575918883,-0.576139417,-0.576214467,-0.576038917,-0.5755693,-0.5747187,-0.5734503,-0.57167535,-0.569178233,-0.565620333,-0.560887967,-0.555423083,-0.550194483,-0.545959967,-0.542815933,-0.540349567,-0.538220067,-0.536234817,-0.534322133,-0.5323945,-0.530397367,-0.52832365,-0.52612505,-0.523670217,-0.5209225,-0.517831333,-0.514274883,-0.510400983,-0.506325817,-0.502307183,-0.498626167,-0.4953009,-0.492378067,-0.489746067,-0.487233883,-0.48441155,-0.4810013,-0.4764609,-0.470322483,-0.462152033,-0.451685683,-0.4390032,-0.424331,-0.408083217,-0.390371633,-0.3710878,-0.3498616,-0.3264512,-0.301331783,-0.276617067,-0.2551842,-0.239008717,-0.228119083,-0.221277617,-0.2171142,-0.214663883,-0.2137471,-0.214158,-0.21592665,-0.218835567,-0.222758583,-0.227484833,-0.232996833,-0.239213433,-0.246130317,-0.2537763,-0.262187817,-0.271054083,-0.280345717,-0.289692317,-0.2988973,-0.308181467,-0.317431,-0.3259425,-0.33436505,-0.342208017,-0.3496653,-0.356161133,-0.361908683,-0.3663371,-0.3699662,-0.372117183,-0.373615833,-0.3735172,-0.372508433,-0.370323117,-0.367252983,-0.363057733,-0.357895167,-0.35146,-0.344570467,-0.33662015,-0.328884667,-0.319490583,-0.309348683,-0.299277667,-0.28869855,-0.278386083,-0.268191067,-0.255498033,-0.243342083,-0.229913483,-0.214761483,-0.199150367,-0.181889583,-0.16404005,-0.15026052,-0.137250783,3.127443
180,-0.125433149,-0.137324372,-0.143363952,-0.151915047,-0.15805779,-0.166138107,-0.170136245,-0.177465158,-0.184636425,-0.191845987,-0.198122798,-0.207385587,-0.21247821,-0.218671293,-0.2256199,-0.233892917,-0.243511667,-0.25618675,-0.270419683,-0.285530533,-0.296258633,-0.307182983,-0.316885117,-0.326209683,-0.335056383,-0.343182217,-0.35047745,-0.358472833,-0.363148083,-0.36719195,-0.369725667,-0.373556183,-0.376857783,-0.38184465,-0.38836605,-0.398125017,-0.410478267,-0.426117817,-0.443852183,-0.4620335,-0.477432717,-0.487860567,-0.49145485,-0.48822255,-0.47879545,-0.465187817,-0.4489036,-0.4312815,-0.412309483,-0.390903817,-0.3661568,-0.337688067,-0.305401867,-0.26945563,-0.230709502,-0.191548962,-0.154005912,-0.119223187,-0.08714855,-0.058337283,-0.033396717,-0.010716283,0.010056106666666667,0.029506618333333342,0.048807327,0.069168035,0.09093021,0.11354354250000002,0.13608990499999998,0.15728870999999997,0.17564192096666664,0.19093967,0.20475634333333337,0.22072354000000002,0.24252275499999998,0.2715451066666667,0.30497918333333335,0.33831799999999995,0.36702349999999995,0.39127085,0.4143108,0.43970764999999995,0.4666843166666667,0.4914308666666667,0.5089136333333334,0.5152917,0.5071145,0.47993386666666665,0.4282128,0.3479775666666667,0.242586585,0.12415908333333332,0.007155802,-0.098227682,-0.188032802,-0.262570417,-0.324124733,-0.37505515,-0.417182417,-0.451574267,-0.478999917,-0.499988867,-0.515298217,-0.526205867,-0.534167017,-0.54020555,-0.5447831,-0.547978967,-0.549974783,-0.551068267,-0.551462533,-0.551435267,-0.5511435,-0.550657583,-0.550211283,-0.549863033,-0.5496209,-0.549575883,-0.549674017,-0.549877783,-0.550128717,-0.550380667,-0.550556317,-0.5505832,-0.550392083,-0.5499007,-0.549041317,-0.547759033,-0.545998367,-0.5435372,-0.539997283,-0.535313683,-0.529929717,-0.524791983,-0.520639183,-0.517522917,-0.515076583,-0.513008,-0.511057567,-0.509159367,-0.507244633,-0.505273967,-0.503211667,-0.501008733,-0.498629733,-0.495949683,-0.492896467,-0.4894151,-0.4855831,-0.481571633,-0.47765195,-0.4740027,-0.470797933,-0.467973083,-0.465447717,-0.463013267,-0.46034005,-0.457071283,-0.452719933,-0.446777883,-0.4388381,-0.42874535,-0.41643895,-0.402234033,-0.386528317,-0.369428817,-0.350895617,-0.33051365,-0.30803115,-0.283983367,-0.260327133,-0.239928867,-0.224576617,-0.214205183,-0.207669333,-0.203694617,-0.20141635,-0.2005673,-0.200872733,-0.202595417,-0.205399,-0.209043083,-0.213553333,-0.218802967,-0.224657867,-0.2312516,-0.238602783,-0.2466478,-0.255094683,-0.263936233,-0.272897617,-0.281693117,-0.290464667,-0.299314183,-0.307623283,-0.3158376,-0.3232895,-0.330200667,-0.336616717,-0.3418509,-0.34629785,-0.349625283,-0.351568083,-0.352951367,-0.3529364,-0.351675767,-0.349538483,-0.3469741,-0.3422291,-0.337825283,-0.331247067,-0.3245282,-0.316787333,-0.308514917,-0.29917205,-0.2887484,-0.27901915,-0.268996333,-0.257953,-0.24721715,-0.235604567,-0.223386583,-0.207955817,-0.19342225,-0.176557017,-0.15996495,-0.141302962,-0.126516002,-0.112299122,3.008759
181,-0.111171102,-0.121266918,-0.128651213,-0.135606325,-0.14011103,-0.142747878,-0.148992504,-0.151236896,-0.156509099,-0.16261446,-0.170677753,-0.174658942,-0.17912272,-0.182919173,-0.186989617,-0.195330672,-0.203395792,-0.212378972,-0.22427118,-0.236552062,-0.246196155,-0.255204052,-0.261661887,-0.268323962,-0.274306022,-0.27952438,-0.284451417,-0.28916054,-0.28903091,-0.290437335,-0.290092663,-0.288739135,-0.288473788,-0.288615841,-0.290420657,-0.296024888,-0.304493458,-0.317148615,-0.332207853,-0.348829695,-0.363579072,-0.373919292,-0.377468473,-0.374264355,-0.364646442,-0.350601652,-0.333654371,-0.315383925,-0.29575275,-0.27365697,-0.247835222,-0.217797062,-0.183370727,-0.144927804,-0.103777703,-0.06251734,-0.023399685,0.012680625000000001,0.045861822,0.075412763,0.10104798833333334,0.12442863333333336,0.145629196,0.16550208416666667,0.18515426833333334,0.2057361716666667,0.22760476,0.2502197033333334,0.27259658000000003,0.29367418716666666,0.311785985,0.3269793616666667,0.34078644666666663,0.3568561316666667,0.37838730333333337,0.4069024833333333,0.4395443666666667,0.47162115000000004,0.4991628833333334,0.5221709833333333,0.5438079333333333,0.5672171666666667,0.5916965833333333,0.6135557500000001,0.6275727,0.6305157166666666,0.6192947,0.5910134666666668,0.5406602,0.46445563333333334,0.36328233333333343,0.24598637781666666,0.125871406,0.013836252,-0.084724863,-0.168949939,-0.24035075,-0.300934767,-0.35215765,-0.39494595,-0.4298039,-0.457214567,-0.477897983,-0.493150767,-0.504571033,-0.513334,-0.519962117,-0.524738767,-0.527881333,-0.529802583,-0.530801417,-0.531182383,-0.5311528,-0.5308851,-0.530588867,-0.530331033,-0.530159983,-0.530201767,-0.5303612,-0.53061725,-0.530907417,-0.531201,-0.531440267,-0.531523,-0.531345933,-0.530862583,-0.529988267,-0.5286889,-0.526864667,-0.524308367,-0.520674967,-0.515784467,-0.510203383,-0.504868017,-0.5005701,-0.497370317,-0.49485875,-0.492729183,-0.490711683,-0.488788267,-0.4868419,-0.484821067,-0.482730517,-0.48048715,-0.47806095,-0.475314033,-0.472191883,-0.468641533,-0.4647506,-0.460678783,-0.456705633,-0.45303,-0.449744533,-0.446851383,-0.444253583,-0.441755633,-0.439036017,-0.4356411,-0.43117565,-0.42513765,-0.417067633,-0.406880183,-0.394409783,-0.380180733,-0.364441133,-0.34742445,-0.328978983,-0.30883825,-0.286620233,-0.262961867,-0.239868417,-0.2198809,-0.204876817,-0.194856633,-0.18847785,-0.184619117,-0.182381483,-0.181545167,-0.181898067,-0.183530283,-0.186205033,-0.189869783,-0.194208967,-0.199383883,-0.205105433,-0.211608467,-0.2187626,-0.226635133,-0.234955217,-0.24356805,-0.252441833,-0.261173317,-0.269907,-0.278521733,-0.286835133,-0.294731517,-0.302326233,-0.309204833,-0.315713,-0.320873033,-0.325285333,-0.328802167,-0.3307166,-0.332302,-0.332134717,-0.33160325,-0.32929155,-0.3262977,-0.322393367,-0.317841817,-0.312335633,-0.30518105,-0.29780335,-0.289488733,-0.2806509,-0.271325017,-0.260733967,-0.2518579,-0.240795867,-0.230036633,-0.218684183,-0.206106867,-0.192635817,-0.177010983,-0.158404717,-0.141834108,-0.121854788,-0.103094911,-0.084187367,3.119277
182,-0.138420167,-0.148002135,-0.15556528,-0.161644185,-0.16692174,-0.180877185,-0.182861805,-0.188747672,-0.196970392,-0.20387386,-0.212527155,-0.219805755,-0.226256412,-0.233068622,-0.241249633,-0.250456767,-0.260299167,-0.275454717,-0.288878133,-0.30462535,-0.317353983,-0.32953905,-0.33971795,-0.349762483,-0.358811667,-0.369322783,-0.377621917,-0.387081533,-0.393832417,-0.398856733,-0.403483033,-0.4083836,-0.413846717,-0.419851883,-0.428175917,-0.4381703,-0.4507246,-0.46552845,-0.4816864,-0.497424983,-0.5103833,-0.518498267,-0.520107883,-0.5154326,-0.505137383,-0.490856833,-0.474161267,-0.456247417,-0.43701245,-0.415726517,-0.391230217,-0.363354967,-0.332105033,-0.297577167,-0.26066297,-0.223406178,-0.187696443,-0.15442974,-0.123822718,-0.096150307,-0.072030992,-0.050133365,-0.030248846,-0.011548448,0.007000623,0.026501629999999998,0.047326222,0.068962368,0.090491965,0.11057556666666667,0.12798752833333332,0.1425671,0.1557807333333333,0.17098494833333333,0.1915756816666667,0.21892365333333333,0.2504098083333334,0.2816232808333334,0.30886272,0.332033175,0.3545400533333333,0.3791550833333333,0.40564086666666666,0.43011701666666663,0.44751018333333326,0.4539774333333333,0.44638338333333344,0.42075236666666666,0.37189086666666665,0.29716526000000004,0.20009883666666664,0.091497348,-0.016271368,-0.114297518,-0.198788888,-0.269683767,-0.328828283,-0.3782449,-0.419411233,-0.453276417,-0.480436183,-0.501351467,-0.516722733,-0.527770383,-0.535836567,-0.541997267,-0.546629733,-0.549902683,-0.551916733,-0.55304195,-0.55346515,-0.55343945,-0.5531463,-0.552694,-0.5522397,-0.551886383,-0.551634383,-0.551596817,-0.551668783,-0.551865483,-0.552085017,-0.55230665,-0.552471717,-0.5525086,-0.55229325,-0.5518181,-0.550953883,-0.54969595,-0.5479764,-0.5455475,-0.54212055,-0.537564417,-0.532311433,-0.527297067,-0.5232334,-0.52021665,-0.517853467,-0.515836333,-0.5139017,-0.512036883,-0.510179383,-0.508244983,-0.5062396,-0.504105667,-0.5017209,-0.49908525,-0.496088383,-0.4926578,-0.488894817,-0.484958383,-0.481124483,-0.477554067,-0.474397483,-0.471631533,-0.469156733,-0.466799717,-0.46419495,-0.461046167,-0.456783583,-0.450967217,-0.44322905,-0.433386267,-0.42140825,-0.407584917,-0.392336,-0.37580735,-0.3578746,-0.3383346,-0.316851133,-0.294052083,-0.271812533,-0.252697733,-0.238442783,-0.228897333,-0.222866983,-0.21922525,-0.217061933,-0.216206233,-0.2165316,-0.21793705,-0.220435017,-0.223849767,-0.227945267,-0.232670233,-0.237999017,-0.244151833,-0.250894667,-0.258446567,-0.266378967,-0.274691083,-0.282927367,-0.29149505,-0.299859283,-0.308092017,-0.316055917,-0.323750783,-0.330869817,-0.33771175,-0.34365435,-0.348717967,-0.352764783,-0.356108133,-0.357933967,-0.359075283,-0.358785167,-0.357775717,-0.3555942,-0.35291015,-0.348645783,-0.343503183,-0.33728575,-0.330251367,-0.322454733,-0.3149972,-0.3055838,-0.295979233,-0.285952117,-0.276312667,-0.264873333,-0.255575883,-0.24196725,-0.230338733,-0.217124667,-0.201788133,-0.185474317,-0.168246467,-0.153007223,-0.139794753,-0.126759662,3.052237
183,-0.097866637,-0.106053313,-0.114386273,-0.120262708,-0.12439296,-0.13000665,-0.135710083,-0.137428633,-0.145269417,-0.15036865,-0.15448305,-0.160582117,-0.165300217,-0.167831683,-0.174098333,-0.180573033,-0.187454783,-0.1963499,-0.207001,-0.2176691,-0.226322883,-0.233161033,-0.2398065,-0.246086633,-0.250449933,-0.255981883,-0.260101917,-0.263030033,-0.26403455,-0.2643717,-0.260991393,-0.258570168,-0.25470686,-0.251411403,-0.250703255,-0.253592118,-0.260373015,-0.272406398,-0.288735327,-0.307329298,-0.324583745,-0.337505177,-0.34356927,-0.342227018,-0.333760777,-0.320497397,-0.304325387,-0.286482653,-0.267311843,-0.24561106,-0.22002233,-0.189807824,-0.15456736,-0.11496007,-0.072360467,-0.029669117,0.01088761,0.048224825,0.082534841,0.11325546000000002,0.13996951166666666,0.16424180946666667,0.18625782899999999,0.20675640166666667,0.22668726000000003,0.24742970500000003,0.26950589166666666,0.29235795000000003,0.31508378333333337,0.3363753666666667,0.3548944666666667,0.37044024999999997,0.38461553333333337,0.40150095,0.42460476666666663,0.4552851,0.4896934166666666,0.5226350999999999,0.54985775,0.5718481,0.5914512166666667,0.6120097333333333,0.6328548499999999,0.6507046166666667,0.6611898333333334,0.6614801333333333,0.6495279166666666,0.6223291666666667,0.5747234333333333,0.5008571833333334,0.39947361666666664,0.27908764999999996,0.15448297833333333,0.038299077,-0.063514095,-0.150103437,-0.2233675,-0.285453617,-0.337976117,-0.38198285,-0.417982517,-0.446505817,-0.468250567,-0.484484967,-0.4967234,-0.506104833,-0.51312315,-0.518173083,-0.521475117,-0.523484183,-0.524521383,-0.524899117,-0.52484455,-0.524538567,-0.52415445,-0.52380825,-0.52355895,-0.523490133,-0.523546767,-0.523694617,-0.5238757,-0.5240671,-0.524178517,-0.52416185,-0.52390185,-0.523393683,-0.522520917,-0.521253633,-0.519560383,-0.51717235,-0.5138206,-0.509367967,-0.50424905,-0.499376933,-0.495445167,-0.492480833,-0.49016635,-0.488157383,-0.48627915,-0.484445017,-0.482599583,-0.480659333,-0.47866555,-0.476548867,-0.474216717,-0.471608,-0.468651667,-0.46528045,-0.461607033,-0.45775795,-0.453985333,-0.450506683,-0.447451283,-0.44472165,-0.442333717,-0.440051183,-0.43752475,-0.434401583,-0.4302506,-0.424603917,-0.41699185,-0.407301183,-0.39551755,-0.3818433,-0.36668515,-0.350175017,-0.33214345,-0.3123003,-0.2902468,-0.266638333,-0.24342635,-0.223247883,-0.2081616,-0.198013833,-0.19160445,-0.1876875,-0.185509217,-0.184680333,-0.185057933,-0.186813717,-0.189573433,-0.193228933,-0.19773625,-0.20288635,-0.208712733,-0.2152437,-0.2224223,-0.230410617,-0.238760483,-0.247395817,-0.256051967,-0.2648265,-0.2736258,-0.2820118,-0.290116,-0.297842733,-0.30494075,-0.31208875,-0.3178655,-0.323073817,-0.327249483,-0.330314767,-0.332383883,-0.33356135,-0.333204867,-0.3321016,-0.3298808,-0.327646717,-0.323669217,-0.3187663,-0.3128138,-0.306176033,-0.29839925,-0.290549383,-0.282126283,-0.272187867,-0.262699883,-0.25235985,-0.241511033,-0.231984883,-0.2207577,-0.208037,-0.194043733,-0.17766145,-0.157785267,-0.139897283,-0.116402233,-0.097524002,-0.076002845,3.028977
184,-0.1978151,-0.201661633,-0.20710235,-0.210778583,-0.211145717,-0.215220467,-0.21369805,-0.215698933,-0.218942683,-0.2248884,-0.227685583,-0.23124845,-0.23262005,-0.238336683,-0.243076067,-0.247760617,-0.255475933,-0.264704983,-0.27593255,-0.285890683,-0.296454283,-0.304630317,-0.310471533,-0.31731415,-0.322509967,-0.329046567,-0.334180617,-0.33745885,-0.3388371,-0.33975945,-0.339560705,-0.338349268,-0.33731964,-0.337362143,-0.339934657,-0.3457113,-0.354346718,-0.366957713,-0.382545857,-0.398660817,-0.412619683,-0.4219465,-0.424702633,-0.4207799,-0.410761517,-0.3965252,-0.3794436,-0.361110833,-0.341591773,-0.319786808,-0.2945694,-0.265285715,-0.23204089,-0.194948292,-0.155109158,-0.115137233,-0.07706386,-0.041823038,-0.009497695,0.019802889999999993,0.045424052,0.068789713,0.089866702,0.10959564333333334,0.129038455,0.14918305499999998,0.17056887999999995,0.1928609863333333,0.214970585,0.2357427266666667,0.253705885,0.268729275,0.28274998333333334,0.2992373333333333,0.32177611666666667,0.35137735,0.38507816666666667,0.41796445,0.44582583333333337,0.4687457,0.4902244166666667,0.5133509166666667,0.5376297,0.55933765,0.5734729166666667,0.5763512166666667,0.5652556166666667,0.53695555,0.48607644999999994,0.4091290166666666,0.30760506666666665,0.19170970333333334,0.074904057,-0.03251962,-0.125898193,-0.204869902,-0.271252667,-0.327051733,-0.373875617,-0.412647633,-0.4439792,-0.468376317,-0.486505483,-0.499738983,-0.509525183,-0.516994517,-0.52261765,-0.52663075,-0.529173617,-0.53067655,-0.5313458,-0.531490333,-0.53128845,-0.530905583,-0.530508067,-0.530192117,-0.529981017,-0.529959617,-0.53009825,-0.530345533,-0.5306059,-0.530884983,-0.531110117,-0.53120015,-0.5310082,-0.5305489,-0.52969515,-0.528413467,-0.52662245,-0.5241055,-0.520512233,-0.51573525,-0.51024145,-0.50501495,-0.5007907,-0.497619467,-0.495141283,-0.493045883,-0.49103535,-0.489135767,-0.487193117,-0.485184867,-0.483100233,-0.480885967,-0.478470617,-0.475753233,-0.47267315,-0.469169783,-0.465333567,-0.461306733,-0.457374383,-0.453734933,-0.4504882,-0.447636783,-0.44508915,-0.44263135,-0.4399308,-0.436598383,-0.432249367,-0.426304283,-0.418429033,-0.408411117,-0.396324533,-0.38241605,-0.3671222,-0.350569917,-0.332633233,-0.313121767,-0.2916316,-0.268797617,-0.246462567,-0.2272862,-0.212843533,-0.203177133,-0.1970894,-0.193395933,-0.191260267,-0.190426967,-0.190817333,-0.1923382,-0.194923667,-0.198497883,-0.202671417,-0.20756875,-0.213070783,-0.219163917,-0.226199617,-0.2337334,-0.241791567,-0.250199033,-0.2586514,-0.26719325,-0.275729717,-0.2840418,-0.2921998,-0.30004075,-0.307400483,-0.314414967,-0.320528467,-0.326122733,-0.330439983,-0.333952583,-0.3365679,-0.33802805,-0.3384874,-0.338023767,-0.3366582,-0.334683483,-0.33106525,-0.327269983,-0.322326883,-0.316016967,-0.309298133,-0.303335267,-0.295312133,-0.287078783,-0.278137267,-0.270538433,-0.261651033,-0.2536613,-0.24237335,-0.233758517,-0.222593133,-0.2097509,-0.195188233,-0.179484633,-0.163010333,-0.14991735,-0.132876475,3.149149
185,-0.132472444,-0.142105707,-0.14636762,-0.15286028,-0.159391947,-0.1640848,-0.170859345,-0.174924597,-0.18337343,-0.190018043,-0.19562292,-0.20222158,-0.20782559,-0.21401577,-0.219976417,-0.2283357,-0.237829883,-0.24969325,-0.262560517,-0.274733817,-0.285441833,-0.295185433,-0.302820717,-0.31122135,-0.3174076,-0.327397883,-0.333670467,-0.33938685,-0.3436998,-0.346799067,-0.34888595,-0.349556133,-0.351485967,-0.353440233,-0.3571157,-0.363630917,-0.372954183,-0.38599065,-0.40146315,-0.417715317,-0.432005617,-0.441957917,-0.445498717,-0.442210683,-0.432913367,-0.419257,-0.402904983,-0.385327367,-0.366350317,-0.345027567,-0.3202957,-0.291700083,-0.259042787,-0.222714007,-0.18371075,-0.144559807,-0.107163798,-0.072528503,-0.040805948,-0.012304368,0.012629491666666666,0.035213147,0.055791968500000004,0.074976067,0.093784642,0.11327698983333334,0.13398998000000004,0.15537428833333333,0.17666460833333333,0.19667590333333337,0.21400936,0.2284739,0.24196091666666666,0.2576283833333333,0.2788877,0.30679518333333333,0.33848720000000004,0.3692281333333334,0.3953956666666667,0.41704775,0.4373279833333334,0.4593333,0.48269860000000003,0.5040186999999999,0.5186882666666667,0.5234375666666665,0.51503025,0.49008460000000004,0.44295290000000004,0.36975208333333337,0.27168143333333333,0.158212045,0.042717215,-0.063999233,-0.156881368,-0.2352957,-0.300993367,-0.3559978,-0.401913883,-0.439762867,-0.470136183,-0.493588067,-0.510799267,-0.5232284,-0.532314267,-0.539314967,-0.544596783,-0.548376217,-0.55080845,-0.552199633,-0.552838967,-0.55297075,-0.552762717,-0.55239845,-0.5520404,-0.551764433,-0.551628067,-0.551709033,-0.551941117,-0.552286183,-0.552666633,-0.553037733,-0.553346817,-0.55351225,-0.553395467,-0.552937717,-0.55208295,-0.55078925,-0.548912817,-0.54626805,-0.542471817,-0.5374146,-0.53158375,-0.526038117,-0.521586583,-0.518242117,-0.515683183,-0.513486433,-0.51142335,-0.5094542,-0.507434067,-0.50538725,-0.5032328,-0.5009584,-0.498420967,-0.495621283,-0.492400683,-0.488774783,-0.48477635,-0.480623267,-0.47656565,-0.472780467,-0.469416083,-0.466450217,-0.463756,-0.461175733,-0.458300267,-0.454822067,-0.450159733,-0.443928183,-0.4355881,-0.425080017,-0.412365483,-0.397758833,-0.3816843,-0.364376383,-0.345560217,-0.325104867,-0.302572,-0.278703367,-0.255330467,-0.235210233,-0.220188283,-0.210078333,-0.203648583,-0.199792283,-0.197634233,-0.196776683,-0.1971149,-0.198773017,-0.201487383,-0.2051143,-0.2094502,-0.214592933,-0.220316167,-0.226891383,-0.23401355,-0.241987167,-0.25030595,-0.259191417,-0.267955983,-0.276826933,-0.285692017,-0.294513967,-0.302785033,-0.310818817,-0.318570467,-0.3257739,-0.33199935,-0.337728433,-0.342026983,-0.345399467,-0.34785855,-0.349148517,-0.349458167,-0.348423867,-0.3462957,-0.343747633,-0.339780783,-0.3349096,-0.328839467,-0.322688983,-0.314006417,-0.30668625,-0.2972144,-0.288463867,-0.278695333,-0.268511733,-0.257839933,-0.247071183,-0.235983317,-0.224020717,-0.2107113,-0.19526125,-0.178622683,-0.160380883,-0.141569353,-0.124659608,-0.109751635,3.249416
186,-0.118020553,-0.130015453,-0.13972063,-0.1497753,-0.154555438,-0.162659592,-0.16795959,-0.17771867,-0.186743382,-0.19469714,-0.205563063,-0.211704292,-0.219673265,-0.225506067,-0.2330792,-0.2439288,-0.256178433,-0.27182545,-0.287851783,-0.304453283,-0.317296733,-0.33064745,-0.339723133,-0.35084035,-0.35998425,-0.370164217,-0.380614217,-0.389876,-0.397452633,-0.404369333,-0.410349433,-0.4182426,-0.426819617,-0.43839375,-0.450816433,-0.466429767,-0.483939583,-0.503515883,-0.52319455,-0.541531767,-0.55613635,-0.565245917,-0.567564633,-0.563540867,-0.553875283,-0.540446483,-0.52448055,-0.507244267,-0.488671633,-0.46787055,-0.444034533,-0.417069567,-0.38695405,-0.353830067,-0.31819305,-0.281917768,-0.24679187,-0.213967377,-0.183416915,-0.155790037,-0.131503662,-0.109518898,-0.089365325,-0.070463608,-0.051639695,-0.03171931,-0.010210538,0.012171512500000004,0.034498478,0.055358957,0.073368343,0.088476478,0.10218867999999999,0.11825580000000001,0.14086440166666667,0.17145971333333332,0.20724725316666667,0.24327594333333333,0.2746605833333333,0.301247855,0.32694343333333337,0.3554158166666667,0.38650275,0.4154834166666667,0.4361548833333333,0.4434564333333333,0.4330729166666667,0.4001240166666667,0.33921213333333333,0.24970536166666665,0.139519648,0.022863021666666667,-0.087130471,-0.182851188,-0.262371467,-0.326987367,-0.379448633,-0.422187017,-0.457016467,-0.485097833,-0.50709125,-0.523582617,-0.535244483,-0.543221783,-0.548865317,-0.553151283,-0.5562988,-0.558446083,-0.559593017,-0.560038667,-0.55993145,-0.5594855,-0.55884495,-0.558107033,-0.557458283,-0.5569078,-0.556535483,-0.556349917,-0.556340717,-0.556457583,-0.556595383,-0.556722883,-0.55683225,-0.55679,-0.5564986,-0.555922217,-0.55498415,-0.553644283,-0.551809133,-0.54927185,-0.54570725,-0.540982917,-0.535540733,-0.530362683,-0.526161633,-0.52297915,-0.520489517,-0.5183623,-0.516298183,-0.51434565,-0.512354217,-0.510308083,-0.508188367,-0.50592435,-0.503438783,-0.500651267,-0.497531917,-0.493944017,-0.49004465,-0.485970067,-0.481985917,-0.478281117,-0.4749839,-0.472057467,-0.46941675,-0.4668932,-0.464076583,-0.460646117,-0.4560706,-0.4499053,-0.441680917,-0.431256067,-0.418535633,-0.4038189,-0.387524667,-0.369794467,-0.350483067,-0.329337417,-0.305929283,-0.281042167,-0.25658145,-0.235549883,-0.2197804,-0.209206883,-0.202562633,-0.198496867,-0.196176333,-0.19524825,-0.195623367,-0.1973073,-0.199993483,-0.203771417,-0.208297083,-0.213727533,-0.219750067,-0.22647205,-0.233881933,-0.24212445,-0.250827133,-0.259909133,-0.269027333,-0.2781914,-0.28740405,-0.296445367,-0.304961033,-0.313146683,-0.32089655,-0.328140567,-0.334530533,-0.340014067,-0.344446933,-0.3477366,-0.34998335,-0.351118417,-0.350996567,-0.3499024,-0.34756765,-0.344510833,-0.339584767,-0.334691567,-0.328148083,-0.321123517,-0.312789433,-0.30433675,-0.294191383,-0.284797933,-0.27306515,-0.263443567,-0.251900717,-0.241333133,-0.228952233,-0.21644345,-0.202580917,-0.1872447,-0.171361817,-0.155523133,-0.139387967,-0.131888653,-0.125278142,3.268519
187,-0.113556275,-0.124920113,-0.133789557,-0.142261843,-0.146676912,-0.152476727,-0.157806437,-0.160875997,-0.168956783,-0.17521065,-0.182912633,-0.1882249,-0.192878017,-0.20027605,-0.2063392,-0.213392967,-0.223393517,-0.235323417,-0.247861783,-0.260863883,-0.273044683,-0.280668383,-0.29067155,-0.297285583,-0.304083867,-0.311805383,-0.3178792,-0.32429875,-0.327679133,-0.3316928,-0.333517517,-0.33604645,-0.338867083,-0.343734533,-0.3514076,-0.3618398,-0.375376267,-0.393757933,-0.413897267,-0.434579217,-0.452099233,-0.464368733,-0.46938925,-0.467172417,-0.45858195,-0.44551675,-0.4295672,-0.4122853,-0.393484083,-0.3723413,-0.347585117,-0.31887354,-0.28606092,-0.249345491,-0.209807075,-0.169816518,-0.131466073,-0.095751156,-0.062913655,-0.033253982,-0.007258468,0.016308770000000004,0.03768985,0.057602465,0.077310957,0.097929007,0.11995948999999999,0.142961006,0.16583511666666667,0.1872536233333333,0.20573590500000002,0.22116665233333332,0.23540159000000002,0.25227345166666665,0.27560677,0.3067420933333333,0.34270743333333337,0.37788815000000003,0.40807176666666667,0.43309573333333334,0.45623713333333327,0.48132576666666665,0.5079644166666667,0.5318552500000001,0.5475635499999999,0.5514460166666667,0.5401302,0.5097381666666666,0.45447533333333334,0.3704081833333333,0.260936785,0.138691795,0.018558021666666664,-0.089251425,-0.180988098,-0.257120578,-0.32004715,-0.372156233,-0.415261067,-0.450496617,-0.4785839,-0.500070617,-0.5157116,-0.5268235,-0.534913983,-0.541114117,-0.545757933,-0.549031617,-0.551054867,-0.55214905,-0.5525239,-0.55242755,-0.552070383,-0.551591867,-0.551102117,-0.55071215,-0.550484733,-0.550456417,-0.5505824,-0.55082435,-0.551108567,-0.551380083,-0.551601867,-0.551687483,-0.551480133,-0.550969117,-0.550063433,-0.548712,-0.546818717,-0.544167167,-0.540402283,-0.53540195,-0.529620533,-0.524119283,-0.519680733,-0.516361933,-0.513763667,-0.511567033,-0.509443533,-0.507450433,-0.505420067,-0.50332095,-0.5011761,-0.498863033,-0.496304317,-0.493447317,-0.4902333,-0.486547283,-0.48255035,-0.478388817,-0.4742835,-0.470452533,-0.467063867,-0.464058083,-0.461285367,-0.458626567,-0.455710767,-0.452150217,-0.447417767,-0.44106135,-0.432585583,-0.42190895,-0.40903165,-0.3941067,-0.3777782,-0.359983017,-0.340715117,-0.319694767,-0.296512533,-0.27189065,-0.24775215,-0.226997583,-0.211369117,-0.20087905,-0.1942577,-0.190233967,-0.18791155,-0.187012917,-0.1874566,-0.189076933,-0.191881667,-0.195635817,-0.200174133,-0.205571517,-0.21146235,-0.218087717,-0.2255775,-0.23363895,-0.24232295,-0.251356117,-0.260485483,-0.269526583,-0.278545083,-0.287455,-0.295935867,-0.304230133,-0.312017967,-0.319516283,-0.325730067,-0.33145235,-0.335579217,-0.3394124,-0.341485067,-0.342599533,-0.343098683,-0.34202745,-0.339930783,-0.336798517,-0.332281883,-0.32722475,-0.32133985,-0.314308467,-0.305750683,-0.29718075,-0.2878621,-0.2780957,-0.268170817,-0.2589888,-0.2473535,-0.23608715,-0.224215583,-0.2113388,-0.197412,-0.181383,-0.16268545,-0.146080833,-0.128836817,-0.114665158,-0.09969045,3.253144
188,-0.1017175,-0.10969483,-0.118620237,-0.125594552,-0.131285815,-0.138456543,-0.14169164,-0.148907103,-0.15442354,-0.16080441,-0.170152568,-0.175436332,-0.182428987,-0.1875895,-0.192636567,-0.2009721,-0.2104581,-0.220096017,-0.233468767,-0.245415467,-0.2555008,-0.265447533,-0.273522983,-0.2818831,-0.288541033,-0.295510333,-0.3026767,-0.308550517,-0.311492067,-0.315489883,-0.315905067,-0.317091783,-0.317907117,-0.319512183,-0.323041883,-0.32959335,-0.33970815,-0.353746467,-0.370502233,-0.388482733,-0.4041388,-0.41557055,-0.41993455,-0.417447233,-0.4086993,-0.3954437,-0.379352333,-0.361903483,-0.343001733,-0.321755483,-0.296841033,-0.267717133,-0.234424983,-0.197231252,-0.157397428,-0.117521769,-0.079538523,-0.044384832,-0.01214622,0.01685721,0.042285527,0.065281222,0.086134937,0.10559707166666667,0.12468471333333332,0.14460337333333334,0.165646644,0.18742710999999998,0.20901333166666666,0.22909166,0.24635226333333335,0.26084117,0.27409257,0.2897079666666667,0.31117435,0.33950645,0.37168761666666666,0.4027623333333334,0.42918196666666675,0.45074186666666666,0.47074980000000005,0.49203083333333336,0.5142130333333333,0.5340527833333334,0.5470291333333334,0.5502763833333334,0.5411387333333334,0.5162961333333335,0.47011629999999993,0.39792120000000003,0.30023055,0.18624655833333334,0.069670142,-0.038424222,-0.132799532,-0.21289895,-0.280477733,-0.337550767,-0.385712517,-0.4258303,-0.458516883,-0.4842415,-0.5036379,-0.517978667,-0.528700617,-0.5369284,-0.543109433,-0.547512133,-0.550356683,-0.552052517,-0.552861867,-0.553092067,-0.552946317,-0.5525703,-0.55215465,-0.551809167,-0.551564367,-0.551509017,-0.5515965,-0.551758067,-0.551953717,-0.552170967,-0.552316933,-0.5523264,-0.5521045,-0.551592683,-0.550732383,-0.549492233,-0.547758783,-0.5453688,-0.541945117,-0.537428667,-0.532230367,-0.527296867,-0.523273533,-0.520260117,-0.51792605,-0.515923267,-0.51401785,-0.512173017,-0.510298683,-0.508376483,-0.50637925,-0.504242917,-0.501857717,-0.499222817,-0.496225983,-0.492808567,-0.489058983,-0.485141717,-0.481313533,-0.477752867,-0.474648183,-0.471854917,-0.469389283,-0.4670173,-0.464396333,-0.461169217,-0.456846717,-0.450958517,-0.443058417,-0.432981383,-0.420696717,-0.406555183,-0.39081685,-0.373768983,-0.355159533,-0.334739467,-0.312267117,-0.288320217,-0.264934217,-0.244874383,-0.2297486,-0.219736767,-0.213423983,-0.209631283,-0.2075171,-0.206722567,-0.207131333,-0.20878935,-0.2115531,-0.215188833,-0.219630033,-0.224756517,-0.230549283,-0.237122533,-0.244320733,-0.2522918,-0.260610967,-0.269462533,-0.27827415,-0.2871971,-0.2961167,-0.304671833,-0.312822683,-0.321048983,-0.3284368,-0.335585183,-0.341803517,-0.347296317,-0.351227817,-0.354557117,-0.356589083,-0.357827783,-0.358017633,-0.356426467,-0.354444183,-0.351695283,-0.347214167,-0.342009133,-0.335858183,-0.3291371,-0.320565533,-0.31217615,-0.303635383,-0.29381215,-0.282651383,-0.271305833,-0.26145025,-0.249631367,-0.237179417,-0.225624567,-0.208122667,-0.194049067,-0.173323917,-0.15374005,-0.133668443,-0.113883448,-0.094745693,3.114623
189,-0.126708978,-0.137022335,-0.141382877,-0.149907445,-0.155524322,-0.158721925,-0.164837942,-0.169816293,-0.175444177,-0.183036718,-0.189105062,-0.195090845,-0.200293317,-0.208739117,-0.21221775,-0.22052365,-0.228047283,-0.238919617,-0.2508213,-0.26230855,-0.27247555,-0.281507783,-0.289620667,-0.296295883,-0.30385555,-0.311668467,-0.317431867,-0.322781233,-0.3268827,-0.3281611,-0.3273772,-0.328016133,-0.327279217,-0.326373583,-0.32767545,-0.3314819,-0.338361967,-0.34909795,-0.363491983,-0.37947405,-0.394152117,-0.404745467,-0.408863333,-0.406137633,-0.397228,-0.38387235,-0.367614117,-0.3501437,-0.331177917,-0.309947067,-0.285192767,-0.256146358,-0.222749442,-0.185419984,-0.145496027,-0.105563427,-0.067699197,-0.032709445,-0.000726953,0.028070621666666674,0.05313212,0.075909207,0.096541364,0.11570906934999999,0.13451499833333333,0.15392194166666667,0.1744991783333333,0.19573135833333333,0.21677576666666667,0.23633923333333332,0.25342026666666667,0.26767578333333336,0.28085235,0.2963749,0.31715695,0.34422835,0.3745982833333333,0.40367820000000004,0.42816325000000005,0.4481534,0.4665904666666667,0.48602663333333335,0.5061367166666667,0.5236244666666666,0.5349224333333333,0.53727775,0.52850205,0.5056984666666667,0.46375476666666665,0.39770811666666667,0.30637025,0.1972184166666667,0.08311665,-0.024546477,-0.119791358,-0.201421795,-0.2707465,-0.329613067,-0.379398867,-0.420982733,-0.45487415,-0.481491417,-0.501517833,-0.516302083,-0.52734135,-0.5358546,-0.542300333,-0.54693195,-0.549969317,-0.551835817,-0.552761717,-0.553111333,-0.553060867,-0.55279685,-0.552484883,-0.552250967,-0.552139833,-0.552234033,-0.5524531,-0.552782967,-0.553144117,-0.5535192,-0.553801367,-0.553950483,-0.5538279,-0.5533928,-0.5525719,-0.551300267,-0.54950385,-0.546938467,-0.5432567,-0.5383708,-0.532761533,-0.527405733,-0.523100117,-0.5198812,-0.517397067,-0.515276433,-0.51327705,-0.51132565,-0.509384883,-0.507375683,-0.505271383,-0.50304775,-0.5005959,-0.49783365,-0.4947267,-0.491168483,-0.487279567,-0.48320975,-0.47925635,-0.475593883,-0.472322467,-0.469452567,-0.466890433,-0.464341183,-0.461613733,-0.4582358,-0.453743217,-0.447609383,-0.439483217,-0.42917745,-0.416732567,-0.4023923,-0.386593683,-0.3695695,-0.351061833,-0.330879383,-0.308802867,-0.285258283,-0.262328283,-0.242655167,-0.227976733,-0.21808315,-0.21194315,-0.208200783,-0.206016817,-0.205247617,-0.205609267,-0.207260983,-0.209919,-0.21344705,-0.217750933,-0.222712433,-0.228390183,-0.2347907,-0.241857733,-0.249566433,-0.257874233,-0.26647245,-0.2751759,-0.2839719,-0.29254355,-0.301292267,-0.3093474,-0.317381833,-0.324751767,-0.331980483,-0.338193117,-0.3436506,-0.347807217,-0.35145535,-0.353811233,-0.3550509,-0.35477695,-0.353810033,-0.35212505,-0.3492349,-0.345288633,-0.340317933,-0.3341073,-0.327761233,-0.320568967,-0.312058283,-0.303407567,-0.2940368,-0.283941417,-0.274687017,-0.262945933,-0.254408683,-0.24159725,-0.22939765,-0.2146761,-0.20165295,-0.183088267,-0.163727717,-0.142475573,-0.122469398,-0.104621043,3.229066
190,-0.116968078,-0.131987812,-0.141377945,-0.15057423,-0.156528965,-0.159602895,-0.167129397,-0.174736291,-0.179449927,-0.18894492,-0.197733062,-0.205485745,-0.211432562,-0.217330088,-0.223208863,-0.231541162,-0.241689665,-0.25516951,-0.26939647,-0.28353378,-0.294644987,-0.305790622,-0.314566113,-0.323285417,-0.331306783,-0.33962535,-0.347265242,-0.353056168,-0.35844823,-0.36209978,-0.363327678,-0.366756563,-0.368388772,-0.371772632,-0.376216435,-0.38370479,-0.394034883,-0.408762032,-0.426033973,-0.444093583,-0.460165697,-0.471399932,-0.475880713,-0.473719873,-0.46503581,-0.452134933,-0.4364034,-0.419454422,-0.40101633,-0.38019413,-0.35601081,-0.327953508,-0.295904443,-0.260186283,-0.221670445,-0.182670918,-0.14527645,-0.110446178,-0.078397348,-0.049449033,-0.024153467,-0.001154267,0.019667724999999987,0.039031838,0.058020132,0.077920048,0.099200352,0.12130095983333333,0.143174335,0.16370280716666666,0.18137903499999997,0.19616816666666667,0.20966699,0.22562501333333337,0.24763848333333335,0.27678643566666666,0.30993526666666665,0.3420170816666666,0.3693176166666667,0.3916186166666667,0.4124052333333334,0.43493266666666663,0.45860458333333326,0.4798705999999999,0.49395173333333336,0.4972575166666667,0.4869958833333334,0.45951868333333334,0.4095136,0.33291638333333334,0.2316496668333333,0.11617667133333333,0.001033907,-0.103127887,-0.19202371,-0.265889785,-0.32695535,-0.3775753,-0.419464533,-0.453769367,-0.481139883,-0.5021244,-0.5174273,-0.528348083,-0.53635315,-0.542505867,-0.547141583,-0.550447933,-0.55254395,-0.553685367,-0.5541468,-0.554154233,-0.55386325,-0.553445217,-0.553030033,-0.552717033,-0.5525541,-0.552574767,-0.552780367,-0.553086233,-0.553415967,-0.553741117,-0.554032233,-0.554146917,-0.554015333,-0.553570383,-0.552707667,-0.551441733,-0.549640383,-0.54706505,-0.543421433,-0.538538717,-0.53295665,-0.527624433,-0.523315867,-0.520106583,-0.517626667,-0.515494617,-0.513475383,-0.51155325,-0.509626783,-0.507580417,-0.505522083,-0.50330285,-0.50080915,-0.498081917,-0.4949692,-0.49142,-0.48754355,-0.483490183,-0.479500433,-0.475852533,-0.472597533,-0.469712867,-0.467137967,-0.4646296,-0.461870267,-0.4584571,-0.45397515,-0.447869633,-0.43969385,-0.429385283,-0.416890567,-0.40251165,-0.386672517,-0.369521617,-0.350962367,-0.330664467,-0.308371,-0.2846703,-0.261598867,-0.241665433,-0.226802767,-0.21684325,-0.210614583,-0.206798517,-0.20463545,-0.2037969,-0.204213167,-0.205857233,-0.20850905,-0.212200083,-0.2164679,-0.221613683,-0.22730005,-0.233780683,-0.240817967,-0.248775417,-0.256993133,-0.265620433,-0.274432333,-0.283242183,-0.2919996,-0.3004687,-0.308771083,-0.316649,-0.3242276,-0.33131595,-0.3376013,-0.342918133,-0.347250367,-0.35080565,-0.352480117,-0.354008617,-0.353614383,-0.352693567,-0.350521317,-0.347496717,-0.343683133,-0.338672317,-0.332410433,-0.32548355,-0.317313967,-0.3090053,-0.299917783,-0.290303533,-0.279742233,-0.26998945,-0.258995083,-0.248010767,-0.2370815,-0.2234325,-0.2081665,-0.19477385,-0.17720625,-0.161458595,-0.14188592,-0.129339833,-0.11530281,3.193588
191,-0.135739885,-0.146090948,-0.157039953,-0.167450037,-0.1717909,-0.177938585,-0.184183992,-0.192247203,-0.199214182,-0.20806832,-0.215201303,-0.222295297,-0.228246085,-0.234679667,-0.241543833,-0.249619733,-0.2624868,-0.276409483,-0.29189925,-0.308152317,-0.321260683,-0.3326647,-0.342392483,-0.3519222,-0.36109805,-0.3703638,-0.37963925,-0.388243783,-0.393746983,-0.399668083,-0.403676,-0.408557683,-0.414696767,-0.422017567,-0.431786483,-0.444578567,-0.4587132,-0.4767651,-0.4949564,-0.512718183,-0.527381367,-0.53678705,-0.539171783,-0.5348959,-0.524929483,-0.510871233,-0.494334283,-0.47674155,-0.457793367,-0.436697167,-0.412440867,-0.384589183,-0.353118683,-0.318132617,-0.280544797,-0.242662138,-0.206373669,-0.172557183,-0.141467118,-0.113479743,-0.08883605,-0.06667804,-0.046325402,-0.027114428,-0.007925427,0.012185297,0.033837385666666664,0.056409028,0.078812062,0.099853253,0.11808767499999999,0.13319370500000002,0.14693430833333335,0.16275915666666665,0.18452823166666665,0.2135282066666667,0.24735108833333333,0.28146869,0.3117048981666667,0.3377782483333333,0.3631310033333333,0.39123332499999997,0.42155845000000003,0.4495086,0.4695249666666667,0.47704126666666663,0.46850879999999995,0.4393539833333333,0.3842165583333333,0.3008996633333333,0.19511600833333334,0.079877632,-0.031444582,-0.13022879,-0.21359023,-0.282311033,-0.33883525,-0.385434,-0.423865317,-0.455150433,-0.479943067,-0.498810567,-0.512396033,-0.521944067,-0.52886485,-0.534146217,-0.538113117,-0.540911967,-0.542618733,-0.543498283,-0.543739567,-0.5435965,-0.54319955,-0.542686967,-0.542215367,-0.5418294,-0.5415891,-0.541527683,-0.5415971,-0.541805167,-0.5420368,-0.542274083,-0.542457217,-0.542486517,-0.542278183,-0.541761933,-0.540886833,-0.539602767,-0.537800583,-0.53529065,-0.531751183,-0.5270442,-0.521622967,-0.5164836,-0.512309967,-0.509186783,-0.506764433,-0.504677583,-0.502685867,-0.500790217,-0.498852033,-0.4968577,-0.49479905,-0.492598917,-0.4901535,-0.4874586,-0.4844124,-0.4809214,-0.47712215,-0.473143067,-0.469249933,-0.465687483,-0.4624933,-0.45969885,-0.45720725,-0.454785567,-0.45215045,-0.448873717,-0.444518317,-0.438570833,-0.4306381,-0.42055205,-0.408395367,-0.394379183,-0.378936283,-0.362264717,-0.344181867,-0.324505367,-0.303042983,-0.280271033,-0.2582375,-0.23942265,-0.2254085,-0.216060533,-0.210174433,-0.206625333,-0.204566367,-0.2037754,-0.20408825,-0.205566917,-0.207963617,-0.211251217,-0.21529495,-0.220004267,-0.225363433,-0.2313193,-0.2379892,-0.2454469,-0.253336333,-0.261732183,-0.269907367,-0.27833835,-0.28674285,-0.295149117,-0.3029668,-0.310641067,-0.3179591,-0.324836583,-0.33070775,-0.3360396,-0.34001955,-0.343465683,-0.345455517,-0.34661965,-0.3463853,-0.34569895,-0.3434131,-0.340931217,-0.336660117,-0.3318567,-0.325776983,-0.319090433,-0.310740283,-0.3029664,-0.294371867,-0.284742333,-0.27475585,-0.264647433,-0.25435015,-0.24319655,-0.232343967,-0.221168633,-0.207297967,-0.192427117,-0.177538417,-0.163815817,-0.149710477,-0.137972883,-0.126623682,3.043572
192,-0.160121232,-0.167419185,-0.173955511,-0.18007522,-0.18341113,-0.18984898,-0.191928557,-0.19773435,-0.204492258,-0.209388063,-0.216146207,-0.220489577,-0.225961247,-0.23223974,-0.23602797,-0.244834563,-0.254862083,-0.266183683,-0.278636867,-0.292298033,-0.302523183,-0.313426017,-0.321001533,-0.3271061,-0.334897183,-0.341856433,-0.348968033,-0.35505175,-0.357857333,-0.36122325,-0.36314525,-0.3648577,-0.366776217,-0.3695137,-0.373125467,-0.380161583,-0.38932425,-0.401256883,-0.4159357,-0.4311647,-0.44422265,-0.4527233,-0.45508895,-0.450991133,-0.44116645,-0.42703145,-0.41029415,-0.392249117,-0.3730152,-0.351478033,-0.326673733,-0.298250533,-0.265898997,-0.230093885,-0.191531725,-0.152854945,-0.116080052,-0.081854927,-0.050441675,-0.022184165,0.002367442,0.024744195,0.04504766,0.06422981,0.08302265,0.10251958333333333,0.123350575,0.14489186783333333,0.16619969999999998,0.18631066666666665,0.20379945833333335,0.2184541183333333,0.231956045,0.24759763213333333,0.2689913116666667,0.29675077833333335,0.32855397999999997,0.35970444333333335,0.3865028499999999,0.40876156666666663,0.42987821666666665,0.45294636666666666,0.4774897666666667,0.4998184333333333,0.5150304666666666,0.5196199499999999,0.5102671666666666,0.4836003,0.43433513333333335,0.3594796,0.26094657,0.14832321166666665,0.034396514,-0.070622163,-0.161971057,-0.23909675,-0.303672583,-0.357706717,-0.402749217,-0.439811317,-0.46948985,-0.492302033,-0.5090205,-0.520984017,-0.529754717,-0.536474983,-0.541550017,-0.5451603,-0.5474827,-0.54877925,-0.549350733,-0.549409267,-0.549172333,-0.548780467,-0.548396583,-0.548111567,-0.54795915,-0.548042217,-0.548260367,-0.548595167,-0.54896525,-0.549346217,-0.549664283,-0.549805167,-0.54969185,-0.5492458,-0.548396133,-0.54709275,-0.545248017,-0.542596367,-0.538791133,-0.533739133,-0.527923233,-0.522399683,-0.5179221,-0.514602667,-0.5120502,-0.509827767,-0.50774835,-0.505732817,-0.5037502,-0.501674967,-0.49954025,-0.497229467,-0.494704117,-0.491885933,-0.4887064,-0.4850356,-0.481035083,-0.476877733,-0.4728575,-0.46908035,-0.465715417,-0.462740317,-0.460048667,-0.457456183,-0.454629067,-0.451110917,-0.446456617,-0.440190433,-0.431825283,-0.42127475,-0.408504983,-0.393867567,-0.377739033,-0.360279967,-0.3413901,-0.320789683,-0.298148083,-0.27406475,-0.250522567,-0.230292183,-0.21514165,-0.205019217,-0.19860535,-0.194703717,-0.19249245,-0.191650617,-0.1920219,-0.193707017,-0.19644205,-0.200147983,-0.204560567,-0.20975825,-0.21561015,-0.222163183,-0.229527183,-0.237498833,-0.24601475,-0.254882433,-0.263886567,-0.272873933,-0.281886467,-0.2908304,-0.29932625,-0.30749835,-0.315249483,-0.322754083,-0.3294309,-0.334936767,-0.339642683,-0.34319715,-0.345748833,-0.347438167,-0.347763717,-0.347021367,-0.345222417,-0.342717933,-0.339064217,-0.334580733,-0.328737283,-0.3224753,-0.3151086,-0.30670025,-0.298236933,-0.289787067,-0.28046915,-0.2701815,-0.25964255,-0.25050495,-0.23885685,-0.228556283,-0.214042767,-0.202727683,-0.185519617,-0.167644723,-0.15126156,-0.134341068,-0.119092298,3.278153
193,-0.094018822,-0.1052795,-0.11602314,-0.122079322,-0.127485463,-0.13345865,-0.138406367,-0.144191983,-0.150941917,-0.157110867,-0.164425133,-0.172532033,-0.176604967,-0.183039017,-0.188521433,-0.194292983,-0.204404667,-0.215182567,-0.22530735,-0.236605167,-0.246646667,-0.254867,-0.262052483,-0.2681675,-0.274608183,-0.280059917,-0.28604235,-0.290254467,-0.292181217,-0.292212267,-0.291465767,-0.289370533,-0.28753795,-0.286287165,-0.28720935,-0.291113473,-0.299830818,-0.313021408,-0.330440165,-0.34993555,-0.368119217,-0.3816031,-0.388208567,-0.387413367,-0.3799406,-0.367378317,-0.351943967,-0.334923183,-0.316444833,-0.295421092,-0.270579185,-0.240974557,-0.206810252,-0.168184162,-0.126534632,-0.084645192,-0.044962033,-0.008210947,0.025472819999999993,0.05574908,0.08221457,0.10620531366666668,0.12797642,0.14824143,0.16811032833333336,0.18854572499999997,0.21030842666666663,0.233008165,0.2554731616666666,0.2765520483333333,0.29490384000000003,0.3101411716666667,0.32429278833333336,0.3410770333333333,0.36388916666666665,0.39393795,0.4278333,0.46026934999999997,0.48751099999999997,0.5096721999999999,0.5299286,0.5515216333333333,0.5736385,0.5928902833333334,0.6050985,0.6071453666666667,0.5966376499999999,0.5703858666666667,0.5224975666666666,0.4473827666666667,0.34418980000000005,0.22279427166666663,0.098602358,-0.016085793,-0.115752973,-0.199982592,-0.270732617,-0.330264967,-0.380296033,-0.421848167,-0.455507817,-0.481849117,-0.5015959,-0.516081867,-0.526906767,-0.535255417,-0.541556417,-0.5460845,-0.54903705,-0.5508538,-0.551732933,-0.55201625,-0.551915317,-0.5516262,-0.551295283,-0.551036333,-0.5508863,-0.55094115,-0.551128517,-0.5514166,-0.55175155,-0.552060283,-0.552330183,-0.552439083,-0.55230635,-0.5518012,-0.550948383,-0.549667083,-0.54784595,-0.545243567,-0.541546617,-0.5366126,-0.53098815,-0.525630917,-0.5212895,-0.51803075,-0.51549965,-0.513355367,-0.511307717,-0.509340133,-0.5073448,-0.505290517,-0.503179667,-0.500916917,-0.498417433,-0.49562985,-0.49248525,-0.488902617,-0.484949317,-0.480870767,-0.476869167,-0.4731548,-0.46985905,-0.46694165,-0.464319183,-0.461799867,-0.458968717,-0.4555519,-0.450956033,-0.4447329,-0.4364296,-0.425962767,-0.41324545,-0.398586667,-0.3823456,-0.3648083,-0.345703133,-0.324824367,-0.301789367,-0.277274583,-0.2532836,-0.232656667,-0.217177283,-0.206840683,-0.200325017,-0.196371917,-0.19419525,-0.193367817,-0.193781383,-0.195509467,-0.1983244,-0.202095233,-0.206631917,-0.2119579,-0.217882133,-0.22455985,-0.232000883,-0.24017625,-0.248834967,-0.25781195,-0.266763583,-0.2760646,-0.285158883,-0.293894267,-0.3025218,-0.31071995,-0.318498883,-0.325752567,-0.332033717,-0.33763635,-0.342103183,-0.345485867,-0.347781267,-0.349200917,-0.348850333,-0.348106867,-0.3455934,-0.3428401,-0.338700433,-0.333696083,-0.32732635,-0.319356917,-0.312059333,-0.30385405,-0.294032983,-0.284066367,-0.273943467,-0.263153167,-0.25234475,-0.240871533,-0.22810905,-0.216156817,-0.199436283,-0.185064467,-0.164466783,-0.14611435,-0.1247651,-0.104602533,-0.085272117,3.111739
194,-0.1669855,-0.1710318,-0.174112233,-0.179761517,-0.177200083,-0.179390933,-0.180709567,-0.180696217,-0.185152867,-0.1859009,-0.189888533,-0.193050767,-0.194423817,-0.197537883,-0.202497267,-0.20691525,-0.21301925,-0.2220933,-0.229793283,-0.242787283,-0.25004535,-0.2569146,-0.2620129,-0.26776545,-0.272157817,-0.27608215,-0.27920975,-0.280318333,-0.280557383,-0.2796391,-0.277218333,-0.275361983,-0.273698683,-0.273153783,-0.27432775,-0.278738383,-0.287151483,-0.2991263,-0.3136615,-0.329684617,-0.343690833,-0.353225783,-0.356185183,-0.352366533,-0.3421838,-0.327508433,-0.31005345,-0.291325183,-0.27117545,-0.248539892,-0.22238919,-0.192003102,-0.157415912,-0.118866757,-0.077474723,-0.03599151,0.00345278,0.039963145,0.073536513,0.10344993333333334,0.12950201833333336,0.1532099366666667,0.17478256983333332,0.19476924666666665,0.21456991,0.23551085833333332,0.25776953999999996,0.2808308763333333,0.30376537166666673,0.3250941083333333,0.3436488633333333,0.35912532999999996,0.3731608066666667,0.38940405999999994,0.4116794333333334,0.4409845833333333,0.47414205,0.5068549833333335,0.5348094333333334,0.5581679666666667,0.5803712,0.6042717833333334,0.6291586666666666,0.6512039166666667,0.6646387666666667,0.6663587833333333,0.6535281666666667,0.6229868500000001,0.5704901166666666,0.4928592333333333,0.3912039833333334,0.27405069499999996,0.15433380833333332,0.04273586,-0.055497718,-0.13949545,-0.210852533,-0.27142455,-0.322703183,-0.365553933,-0.400487433,-0.427967017,-0.44868725,-0.46403715,-0.475530467,-0.484361633,-0.491031133,-0.495848983,-0.498988133,-0.5009212,-0.501912267,-0.502268117,-0.502231067,-0.501942783,-0.501618733,-0.50135595,-0.5012003,-0.50123585,-0.501393217,-0.50166695,-0.501977717,-0.502279733,-0.50251345,-0.502597,-0.502424067,-0.501944433,-0.501048383,-0.499749867,-0.497914167,-0.49534965,-0.49167375,-0.486797833,-0.4811863,-0.475875033,-0.471602333,-0.468384417,-0.46590535,-0.463766683,-0.46173075,-0.459812433,-0.457865667,-0.4558339,-0.453753283,-0.451520883,-0.449059933,-0.44634215,-0.443218667,-0.439711583,-0.435844083,-0.431786117,-0.42785985,-0.424201933,-0.42094205,-0.418107183,-0.41551695,-0.4130529,-0.410347917,-0.406994133,-0.40257475,-0.39655875,-0.3885631,-0.378453467,-0.366243833,-0.352144067,-0.336716933,-0.320083,-0.302028467,-0.282374,-0.260856667,-0.237988183,-0.215780167,-0.196717483,-0.182430483,-0.172946917,-0.1669467,-0.163255437,-0.161167318,-0.160445328,-0.160726967,-0.162311632,-0.16494825,-0.168425917,-0.172558817,-0.17747265,-0.18298485,-0.18922695,-0.196220583,-0.20379845,-0.211904417,-0.2203994,-0.228959967,-0.23753085,-0.246153733,-0.254683117,-0.262992517,-0.2707773,-0.27822965,-0.28551625,-0.291864667,-0.297464833,-0.301833683,-0.305624467,-0.308044433,-0.309824683,-0.310383567,-0.3102434,-0.308516183,-0.306254533,-0.3034438,-0.299273017,-0.29411305,-0.288423283,-0.281486017,-0.275260283,-0.267688433,-0.259611083,-0.251002633,-0.243122667,-0.235050233,-0.226144067,-0.21649935,-0.206864,-0.195126917,-0.1818043,-0.168060733,-0.151652317,-0.13460905,-0.116804533,-0.09879143,3.260317
195,-0.1634957,-0.16772835,-0.170648583,-0.177743433,-0.176796517,-0.18020435,-0.18139535,-0.186048633,-0.185241117,-0.18994795,-0.19258655,-0.196838183,-0.198430967,-0.202314867,-0.205727333,-0.211155233,-0.217216817,-0.228973117,-0.23750265,-0.249134417,-0.2572075,-0.2650749,-0.272468833,-0.277404367,-0.281633667,-0.28642545,-0.291734933,-0.294888233,-0.29544685,-0.29606135,-0.294996117,-0.294519283,-0.293797733,-0.295865467,-0.300269533,-0.307550717,-0.318099717,-0.331966267,-0.348117917,-0.364624867,-0.378797317,-0.38817615,-0.390952967,-0.386786833,-0.376607283,-0.36198455,-0.344859017,-0.326495983,-0.306708517,-0.28469505,-0.259204833,-0.229678028,-0.196099378,-0.158713282,-0.118662448,-0.078398246,-0.040091075,-0.004503038,0.028187204833333337,0.057482084999999995,0.08311578,0.10633680499999999,0.12734404333333335,0.14702305166666665,0.16645246333333333,0.18696599000000003,0.209035565,0.23206549666666665,0.25472173333333337,0.2760459183333333,0.29429664,0.309606295,0.32360722000000003,0.33974708333333337,0.36193573333333334,0.3913092333333333,0.4249952166666667,0.4583060666666667,0.48715629999999993,0.51159145,0.53508355,0.5606555166666666,0.5877853166666668,0.6121487833333333,0.6282998499999999,0.6320543333333333,0.6204678833333334,0.59045645,0.53715085,0.458096,0.35599770000000003,0.24075869500000002,0.12500797,0.018281203166666666,-0.074967582,-0.154409703,-0.22164455,-0.278590033,-0.326681533,-0.366714533,-0.399281233,-0.424771567,-0.44388345,-0.45794095,-0.468434233,-0.476501883,-0.482626417,-0.487022983,-0.489910233,-0.491681633,-0.492594783,-0.492910267,-0.4928653,-0.4926235,-0.492345667,-0.49213185,-0.492020733,-0.492067617,-0.492275733,-0.492581183,-0.492925,-0.493243983,-0.493504233,-0.4936244,-0.493479667,-0.4930493,-0.49219175,-0.4909324,-0.48917805,-0.486679483,-0.48310095,-0.478355883,-0.472912917,-0.46775135,-0.4635714,-0.460498817,-0.458115,-0.456036567,-0.454108033,-0.452245883,-0.4503724,-0.4484435,-0.446411967,-0.444277667,-0.4418948,-0.439242033,-0.436237733,-0.432786917,-0.429035167,-0.425087783,-0.421247467,-0.41771385,-0.414581017,-0.411825467,-0.409363067,-0.406961767,-0.404366117,-0.401131867,-0.396836633,-0.39094735,-0.383120783,-0.3731429,-0.36112905,-0.347332533,-0.332148917,-0.31583325,-0.298257767,-0.279105667,-0.25828075,-0.23624465,-0.215000967,-0.19691715,-0.183465317,-0.174536333,-0.169010033,-0.1656892,-0.1637423,-0.163065433,-0.1634729,-0.1649535,-0.16743595,-0.170753517,-0.174708233,-0.179348217,-0.184651233,-0.190551333,-0.197251867,-0.20452555,-0.2122918,-0.22051115,-0.228798883,-0.237142133,-0.245511633,-0.253756967,-0.261671267,-0.2695795,-0.276869,-0.283750683,-0.28998805,-0.2952504,-0.299777767,-0.303467017,-0.30577025,-0.307576367,-0.3084051,-0.307620217,-0.306365367,-0.3043098,-0.301107183,-0.297371067,-0.292185767,-0.286927533,-0.280033917,-0.2738658,-0.265430233,-0.258534267,-0.2507753,-0.241816167,-0.232880867,-0.224716217,-0.215069833,-0.2064181,-0.193970367,-0.181473933,-0.167880817,-0.153155583,-0.137012107,-0.120175908,-0.105178528,3.346524
196,-0.119218166,-0.13131117,-0.13707861,-0.143035185,-0.146520302,-0.150264728,-0.15451866,-0.157928447,-0.16488555,-0.169297507,-0.174392438,-0.178162398,-0.18369604,-0.190102862,-0.195549417,-0.199987233,-0.209398233,-0.221501283,-0.232975033,-0.24324995,-0.254807867,-0.263547767,-0.271824517,-0.278584367,-0.284760117,-0.291526483,-0.295922417,-0.30051895,-0.304345383,-0.306544317,-0.307725817,-0.30943475,-0.31214375,-0.3165609,-0.322927267,-0.33201985,-0.343881133,-0.3589624,-0.375597917,-0.392596767,-0.406935533,-0.416446133,-0.419333867,-0.415479317,-0.405650833,-0.391544767,-0.3749693,-0.357032317,-0.337654533,-0.315890072,-0.290794593,-0.261843022,-0.229122176,-0.192931557,-0.154133793,-0.114876068,-0.077371283,-0.042459748,-0.010274783,0.018560071666666653,0.043859750499999996,0.0668373,0.087549079,0.10697294166666667,0.12616346550000002,0.14649405333333335,0.168223829,0.19084693500000002,0.21327746999999997,0.23414194000000002,0.25205385333333336,0.26700210333333335,0.28061822833333333,0.29654505000000003,0.3184425166666667,0.34783134999999993,0.3815965333333333,0.4149204333333334,0.4438099833333333,0.46808703333333335,0.49130843333333335,0.5168282833333333,0.5440544166666667,0.5686638666666668,0.58552025,0.5903305166666667,0.5797596,0.5502199666666666,0.4966220666666666,0.41617995,0.3121555833333333,0.19545258166666665,0.079340165,-0.026538788,-0.118083905,-0.195256713,-0.25993875,-0.314173433,-0.359532133,-0.396982467,-0.427116683,-0.450458133,-0.467695667,-0.480177383,-0.4893926,-0.496472,-0.501844383,-0.505701483,-0.508180867,-0.509627267,-0.510284317,-0.510412483,-0.510237667,-0.509900767,-0.5095482,-0.509285683,-0.509133383,-0.509182183,-0.50936945,-0.509683233,-0.510023383,-0.51035525,-0.510625083,-0.510755767,-0.510602433,-0.510121817,-0.5092489,-0.507967667,-0.506114317,-0.503488017,-0.499777967,-0.494851883,-0.489173017,-0.483785767,-0.4794349,-0.476204083,-0.473701167,-0.471558833,-0.469539017,-0.467609067,-0.465656333,-0.463624767,-0.461538517,-0.459318283,-0.45682545,-0.4540749,-0.4509431,-0.447389883,-0.443470733,-0.439387817,-0.435392283,-0.431685433,-0.4284097,-0.4254692,-0.422871783,-0.420318733,-0.417505167,-0.41407045,-0.409516083,-0.403337183,-0.395110633,-0.384718817,-0.3721851,-0.357791483,-0.341968317,-0.324907767,-0.30647905,-0.286462667,-0.2646175,-0.241491933,-0.21907555,-0.199866883,-0.18557805,-0.176016567,-0.170058367,-0.166425433,-0.1643772,-0.163717117,-0.1641457,-0.16569485,-0.168354083,-0.171850533,-0.176013833,-0.181014883,-0.186508817,-0.192800317,-0.1997881,-0.207455917,-0.21555185,-0.224034,-0.232714217,-0.241402767,-0.2500796,-0.258602333,-0.266875517,-0.274950667,-0.282477033,-0.28966385,-0.2960127,-0.3016114,-0.3060835,-0.30966755,-0.312249533,-0.313963583,-0.31406455,-0.313570067,-0.31181765,-0.309420617,-0.305301633,-0.3013666,-0.29539625,-0.289678017,-0.282015933,-0.274579283,-0.266493967,-0.25804565,-0.24837015,-0.23905645,-0.229780967,-0.21934065,-0.208704617,-0.198208733,-0.186225417,-0.17164435,-0.156457917,-0.140031633,-0.122851335,-0.105964638,-0.092203272,3.432584
197,-0.155871218,-0.168515163,-0.171719963,-0.18190363,-0.186294775,-0.19156906,-0.196998588,-0.20346015,-0.210615467,-0.217267167,-0.22524565,-0.230744117,-0.237991783,-0.244874183,-0.25254405,-0.258867233,-0.2692014,-0.2825013,-0.295828633,-0.310360983,-0.322452783,-0.333518317,-0.343181783,-0.35192505,-0.3596261,-0.369095283,-0.37643475,-0.383067267,-0.389145933,-0.392761467,-0.396237767,-0.3999855,-0.4030242,-0.4071626,-0.41339595,-0.4214596,-0.43179155,-0.445462567,-0.46054335,-0.475940217,-0.488809167,-0.49731475,-0.499448183,-0.495461933,-0.485755317,-0.472028633,-0.455905917,-0.4386458,-0.41999015,-0.39917345,-0.375179622,-0.347752098,-0.316931018,-0.282752075,-0.246165707,-0.209204067,-0.17373282,-0.140754798,-0.110386335,-0.082893218,-0.058807943,-0.037033038,-0.017232048,0.00132094,0.019690230000000003,0.038762498166666666,0.059123620000000016,0.080305237,0.10124784666666668,0.12077253833333333,0.13770812450000003,0.15193091483333332,0.16496388999999997,0.18013390499999996,0.20073170166666665,0.22798895333333333,0.259229685,0.2898995966666667,0.31650084166666664,0.33876119000000005,0.360165605,0.38362811,0.40895297999999997,0.43228924999999996,0.4488043,0.4549863,0.4474654,0.42218125,0.37387747833333335,0.2994386866666667,0.20235712666666664,0.092911413,-0.01592264,-0.114775498,-0.199672473,-0.270626348,-0.329529167,-0.378425583,-0.418926133,-0.452024367,-0.478312583,-0.498311633,-0.512742917,-0.5229067,-0.530309583,-0.5360422,-0.54045355,-0.54364385,-0.545674667,-0.54685475,-0.547348483,-0.547430233,-0.547218367,-0.546915917,-0.546608733,-0.5464137,-0.5463602,-0.54651715,-0.5468211,-0.547217117,-0.547671333,-0.548110783,-0.548492767,-0.5486841,-0.548618683,-0.548208917,-0.5473915,-0.546123433,-0.544250417,-0.541608383,-0.53780455,-0.532718317,-0.526864033,-0.521309267,-0.516845383,-0.513560067,-0.51102185,-0.508863017,-0.506846983,-0.504920183,-0.502976133,-0.500971717,-0.49889865,-0.496664683,-0.494183117,-0.491432783,-0.488257433,-0.4846658,-0.4807234,-0.476598467,-0.472561767,-0.468869083,-0.465545367,-0.4626303,-0.459994333,-0.45743995,-0.4546211,-0.4511891,-0.446569283,-0.440328433,-0.432016817,-0.42154425,-0.40887365,-0.3943865,-0.3784798,-0.361362483,-0.342896633,-0.32284335,-0.30097495,-0.277846833,-0.255286167,-0.2360888,-0.22173405,-0.212146917,-0.206182917,-0.202598883,-0.200589533,-0.1998855,-0.200215567,-0.201869617,-0.204574233,-0.208102717,-0.212370483,-0.217357267,-0.22289305,-0.229221117,-0.23619625,-0.24385995,-0.252049267,-0.260606567,-0.269283033,-0.278025483,-0.286551267,-0.29507695,-0.3033502,-0.311348617,-0.318841483,-0.325999017,-0.332247267,-0.3378302,-0.342285583,-0.345927917,-0.347914483,-0.349386533,-0.349384833,-0.34880215,-0.34725535,-0.3442067,-0.340068183,-0.3355483,-0.329809083,-0.32341005,-0.315555467,-0.3078053,-0.298794517,-0.289831567,-0.2792895,-0.27057245,-0.259552517,-0.2500471,-0.239065417,-0.227699367,-0.2150987,-0.20086285,-0.185189767,-0.17168285,-0.155325483,-0.142987742,-0.13053122,3.426036
198,-0.11089487,-0.118047155,-0.124471677,-0.13634199,-0.142577038,-0.1480488,-0.155170713,-0.163310708,-0.170151297,-0.179437577,-0.186721292,-0.195172067,-0.201534792,-0.2071335,-0.215717933,-0.2233906,-0.235333133,-0.246766067,-0.260879917,-0.274151633,-0.286446533,-0.29766345,-0.304886,-0.314995433,-0.322870717,-0.33208435,-0.339385,-0.346653967,-0.3511828,-0.355586117,-0.358953783,-0.362764117,-0.367286983,-0.372002917,-0.379137667,-0.387836817,-0.398157717,-0.410826367,-0.424809083,-0.438681867,-0.449951517,-0.456793283,-0.457838783,-0.452578433,-0.442083267,-0.427654017,-0.410801533,-0.392800033,-0.373529883,-0.351845567,-0.327277633,-0.299293367,-0.267888398,-0.233429862,-0.19659858,-0.159487912,-0.124109073,-0.09114486,-0.060850662,-0.033457167,-0.009480162,0.012281638,0.032175718,0.050770848,0.069135472,0.08826985,0.10862737233333332,0.12962998933333333,0.15051824666666666,0.17008584000000002,0.18712087999999996,0.20136476,0.214557395,0.22967890166666668,0.24999831833333327,0.27675714999999995,0.30737373333333334,0.33748303333333335,0.36366550000000003,0.3858268666666667,0.40733586666666666,0.4311370666666667,0.4569011666666667,0.4804524333333334,0.49714946666666665,0.5028417,0.49451473333333335,0.4683377166666667,0.4195980666666666,0.34582050000000003,0.24989865000000003,0.14111599666666666,0.031298404999999994,-0.07032128,-0.15923115,-0.23487155,-0.298631717,-0.352312983,-0.3973374,-0.4345893,-0.464634817,-0.4879501,-0.505253717,-0.517819933,-0.527128167,-0.534285633,-0.539689467,-0.543577933,-0.546083967,-0.547592667,-0.548301067,-0.548532583,-0.548422117,-0.548147967,-0.547840367,-0.547625933,-0.5475345,-0.547644983,-0.547882017,-0.548228933,-0.548604417,-0.548959533,-0.549268383,-0.549414267,-0.549310633,-0.548903,-0.548098083,-0.546907367,-0.545180583,-0.5427446,-0.53925575,-0.534555433,-0.5291439,-0.523994517,-0.51984615,-0.51677275,-0.5144081,-0.512373767,-0.510468283,-0.508647667,-0.5068023,-0.504877433,-0.5029133,-0.500795783,-0.498416367,-0.495758783,-0.49272315,-0.4892758,-0.485455767,-0.48148365,-0.477597667,-0.473974833,-0.470789583,-0.46796395,-0.465446183,-0.463037683,-0.4603787,-0.457085833,-0.452680167,-0.44664025,-0.438538633,-0.42822095,-0.41575875,-0.401286533,-0.385328217,-0.368075417,-0.34933935,-0.328959783,-0.306545833,-0.2827995,-0.2597828,-0.2400843,-0.225353333,-0.21557225,-0.209471867,-0.205777717,-0.203729233,-0.202927417,-0.203373267,-0.20501415,-0.20772705,-0.211288783,-0.215672183,-0.22071925,-0.2263906,-0.232859867,-0.240099717,-0.247971133,-0.2562366,-0.265052083,-0.2739325,-0.282768383,-0.291780267,-0.300644183,-0.3088903,-0.316997,-0.324793917,-0.331915283,-0.3383651,-0.343865967,-0.34836535,-0.351747367,-0.35411175,-0.355416717,-0.3554752,-0.354542767,-0.35252205,-0.349472817,-0.34486075,-0.340556533,-0.33443055,-0.3271377,-0.318694417,-0.311932367,-0.301805817,-0.292552633,-0.281150217,-0.272189017,-0.260439283,-0.2495711,-0.2363045,-0.224664683,-0.2093483,-0.192770767,-0.174218367,-0.156438683,-0.138056337,-0.12053682,-0.102391805,3.187323
199,-0.177849792,-0.1848042,-0.189235667,-0.198162833,-0.200374217,-0.201547817,-0.207573217,-0.211510333,-0.214284117,-0.219467767,-0.225578367,-0.2291774,-0.233931117,-0.237414133,-0.242581583,-0.247758433,-0.2575796,-0.267676717,-0.280421483,-0.292141867,-0.301790983,-0.3119602,-0.319752933,-0.3281446,-0.335709217,-0.341914917,-0.347326167,-0.35258235,-0.357048733,-0.35851465,-0.36058305,-0.3635076,-0.365034517,-0.368518033,-0.372678717,-0.37969325,-0.389280433,-0.4016167,-0.415820817,-0.430040033,-0.442331067,-0.450281867,-0.451822983,-0.447125117,-0.436961033,-0.422556517,-0.405609,-0.387678317,-0.36831075,-0.3467546,-0.322000833,-0.293639983,-0.261741733,-0.22644045,-0.188718537,-0.150871455,-0.114703068,-0.081274204,-0.050611853,-0.022954885,0.001392205,0.023388198333333332,0.043392591666666674,0.062254681666666666,0.080830209,0.099930655,0.12026560000000001,0.14134441283333332,0.16227454,0.18193007000000003,0.19908969833333334,0.21339982000000002,0.226799345,0.242082155,0.2623616,0.28865983333333334,0.31858156666666665,0.34812561666666664,0.37377298333333336,0.39581466666666665,0.4172722,0.44090285,0.4662028333333333,0.4893170666666667,0.5055984666666666,0.5115368666666666,0.5039917333333334,0.47935243333333327,0.4326910666666666,0.36078893333333334,0.2658289333333333,0.15713524833333334,0.046840350499999996,-0.055570823,-0.145417005,-0.221947467,-0.286526017,-0.340898433,-0.386510417,-0.42420975,-0.4545342,-0.4779635,-0.495224317,-0.507699567,-0.5168975,-0.523999883,-0.529413383,-0.533322883,-0.535886367,-0.53743155,-0.5381812,-0.538440533,-0.5383564,-0.538143767,-0.537899783,-0.537733483,-0.537702333,-0.537858533,-0.5381379,-0.538540767,-0.538979117,-0.5393858,-0.53975535,-0.539946583,-0.539866833,-0.539468033,-0.538625483,-0.537353233,-0.535531183,-0.532916433,-0.529156333,-0.5241562,-0.518363483,-0.512884217,-0.508480567,-0.505223967,-0.502713533,-0.500560333,-0.498554917,-0.4966303,-0.494696533,-0.492683417,-0.490633317,-0.488390633,-0.485944817,-0.483165717,-0.48005085,-0.476445033,-0.472543683,-0.468428117,-0.464448167,-0.460730433,-0.457444633,-0.45453415,-0.451911717,-0.449393167,-0.446630533,-0.44321195,-0.438709683,-0.432565567,-0.4243566,-0.41403745,-0.401547167,-0.387220933,-0.371493233,-0.354567317,-0.3362985,-0.316403433,-0.294740917,-0.27179675,-0.2495192,-0.230476067,-0.21622095,-0.206774517,-0.200842617,-0.197259817,-0.195223883,-0.194509367,-0.1949438,-0.19650125,-0.19910955,-0.202578683,-0.20684245,-0.211704033,-0.217183067,-0.223507833,-0.230432483,-0.238077317,-0.246244533,-0.254810433,-0.2633912,-0.27207355,-0.2807091,-0.2892128,-0.297353883,-0.3053414,-0.3129843,-0.320058333,-0.326491617,-0.332299667,-0.33688815,-0.340611817,-0.342760233,-0.344383517,-0.34532565,-0.34428875,-0.342586317,-0.340523917,-0.33674705,-0.332711717,-0.32707315,-0.320915917,-0.313951967,-0.306990167,-0.29959045,-0.290752267,-0.281631783,-0.273046833,-0.262159917,-0.254624283,-0.243279667,-0.2322603,-0.220508933,-0.208137133,-0.192466817,-0.176804233,-0.15802735,-0.144810133,-0.129524872,3.396925
