,902.9647217,909.7512817,916.5380249,923.3247681,930.1116943,936.8986816,943.6858521,950.4731445,957.2606201,964.0482178,970.8359985,977.6239624,984.4121094,991.2005005,997.9890747,1004.777954,1011.567017,1018.356323,1025.145874,1031.935791,1038.725952,1045.516357,1052.307129,1059.098145,1065.889526,1072.681274,1079.473389,1086.265869,1093.058594,1099.851807,1106.645386,1113.439453,1120.233887,1127.028687,1133.823975,1140.619751,1147.416016,1154.212646,1161.009888,1167.807495,1174.605713,1181.404297,1188.203491,1195.003296,1201.803589,1208.604492,1215.405884,1222.207886,1229.010498,1235.813721,1242.617554,1249.421997,1256.227051,1263.032837,1269.839233,1276.646362,1283.454102,1290.262573,1297.071655,1303.881592,1310.692139,1317.503418,1324.315552,1331.128418,1337.942017,1344.756348,1351.571533,1358.387573,1365.204346,1372.021973,1378.840454,1385.65979,1392.479858,1399.300903,1406.122925,1412.945679,1419.769409,1426.593994,1433.419556,1440.246094,1447.073486,1453.901855,1460.731201,1467.561523,1474.392944,1481.22522,1488.058594,1494.892944,1501.728394,1508.564819,1515.402344,1522.240845,1529.080566,1535.921265,1542.763062,1549.606079,1556.450073,1563.295288,1570.141724,1576.989258,1583.837891,1590.687744,1597.538818,1604.390991,1611.244507,1618.099121,1624.955078,1631.812256,1638.670654,1645.530273,1652.391235,1659.25354,1666.117065,1672.981934,1679.848022,1686.715576,1693.584473,1700.45459,1707.326172,1714.199097,1721.073486,1727.949219,1734.826294,1741.704956,1748.584839,1755.466309,1762.349243,1769.233521,1776.119385,1783.006714,1789.895508,1796.785889,1803.677612,1810.571045,1817.465942,1824.362427,1831.260498,1838.160034,1845.061279,1851.963989,1858.868408,1865.774414,1872.682007,1879.591309,1886.502319,1893.414917,1900.329102,1907.245117,1914.16272,1921.082153,1928.003174,1934.926025,1941.850586,1948.776855,1955.704956,1962.634766,1969.566406,1976.499756,1983.434937,1990.37207,1997.310913,2004.251587,2011.194092,2018.13855,2025.084839,2032.032959,2038.983032,2052.888916,2059.844727,2066.80249,2073.762207,2080.723877,2087.6875,2094.653076,SSC (ºBrix)
0,-1.415921943,-1.411518797,-1.406538765,-1.407448084,-1.397424155,-1.405525489,-1.391110567,-1.39765209,-1.390464847,-1.390430173,-1.387122847,-1.385876484,-1.387080983,-1.393097335,-1.390064117,-1.393737028,-1.38704423,-1.393882444,-1.395929683,-1.403537498,-1.397153777,-1.398085106,-1.404248968,-1.404117628,-1.404065137,-1.408122181,-1.402685745,-1.399870705,-1.39617284,-1.398846242,-1.39625355,-1.392092267,-1.395058269,-1.390711588,-1.383879508,-1.382316714,-1.379184535,-1.382963014,-1.380677967,-1.376695156,-1.372209221,-1.363659455,-1.367598883,-1.370453665,-1.377399717,-1.381610585,-1.380896188,-1.379279596,-1.3731069,-1.37485191,-1.374455149,-1.378560293,-1.379273935,-1.375600679,-1.374860222,-1.373962747,-1.374319219,-1.372876998,-1.373138362,-1.377651011,-1.375403715,-1.368707713,-1.365643696,-1.367291644,-1.361832238,-1.360777517,-1.363976052,-1.359361348,-1.354929058,-1.352483306,-1.347605861,-1.343696565,-1.3411558,-1.341167156,-1.339020165,-1.336304578,-1.333674993,-1.337675408,-1.338137483,-1.335976172,-1.3412761,-1.342593517,-1.343417443,-1.340983992,-1.344960015,-1.346778834,-1.347386028,-1.343993816,-1.341310592,-1.340738098,-1.345749053,-1.346440104,-1.346449174,-1.345381051,-1.34814515,-1.348117046,-1.352790027,-1.354567141,-1.350749574,-1.352269258,-1.360217475,-1.3617796,-1.354171041,-1.360595561,-1.363996619,-1.363126197,-1.356054297,-1.353818417,-1.355762004,-1.354961928,-1.357402265,-1.365064966,-1.364656276,-1.366202045,-1.370131292,-1.373797835,-1.372956264,-1.358604934,-1.358221032,-1.360229773,-1.367037601,-1.363160507,-1.363027795,-1.362877802,-1.370536953,-1.375002177,-1.364250731,-1.366131244,-1.369636229,-1.367289002,-1.370195387,-1.372434161,-1.366108645,-1.361210404,-1.364809391,-1.370713377,-1.36984793,-1.365954211,-1.362511102,-1.368096717,-1.369845567,-1.374988467,-1.369409866,-1.360440153,-1.361743796,-1.357777219,-1.350966239,-1.358551149,-1.353951493,-1.356192437,-1.357663552,-1.36080737,-1.35974566,-1.365759117,-1.368235451,-1.368081645,-1.373725208,-1.370792793,-1.368529761,-1.368919474,-1.365738705,-1.361768358,-1.364487775,-1.373854766,-1.38486224,-1.379974309,-1.384534912,-1.38376178,-1.378150869,-1.37151076,-1.382156713,-1.381148966,-1.377559762,-1.38590387,6.3498031465550175
1,-1.414318673,-1.410757304,-1.400637228,-1.404399864,-1.395974709,-1.395644694,-1.389159959,-1.389121257,-1.391591858,-1.392154854,-1.381857152,-1.382697402,-1.384919528,-1.393426925,-1.385801991,-1.3910568,-1.387517803,-1.391892387,-1.395632927,-1.39878945,-1.393952583,-1.397487416,-1.402846193,-1.403909591,-1.401634549,-1.404941942,-1.400405601,-1.399237041,-1.395948035,-1.399544078,-1.396624987,-1.392420239,-1.392555047,-1.390330822,-1.385572515,-1.386025924,-1.381321688,-1.384453632,-1.383389298,-1.381756684,-1.375201373,-1.369464634,-1.37284784,-1.374333556,-1.38223986,-1.384454782,-1.385132865,-1.384124081,-1.377257844,-1.378055505,-1.37859084,-1.382513478,-1.385755196,-1.38154207,-1.380006731,-1.378299258,-1.379728565,-1.377953466,-1.377847375,-1.383567299,-1.381882353,-1.374616514,-1.372396678,-1.374878726,-1.37097134,-1.36976682,-1.373887167,-1.370223889,-1.365204083,-1.362577901,-1.359642824,-1.356940262,-1.354638289,-1.352088148,-1.353785148,-1.350138881,-1.347964276,-1.352068574,-1.352497285,-1.351179925,-1.353750001,-1.356733183,-1.358122998,-1.355468804,-1.358321583,-1.358340894,-1.360018807,-1.356625179,-1.354131482,-1.354317273,-1.358856437,-1.359361,-1.358419893,-1.357316105,-1.358418595,-1.358644382,-1.363845985,-1.36546472,-1.361996486,-1.361838407,-1.370694237,-1.372287448,-1.362612613,-1.367751947,-1.374082086,-1.371508284,-1.36390739,-1.362114838,-1.364187603,-1.362640244,-1.366322578,-1.373125427,-1.373650707,-1.374806213,-1.377682961,-1.382891646,-1.381583779,-1.367728873,-1.366690068,-1.369704245,-1.375284935,-1.370375783,-1.370229162,-1.369804758,-1.377728833,-1.382828922,-1.370818285,-1.37345705,-1.379673936,-1.376851309,-1.377621246,-1.380658768,-1.374340306,-1.368396352,-1.372335585,-1.378190857,-1.375006031,-1.373828548,-1.370027518,-1.375101937,-1.378552132,-1.381686328,-1.380773919,-1.372016597,-1.373846466,-1.369182595,-1.361617287,-1.36718338,-1.364720986,-1.366810763,-1.368207973,-1.371881501,-1.372661192,-1.378755254,-1.379957916,-1.3796756,-1.38378726,-1.380911917,-1.378303734,-1.378487112,-1.374143143,-1.371133427,-1.373105381,-1.383239104,-1.391043874,-1.386951387,-1.39114311,-1.393518416,-1.38227315,-1.37620982,-1.385349416,-1.383937945,-1.383426409,-1.389658595,5.749782604586021
2,-1.470868618,-1.462480097,-1.462113725,-1.456781281,-1.457453738,-1.460397042,-1.449182664,-1.443246446,-1.447192965,-1.447319166,-1.435896699,-1.440569299,-1.440928382,-1.450827144,-1.440713851,-1.437366531,-1.439932679,-1.445939334,-1.451034251,-1.451481872,-1.447867283,-1.45159903,-1.455669551,-1.455295351,-1.452257344,-1.457541563,-1.452018452,-1.45191031,-1.449087681,-1.451040043,-1.447241405,-1.444150653,-1.445321334,-1.442455895,-1.437272571,-1.437280841,-1.434010247,-1.434918628,-1.432464554,-1.431391805,-1.425082222,-1.418972187,-1.420365674,-1.423324481,-1.431609527,-1.433449048,-1.432624412,-1.432393486,-1.424999383,-1.423884462,-1.426514121,-1.430177772,-1.432097188,-1.428496897,-1.426318057,-1.42507406,-1.426008487,-1.424439961,-1.424487508,-1.429417642,-1.427510558,-1.420843209,-1.418270056,-1.419753794,-1.414572784,-1.414083205,-1.415235212,-1.412570293,-1.407797265,-1.405042536,-1.400276536,-1.396841245,-1.392580719,-1.390776293,-1.392985366,-1.388698461,-1.387091849,-1.390917026,-1.390324309,-1.389214103,-1.39442146,-1.395246188,-1.396326911,-1.392445878,-1.396139315,-1.396661458,-1.397596965,-1.394529429,-1.391997835,-1.391058726,-1.395197779,-1.395589271,-1.396089578,-1.394309812,-1.39546761,-1.395885582,-1.399524837,-1.401750603,-1.398474734,-1.399752439,-1.408675727,-1.409388523,-1.401022247,-1.408425654,-1.411463973,-1.410158535,-1.403264412,-1.400309827,-1.402932285,-1.402757955,-1.405566075,-1.411066457,-1.412214738,-1.414171324,-1.41855118,-1.420836275,-1.419419484,-1.405874679,-1.405601638,-1.408054497,-1.414102284,-1.408907058,-1.407060125,-1.408382673,-1.413233685,-1.417498229,-1.404332433,-1.409682399,-1.413404734,-1.411805446,-1.413120409,-1.414783465,-1.409051052,-1.401961041,-1.406802907,-1.411989953,-1.409689265,-1.406861579,-1.404403076,-1.409104104,-1.412355478,-1.414489093,-1.412551792,-1.402265961,-1.405557054,-1.40037324,-1.393740238,-1.399626695,-1.398823473,-1.400989321,-1.403380251,-1.405828731,-1.407447916,-1.413589634,-1.413128306,-1.412168457,-1.416175027,-1.414035084,-1.410773459,-1.41309689,-1.407204624,-1.405410117,-1.407500046,-1.420121727,-1.42471077,-1.421031039,-1.421263022,-1.423503469,-1.416429406,-1.411402944,-1.418440827,-1.420936229,-1.420400272,-1.421716902,6.3498031465550175
3,-1.529450295,-1.534350533,-1.524967229,-1.522015587,-1.517321503,-1.521889495,-1.509781917,-1.51309321,-1.513339412,-1.508469182,-1.498755836,-1.503889104,-1.50354927,-1.513882396,-1.506219169,-1.503069935,-1.504794362,-1.508196152,-1.513328171,-1.516419962,-1.508592528,-1.513657811,-1.518426898,-1.517604156,-1.516722723,-1.518049949,-1.516427075,-1.513457763,-1.511010713,-1.514134145,-1.511523924,-1.506841574,-1.507388898,-1.505630252,-1.500897595,-1.501691547,-1.500015176,-1.499268132,-1.498352652,-1.496144175,-1.490404036,-1.483518357,-1.486258359,-1.48902115,-1.497634054,-1.499478014,-1.498755575,-1.496298256,-1.490562419,-1.490524268,-1.492584196,-1.495489678,-1.498550029,-1.494453878,-1.492355441,-1.491415061,-1.493470297,-1.491464451,-1.491844981,-1.497656366,-1.49545556,-1.488791817,-1.485401298,-1.487496725,-1.481830821,-1.481929792,-1.485097921,-1.479213876,-1.476706864,-1.47390318,-1.469472707,-1.467480986,-1.464650869,-1.464653016,-1.462756054,-1.459555502,-1.456547766,-1.460485001,-1.460618004,-1.459507507,-1.464459131,-1.465802058,-1.466086455,-1.462991542,-1.466458174,-1.467056137,-1.467966528,-1.464668834,-1.464184643,-1.462241488,-1.467823871,-1.467644335,-1.467794763,-1.465841759,-1.466582275,-1.468474295,-1.47193896,-1.473482889,-1.467823153,-1.46974398,-1.478418499,-1.480784036,-1.471389422,-1.477666992,-1.481443502,-1.480548639,-1.473039621,-1.470554884,-1.471346905,-1.470492862,-1.473052819,-1.479962615,-1.481262615,-1.482788716,-1.486224955,-1.489585906,-1.490012473,-1.475851455,-1.473292157,-1.475646176,-1.481093585,-1.476981691,-1.476883861,-1.476357847,-1.482892927,-1.487193174,-1.475209105,-1.477352973,-1.483099338,-1.481735651,-1.484161528,-1.484069943,-1.478767794,-1.471167396,-1.476607131,-1.483042679,-1.481878746,-1.478369633,-1.47697904,-1.480784238,-1.484623607,-1.487593647,-1.483979647,-1.476008988,-1.477060069,-1.471674294,-1.467374029,-1.472608578,-1.472892768,-1.473986362,-1.474961692,-1.476764209,-1.476813221,-1.483204002,-1.485102283,-1.487324475,-1.488762078,-1.485756182,-1.4831593,-1.485037842,-1.481054785,-1.477167307,-1.482713419,-1.49024537,-1.499123989,-1.497903023,-1.498312166,-1.497871095,-1.489740481,-1.484792978,-1.491555092,-1.490767272,-1.491045798,-1.493350885,6.149796744608719
4,-1.231211883,-1.236036037,-1.216459628,-1.204715894,-1.201900997,-1.184367017,-1.174631595,-1.187976253,-1.191637555,-1.175148458,-1.145717903,-1.168893231,-1.162254463,-1.187311548,-1.170168681,-1.174892953,-1.151133713,-1.16803437,-1.173654387,-1.178857524,-1.164677211,-1.169720711,-1.182178484,-1.186017745,-1.179600953,-1.177255592,-1.173587637,-1.172488064,-1.162437103,-1.170351369,-1.172026635,-1.15922677,-1.15175566,-1.15557476,-1.139925993,-1.141483765,-1.12695821,-1.138490253,-1.126567501,-1.124897955,-1.123886514,-1.10932374,-1.115542446,-1.111943362,-1.127467518,-1.127185901,-1.122378749,-1.126731468,-1.122982782,-1.119976208,-1.122066838,-1.120506807,-1.129630472,-1.122621908,-1.118893107,-1.119910927,-1.118311469,-1.114237357,-1.116994985,-1.120054582,-1.110943074,-1.104340203,-1.098172367,-1.102411615,-1.087776609,-1.09003222,-1.092726791,-1.087102205,-1.08000919,-1.075933228,-1.070098532,-1.059430974,-1.053100381,-1.049292843,-1.050741091,-1.045878089,-1.042763205,-1.043880054,-1.043371227,-1.043105241,-1.050494997,-1.049745383,-1.050919205,-1.050474364,-1.053951388,-1.053410348,-1.055829763,-1.053971052,-1.052272209,-1.050796109,-1.057465804,-1.058507995,-1.057420199,-1.057236859,-1.062684124,-1.061885133,-1.067380346,-1.067444919,-1.067605717,-1.064636111,-1.081634917,-1.080564005,-1.070128493,-1.080894766,-1.083992085,-1.086556483,-1.074910077,-1.071715229,-1.079127769,-1.074674092,-1.076894036,-1.084201913,-1.087218016,-1.087971935,-1.094015676,-1.092566256,-1.095688282,-1.081861825,-1.078593181,-1.079925613,-1.090631316,-1.086096446,-1.081902352,-1.082296839,-1.089242953,-1.095843554,-1.0775055,-1.087270753,-1.0895124,-1.092814605,-1.090135485,-1.089599273,-1.085920758,-1.074292884,-1.083306601,-1.091505485,-1.091170776,-1.085659483,-1.082263933,-1.088531067,-1.089690958,-1.095944653,-1.085453907,-1.071597343,-1.0754187,-1.063758581,-1.063612469,-1.073352667,-1.059977111,-1.067102585,-1.064950215,-1.071838814,-1.070930932,-1.080808146,-1.081826199,-1.081838912,-1.08587762,-1.082807541,-1.086555171,-1.089259485,-1.077470719,-1.079568412,-1.0810078,-1.103288996,-1.109386277,-1.104638901,-1.112611994,-1.12187417,-1.106410269,-1.105921745,-1.119000735,-1.123910566,-1.124228448,-1.129874007,6.3498031465550175
5,-1.357892134,-1.367351467,-1.353403032,-1.345533343,-1.349366038,-1.328883638,-1.320853866,-1.336424448,-1.336303471,-1.320762917,-1.309123098,-1.312425938,-1.309278928,-1.333071948,-1.315799946,-1.31298344,-1.307608226,-1.313830404,-1.318697414,-1.323922818,-1.312266038,-1.317020709,-1.324447143,-1.327149098,-1.324476603,-1.324258527,-1.319964151,-1.321625717,-1.311142153,-1.318219871,-1.314771464,-1.307287202,-1.304017302,-1.304377158,-1.295455406,-1.29572671,-1.288626261,-1.29216575,-1.289222721,-1.284305914,-1.279179802,-1.27229682,-1.276130238,-1.27560221,-1.285619549,-1.288621738,-1.283637418,-1.28702978,-1.282898872,-1.278427015,-1.281908861,-1.281998534,-1.287887197,-1.282949096,-1.278492717,-1.279044822,-1.281170156,-1.278454853,-1.279580869,-1.281127005,-1.276709348,-1.270092549,-1.265408746,-1.270837175,-1.262288845,-1.261569518,-1.263620613,-1.261389591,-1.255648396,-1.252217147,-1.249245416,-1.241934208,-1.23934511,-1.236938707,-1.239608455,-1.233347389,-1.231961809,-1.233383923,-1.235140725,-1.233877314,-1.239457684,-1.23921841,-1.241674446,-1.239852035,-1.241360742,-1.243244173,-1.245013127,-1.242458294,-1.240558373,-1.238948354,-1.245780449,-1.245371868,-1.243909643,-1.242564214,-1.247155699,-1.247685009,-1.251713943,-1.252467485,-1.250204653,-1.248331874,-1.261242359,-1.262156486,-1.25152853,-1.260757906,-1.263221314,-1.265720147,-1.254241608,-1.253553309,-1.256011955,-1.253798337,-1.256837821,-1.264494112,-1.266528817,-1.265487153,-1.27305959,-1.272754155,-1.275559012,-1.260300837,-1.257408164,-1.261192407,-1.266646229,-1.26581366,-1.263380126,-1.262971272,-1.269879201,-1.275438651,-1.261042343,-1.266636417,-1.269643312,-1.271452845,-1.27020976,-1.270023939,-1.265149685,-1.256870426,-1.264725364,-1.270898046,-1.269352718,-1.264384797,-1.26250868,-1.267836189,-1.270399894,-1.275882667,-1.26812405,-1.258015311,-1.259945666,-1.251710524,-1.247938226,-1.256306647,-1.248743789,-1.25651603,-1.253297411,-1.258118923,-1.25866777,-1.263669477,-1.268457559,-1.266884808,-1.272494461,-1.269971524,-1.268450678,-1.269762341,-1.262323181,-1.262147332,-1.264519244,-1.278841408,-1.288154242,-1.282399249,-1.28580175,-1.289962709,-1.279731543,-1.281542034,-1.293462061,-1.296444321,-1.29559293,-1.293208944,6.3
6,-1.309372496,-1.315674324,-1.320378204,-1.3065269,-1.295600624,-1.292196804,-1.29551182,-1.294850352,-1.281258808,-1.283406216,-1.294845671,-1.283129139,-1.288868455,-1.300915725,-1.289032334,-1.286089295,-1.295502341,-1.293541513,-1.298810103,-1.299919448,-1.301422566,-1.298794395,-1.298921575,-1.300800157,-1.306556763,-1.304948371,-1.304175139,-1.296258014,-1.298381608,-1.293561299,-1.288125166,-1.287570805,-1.296854637,-1.279880962,-1.277183127,-1.268182464,-1.260135156,-1.252208124,-1.258588417,-1.256423231,-1.254748986,-1.259461141,-1.25008952,-1.247878507,-1.250004795,-1.256438742,-1.255992771,-1.258909518,-1.257061864,-1.259866053,-1.262828486,-1.257213365,-1.263443805,-1.25687511,-1.25723655,-1.255493997,-1.254071466,-1.254189676,-1.25181385,-1.252320101,-1.248614161,-1.244319405,-1.237740941,-1.232672558,-1.231122389,-1.224215912,-1.222960585,-1.224483847,-1.222263104,-1.21451166,-1.215544114,-1.197534267,-1.190548582,-1.187415441,-1.186622038,-1.193356212,-1.195212614,-1.192184384,-1.185435408,-1.188827688,-1.187758135,-1.190003108,-1.190701478,-1.189571148,-1.19051425,-1.195218816,-1.1923275,-1.196595432,-1.199369846,-1.199962682,-1.202288966,-1.200310693,-1.199544524,-1.20018762,-1.201796258,-1.206616047,-1.20980566,-1.213503014,-1.206425831,-1.195083783,-1.202161445,-1.211309135,-1.215190959,-1.209023293,-1.207825644,-1.214751497,-1.220023666,-1.22698671,-1.230919727,-1.23004841,-1.222198381,-1.222339909,-1.222193329,-1.226307063,-1.224970428,-1.22590613,-1.226407052,-1.224156795,-1.222353686,-1.220225668,-1.22758782,-1.226679984,-1.226506607,-1.219401223,-1.21689682,-1.226490555,-1.22428812,-1.221463402,-1.214798742,-1.215149375,-1.220804936,-1.219994198,-1.223817172,-1.217063233,-1.221028866,-1.215483666,-1.220037775,-1.226473618,-1.229335843,-1.222236945,-1.224711522,-1.224022689,-1.216284356,-1.208642267,-1.198553389,-1.208001921,-1.198015287,-1.200528375,-1.206022519,-1.204200505,-1.192165499,-1.195258346,-1.199333925,-1.207086304,-1.206767801,-1.207562955,-1.206031446,-1.210975706,-1.207959141,-1.211356596,-1.216661743,-1.214288673,-1.221567082,-1.212162792,-1.226029506,-1.216136607,-1.225622958,-1.222724075,-1.224787416,-1.229797589,-1.230477144,-1.246964081,-1.23423277,-1.261257829,5.5
7,-1.481607193,-1.484776994,-1.490651495,-1.470292785,-1.478697513,-1.478369191,-1.474823171,-1.477838525,-1.469875721,-1.469190008,-1.473748507,-1.472029424,-1.471865331,-1.477653045,-1.474681912,-1.462859565,-1.476547829,-1.478367374,-1.477485073,-1.482715156,-1.481391184,-1.480513131,-1.48076037,-1.481714239,-1.484879043,-1.481931851,-1.48435892,-1.480532024,-1.479206942,-1.475044851,-1.472979699,-1.475151863,-1.480084156,-1.470332191,-1.470843695,-1.463437905,-1.461147228,-1.455500175,-1.462388507,-1.459826207,-1.45892095,-1.461886617,-1.4556053,-1.454609734,-1.454732804,-1.462327434,-1.46083507,-1.463629695,-1.463105427,-1.462315408,-1.466145464,-1.463324099,-1.466370591,-1.459716189,-1.458284222,-1.460768681,-1.458627168,-1.46121481,-1.458809806,-1.459853731,-1.458984474,-1.45509459,-1.451119187,-1.449148713,-1.448642339,-1.442938316,-1.44279666,-1.447154985,-1.444669946,-1.439872536,-1.443206155,-1.430950624,-1.423619197,-1.425055901,-1.424999194,-1.42912073,-1.430507863,-1.430309792,-1.425051611,-1.424860683,-1.425866096,-1.427059653,-1.428716951,-1.428091829,-1.42819432,-1.428466432,-1.428228516,-1.431280618,-1.434053308,-1.434385935,-1.436003279,-1.434414482,-1.433522179,-1.43297636,-1.431177253,-1.436757787,-1.440793124,-1.44108964,-1.433909326,-1.427585117,-1.431081476,-1.439304022,-1.440684461,-1.436880271,-1.436590186,-1.441287964,-1.445084784,-1.45072383,-1.455049301,-1.451333351,-1.447067312,-1.446118015,-1.44912482,-1.451933268,-1.452119732,-1.450751711,-1.450443587,-1.44845194,-1.44550597,-1.445040722,-1.451216763,-1.449902977,-1.449388278,-1.444975489,-1.441971615,-1.45192299,-1.450681917,-1.444276747,-1.439568513,-1.439639626,-1.445271264,-1.447614196,-1.447681744,-1.443941889,-1.445033112,-1.441624572,-1.446864622,-1.448926247,-1.453494123,-1.449193652,-1.449212066,-1.450351407,-1.443597218,-1.43720081,-1.429621844,-1.437656251,-1.435087119,-1.438086499,-1.439335771,-1.436385949,-1.430834397,-1.429382393,-1.434972575,-1.438002581,-1.442114007,-1.440731836,-1.441601496,-1.442435214,-1.438517733,-1.443494189,-1.446228094,-1.445872138,-1.450222202,-1.447817306,-1.451067466,-1.446800436,-1.451234559,-1.443390146,-1.44810563,-1.449496999,-1.44814371,-1.452861025,-1.451706665,-1.461152979,5.849786320883866
8,-1.348647988,-1.365472208,-1.354123067,-1.345093548,-1.343612139,-1.35222078,-1.335336477,-1.352466081,-1.337654686,-1.338469947,-1.339391727,-1.337380206,-1.335621912,-1.344209163,-1.337896585,-1.32502,-1.340327327,-1.341620819,-1.344134274,-1.344758581,-1.349328862,-1.344591834,-1.347318637,-1.348131173,-1.352187458,-1.348196428,-1.348001227,-1.343476607,-1.342303189,-1.338282025,-1.338043977,-1.337378608,-1.342437765,-1.328205534,-1.326940445,-1.317432841,-1.315371615,-1.304054694,-1.311392511,-1.309834128,-1.309304924,-1.313365978,-1.304967922,-1.302303709,-1.300630788,-1.310666399,-1.310346451,-1.31273268,-1.311311202,-1.310717141,-1.314082275,-1.310146597,-1.314642929,-1.307193569,-1.309641821,-1.308328066,-1.30673348,-1.307646213,-1.305514081,-1.305004272,-1.304354653,-1.298910917,-1.295295869,-1.29016725,-1.288372962,-1.28276889,-1.281796457,-1.284311013,-1.281605196,-1.273711203,-1.274904743,-1.259472289,-1.250788848,-1.250338014,-1.249257991,-1.251750281,-1.253987272,-1.253416554,-1.246857679,-1.247081315,-1.246702176,-1.247397823,-1.250391287,-1.252034836,-1.250581511,-1.253217048,-1.25282362,-1.256319328,-1.258703245,-1.257979716,-1.260867478,-1.260190881,-1.259427957,-1.260657493,-1.259404227,-1.266539611,-1.269362552,-1.273391077,-1.265074091,-1.256673554,-1.262887681,-1.271638753,-1.274984638,-1.269599039,-1.269116649,-1.274440426,-1.279305694,-1.28560227,-1.290483021,-1.288387215,-1.281450216,-1.280026404,-1.283591834,-1.285545837,-1.28659521,-1.286215601,-1.286777897,-1.28490674,-1.283554053,-1.280909646,-1.288045209,-1.28504036,-1.285616789,-1.280564062,-1.277000375,-1.287286784,-1.285293223,-1.28020234,-1.275240617,-1.275612154,-1.280451029,-1.2834106,-1.286923378,-1.278470273,-1.282700628,-1.277410691,-1.285106534,-1.287108734,-1.291989308,-1.28581418,-1.286597086,-1.28347351,-1.278538318,-1.271699576,-1.260410317,-1.268741376,-1.261297029,-1.265138452,-1.26601257,-1.266086745,-1.257774375,-1.256793146,-1.263628364,-1.269313316,-1.270026927,-1.272327638,-1.268813908,-1.273153657,-1.268461042,-1.275125204,-1.279877511,-1.278339013,-1.286410492,-1.272670529,-1.286401619,-1.278737983,-1.293699297,-1.289212191,-1.285969599,-1.290718683,-1.285419605,-1.303003655,-1.297601727,-1.319089145,5.7991378669591915
9,-1.471634809,-1.470650184,-1.48402247,-1.482133403,-1.457114896,-1.456392496,-1.466090257,-1.456740059,-1.45871725,-1.45041623,-1.458105186,-1.457349412,-1.453188124,-1.454732466,-1.458040202,-1.466637996,-1.460907444,-1.46400171,-1.462210212,-1.462182269,-1.463109568,-1.466902061,-1.460123142,-1.464462759,-1.465114759,-1.463546954,-1.468923924,-1.463430213,-1.464838007,-1.456776252,-1.461074843,-1.457499587,-1.45535633,-1.449714019,-1.448121119,-1.444091872,-1.439953989,-1.439015944,-1.434370113,-1.434941137,-1.432853842,-1.433299459,-1.430715118,-1.434168557,-1.434167311,-1.434013382,-1.435893033,-1.43179465,-1.436067278,-1.435787681,-1.43719288,-1.438417239,-1.438843504,-1.438721786,-1.44019746,-1.4389649,-1.434132189,-1.436707689,-1.42930369,-1.427007334,-1.426024972,-1.427589441,-1.42526714,-1.422141246,-1.420620183,-1.418964762,-1.420307764,-1.422836882,-1.414729301,-1.414926433,-1.414418249,-1.406296354,-1.397579338,-1.392308593,-1.387255779,-1.394732643,-1.400727853,-1.402633357,-1.399200653,-1.396908481,-1.397092096,-1.399436813,-1.401334113,-1.399308683,-1.398470685,-1.396414975,-1.402703304,-1.398711105,-1.399971881,-1.39999248,-1.405149884,-1.405188248,-1.404528056,-1.406369854,-1.406003657,-1.402663432,-1.403412945,-1.408996384,-1.408063715,-1.404973596,-1.413092145,-1.410117278,-1.406078351,-1.409609643,-1.410048231,-1.409721083,-1.410004882,-1.414303492,-1.420553183,-1.418847563,-1.415715901,-1.417755946,-1.421292614,-1.417405464,-1.424573073,-1.421087162,-1.419305667,-1.417250805,-1.419751332,-1.414680852,-1.416855543,-1.422307868,-1.418424027,-1.41556004,-1.411935647,-1.418399636,-1.418384764,-1.411992564,-1.412560792,-1.417292401,-1.414808575,-1.4111145,-1.419220061,-1.420976702,-1.419135193,-1.416801903,-1.410232652,-1.415613181,-1.41842102,-1.408320566,-1.405473191,-1.411432419,-1.40780239,-1.410428302,-1.40715664,-1.412241148,-1.413658244,-1.410768626,-1.408890734,-1.405187448,-1.410371433,-1.414079484,-1.413123952,-1.408931022,-1.407028268,-1.411101422,-1.413629995,-1.41345888,-1.415961738,-1.41275422,-1.410737483,-1.416759627,-1.422014797,-1.427258252,-1.416126755,-1.40638594,-1.409819357,-1.413238418,-1.42462701,-1.429610188,-1.43015502,-1.430303826,-1.44017961,-1.437661657,6.2
10,-1.525488367,-1.52139246,-1.522969455,-1.521918024,-1.51293582,-1.503720063,-1.511717712,-1.505843032,-1.507272478,-1.498111509,-1.504958125,-1.505133212,-1.502403525,-1.50113515,-1.503634662,-1.511565085,-1.508060198,-1.513016868,-1.510955022,-1.51015727,-1.51020426,-1.513205784,-1.508897376,-1.511640553,-1.512495367,-1.513376477,-1.514479781,-1.511599821,-1.512513014,-1.506270887,-1.509849498,-1.506617137,-1.501883539,-1.500258785,-1.497467157,-1.493762875,-1.491905531,-1.490482616,-1.484901659,-1.486763101,-1.485278561,-1.487179347,-1.483208143,-1.488035058,-1.486170699,-1.487999706,-1.488281227,-1.48515093,-1.487455862,-1.48761791,-1.491277091,-1.491811868,-1.492371104,-1.493413056,-1.492595787,-1.49149138,-1.488501747,-1.490417926,-1.483624401,-1.480616484,-1.481257114,-1.482243166,-1.481930094,-1.478549534,-1.47636155,-1.475219292,-1.4784466,-1.482309848,-1.47334208,-1.475157289,-1.475391944,-1.468295562,-1.460151626,-1.455599388,-1.451391618,-1.458110783,-1.463937928,-1.465919309,-1.463069123,-1.459558842,-1.459757989,-1.46321512,-1.465013782,-1.462161912,-1.462034862,-1.459559335,-1.464774875,-1.459256868,-1.461720021,-1.46097218,-1.467816507,-1.467363024,-1.467031593,-1.469785545,-1.467986889,-1.464410608,-1.466636468,-1.471340952,-1.471120595,-1.469442961,-1.475451889,-1.472650672,-1.468625591,-1.472856622,-1.473403389,-1.472996619,-1.473111163,-1.476834703,-1.48376547,-1.482169022,-1.477471733,-1.480640855,-1.482854784,-1.480022644,-1.486420804,-1.483557556,-1.481722332,-1.479039474,-1.481547481,-1.477365875,-1.479041102,-1.484847131,-1.481315458,-1.478299689,-1.473079903,-1.479312374,-1.480172857,-1.475004182,-1.475869399,-1.480034099,-1.478804279,-1.475379123,-1.482808762,-1.485686284,-1.482309409,-1.480261006,-1.473383874,-1.479614936,-1.482061805,-1.473318122,-1.471500224,-1.475308568,-1.473277998,-1.476806098,-1.475920445,-1.480869959,-1.483256003,-1.478479454,-1.475833065,-1.473367842,-1.479768868,-1.483181988,-1.481084514,-1.478678845,-1.476267789,-1.476416003,-1.480547524,-1.480792157,-1.483168393,-1.480648106,-1.477587522,-1.483300087,-1.491017875,-1.49064005,-1.481832726,-1.471408108,-1.475205359,-1.477636105,-1.487920014,-1.491513934,-1.493838824,-1.489849229,-1.501606746,-1.498163632,6.6
11,-1.344001396,-1.338209448,-1.353837025,-1.342363419,-1.321739639,-1.306655913,-1.33071396,-1.3168482,-1.319707395,-1.299809935,-1.315266138,-1.308832073,-1.30413594,-1.310315234,-1.309524224,-1.318732738,-1.315142589,-1.316187094,-1.318235426,-1.317043986,-1.316137654,-1.321845173,-1.314200146,-1.314862294,-1.320019806,-1.315487505,-1.321615708,-1.313942197,-1.318160177,-1.310061197,-1.312134513,-1.307381947,-1.30102412,-1.298914847,-1.290159574,-1.286398192,-1.279160026,-1.281352034,-1.270676345,-1.272405763,-1.268764664,-1.268281618,-1.263306188,-1.271156444,-1.269861005,-1.27272818,-1.27058355,-1.268459172,-1.271671672,-1.271762279,-1.275742817,-1.276397799,-1.27681646,-1.274886037,-1.279637377,-1.276829331,-1.269000509,-1.273024477,-1.26391148,-1.258163359,-1.25688233,-1.257549075,-1.256171437,-1.248125052,-1.245006991,-1.242992333,-1.242666553,-1.248185962,-1.236805029,-1.233329182,-1.228727201,-1.219534634,-1.207327824,-1.202401322,-1.196464569,-1.204028924,-1.211009978,-1.213289157,-1.208093321,-1.206050334,-1.205346019,-1.210919648,-1.21141228,-1.208939935,-1.208296552,-1.205423156,-1.213110292,-1.205639006,-1.209846749,-1.207220778,-1.217301595,-1.216909307,-1.216529638,-1.221059273,-1.220414596,-1.216286807,-1.218166258,-1.226309076,-1.22476872,-1.220903797,-1.229916784,-1.228902179,-1.225010134,-1.228701567,-1.231616867,-1.230853915,-1.231662937,-1.235322516,-1.243115265,-1.240711734,-1.235193852,-1.241100637,-1.243328966,-1.239832454,-1.246865774,-1.243660274,-1.243425771,-1.240112162,-1.242765143,-1.239154693,-1.239818521,-1.244351022,-1.243214064,-1.23832563,-1.233372062,-1.239570933,-1.241183982,-1.235148466,-1.236294294,-1.24209059,-1.23864655,-1.234267128,-1.241600141,-1.246855618,-1.240856827,-1.240755919,-1.231962684,-1.239345828,-1.243840232,-1.232850874,-1.230869513,-1.233924451,-1.227172648,-1.231694493,-1.228422675,-1.232738903,-1.238240742,-1.232733465,-1.229729879,-1.225632237,-1.23231972,-1.236925869,-1.236185102,-1.231919672,-1.231547256,-1.232408748,-1.237954171,-1.238311169,-1.239089922,-1.236949862,-1.234141836,-1.242514746,-1.247593533,-1.252834356,-1.242337136,-1.233852945,-1.237525496,-1.242779193,-1.255090526,-1.26230115,-1.263800973,-1.265853302,-1.28036934,-1.285318566,6.5
12,-1.370768961,-1.381038491,-1.383363636,-1.380184422,-1.365983817,-1.356998619,-1.368301134,-1.350444372,-1.355613747,-1.344369054,-1.361093434,-1.355570179,-1.354632707,-1.350105835,-1.35197433,-1.365552534,-1.36413162,-1.362746024,-1.363129754,-1.363612327,-1.365734813,-1.367598235,-1.358768254,-1.362053266,-1.367869468,-1.362188648,-1.367578495,-1.359870362,-1.364721037,-1.357425887,-1.35800538,-1.355478961,-1.349109215,-1.34856304,-1.338038366,-1.331885626,-1.32891668,-1.327048559,-1.321576293,-1.324973567,-1.319762013,-1.322127047,-1.313761143,-1.320414714,-1.320516361,-1.323560921,-1.323611066,-1.319112875,-1.324259872,-1.323495932,-1.325150447,-1.327005476,-1.325363756,-1.327179404,-1.328511404,-1.327264545,-1.321799648,-1.323372376,-1.31420536,-1.309923096,-1.307858283,-1.310438583,-1.307273536,-1.301431195,-1.295830289,-1.29434224,-1.295042709,-1.300412262,-1.289027946,-1.286941415,-1.28319035,-1.271981285,-1.260682767,-1.252354784,-1.247987611,-1.254617173,-1.259730237,-1.263404326,-1.258908269,-1.255909172,-1.256955381,-1.260584842,-1.25928155,-1.25870554,-1.256984725,-1.25418123,-1.260732726,-1.255507233,-1.260132909,-1.25698409,-1.267625632,-1.266569262,-1.266690288,-1.270871291,-1.26866748,-1.264693203,-1.266359386,-1.273828988,-1.273369952,-1.271719471,-1.277702736,-1.277407474,-1.272215184,-1.276023179,-1.279082181,-1.27615645,-1.279597625,-1.284906032,-1.290731929,-1.289089941,-1.283594729,-1.290120614,-1.290999065,-1.288467667,-1.295474552,-1.292906542,-1.290877503,-1.28576057,-1.290749743,-1.288408197,-1.287258466,-1.293258433,-1.288066493,-1.286928133,-1.279927471,-1.288579951,-1.288125255,-1.283511901,-1.282867167,-1.287901971,-1.284403204,-1.281256631,-1.289834682,-1.292448068,-1.288557812,-1.286396889,-1.279300012,-1.284838616,-1.289851776,-1.278428657,-1.274821052,-1.279791345,-1.268844441,-1.276418644,-1.271869524,-1.274263184,-1.279004491,-1.274794676,-1.272550795,-1.266091443,-1.273908732,-1.276086062,-1.276627738,-1.272984042,-1.271876378,-1.273821883,-1.278032327,-1.280313088,-1.279731712,-1.280087417,-1.272082304,-1.285211824,-1.28932415,-1.299375938,-1.282846378,-1.272931792,-1.281210324,-1.285209231,-1.290681316,-1.301308642,-1.300804889,-1.298019729,-1.323647836,-1.317142008,6.3
13,-1.467067721,-1.464999592,-1.47279498,-1.4634097,-1.462859461,-1.451291231,-1.445093657,-1.441383843,-1.436081776,-1.438527229,-1.436880136,-1.431567434,-1.434345393,-1.43698735,-1.425967472,-1.434216202,-1.433845908,-1.430284306,-1.42840674,-1.432110937,-1.428755615,-1.432340439,-1.430560434,-1.420276477,-1.430317948,-1.425756941,-1.4352631,-1.420726367,-1.423572474,-1.415628407,-1.420687303,-1.420593281,-1.423631099,-1.40717916,-1.409974513,-1.400212974,-1.402458985,-1.39808546,-1.396360052,-1.397774571,-1.396164282,-1.39430752,-1.392432071,-1.396134621,-1.390619978,-1.395113598,-1.397562148,-1.392942376,-1.394616285,-1.39315205,-1.397280526,-1.393415798,-1.393857386,-1.392065647,-1.389732562,-1.391668514,-1.394217891,-1.39254068,-1.387004418,-1.389788441,-1.383914232,-1.378901485,-1.378098921,-1.379456406,-1.381650335,-1.378161289,-1.375422761,-1.374835615,-1.375077513,-1.372398286,-1.370271593,-1.366987792,-1.360103654,-1.359133693,-1.356724573,-1.359482962,-1.366638286,-1.364584347,-1.366466218,-1.370116236,-1.367215152,-1.361406817,-1.360085333,-1.356782093,-1.357092265,-1.358700392,-1.360466805,-1.364797614,-1.363568115,-1.356603888,-1.352184889,-1.3547095,-1.364610364,-1.370642406,-1.371690049,-1.365998666,-1.365735639,-1.367551134,-1.369367595,-1.361228191,-1.361223263,-1.360998187,-1.370125998,-1.36860114,-1.368834507,-1.376708141,-1.373356417,-1.380315607,-1.37696784,-1.369187455,-1.371733036,-1.379034409,-1.376218779,-1.377224548,-1.384390589,-1.392833681,-1.391635667,-1.381480615,-1.369000802,-1.375927248,-1.380750461,-1.383095159,-1.380165536,-1.381509544,-1.38464794,-1.38970792,-1.387792662,-1.381380314,-1.375540927,-1.363780833,-1.365377457,-1.373857403,-1.377771458,-1.376707459,-1.381050951,-1.386778495,-1.386306806,-1.381133636,-1.379843528,-1.379662167,-1.38707741,-1.385646883,-1.383542159,-1.378497673,-1.36997145,-1.369498128,-1.371894813,-1.369192248,-1.378299832,-1.380363777,-1.378452805,-1.381557616,-1.374861017,-1.372434607,-1.380814765,-1.382532459,-1.385988137,-1.385816616,-1.383042723,-1.381724445,-1.38239888,-1.38373033,-1.387469807,-1.378598749,-1.392462693,-1.389073634,-1.394280461,-1.392878959,-1.393427742,-1.40002877,-1.406963605,-1.405064071,-1.403579739,-1.409806505,8.5
14,-1.486036777,-1.480053406,-1.484730922,-1.487061218,-1.483377155,-1.474063283,-1.460333294,-1.459451636,-1.450128095,-1.460010443,-1.45410954,-1.446207345,-1.451662562,-1.450590111,-1.444783962,-1.450415438,-1.451240338,-1.446266008,-1.440926873,-1.448075394,-1.445823241,-1.448572166,-1.448722074,-1.436958083,-1.447535018,-1.441668582,-1.448561311,-1.437558313,-1.440259733,-1.432858166,-1.436393047,-1.436754677,-1.439824244,-1.422752033,-1.426041787,-1.41797755,-1.419388319,-1.412353531,-1.411758469,-1.413100425,-1.411690175,-1.406856184,-1.407719282,-1.408296283,-1.403423899,-1.408566553,-1.410831403,-1.406875213,-1.408831019,-1.407260948,-1.410683179,-1.405946941,-1.407815623,-1.405273371,-1.403355695,-1.404304659,-1.407386766,-1.405240604,-1.401074262,-1.405084099,-1.397341641,-1.392690135,-1.392161219,-1.392935609,-1.396192355,-1.39252994,-1.389867941,-1.390045642,-1.389028965,-1.387404981,-1.384707693,-1.381403184,-1.374355268,-1.373228809,-1.371792692,-1.373228398,-1.380087811,-1.377545851,-1.37879335,-1.381731351,-1.379627291,-1.373817276,-1.372593926,-1.369330423,-1.369700989,-1.371791472,-1.374376518,-1.377061269,-1.375756752,-1.368116281,-1.365222756,-1.368844353,-1.379120308,-1.383431568,-1.38364445,-1.378519459,-1.378211086,-1.382044622,-1.382761382,-1.37538254,-1.375793891,-1.375882499,-1.38352684,-1.381977561,-1.382791432,-1.38965142,-1.38760929,-1.393183383,-1.390307604,-1.382886634,-1.384999825,-1.392972297,-1.388901525,-1.390708727,-1.398674212,-1.406439557,-1.405711665,-1.394837662,-1.383102516,-1.388030529,-1.395457145,-1.398194585,-1.394510972,-1.396611597,-1.400537841,-1.40452964,-1.402492033,-1.395889148,-1.389866999,-1.378083045,-1.380411258,-1.387578782,-1.392194582,-1.391847077,-1.395021424,-1.400499132,-1.400668146,-1.396924877,-1.394866181,-1.395441128,-1.401672928,-1.400165944,-1.397899469,-1.392136568,-1.382073779,-1.382886801,-1.383375542,-1.3814151,-1.389284207,-1.392795052,-1.390820275,-1.393984558,-1.387329131,-1.385348812,-1.392409522,-1.395740796,-1.396851616,-1.398592916,-1.393917171,-1.394834908,-1.392183654,-1.395428011,-1.399308928,-1.391870752,-1.405289654,-1.40147743,-1.409063492,-1.410601879,-1.406482316,-1.415353998,-1.422777333,-1.419234634,-1.420700135,-1.42565088,8.699425268372618
15,-1.459400838,-1.450027537,-1.457242744,-1.45322748,-1.444394824,-1.438245205,-1.427534261,-1.426799826,-1.41208597,-1.418674203,-1.421166891,-1.409403267,-1.41488994,-1.414398316,-1.405244626,-1.4132016,-1.410974582,-1.406451004,-1.398820254,-1.406055452,-1.402216177,-1.403856081,-1.404425506,-1.390991992,-1.403268964,-1.395727738,-1.40604652,-1.391086895,-1.393792326,-1.38739826,-1.38986766,-1.387632193,-1.393225647,-1.375676713,-1.379323436,-1.372179627,-1.37210989,-1.366412726,-1.366010878,-1.367931099,-1.365756406,-1.361994248,-1.36176827,-1.36403572,-1.357613537,-1.362060578,-1.365902901,-1.361878107,-1.359977085,-1.361647263,-1.364227732,-1.359369387,-1.360737088,-1.358986983,-1.357875783,-1.356575687,-1.361278104,-1.358212179,-1.354139503,-1.357499706,-1.349676823,-1.347669431,-1.346710234,-1.348003619,-1.350549337,-1.347532299,-1.343714086,-1.343477768,-1.34528815,-1.341900575,-1.340432811,-1.337030123,-1.331856467,-1.329004249,-1.328290108,-1.330202961,-1.338277788,-1.334675092,-1.337563918,-1.339565053,-1.336438365,-1.332018496,-1.330489561,-1.326950751,-1.327354335,-1.330271731,-1.332068632,-1.3362374,-1.332559484,-1.325497046,-1.322023897,-1.324341989,-1.334474597,-1.338979933,-1.340375819,-1.334446566,-1.332661602,-1.336747864,-1.337766281,-1.328885234,-1.330158371,-1.329345342,-1.338254799,-1.336417438,-1.337319665,-1.344609583,-1.341887174,-1.347414159,-1.34414633,-1.336777059,-1.34119838,-1.346456625,-1.343179689,-1.343075521,-1.351497493,-1.359572337,-1.360080998,-1.350409228,-1.338060882,-1.343167778,-1.349181328,-1.351972224,-1.348242883,-1.349916009,-1.353453912,-1.358207468,-1.355826135,-1.349518781,-1.344208862,-1.332427535,-1.334075244,-1.340977694,-1.347042329,-1.346452957,-1.350335125,-1.35444225,-1.353817107,-1.35073307,-1.350431683,-1.349957217,-1.358201625,-1.354495586,-1.353146061,-1.348939709,-1.338783306,-1.34105938,-1.342436298,-1.340836319,-1.348349034,-1.350576785,-1.350151814,-1.353288568,-1.346441068,-1.344708722,-1.350633422,-1.351521088,-1.353416234,-1.357039247,-1.353909299,-1.352815063,-1.350704665,-1.352795401,-1.358503828,-1.35228539,-1.364546924,-1.35864116,-1.365995913,-1.364659971,-1.365090437,-1.371846315,-1.380617664,-1.379350216,-1.379262584,-1.389848524,9.149863386958298
16,-1.477499456,-1.482991074,-1.475164204,-1.477889479,-1.468051284,-1.466659817,-1.453893089,-1.458498966,-1.438533323,-1.446173238,-1.445465253,-1.439077386,-1.438499537,-1.439973785,-1.433061616,-1.439523614,-1.438649847,-1.437946372,-1.427251779,-1.435935389,-1.431060428,-1.433497572,-1.433606886,-1.420935504,-1.432288767,-1.425620848,-1.436038983,-1.421047565,-1.424766728,-1.418065026,-1.421235697,-1.417281004,-1.422519201,-1.40684599,-1.409500738,-1.400652013,-1.400549765,-1.399340327,-1.396697828,-1.397161608,-1.39834382,-1.392481894,-1.393941359,-1.395276876,-1.390735333,-1.39476506,-1.396619387,-1.393676289,-1.391689688,-1.390921946,-1.395959183,-1.391757568,-1.393935952,-1.391298087,-1.38910046,-1.389167773,-1.394352283,-1.39084074,-1.386027087,-1.389739055,-1.383154177,-1.378244266,-1.379328118,-1.379993667,-1.381999879,-1.380387958,-1.376915315,-1.375794781,-1.377589091,-1.375447402,-1.374299327,-1.371405829,-1.365888589,-1.363777707,-1.364068013,-1.365398339,-1.372575772,-1.370180754,-1.372240947,-1.374247902,-1.37131469,-1.366482424,-1.365309979,-1.362054792,-1.361123179,-1.364141731,-1.365743532,-1.370094216,-1.365327464,-1.358882345,-1.354556478,-1.356675308,-1.366953094,-1.372406751,-1.372956504,-1.367013599,-1.365598273,-1.368887545,-1.369998248,-1.36161435,-1.361564422,-1.360675098,-1.367125792,-1.366318765,-1.367993196,-1.37406252,-1.370926013,-1.377385661,-1.3741735,-1.365610405,-1.369814111,-1.376545686,-1.372917093,-1.372787306,-1.380419785,-1.387973932,-1.387398428,-1.376620952,-1.366046018,-1.372303455,-1.377070203,-1.379055288,-1.374102242,-1.375502524,-1.381141974,-1.386237817,-1.383534024,-1.378384944,-1.371048334,-1.360801066,-1.361093335,-1.369816959,-1.375025827,-1.373108817,-1.377009208,-1.382066739,-1.382709796,-1.379078607,-1.37751717,-1.378958325,-1.386312141,-1.383057281,-1.383517817,-1.37862181,-1.368896161,-1.369860748,-1.370454066,-1.370700987,-1.378705755,-1.380239507,-1.381516763,-1.383188108,-1.376443697,-1.373904849,-1.380554636,-1.386052085,-1.383076989,-1.383774254,-1.38321723,-1.384261731,-1.381333546,-1.384184254,-1.38692065,-1.380084767,-1.392989313,-1.387529051,-1.393772574,-1.395616154,-1.395417394,-1.404089961,-1.409151089,-1.40643182,-1.408481956,-1.414822265,8.2
17,-1.445322851,-1.436636243,-1.445032898,-1.435742998,-1.433277475,-1.419238332,-1.414015,-1.412019353,-1.391571426,-1.395875467,-1.397368989,-1.384333528,-1.387770298,-1.389270436,-1.383038569,-1.386878902,-1.387739733,-1.385223316,-1.375894151,-1.381259507,-1.381464137,-1.379281157,-1.380804444,-1.368018251,-1.379374762,-1.372052869,-1.380375704,-1.364595637,-1.367136685,-1.360938506,-1.363465588,-1.361456793,-1.365520592,-1.347596518,-1.349346969,-1.338718466,-1.33569512,-1.330239717,-1.328838371,-1.329608588,-1.328714018,-1.325028961,-1.32282007,-1.327053986,-1.318995965,-1.323948648,-1.328821172,-1.323864157,-1.322960941,-1.324007813,-1.327017756,-1.322904143,-1.324116871,-1.321922716,-1.319632069,-1.319928651,-1.323812647,-1.321411693,-1.314668901,-1.317850022,-1.309231901,-1.303861964,-1.301072141,-1.301973223,-1.300938875,-1.297732478,-1.294212952,-1.291780547,-1.291641405,-1.285954291,-1.279750695,-1.272356214,-1.263720312,-1.256576228,-1.252849666,-1.253686308,-1.261626756,-1.256949519,-1.261460233,-1.260777735,-1.258609651,-1.253619959,-1.252873224,-1.249072351,-1.250544618,-1.255488157,-1.256640988,-1.261126674,-1.259375421,-1.252840877,-1.252181755,-1.25517495,-1.266053439,-1.27335209,-1.273499946,-1.270880587,-1.268921386,-1.274287761,-1.277114735,-1.266039807,-1.269419885,-1.269808139,-1.279716674,-1.276499608,-1.278998285,-1.287442136,-1.284921471,-1.291623999,-1.289682818,-1.281137808,-1.284878623,-1.293346124,-1.288561165,-1.289882523,-1.2976497,-1.306067134,-1.304875977,-1.295186691,-1.283479184,-1.287756786,-1.293731165,-1.296550964,-1.294260906,-1.293030089,-1.296718227,-1.301116213,-1.301150109,-1.290856041,-1.284857197,-1.276520741,-1.276599343,-1.284162979,-1.290282726,-1.289680426,-1.293419452,-1.296927806,-1.299499473,-1.293104781,-1.291184312,-1.29102419,-1.298412765,-1.293620705,-1.289494428,-1.281790229,-1.267803405,-1.267242066,-1.268061627,-1.264346355,-1.272215165,-1.273212995,-1.274863991,-1.277140142,-1.270794076,-1.268157606,-1.276940353,-1.280245218,-1.281615554,-1.284946383,-1.283131974,-1.28140955,-1.281620499,-1.285680247,-1.287998469,-1.282207793,-1.296754577,-1.294098467,-1.303128127,-1.304352626,-1.30698282,-1.315988525,-1.327935692,-1.327749722,-1.332958554,-1.34196885,5.149757275833493
18,-1.373399279,-1.359449384,-1.361796636,-1.360098928,-1.357607021,-1.346828174,-1.341447201,-1.341386661,-1.331842644,-1.332117613,-1.33293066,-1.328328714,-1.332544392,-1.325562672,-1.327198666,-1.32890711,-1.328574104,-1.32541175,-1.322327601,-1.327744062,-1.32366113,-1.324863625,-1.323829607,-1.319784334,-1.324279164,-1.322116377,-1.323589481,-1.315167464,-1.316414252,-1.313399237,-1.314472339,-1.312525349,-1.312273253,-1.298768343,-1.298074419,-1.295786011,-1.293752515,-1.289922554,-1.287646124,-1.289000134,-1.286278485,-1.28509322,-1.282125784,-1.285791396,-1.279393045,-1.28332046,-1.287396421,-1.286299865,-1.284971962,-1.282184796,-1.288663261,-1.283141151,-1.284470049,-1.283584684,-1.279937614,-1.27980763,-1.28406616,-1.281822017,-1.275974701,-1.280377311,-1.273914812,-1.272650392,-1.271198692,-1.268482033,-1.26667861,-1.265464946,-1.265704143,-1.266421796,-1.267309029,-1.262734139,-1.258193035,-1.252848367,-1.249758094,-1.248061609,-1.245598112,-1.245979827,-1.25014876,-1.245125384,-1.247209126,-1.246885502,-1.247466065,-1.244001202,-1.246510766,-1.244274525,-1.246550054,-1.247279972,-1.244838984,-1.248299498,-1.250489268,-1.246005408,-1.24431201,-1.245491779,-1.250762571,-1.254832404,-1.256057528,-1.254745637,-1.25583868,-1.258141235,-1.258219245,-1.250514532,-1.254478239,-1.25291987,-1.259130488,-1.258850456,-1.259917789,-1.267256698,-1.26298131,-1.26822997,-1.267654427,-1.2603234,-1.263257862,-1.268202154,-1.266967799,-1.266153125,-1.270564963,-1.273960894,-1.274261667,-1.269868449,-1.270134505,-1.271993295,-1.274413523,-1.272637908,-1.273157435,-1.271377655,-1.272701159,-1.275592725,-1.271720992,-1.268040892,-1.266296921,-1.261369859,-1.264139549,-1.267533425,-1.269819335,-1.269687484,-1.272653056,-1.271412444,-1.271906669,-1.270043846,-1.270002104,-1.271240041,-1.278186185,-1.276267396,-1.274551298,-1.267896025,-1.260713446,-1.261743418,-1.260982026,-1.255438661,-1.25803289,-1.261583271,-1.267347785,-1.270862098,-1.264522371,-1.263579811,-1.269348808,-1.270663398,-1.26825444,-1.274269804,-1.26963627,-1.271455423,-1.273137202,-1.270871791,-1.275280653,-1.2695198,-1.280795056,-1.276291686,-1.279735617,-1.28164197,-1.283187508,-1.287768917,-1.295059557,-1.2935925,-1.299202875,-1.306868532,8.299397568498572
19,-1.373141757,-1.382581004,-1.391782427,-1.381969062,-1.376976756,-1.367362511,-1.366808385,-1.369889569,-1.355208185,-1.363562108,-1.368163188,-1.363923741,-1.359581382,-1.364804896,-1.350736684,-1.369153345,-1.361118407,-1.361336678,-1.351543596,-1.362979536,-1.358847409,-1.354555523,-1.359692346,-1.351919751,-1.359599659,-1.364351875,-1.364877061,-1.36078924,-1.358530287,-1.346977872,-1.350625668,-1.352818337,-1.352377897,-1.34627255,-1.348522148,-1.342805206,-1.34138554,-1.336538056,-1.339303482,-1.339161615,-1.33720808,-1.340369433,-1.33794908,-1.336538425,-1.337095517,-1.333393829,-1.334148321,-1.336971561,-1.343883598,-1.334396636,-1.336069538,-1.335848625,-1.342546863,-1.336454404,-1.337833786,-1.333912142,-1.329303105,-1.337772487,-1.334144837,-1.335685485,-1.333460763,-1.33232765,-1.335065905,-1.336681546,-1.334944805,-1.335350909,-1.330814303,-1.334498184,-1.334311668,-1.330180486,-1.322998701,-1.318299068,-1.322778267,-1.324220433,-1.320797934,-1.317373942,-1.317553316,-1.31574422,-1.318992708,-1.320637635,-1.321136065,-1.330014125,-1.335038601,-1.330101138,-1.328745569,-1.328055899,-1.322991568,-1.325603771,-1.32469478,-1.325611501,-1.324199071,-1.329422058,-1.327503871,-1.335198815,-1.33611633,-1.331312523,-1.33314962,-1.329304143,-1.338204441,-1.334337307,-1.340575037,-1.332179854,-1.327555119,-1.324178373,-1.327065473,-1.338371729,-1.34306664,-1.345690172,-1.344851374,-1.340910498,-1.337751336,-1.343756956,-1.346809063,-1.347228596,-1.34745653,-1.348948469,-1.34658745,-1.34399653,-1.344483579,-1.348116227,-1.348299571,-1.343091988,-1.346796599,-1.343309375,-1.343405742,-1.350142686,-1.348597358,-1.348796712,-1.350012016,-1.343868817,-1.339579029,-1.333336094,-1.333789162,-1.335496465,-1.349765989,-1.357846839,-1.364902545,-1.36251345,-1.369878556,-1.368721324,-1.374236953,-1.371731006,-1.371813505,-1.363606932,-1.350889436,-1.347084822,-1.350938296,-1.353206299,-1.354329398,-1.349846077,-1.33930796,-1.335646084,-1.33437104,-1.337130887,-1.342340944,-1.345372226,-1.343578615,-1.352159559,-1.353448126,-1.351066795,-1.347651136,-1.347226739,-1.347510905,-1.345212348,-1.357939513,-1.354541785,-1.359301871,-1.347755665,-1.34862586,-1.357501343,-1.361803801,-1.361631089,-1.367896521,-1.371241673,5
20,-1.389143465,-1.384273551,-1.399301491,-1.380801814,-1.380389872,-1.378003507,-1.370942688,-1.378362593,-1.361448909,-1.365116635,-1.371015152,-1.359031624,-1.36446867,-1.365781727,-1.351970083,-1.370914918,-1.363580001,-1.36249197,-1.353888864,-1.361486333,-1.359626155,-1.354540847,-1.359216711,-1.350536582,-1.35786273,-1.36378867,-1.363459734,-1.36094377,-1.356476207,-1.349580564,-1.3485467,-1.351970122,-1.349700203,-1.3461878,-1.342976132,-1.341075495,-1.334643023,-1.33331168,-1.33262982,-1.330544421,-1.332879853,-1.331322251,-1.331088023,-1.3269941,-1.330060377,-1.326138208,-1.325644708,-1.329637651,-1.337172077,-1.326044366,-1.328651009,-1.328488778,-1.335368725,-1.3282789,-1.329575126,-1.327069835,-1.321392202,-1.330398081,-1.325878949,-1.326772376,-1.322392718,-1.320641308,-1.325436583,-1.323477558,-1.320899654,-1.32062506,-1.315973736,-1.318763373,-1.317389815,-1.311032103,-1.302199091,-1.294331052,-1.299232344,-1.296449917,-1.296085148,-1.289317123,-1.289832347,-1.287420355,-1.290454795,-1.293273201,-1.294108377,-1.301354121,-1.305667903,-1.301399406,-1.298216578,-1.299223616,-1.29325721,-1.297376191,-1.295634788,-1.296980758,-1.297519745,-1.302234457,-1.299555684,-1.307888224,-1.311081603,-1.305326763,-1.30841824,-1.305456361,-1.314265938,-1.309063754,-1.317324232,-1.307692647,-1.303215862,-1.30056151,-1.303962679,-1.316215654,-1.319844648,-1.324719763,-1.323381989,-1.318220996,-1.315310283,-1.323401972,-1.326981118,-1.326066902,-1.326119477,-1.326598686,-1.323688987,-1.321204666,-1.32268903,-1.326009028,-1.325451056,-1.320545813,-1.326590899,-1.321053564,-1.322559828,-1.327452595,-1.326463037,-1.325300072,-1.328355338,-1.321651343,-1.316797813,-1.309690361,-1.311400939,-1.312387283,-1.327343277,-1.338068281,-1.341966715,-1.340802604,-1.346222846,-1.346297096,-1.348336409,-1.347948589,-1.347796088,-1.33685537,-1.324180757,-1.318562706,-1.321860164,-1.324349796,-1.324719852,-1.319890548,-1.309495947,-1.305788574,-1.30396558,-1.308252051,-1.311446309,-1.314393895,-1.311562342,-1.323661989,-1.322343084,-1.321529986,-1.317424963,-1.317683868,-1.321733344,-1.317097364,-1.328008545,-1.325090924,-1.329732253,-1.319198639,-1.322913759,-1.332430329,-1.339685809,-1.341151158,-1.345414506,-1.355178371,5.744562646538029
21,-1.340655659,-1.33237791,-1.347531097,-1.332928531,-1.322091561,-1.303357242,-1.317223934,-1.310145138,-1.309110185,-1.297798851,-1.303913466,-1.30401748,-1.295222423,-1.310821819,-1.290130387,-1.312491009,-1.301920928,-1.300901159,-1.29600822,-1.300089216,-1.29164684,-1.295149369,-1.296191734,-1.289643638,-1.295876988,-1.300403971,-1.300772416,-1.298076732,-1.291922039,-1.285178857,-1.283445508,-1.287106724,-1.286586489,-1.281451289,-1.278229402,-1.276500087,-1.269065252,-1.271105781,-1.268122199,-1.266212697,-1.265571575,-1.264648414,-1.265528752,-1.26302627,-1.263434497,-1.260257963,-1.259125655,-1.263074876,-1.267917726,-1.260070706,-1.262830922,-1.260171093,-1.268336804,-1.261503259,-1.262363745,-1.259615844,-1.251983914,-1.262756086,-1.258983232,-1.262121234,-1.255683581,-1.255194029,-1.260001067,-1.259187406,-1.255963719,-1.257191195,-1.253173259,-1.256712545,-1.25694214,-1.253081835,-1.244255209,-1.239625655,-1.246812843,-1.244529937,-1.244990579,-1.23807745,-1.238418173,-1.237937705,-1.238605322,-1.241561298,-1.241581203,-1.248853989,-1.255924323,-1.250876427,-1.247231987,-1.246539124,-1.239123572,-1.245099367,-1.243592793,-1.245942899,-1.244679257,-1.247126886,-1.246378481,-1.25501901,-1.2553121,-1.251697459,-1.251953751,-1.248877138,-1.254529321,-1.251167695,-1.257489547,-1.249978021,-1.243572167,-1.242122678,-1.243279956,-1.25500424,-1.259768049,-1.262263054,-1.261208401,-1.256824773,-1.254096959,-1.261090375,-1.265350161,-1.263400579,-1.263009492,-1.26382555,-1.262024138,-1.259649819,-1.258440485,-1.263749458,-1.263054913,-1.256804731,-1.265689238,-1.25822402,-1.258701888,-1.264627974,-1.261547845,-1.262200245,-1.266463303,-1.259869828,-1.254702258,-1.2459921,-1.249011155,-1.249870882,-1.26435277,-1.272463159,-1.2806375,-1.279182153,-1.284209719,-1.283515019,-1.288017189,-1.288518059,-1.290053908,-1.278693166,-1.267333303,-1.263017004,-1.264330547,-1.268373765,-1.26931602,-1.264257186,-1.254950255,-1.252782032,-1.251376771,-1.251525361,-1.256149843,-1.258885573,-1.257139438,-1.267069588,-1.269207334,-1.268482144,-1.262197302,-1.260392478,-1.265843387,-1.260783641,-1.275916322,-1.272068257,-1.277202862,-1.266339897,-1.264388749,-1.27568563,-1.284606082,-1.285721942,-1.291141641,-1.297747609,4.749736834815167
22,-1.379095989,-1.374399501,-1.374473889,-1.372989613,-1.358913035,-1.345757405,-1.352202731,-1.345824338,-1.346196357,-1.339420081,-1.343968656,-1.331357733,-1.341641587,-1.347094111,-1.333563497,-1.347323957,-1.337481816,-1.340727798,-1.333820995,-1.336280463,-1.330461114,-1.334166481,-1.335590357,-1.327824163,-1.336452546,-1.335421821,-1.334189392,-1.334094672,-1.327653303,-1.322184635,-1.322786689,-1.326274732,-1.324505473,-1.319274974,-1.318837728,-1.315278263,-1.307475011,-1.309229426,-1.308576416,-1.305235394,-1.305372924,-1.304254001,-1.304626187,-1.30140351,-1.303181092,-1.300333951,-1.29938453,-1.303452923,-1.30975949,-1.300362359,-1.302634554,-1.299428717,-1.307801574,-1.30083889,-1.303157995,-1.299232543,-1.29225074,-1.302080037,-1.30028409,-1.299724288,-1.296819571,-1.295427043,-1.299897935,-1.300290385,-1.297486318,-1.297127908,-1.293406319,-1.29675444,-1.295781354,-1.29234163,-1.284101681,-1.278582459,-1.284009164,-1.284789046,-1.282472875,-1.276404594,-1.27569023,-1.27558701,-1.27741743,-1.278811242,-1.279682571,-1.287705022,-1.293512269,-1.288292736,-1.285297239,-1.285332521,-1.279442084,-1.283892145,-1.282901759,-1.283014084,-1.283492982,-1.287821308,-1.286595382,-1.292885724,-1.294777816,-1.291702468,-1.291396044,-1.288683936,-1.294354795,-1.292483685,-1.298912099,-1.291221891,-1.285105893,-1.282577952,-1.284090605,-1.296193377,-1.301340056,-1.304269726,-1.303312368,-1.299780063,-1.297489034,-1.304130866,-1.306801084,-1.305418718,-1.305380948,-1.306477249,-1.304676379,-1.302905397,-1.301080886,-1.30474888,-1.306369135,-1.300406663,-1.306971856,-1.300081935,-1.301550971,-1.307754908,-1.304040703,-1.30626776,-1.307586792,-1.301343921,-1.297733549,-1.290116812,-1.291612886,-1.292330488,-1.306348647,-1.316632738,-1.323993998,-1.3207682,-1.329876476,-1.327547811,-1.328994246,-1.328127041,-1.330339364,-1.319595411,-1.308408192,-1.30314325,-1.305571159,-1.308462696,-1.309155159,-1.305376053,-1.295640068,-1.292493776,-1.291985136,-1.291886781,-1.298057507,-1.300772138,-1.298990593,-1.310651516,-1.308750435,-1.309603765,-1.305253112,-1.3039234,-1.305669145,-1.304260062,-1.316120335,-1.313000804,-1.318851271,-1.305841357,-1.306582162,-1.317797561,-1.323617721,-1.327720279,-1.335263971,-1.341981496,5.049752469181039
23,-1.426184445,-1.430986778,-1.426160709,-1.424179806,-1.411135404,-1.406396807,-1.410997587,-1.399752198,-1.405790316,-1.387455772,-1.398746625,-1.388568645,-1.392832218,-1.401924634,-1.38484474,-1.397013391,-1.394773948,-1.395184011,-1.386481946,-1.393643496,-1.389482847,-1.386922818,-1.390992542,-1.383022937,-1.3937742,-1.392315684,-1.390005515,-1.388882593,-1.387332358,-1.380327949,-1.379016045,-1.382939925,-1.381669806,-1.377733476,-1.375670193,-1.373289704,-1.366709082,-1.370269448,-1.366201979,-1.364183243,-1.365247739,-1.366374706,-1.363668074,-1.361708749,-1.365073792,-1.358401078,-1.359312952,-1.363856517,-1.369945329,-1.360744582,-1.362443934,-1.359655406,-1.368505752,-1.36025681,-1.361103174,-1.359632205,-1.353760205,-1.362563692,-1.361801079,-1.359928588,-1.357214,-1.355812379,-1.361744407,-1.36223058,-1.358986222,-1.360280393,-1.355394782,-1.359551335,-1.358919086,-1.356379142,-1.34841739,-1.344509481,-1.34987555,-1.350006116,-1.347540622,-1.341402804,-1.342383267,-1.342489487,-1.342296041,-1.344759751,-1.345837779,-1.354478213,-1.360098917,-1.355997323,-1.351148121,-1.351185271,-1.346462842,-1.349620889,-1.348935665,-1.349398289,-1.349637835,-1.353859007,-1.35171739,-1.35867675,-1.360255175,-1.356288554,-1.356551189,-1.353737454,-1.359347364,-1.359038608,-1.363052565,-1.356579928,-1.349471673,-1.347584594,-1.350109414,-1.360774093,-1.366151701,-1.370121651,-1.367337165,-1.36363214,-1.360975365,-1.367619924,-1.371312794,-1.369875355,-1.37005766,-1.370111644,-1.367840395,-1.365108777,-1.366900557,-1.368992603,-1.370833267,-1.364746751,-1.370470788,-1.363670004,-1.365747375,-1.37091556,-1.368863981,-1.37055308,-1.370793695,-1.365556914,-1.361133011,-1.353625749,-1.35403021,-1.357216361,-1.370148678,-1.378083016,-1.386957653,-1.384044454,-1.38880205,-1.390013937,-1.393997268,-1.391895689,-1.39356485,-1.382611346,-1.371976849,-1.368208886,-1.371155995,-1.374393682,-1.375812054,-1.370744878,-1.361643599,-1.360793477,-1.35712023,-1.358374108,-1.362775603,-1.366372216,-1.365149622,-1.37353293,-1.374793245,-1.373484831,-1.367400415,-1.366212204,-1.372253473,-1.369379633,-1.378930499,-1.376587822,-1.377291194,-1.366979985,-1.368069385,-1.378289352,-1.383572318,-1.385905026,-1.393099041,-1.398511112,5.2
24,-1.505131252,-1.506065894,-1.504020469,-1.495540937,-1.49203749,-1.489290138,-1.490920798,-1.479590447,-1.478811453,-1.471705356,-1.480703464,-1.468073608,-1.473777376,-1.480905823,-1.465949161,-1.478445276,-1.473901737,-1.476216888,-1.466457254,-1.470296665,-1.470241333,-1.463936525,-1.467989814,-1.461732823,-1.471143936,-1.472388921,-1.471774481,-1.469660399,-1.464863251,-1.459331278,-1.456640099,-1.461226849,-1.460889346,-1.45681907,-1.456394247,-1.452108641,-1.44930297,-1.449957458,-1.451287323,-1.446591,-1.450399539,-1.449500366,-1.447716182,-1.443531338,-1.448108542,-1.443380914,-1.442488586,-1.44549269,-1.453401485,-1.442857332,-1.443565492,-1.441723933,-1.448762075,-1.442590868,-1.442574537,-1.440001478,-1.435093297,-1.442665237,-1.440691566,-1.440662624,-1.438372194,-1.436542945,-1.442087001,-1.443081174,-1.441221804,-1.441603243,-1.436785293,-1.441550712,-1.439243011,-1.437791989,-1.429848781,-1.425242176,-1.429529633,-1.431715468,-1.427972827,-1.425221817,-1.424669339,-1.423776346,-1.424363554,-1.427038057,-1.429040597,-1.436553539,-1.440801353,-1.437349278,-1.433171393,-1.432394193,-1.426077496,-1.430733825,-1.430633097,-1.431216729,-1.430184724,-1.432979668,-1.431955198,-1.438711249,-1.441039975,-1.436576995,-1.436549921,-1.434166067,-1.439464196,-1.4389537,-1.44357845,-1.437388257,-1.430115757,-1.427288941,-1.429822317,-1.441219161,-1.446470775,-1.448217795,-1.445894928,-1.441914924,-1.440112414,-1.445913831,-1.448379473,-1.447464117,-1.447421056,-1.448616396,-1.447085162,-1.443369673,-1.444619975,-1.446774407,-1.448271041,-1.442092824,-1.448301334,-1.441770962,-1.444457899,-1.448704575,-1.445978733,-1.447251638,-1.446966681,-1.443523898,-1.438033847,-1.431732251,-1.430328734,-1.434508889,-1.446098045,-1.454321067,-1.463396767,-1.460855756,-1.466502886,-1.467077909,-1.468455723,-1.466009365,-1.468899012,-1.458079091,-1.446060931,-1.440702509,-1.445269404,-1.448437924,-1.449008686,-1.445074255,-1.434354091,-1.430682244,-1.430008144,-1.432028703,-1.435460896,-1.438812731,-1.43686555,-1.447496,-1.447598402,-1.443927213,-1.437778697,-1.439051594,-1.441080127,-1.443952136,-1.450328706,-1.44859077,-1.447495483,-1.438867485,-1.441477092,-1.450296605,-1.456378719,-1.456657138,-1.466071714,-1.469855883,3.9987498046264407
25,-1.464291438,-1.465463461,-1.458332932,-1.451329183,-1.446184628,-1.444395709,-1.446944824,-1.440698286,-1.43964253,-1.425786455,-1.433855969,-1.420504718,-1.429909077,-1.438439415,-1.422902366,-1.434213766,-1.431476948,-1.432703151,-1.420478642,-1.427458097,-1.424220162,-1.419562939,-1.421680579,-1.417845905,-1.426916558,-1.428141422,-1.427279593,-1.423828321,-1.420026765,-1.413704943,-1.410951992,-1.414198703,-1.414757965,-1.411177278,-1.410026526,-1.405145859,-1.402422364,-1.404823208,-1.402988053,-1.399362186,-1.401927419,-1.402722504,-1.400625476,-1.397458834,-1.401236846,-1.395855982,-1.395941937,-1.397813472,-1.40864927,-1.396489624,-1.396714549,-1.395388187,-1.402238289,-1.397150617,-1.395428765,-1.393476334,-1.388051179,-1.396302391,-1.393544167,-1.392477834,-1.39085624,-1.389613487,-1.395346184,-1.394673291,-1.396123254,-1.39273048,-1.388340875,-1.393406427,-1.390006572,-1.389086439,-1.380147322,-1.375741459,-1.380158123,-1.381461183,-1.377741597,-1.374142448,-1.373720227,-1.372662576,-1.372729629,-1.37520013,-1.377662759,-1.384863419,-1.389396762,-1.385684804,-1.380916364,-1.382065425,-1.374763769,-1.37925072,-1.378459376,-1.378874345,-1.378920225,-1.380957451,-1.3819465,-1.38837986,-1.388524707,-1.385549989,-1.385742457,-1.383507978,-1.388838115,-1.387792898,-1.392554959,-1.38712268,-1.379572528,-1.377683697,-1.37995538,-1.391744936,-1.39725336,-1.400466848,-1.396624006,-1.394286159,-1.390450432,-1.39837204,-1.401013755,-1.401000733,-1.399499217,-1.401160346,-1.397792314,-1.394677339,-1.397523281,-1.400474791,-1.402418947,-1.396586924,-1.401801466,-1.395132189,-1.396510638,-1.401971969,-1.399693954,-1.400062139,-1.401089609,-1.396214125,-1.391387023,-1.384170325,-1.384673443,-1.387366494,-1.40046139,-1.407532438,-1.416309434,-1.41430282,-1.419834477,-1.419363313,-1.421125788,-1.419491025,-1.421816918,-1.41050192,-1.39844068,-1.39248487,-1.396743377,-1.399614917,-1.401292932,-1.396911056,-1.386578601,-1.38210135,-1.381861448,-1.382748308,-1.386190581,-1.389923398,-1.38837256,-1.399544187,-1.399025658,-1.397115808,-1.392055255,-1.390894691,-1.393973143,-1.395851562,-1.403245838,-1.400327816,-1.400772092,-1.389804763,-1.394433631,-1.401507453,-1.406707206,-1.411211058,-1.417415194,-1.41931775,4.049691346263317
26,-1.423427485,-1.439900914,-1.423303491,-1.434727513,-1.43592827,-1.430098329,-1.429877508,-1.413823453,-1.4295838,-1.414166712,-1.425026919,-1.423880135,-1.423749147,-1.424305412,-1.423451,-1.428330927,-1.422508693,-1.428993547,-1.421760337,-1.428773476,-1.427650624,-1.423604545,-1.429604134,-1.426798533,-1.424111871,-1.424517092,-1.429773902,-1.422657023,-1.424254433,-1.417230248,-1.419913345,-1.423790456,-1.421102068,-1.417107336,-1.416443464,-1.409629737,-1.411293922,-1.409081075,-1.410133653,-1.411630723,-1.406527632,-1.408922464,-1.408467105,-1.410975999,-1.405242187,-1.413448822,-1.409446653,-1.412443853,-1.411387101,-1.409084394,-1.409285409,-1.406614905,-1.40885097,-1.41071215,-1.410607661,-1.406995699,-1.406021307,-1.409203596,-1.407418545,-1.408106714,-1.402800327,-1.402626884,-1.405509445,-1.404525066,-1.404471316,-1.404906498,-1.402928235,-1.400926742,-1.398430133,-1.394881064,-1.392142872,-1.389967824,-1.385920705,-1.392809604,-1.394781527,-1.393484341,-1.392240586,-1.393502986,-1.389119841,-1.387324705,-1.384770028,-1.383345831,-1.387187094,-1.387032403,-1.389123744,-1.391920049,-1.389995774,-1.389450949,-1.387588718,-1.385717289,-1.390156733,-1.389820386,-1.391517392,-1.392631086,-1.390901029,-1.392277077,-1.396109448,-1.394689507,-1.391736896,-1.393765208,-1.393349639,-1.395039625,-1.3959058,-1.399159923,-1.402536459,-1.406127263,-1.404084752,-1.403551745,-1.404533964,-1.400987047,-1.398579492,-1.396633279,-1.399110347,-1.395253101,-1.401667923,-1.404166549,-1.40038319,-1.397852245,-1.399628419,-1.402882239,-1.403740292,-1.396648019,-1.400633224,-1.398075529,-1.395834808,-1.400420086,-1.394673923,-1.393710311,-1.39552434,-1.399864784,-1.402803012,-1.402869242,-1.398974512,-1.39672639,-1.395533297,-1.39591163,-1.399228436,-1.398954668,-1.400336662,-1.391301958,-1.391417995,-1.390975943,-1.393048183,-1.394366191,-1.385175865,-1.392244903,-1.391714431,-1.394493907,-1.398919443,-1.395530843,-1.390224158,-1.396427997,-1.401017063,-1.39942359,-1.397271113,-1.395386602,-1.393879556,-1.392154098,-1.391447403,-1.398763572,-1.397612893,-1.390584972,-1.382617978,-1.374887682,-1.384980262,-1.385926769,-1.392737956,-1.393648716,-1.401846198,-1.405201254,-1.408307973,-1.407209071,-1.412112591,-1.417670226,6.449806198638839
27,-1.405489607,-1.426184362,-1.410247654,-1.425473192,-1.424798142,-1.416924529,-1.415880334,-1.401323152,-1.416113456,-1.407115897,-1.412053521,-1.41282916,-1.411044481,-1.412494545,-1.410058047,-1.41743735,-1.412642823,-1.418510249,-1.404281369,-1.418481542,-1.41097882,-1.413498741,-1.414247446,-1.411683246,-1.413277908,-1.41160842,-1.41687227,-1.410847899,-1.409149062,-1.402948983,-1.40767318,-1.409713264,-1.410657444,-1.402278296,-1.403796161,-1.399042477,-1.397283006,-1.395549238,-1.395487009,-1.399089503,-1.391415324,-1.396036863,-1.394531411,-1.397892306,-1.393234485,-1.399521836,-1.396773689,-1.399790321,-1.39779258,-1.395671118,-1.396774784,-1.394550192,-1.395892771,-1.398358635,-1.399572086,-1.394398286,-1.3922971,-1.39980533,-1.396820612,-1.396669968,-1.391239486,-1.390010617,-1.393174606,-1.392561509,-1.388597844,-1.393711387,-1.389105092,-1.38940419,-1.385806426,-1.3832144,-1.379470344,-1.376680129,-1.37153634,-1.378896103,-1.379203596,-1.378555668,-1.377044622,-1.377813548,-1.373792111,-1.371354886,-1.367998727,-1.368010195,-1.372358733,-1.371658932,-1.375862874,-1.376442553,-1.376199269,-1.374589849,-1.372321032,-1.370602352,-1.376122604,-1.375704644,-1.377807054,-1.379914313,-1.377505445,-1.378935025,-1.383010553,-1.381518284,-1.378780867,-1.380645508,-1.380134665,-1.382343469,-1.382372443,-1.386076404,-1.389917175,-1.392094447,-1.39090046,-1.390666274,-1.393034934,-1.388586074,-1.384813032,-1.384503537,-1.38732741,-1.383701471,-1.389458261,-1.392041587,-1.388961073,-1.385051744,-1.391958156,-1.392283474,-1.393066619,-1.38751202,-1.390938741,-1.389175645,-1.387306985,-1.390839163,-1.38355815,-1.384091348,-1.38513295,-1.389729781,-1.39231646,-1.391928779,-1.388879271,-1.388936533,-1.384781653,-1.386483514,-1.388413281,-1.386767375,-1.3903773,-1.381082989,-1.383856522,-1.380883094,-1.381812708,-1.382152885,-1.371827357,-1.37916696,-1.379788122,-1.3786983,-1.386945437,-1.382582117,-1.375565736,-1.38068479,-1.386713071,-1.384025172,-1.384750872,-1.381819844,-1.383395126,-1.380485801,-1.381608594,-1.386729935,-1.387551025,-1.380657992,-1.371138958,-1.363656119,-1.374851014,-1.381381354,-1.38481617,-1.388371549,-1.393556189,-1.399530176,-1.399943485,-1.395626897,-1.409935897,-1.407635161,6.5
28,-1.446704538,-1.457812519,-1.446058268,-1.448538383,-1.453642118,-1.453233943,-1.455427869,-1.438416791,-1.448969023,-1.434529203,-1.444912052,-1.44785746,-1.441618188,-1.44519463,-1.445268953,-1.44584361,-1.446788032,-1.452315781,-1.442478309,-1.452233088,-1.448061218,-1.447601493,-1.451401356,-1.448999905,-1.447466867,-1.448441037,-1.452284627,-1.445544644,-1.445217097,-1.440189702,-1.44350003,-1.447886733,-1.445572227,-1.438243359,-1.440577839,-1.43291418,-1.431858385,-1.430517039,-1.429146563,-1.431272301,-1.424995335,-1.428148129,-1.426197113,-1.43206421,-1.425787943,-1.432703245,-1.429373671,-1.433724329,-1.431318318,-1.430081706,-1.430068605,-1.427755735,-1.428900735,-1.431199132,-1.430740069,-1.427641914,-1.424592324,-1.429936968,-1.428759065,-1.427030234,-1.422287517,-1.420888823,-1.423173109,-1.422120862,-1.416916941,-1.421824632,-1.417685854,-1.417105544,-1.412672966,-1.409524681,-1.405402438,-1.401181421,-1.394132838,-1.398913856,-1.400427355,-1.39822667,-1.39782644,-1.396514772,-1.393824696,-1.391382931,-1.387947382,-1.387330842,-1.39258583,-1.392723942,-1.395272793,-1.396410649,-1.397377077,-1.397192865,-1.394802049,-1.393352446,-1.399437935,-1.399460175,-1.402487527,-1.404216778,-1.402661739,-1.404246826,-1.409110275,-1.407866623,-1.407628048,-1.409257407,-1.407665658,-1.409652949,-1.41093791,-1.415627367,-1.419702965,-1.420956841,-1.420398115,-1.421479531,-1.421114612,-1.417737283,-1.413519508,-1.414377443,-1.418413692,-1.414730613,-1.419789761,-1.423575988,-1.418498159,-1.416010974,-1.419364398,-1.421242166,-1.421529277,-1.416203939,-1.420006341,-1.417997918,-1.415150618,-1.41823324,-1.411230353,-1.410413448,-1.411727156,-1.416609277,-1.420331296,-1.419545023,-1.416044803,-1.415773267,-1.413126995,-1.412614892,-1.415727555,-1.415659647,-1.416441565,-1.406817356,-1.407662628,-1.40560942,-1.404917257,-1.402910472,-1.392002934,-1.39813546,-1.398215211,-1.398765816,-1.405023873,-1.400262584,-1.392539709,-1.400494895,-1.405171405,-1.404194355,-1.403917687,-1.402569718,-1.403747664,-1.398612922,-1.400852819,-1.404912307,-1.40687461,-1.400708152,-1.391468942,-1.384862744,-1.394267261,-1.399889847,-1.40568474,-1.407387233,-1.415009354,-1.419712343,-1.420069584,-1.418148531,-1.43241583,-1.426280658,4.9
29,-1.405345262,-1.418304573,-1.40344149,-1.416574475,-1.412618242,-1.413727452,-1.406326591,-1.387171459,-1.408159748,-1.401968291,-1.400533654,-1.40569088,-1.399280565,-1.403074379,-1.403565468,-1.406581495,-1.403661091,-1.412044387,-1.392592372,-1.411833273,-1.405003129,-1.404628947,-1.410493416,-1.406006312,-1.406346339,-1.405950218,-1.406928639,-1.401966376,-1.401353885,-1.397008869,-1.401547625,-1.402807387,-1.401464191,-1.394239971,-1.395096016,-1.383950796,-1.383024999,-1.379941647,-1.38058749,-1.380437796,-1.374564433,-1.379659323,-1.377453121,-1.381279821,-1.37544686,-1.381204307,-1.37911138,-1.383145404,-1.380160274,-1.377827381,-1.380276282,-1.376419938,-1.378883396,-1.380238205,-1.37998596,-1.378506465,-1.372726928,-1.379160951,-1.374882127,-1.377663341,-1.368520762,-1.366184741,-1.368524937,-1.364479209,-1.359017993,-1.364042458,-1.35938363,-1.359548976,-1.352342092,-1.346476342,-1.343415377,-1.334611131,-1.32949398,-1.332928986,-1.331783975,-1.328661779,-1.32777695,-1.326203127,-1.322183676,-1.32004512,-1.316214038,-1.317093148,-1.322354935,-1.322172812,-1.325095571,-1.326907964,-1.327843957,-1.328950419,-1.326664198,-1.32503965,-1.331795761,-1.33104378,-1.3346692,-1.338333333,-1.338130413,-1.338963237,-1.344585996,-1.3432436,-1.343410717,-1.343001207,-1.343975008,-1.346747611,-1.348290654,-1.351986463,-1.355447436,-1.358242835,-1.357904762,-1.357768703,-1.358852159,-1.355410553,-1.35347093,-1.352156879,-1.355647473,-1.351690049,-1.357577191,-1.36030391,-1.355776609,-1.353315697,-1.358212581,-1.359873141,-1.359336373,-1.353868841,-1.35597878,-1.355008833,-1.352044333,-1.356674052,-1.348883729,-1.348397909,-1.349541153,-1.353487833,-1.355968397,-1.355686832,-1.351542362,-1.351451857,-1.349332787,-1.349684695,-1.352585106,-1.351577225,-1.353030981,-1.342235846,-1.343009998,-1.338119021,-1.336338317,-1.333997792,-1.321133052,-1.325550335,-1.324541266,-1.323407817,-1.328156932,-1.325334131,-1.318141017,-1.327010501,-1.330244448,-1.328886427,-1.329476229,-1.328051497,-1.330343133,-1.326140879,-1.327662243,-1.332199025,-1.336964308,-1.328011585,-1.320496324,-1.312920413,-1.325069451,-1.330429805,-1.338610723,-1.337090917,-1.348875984,-1.352168707,-1.352860499,-1.356216405,-1.369165479,-1.364418527,4.649731175025068
30,-1.471601572,-1.484959061,-1.478319443,-1.477559684,-1.47604448,-1.485895758,-1.474835518,-1.466541504,-1.476313474,-1.469483648,-1.47060303,-1.475996495,-1.471212929,-1.470719872,-1.47474801,-1.472927386,-1.476979186,-1.47873393,-1.466787025,-1.479398271,-1.475171232,-1.474900557,-1.481432042,-1.475264168,-1.477445962,-1.475559131,-1.480523123,-1.474650078,-1.473192495,-1.468007525,-1.472323705,-1.474702102,-1.474977189,-1.466313904,-1.468829623,-1.462601956,-1.462242458,-1.458601942,-1.458694398,-1.46191039,-1.456918733,-1.460885299,-1.457224861,-1.462124707,-1.458586711,-1.462356929,-1.462023834,-1.465458119,-1.461214682,-1.459715659,-1.461312871,-1.458526405,-1.462598685,-1.462972374,-1.464288729,-1.46000333,-1.457673282,-1.463812461,-1.461128657,-1.462765644,-1.457814721,-1.457174147,-1.459038201,-1.457760167,-1.454911213,-1.45832302,-1.456890038,-1.457030156,-1.452194523,-1.449499459,-1.447023845,-1.442558691,-1.438137401,-1.444422105,-1.444938541,-1.445415438,-1.444237045,-1.444446561,-1.439133843,-1.437630382,-1.435421349,-1.434037043,-1.439080645,-1.439312798,-1.441880821,-1.44221056,-1.443166265,-1.442260511,-1.439746147,-1.437956816,-1.442923402,-1.442532108,-1.444777157,-1.445374498,-1.445182728,-1.447333202,-1.451268534,-1.449596716,-1.449246493,-1.449429744,-1.449638166,-1.451557558,-1.451699905,-1.456025662,-1.459680354,-1.461868421,-1.462352584,-1.46216753,-1.461395873,-1.458611746,-1.455218876,-1.454576415,-1.458019744,-1.454533543,-1.460146991,-1.463436321,-1.460254996,-1.457325072,-1.461181108,-1.463447348,-1.462814437,-1.457314091,-1.4618081,-1.460673973,-1.457247485,-1.461943097,-1.456188461,-1.455634895,-1.45773573,-1.461781782,-1.464918637,-1.464904809,-1.461455329,-1.459763662,-1.45901596,-1.460320718,-1.464808179,-1.463685266,-1.464735526,-1.456372883,-1.457906017,-1.456445953,-1.456028583,-1.457751923,-1.448461854,-1.454944153,-1.455349522,-1.455613838,-1.461013923,-1.457894492,-1.450945204,-1.458442797,-1.462952292,-1.460777454,-1.462696184,-1.459120831,-1.459083408,-1.455989854,-1.456985374,-1.460539549,-1.463037359,-1.455704546,-1.447335857,-1.439143847,-1.449150314,-1.452364097,-1.461435029,-1.462680964,-1.468281938,-1.472381264,-1.474887553,-1.474087133,-1.481619298,-1.479442601,4.8
31,-1.434971481,-1.446919971,-1.437301003,-1.447895864,-1.441366855,-1.446919921,-1.437745738,-1.425627786,-1.436831153,-1.432409211,-1.436446019,-1.437642969,-1.434407357,-1.433168541,-1.437645908,-1.440661982,-1.43710448,-1.44025602,-1.432872817,-1.44338013,-1.436871097,-1.438849151,-1.445002896,-1.439377362,-1.439723723,-1.439157939,-1.44451016,-1.439129829,-1.436482809,-1.432328309,-1.43700633,-1.438655506,-1.439156968,-1.429884684,-1.434005419,-1.42348714,-1.426463045,-1.421984455,-1.423825647,-1.426501443,-1.420300426,-1.426124273,-1.422951535,-1.427036973,-1.423878861,-1.428781521,-1.426971933,-1.432493906,-1.427266277,-1.426001459,-1.427092867,-1.424614755,-1.427398133,-1.428297235,-1.429052686,-1.425472523,-1.424631389,-1.428887651,-1.427136672,-1.430865891,-1.423585596,-1.423399758,-1.426090103,-1.422895769,-1.420318291,-1.424214096,-1.423257526,-1.423454404,-1.418008967,-1.41677529,-1.41309905,-1.409843787,-1.406045904,-1.412406162,-1.413517728,-1.41300008,-1.412313052,-1.411994718,-1.407393112,-1.406059752,-1.402550509,-1.403029839,-1.408838059,-1.40837493,-1.411003319,-1.411849772,-1.412692481,-1.411851186,-1.408986745,-1.407418069,-1.413652779,-1.411670704,-1.415082118,-1.416751215,-1.415247632,-1.41691208,-1.421471041,-1.420050268,-1.420524647,-1.420945372,-1.421351275,-1.423268372,-1.423741253,-1.427071262,-1.431321744,-1.433927931,-1.434893685,-1.433952997,-1.432979974,-1.430865263,-1.427886706,-1.426904456,-1.430500341,-1.426774511,-1.432255584,-1.435668686,-1.432880763,-1.430312167,-1.433127464,-1.437575776,-1.436328845,-1.432436602,-1.434329428,-1.434455907,-1.43106954,-1.434963935,-1.429744136,-1.42909443,-1.432267324,-1.436204607,-1.439255984,-1.437862665,-1.434751591,-1.432262749,-1.43172462,-1.433002165,-1.438269893,-1.436415909,-1.438473329,-1.429380425,-1.430039093,-1.429061779,-1.429110867,-1.430961693,-1.422234863,-1.427504059,-1.428730916,-1.430638266,-1.434930533,-1.432211637,-1.425147002,-1.432371435,-1.436757839,-1.43536381,-1.437084359,-1.433245065,-1.434301699,-1.429693657,-1.430951587,-1.433185559,-1.434871495,-1.4291032,-1.421289301,-1.41249512,-1.423243967,-1.426847308,-1.436496228,-1.438219601,-1.440382904,-1.446300696,-1.446533919,-1.447189102,-1.455347819,-1.450550403,4.8
32,-1.511842346,-1.53114042,-1.516043757,-1.527108388,-1.523014718,-1.527473973,-1.520111178,-1.510460803,-1.516008902,-1.509850984,-1.517131684,-1.516605107,-1.512563487,-1.512635692,-1.51510719,-1.515212061,-1.515968724,-1.518880746,-1.50980801,-1.522099698,-1.517831997,-1.517227563,-1.524463701,-1.518702907,-1.51855439,-1.517978341,-1.524231161,-1.517612399,-1.51517761,-1.509684223,-1.515387245,-1.51703594,-1.5172034,-1.508579154,-1.511589571,-1.502975646,-1.502381288,-1.501339348,-1.500126325,-1.503429917,-1.498201329,-1.501932825,-1.498901727,-1.502840289,-1.499652199,-1.504447066,-1.503616769,-1.506588414,-1.502652779,-1.501973938,-1.502107115,-1.499726059,-1.502646037,-1.503596245,-1.503539647,-1.499829361,-1.498653725,-1.503751088,-1.501886024,-1.504071688,-1.496686178,-1.497909626,-1.499315535,-1.497287743,-1.494157702,-1.498340012,-1.496394571,-1.49544175,-1.49042485,-1.48811881,-1.485998646,-1.481603486,-1.476917345,-1.483106436,-1.485344115,-1.484996623,-1.483784049,-1.483292147,-1.479035501,-1.478179925,-1.474597219,-1.475357037,-1.480174265,-1.47968664,-1.482927684,-1.484363084,-1.484344625,-1.48445544,-1.481013688,-1.478729515,-1.4848715,-1.484448818,-1.486505291,-1.48659039,-1.485977807,-1.488057264,-1.492462945,-1.491088898,-1.490476803,-1.491080082,-1.49154001,-1.493780221,-1.493046919,-1.498318748,-1.500817124,-1.504592171,-1.505623456,-1.50436875,-1.503674904,-1.501856877,-1.497561571,-1.49753017,-1.500429834,-1.496150043,-1.502119102,-1.505741477,-1.502836166,-1.500543201,-1.503300824,-1.506855205,-1.505603399,-1.501877034,-1.504498701,-1.502952254,-1.500908851,-1.504152581,-1.499171848,-1.497196452,-1.500981675,-1.504281897,-1.507704988,-1.507766037,-1.504601988,-1.502594497,-1.500523113,-1.500764679,-1.506469607,-1.502929774,-1.505221805,-1.495787504,-1.496610449,-1.493605327,-1.495015109,-1.497111786,-1.487268701,-1.493116126,-1.493441187,-1.494530764,-1.499015071,-1.496557997,-1.490709424,-1.498479736,-1.502209381,-1.500556189,-1.501652235,-1.497248391,-1.499783525,-1.494589755,-1.497694969,-1.499691619,-1.501215006,-1.494984645,-1.486147422,-1.478590529,-1.487090234,-1.491376716,-1.503371195,-1.506055778,-1.506080911,-1.512323582,-1.512792053,-1.512826098,-1.519486681,-1.519938267,4.898979485566356
33,-1.478195242,-1.496572863,-1.471672803,-1.478456692,-1.459903888,-1.468053456,-1.463742072,-1.44326727,-1.460099092,-1.452022473,-1.451812211,-1.464669324,-1.458614757,-1.4480734,-1.467540762,-1.458232182,-1.456314311,-1.464232272,-1.464870272,-1.456997432,-1.466503909,-1.458798217,-1.460802585,-1.467888382,-1.464625933,-1.465293939,-1.45728089,-1.464044781,-1.456417825,-1.457710937,-1.456323291,-1.456521663,-1.449698504,-1.452300539,-1.44640851,-1.446211984,-1.44583999,-1.442983657,-1.440368046,-1.444763895,-1.444244054,-1.441572203,-1.443113851,-1.438757129,-1.444717964,-1.442333704,-1.441549613,-1.442269019,-1.43979475,-1.438377835,-1.439776265,-1.439673699,-1.446073293,-1.448653687,-1.445993145,-1.44228717,-1.445330368,-1.439350385,-1.435245732,-1.439214929,-1.44094677,-1.435364638,-1.435056857,-1.433732838,-1.425550162,-1.424660389,-1.427396121,-1.42629261,-1.425332189,-1.426261922,-1.425499732,-1.414582603,-1.403695385,-1.405107244,-1.398114529,-1.399653657,-1.398004039,-1.401404564,-1.395345133,-1.397097294,-1.404163921,-1.404241941,-1.404121924,-1.398005118,-1.400168644,-1.402504592,-1.404202915,-1.407300008,-1.413335459,-1.410404764,-1.414226141,-1.418221398,-1.421140941,-1.422423235,-1.420820487,-1.42013894,-1.422763666,-1.426838601,-1.42540568,-1.432872654,-1.431469173,-1.432441098,-1.425320614,-1.425919103,-1.42194153,-1.424987586,-1.430936528,-1.431612879,-1.432670903,-1.432548516,-1.435225425,-1.438888013,-1.4354737,-1.433607264,-1.44073269,-1.436076357,-1.431801553,-1.423835361,-1.431128858,-1.435332172,-1.437443548,-1.436823891,-1.441626078,-1.442547205,-1.442488471,-1.435508269,-1.443702439,-1.437957572,-1.438112918,-1.436613694,-1.433063042,-1.432338657,-1.437522176,-1.435670639,-1.431749859,-1.433003958,-1.44044167,-1.441893148,-1.442169734,-1.445660746,-1.43866241,-1.43579353,-1.429999581,-1.425724318,-1.426437284,-1.413849822,-1.405478154,-1.406894964,-1.403029311,-1.405118529,-1.408085061,-1.415199975,-1.424760019,-1.416726882,-1.416188999,-1.41307456,-1.413260088,-1.414682745,-1.420844628,-1.414010161,-1.410700889,-1.409777671,-1.408949868,-1.420041916,-1.423211223,-1.430287079,-1.425617975,-1.421601702,-1.431222494,-1.434295869,-1.437520977,-1.44380552,-1.451964564,-1.455317993,5.6
34,-1.457947641,-1.473813015,-1.446943254,-1.451820659,-1.439828182,-1.440342471,-1.43348037,-1.420457637,-1.427758822,-1.422007303,-1.42145987,-1.433608128,-1.42865121,-1.41711776,-1.438322794,-1.427890309,-1.424851747,-1.433848451,-1.433338386,-1.425445207,-1.436225501,-1.427561185,-1.430739041,-1.434456317,-1.433855277,-1.433015281,-1.43035351,-1.433059474,-1.42604499,-1.427722181,-1.426036484,-1.42474878,-1.417001121,-1.420202728,-1.413296476,-1.414796216,-1.410626147,-1.410408388,-1.406565672,-1.412669178,-1.411218172,-1.407195411,-1.409074033,-1.404445196,-1.411218323,-1.407899075,-1.40778578,-1.409217934,-1.405346322,-1.403648731,-1.40548088,-1.404986714,-1.412155124,-1.41451503,-1.410322327,-1.408861011,-1.409975312,-1.405311671,-1.399978655,-1.406044815,-1.405951363,-1.399432111,-1.398650617,-1.39823963,-1.390613866,-1.388844461,-1.391739903,-1.391323493,-1.388734924,-1.390372028,-1.389415672,-1.377789797,-1.367759281,-1.37014175,-1.362049336,-1.36243158,-1.362137423,-1.365655702,-1.35983758,-1.361499891,-1.36791378,-1.367830517,-1.367935076,-1.36086277,-1.363709836,-1.365138545,-1.366275358,-1.370032496,-1.376058478,-1.373663618,-1.377328832,-1.380089259,-1.382775068,-1.38404212,-1.382833972,-1.382582169,-1.384955134,-1.389735301,-1.387880236,-1.393428757,-1.393042833,-1.394464431,-1.387173415,-1.387135939,-1.38308722,-1.385933709,-1.3925166,-1.392609122,-1.394180342,-1.393336457,-1.39666245,-1.399913681,-1.397097603,-1.394077978,-1.400806656,-1.395963217,-1.392240496,-1.384323274,-1.390952221,-1.396142772,-1.398813314,-1.398096064,-1.402708344,-1.403123996,-1.403345167,-1.396725697,-1.404566761,-1.400598964,-1.400085923,-1.399474957,-1.394612604,-1.393301299,-1.39921484,-1.396958733,-1.392144964,-1.394011165,-1.401758905,-1.40382249,-1.404575498,-1.408235059,-1.399471511,-1.398358886,-1.392573055,-1.389025848,-1.388608504,-1.377944328,-1.370773166,-1.370685114,-1.367450158,-1.370573868,-1.372856025,-1.380021232,-1.389989757,-1.380782134,-1.379070564,-1.377749627,-1.375642936,-1.378178945,-1.38681208,-1.37939967,-1.377691967,-1.373507772,-1.372488592,-1.389408817,-1.385823298,-1.395325504,-1.390571327,-1.389579662,-1.395883318,-1.398412333,-1.403169643,-1.40981813,-1.419648742,-1.424262901,5.6
35,-1.352056908,-1.338968861,-1.346628346,-1.325431708,-1.342056348,-1.340666258,-1.335305832,-1.320127004,-1.345484787,-1.312004478,-1.333483068,-1.32316903,-1.328004628,-1.320401932,-1.325542091,-1.327732821,-1.328967085,-1.329338122,-1.334518187,-1.332656418,-1.342077068,-1.33769002,-1.349866436,-1.339112807,-1.33733164,-1.341207904,-1.342664232,-1.343954134,-1.335223688,-1.336858926,-1.335702052,-1.336114941,-1.337390429,-1.327197781,-1.32177965,-1.320973515,-1.317622793,-1.304898792,-1.309382741,-1.305463571,-1.305763583,-1.308430742,-1.308337239,-1.306521783,-1.299262997,-1.303841164,-1.30840785,-1.303115563,-1.306246777,-1.303877163,-1.314795535,-1.313088305,-1.313949353,-1.316758436,-1.311526226,-1.315400028,-1.310218655,-1.308985046,-1.298947476,-1.299212025,-1.297536121,-1.298800942,-1.297483209,-1.290555613,-1.284127074,-1.292638773,-1.29104364,-1.282500312,-1.277305696,-1.274261398,-1.270509509,-1.259146438,-1.248433385,-1.24797531,-1.247841142,-1.249264864,-1.24996015,-1.251173009,-1.24609301,-1.248040677,-1.247129112,-1.246211051,-1.247656027,-1.247512767,-1.249703894,-1.251364359,-1.257782459,-1.251838443,-1.250046268,-1.246997499,-1.250441576,-1.254493614,-1.26135551,-1.264819743,-1.265746793,-1.268867252,-1.266727953,-1.264388501,-1.273839222,-1.27226898,-1.281026668,-1.281923621,-1.276819424,-1.274781806,-1.282476148,-1.287388327,-1.28878541,-1.291390224,-1.296725356,-1.296061993,-1.285140356,-1.279205384,-1.279339722,-1.282318538,-1.28033824,-1.281476366,-1.287287773,-1.297095443,-1.293530058,-1.296097663,-1.292906506,-1.288290946,-1.285744788,-1.286685102,-1.283482428,-1.289516909,-1.287070815,-1.284217411,-1.282254604,-1.280437716,-1.292349794,-1.292185095,-1.291373673,-1.290746309,-1.288395154,-1.285604455,-1.286876417,-1.274067745,-1.280145461,-1.274945831,-1.280660983,-1.279278435,-1.286328237,-1.285637519,-1.281599412,-1.278973621,-1.275498609,-1.274108224,-1.273996079,-1.277135144,-1.276673101,-1.280796776,-1.27764027,-1.274492348,-1.274405133,-1.264856681,-1.267702672,-1.265434819,-1.272044468,-1.279720703,-1.281851405,-1.279195347,-1.280274859,-1.287439025,-1.281751736,-1.279970505,-1.277135112,-1.275045108,-1.290143192,-1.292293616,-1.29678705,-1.291770769,-1.301853775,-1.30679198,4.549725266
36,-1.547032294,-1.542319428,-1.544853273,-1.541197673,-1.542500066,-1.545463581,-1.540936947,-1.546385017,-1.525543977,-1.532097112,-1.528696374,-1.533379469,-1.529139829,-1.53307452,-1.532900352,-1.530062753,-1.533699339,-1.532722837,-1.532744734,-1.537957549,-1.537349873,-1.537087042,-1.538538465,-1.54138191,-1.53669463,-1.53630348,-1.535396605,-1.5385995,-1.538259045,-1.533266562,-1.531545979,-1.530206804,-1.529751561,-1.527415613,-1.53555155,-1.532251641,-1.525964727,-1.523004055,-1.531127286,-1.530059822,-1.52215017,-1.524284258,-1.52357743,-1.5238074,-1.517609064,-1.520621343,-1.528938014,-1.526377458,-1.528230683,-1.528762705,-1.532642442,-1.530179618,-1.527225503,-1.526588572,-1.528242171,-1.526983984,-1.517286407,-1.52307474,-1.523030791,-1.528951217,-1.521342487,-1.518886193,-1.522825044,-1.523816745,-1.519501672,-1.518652693,-1.51310696,-1.519700202,-1.524670289,-1.524444707,-1.525015115,-1.524811137,-1.523540312,-1.523053187,-1.516816008,-1.514944415,-1.5118441,-1.518741186,-1.518846252,-1.514744062,-1.51407936,-1.51526435,-1.509551849,-1.511255692,-1.505749566,-1.505388015,-1.514410099,-1.510315201,-1.510278669,-1.516277071,-1.519417371,-1.5151604,-1.514571512,-1.518778054,-1.517680611,-1.517127539,-1.515543226,-1.515620927,-1.515699195,-1.508007832,-1.506120382,-1.512296642,-1.513323565,-1.522624177,-1.523055747,-1.527348944,-1.529853668,-1.533145359,-1.532685715,-1.533612788,-1.525181025,-1.522000016,-1.523317498,-1.527678505,-1.536824379,-1.540265357,-1.540662234,-1.534226706,-1.529827888,-1.531089857,-1.530377317,-1.535784481,-1.535014315,-1.532920165,-1.533394468,-1.533053025,-1.535146956,-1.528720089,-1.533330898,-1.533059349,-1.531737387,-1.534950505,-1.533897567,-1.525828203,-1.526156129,-1.527101998,-1.529405468,-1.529710035,-1.539446061,-1.538266601,-1.537485751,-1.537068193,-1.53247012,-1.524131292,-1.514109052,-1.508898195,-1.5155244,-1.52276929,-1.531355046,-1.526050059,-1.523249358,-1.528872414,-1.533634639,-1.529154279,-1.520680828,-1.524971202,-1.522079505,-1.523015079,-1.5183624,-1.520639996,-1.527993865,-1.528646989,-1.531794939,-1.527522019,-1.532260953,-1.526842517,-1.526771271,-1.528461617,-1.527224847,-1.537244896,-1.53594442,-1.540267846,-1.534674143,-1.534528854,4.149698784249286
37,-1.557472862,-1.552676175,-1.558569683,-1.548243551,-1.550142863,-1.555397014,-1.558490043,-1.551569333,-1.537602099,-1.541238632,-1.540767273,-1.545298602,-1.53816083,-1.545356468,-1.541562849,-1.54036934,-1.542204655,-1.542688941,-1.544585677,-1.547110887,-1.544365477,-1.545182389,-1.547212043,-1.550409061,-1.545349967,-1.544705579,-1.547204467,-1.54711463,-1.546901749,-1.54339262,-1.540643691,-1.5404409,-1.539366371,-1.537226841,-1.54548389,-1.539899706,-1.534787231,-1.531857011,-1.539304358,-1.537786702,-1.531272639,-1.533007631,-1.531215543,-1.530648508,-1.527154612,-1.529025774,-1.537232965,-1.535785349,-1.535962474,-1.536881434,-1.541373583,-1.53912476,-1.536320216,-1.535178563,-1.537202136,-1.536045988,-1.525519925,-1.531722383,-1.532045557,-1.537383022,-1.52956848,-1.527343822,-1.531750401,-1.532535346,-1.528566859,-1.527921695,-1.522101514,-1.528693593,-1.533042821,-1.5338387,-1.53376272,-1.533865184,-1.53264151,-1.532729643,-1.526202039,-1.523654147,-1.521248821,-1.526874423,-1.528371146,-1.524094816,-1.522632928,-1.523379964,-1.518041808,-1.518968478,-1.514173998,-1.514245975,-1.523024592,-1.519329798,-1.518926112,-1.525494988,-1.527608636,-1.523283325,-1.52197675,-1.527175836,-1.526380532,-1.525427783,-1.524701408,-1.523071519,-1.523990276,-1.516291622,-1.513516292,-1.519422233,-1.520338169,-1.530924752,-1.531519843,-1.534555636,-1.535894598,-1.539887003,-1.540141905,-1.540351371,-1.532317253,-1.528474005,-1.529857304,-1.534379273,-1.544703088,-1.548221058,-1.548574354,-1.542478765,-1.537549678,-1.538408003,-1.537517355,-1.543798804,-1.543502601,-1.541200743,-1.54138539,-1.54102507,-1.543630227,-1.5373427,-1.542186584,-1.540779776,-1.540763703,-1.544731246,-1.543506188,-1.535075895,-1.535166048,-1.536291108,-1.538025342,-1.537590043,-1.547074992,-1.545956191,-1.547500458,-1.545844069,-1.540305599,-1.532919491,-1.523033469,-1.517283507,-1.522623965,-1.529246482,-1.538068976,-1.533280152,-1.530063227,-1.536700588,-1.540492846,-1.536766661,-1.528461171,-1.533971476,-1.530389979,-1.532383098,-1.527368732,-1.530456432,-1.538196539,-1.537302355,-1.541726107,-1.536086685,-1.543090599,-1.53784947,-1.537789211,-1.536793648,-1.537824472,-1.547818938,-1.548608346,-1.551365403,-1.54436763,-1.544539159,4.049691346263317
38,-1.505338314,-1.491398067,-1.498791382,-1.501432568,-1.492001081,-1.49331609,-1.487144062,-1.495615572,-1.488215615,-1.481095325,-1.485273838,-1.484935357,-1.483224439,-1.492262748,-1.490753773,-1.486813448,-1.489920736,-1.481355391,-1.478932763,-1.486151078,-1.493746091,-1.496123794,-1.491397214,-1.490784679,-1.489761104,-1.490161078,-1.4913885,-1.485259472,-1.489785072,-1.486742495,-1.490407738,-1.487822552,-1.488326809,-1.4850651,-1.485318491,-1.481908325,-1.480453988,-1.476175044,-1.47527668,-1.474349264,-1.472691709,-1.474520684,-1.473385965,-1.475818525,-1.469682697,-1.476793224,-1.478938805,-1.479952826,-1.479123722,-1.471630695,-1.47484598,-1.474256103,-1.475387379,-1.475110392,-1.47344613,-1.480781454,-1.482070441,-1.477370317,-1.470607902,-1.469514423,-1.47231533,-1.471796086,-1.46685677,-1.469668925,-1.462477534,-1.464766821,-1.46842099,-1.467975209,-1.468141321,-1.467075329,-1.456960116,-1.449172392,-1.449914984,-1.457272426,-1.459821034,-1.450820719,-1.448731807,-1.444479344,-1.443881464,-1.449380692,-1.455275197,-1.452541947,-1.449433164,-1.447067805,-1.449519336,-1.454217807,-1.460176086,-1.462315198,-1.459717439,-1.458941291,-1.459546536,-1.464653449,-1.462348878,-1.46721521,-1.468844471,-1.472422773,-1.472911019,-1.474604158,-1.474342245,-1.46953422,-1.467224706,-1.46395547,-1.473129277,-1.475487982,-1.47689198,-1.476381232,-1.479034864,-1.48072363,-1.481846703,-1.480640649,-1.484537792,-1.485942014,-1.487267632,-1.485904934,-1.493695106,-1.492218052,-1.488367994,-1.48205966,-1.482802851,-1.480794707,-1.479026111,-1.476833481,-1.474365936,-1.476392244,-1.48375439,-1.483182266,-1.481980716,-1.478103902,-1.475927585,-1.481823028,-1.4886981,-1.494257321,-1.490122428,-1.478107441,-1.471786158,-1.468277582,-1.47468307,-1.478203185,-1.47801188,-1.479292498,-1.476064758,-1.478497685,-1.478646332,-1.475314736,-1.468339654,-1.461246305,-1.461445248,-1.46539232,-1.469187885,-1.466665754,-1.461867417,-1.460379128,-1.462317302,-1.455935037,-1.461767865,-1.46524212,-1.474385319,-1.478613289,-1.483162015,-1.484135928,-1.492121418,-1.491148132,-1.481939567,-1.470719106,-1.470985851,-1.469537305,-1.462018106,-1.464217173,-1.467941026,-1.470511242,-1.474316853,-1.473365721,-1.480245821,-1.48293798,5
39,-1.511711914,-1.511071574,-1.525267067,-1.515773808,-1.513167469,-1.514013202,-1.516199277,-1.510754411,-1.509233578,-1.498823126,-1.5097484,-1.505481166,-1.501789411,-1.504877542,-1.503969314,-1.510671408,-1.513550865,-1.508005266,-1.509424957,-1.513526407,-1.508399753,-1.513127262,-1.510662353,-1.510276383,-1.510742635,-1.51132733,-1.517190434,-1.51241231,-1.510889061,-1.50968131,-1.510302184,-1.50956862,-1.508127699,-1.506383684,-1.505822828,-1.498578154,-1.494893918,-1.491650262,-1.497274939,-1.498599982,-1.492617047,-1.497202709,-1.496476721,-1.494473962,-1.493666357,-1.496759845,-1.497877913,-1.500212805,-1.49362069,-1.491864337,-1.497262899,-1.494822775,-1.493619701,-1.49868985,-1.498242366,-1.496141427,-1.493974101,-1.495040237,-1.486529161,-1.49420479,-1.493751713,-1.497365681,-1.496733346,-1.493233407,-1.489538366,-1.485889083,-1.480174272,-1.480287788,-1.479667365,-1.484126798,-1.488529711,-1.481975779,-1.479988197,-1.481441847,-1.483810104,-1.47757665,-1.473869799,-1.47945226,-1.479132658,-1.477798654,-1.479292384,-1.479458285,-1.479878424,-1.48080595,-1.482766297,-1.481759486,-1.480141098,-1.477603071,-1.47482854,-1.475945103,-1.477067638,-1.484121212,-1.486741743,-1.487582179,-1.486674356,-1.483844993,-1.484716885,-1.485024457,-1.488038046,-1.486116071,-1.485538149,-1.487131973,-1.490950427,-1.488648812,-1.491116952,-1.491127974,-1.488991338,-1.492010501,-1.489761542,-1.49037157,-1.489589874,-1.490363491,-1.493207888,-1.493747307,-1.498604117,-1.494590502,-1.488792005,-1.489220392,-1.488856023,-1.492154939,-1.49051825,-1.488153553,-1.495033071,-1.48841958,-1.48206032,-1.485238216,-1.487370518,-1.486186489,-1.486074187,-1.487549551,-1.489820997,-1.490247076,-1.48893291,-1.491496268,-1.503959146,-1.502827607,-1.499212295,-1.496688399,-1.498329136,-1.502009536,-1.502020837,-1.504136175,-1.50231195,-1.496116781,-1.486692046,-1.483252909,-1.486759448,-1.489308828,-1.494942032,-1.496107472,-1.490370906,-1.494729407,-1.493521963,-1.495238698,-1.496750145,-1.493018718,-1.496936944,-1.495073406,-1.488610273,-1.48598721,-1.488513073,-1.490581315,-1.495342061,-1.495005531,-1.501707924,-1.501526474,-1.50604028,-1.501467627,-1.500779602,-1.499009839,-1.498263089,-1.499248766,-1.502229182,-1.505148242,5.649778756730214
40,-1.501012813,-1.486745467,-1.508282733,-1.498735639,-1.493694904,-1.491768105,-1.498962396,-1.488657128,-1.490215213,-1.477060575,-1.489642688,-1.487579937,-1.482973777,-1.482668399,-1.482703322,-1.487949037,-1.494056385,-1.485022545,-1.488118084,-1.493128117,-1.485132644,-1.48950609,-1.489683518,-1.487360266,-1.487681541,-1.489741709,-1.496404208,-1.489702425,-1.490193474,-1.486956232,-1.487242242,-1.490047746,-1.485061718,-1.485109385,-1.483656224,-1.478461178,-1.472832828,-1.468856579,-1.473914974,-1.475791895,-1.469988448,-1.475293879,-1.474011664,-1.471745679,-1.470129526,-1.47447242,-1.474214567,-1.477051555,-1.471570521,-1.470117912,-1.474361617,-1.471987653,-1.471923261,-1.47674281,-1.476667636,-1.474016732,-1.47251354,-1.473204685,-1.464655409,-1.471995838,-1.47291105,-1.47610867,-1.474496752,-1.47176759,-1.467385467,-1.463698853,-1.4582458,-1.458389497,-1.457706476,-1.461416909,-1.465254538,-1.457800354,-1.455221905,-1.456727861,-1.458953746,-1.452742732,-1.449778907,-1.455076071,-1.455244505,-1.454878054,-1.454253474,-1.455602499,-1.454855612,-1.456453633,-1.45870924,-1.457651202,-1.456470054,-1.454357511,-1.452170824,-1.454165266,-1.45399356,-1.461217763,-1.464628984,-1.464969724,-1.463876995,-1.462450561,-1.462103298,-1.462797691,-1.466374101,-1.465135315,-1.464204069,-1.466037059,-1.468983847,-1.467004815,-1.468705835,-1.469013268,-1.467150478,-1.47005778,-1.468380895,-1.469510627,-1.46804427,-1.469318251,-1.471973935,-1.473217117,-1.477406968,-1.472765138,-1.467391221,-1.469166161,-1.468171555,-1.471005388,-1.468601219,-1.466822868,-1.473080317,-1.467596051,-1.46288293,-1.466769621,-1.467718773,-1.465806399,-1.465753624,-1.467203892,-1.470097747,-1.470834995,-1.470240155,-1.472362155,-1.484482342,-1.48245493,-1.479535988,-1.476073512,-1.478755746,-1.481821239,-1.481520956,-1.483758612,-1.482095737,-1.475681109,-1.467283183,-1.46342578,-1.466928213,-1.46770809,-1.474229178,-1.476978334,-1.47016479,-1.473689145,-1.473745313,-1.475122902,-1.477761002,-1.47275975,-1.476588178,-1.47703609,-1.469278595,-1.468220148,-1.46966746,-1.473692393,-1.47693279,-1.478791923,-1.484428011,-1.483628841,-1.492630157,-1.488214816,-1.486244053,-1.483420858,-1.482352079,-1.481404989,-1.486623747,-1.487711469,6.3
41,-1.450165264,-1.44719504,-1.460139094,-1.448933837,-1.447015724,-1.444370185,-1.457270048,-1.430772154,-1.448920006,-1.427718767,-1.439968496,-1.440958764,-1.428635199,-1.435586431,-1.436480102,-1.441757566,-1.441280332,-1.437205992,-1.441613135,-1.446419446,-1.434136171,-1.442216531,-1.440048453,-1.437961279,-1.437109164,-1.439952403,-1.449040396,-1.440893795,-1.437345825,-1.436922958,-1.434689478,-1.438632084,-1.432631698,-1.430928682,-1.428981855,-1.422483115,-1.419097703,-1.415037246,-1.418351705,-1.422732155,-1.415418015,-1.42037235,-1.419688994,-1.417592366,-1.414353207,-1.420537714,-1.420001679,-1.421894494,-1.417215823,-1.414456911,-1.418057453,-1.417203123,-1.415296741,-1.419451969,-1.420121469,-1.416536836,-1.417261327,-1.417348577,-1.406246548,-1.414522868,-1.414688021,-1.41829492,-1.416943781,-1.413335688,-1.407869643,-1.404051355,-1.397523407,-1.397992803,-1.397075392,-1.400808147,-1.405168455,-1.3971713,-1.393014669,-1.39409853,-1.395694976,-1.389537624,-1.387036031,-1.391612471,-1.39134164,-1.392074081,-1.39041561,-1.391149977,-1.391062151,-1.391619364,-1.394104014,-1.394244155,-1.393129135,-1.39062834,-1.387763568,-1.390577561,-1.389702726,-1.398201808,-1.40170854,-1.402782345,-1.403072862,-1.400097138,-1.400505779,-1.401440149,-1.404187998,-1.401381595,-1.401224449,-1.40238402,-1.405625222,-1.402542705,-1.406097865,-1.406645663,-1.404009103,-1.407400563,-1.405354275,-1.405479211,-1.40372659,-1.40638735,-1.409242497,-1.409999254,-1.415493191,-1.409566636,-1.404847618,-1.405521103,-1.403964086,-1.406843793,-1.404326287,-1.402163293,-1.408859804,-1.401615646,-1.396591507,-1.400881684,-1.402218727,-1.401262186,-1.401010454,-1.401921503,-1.405772644,-1.404796543,-1.40434718,-1.407781671,-1.41672416,-1.416684543,-1.415882098,-1.411483939,-1.415248056,-1.41610434,-1.415154716,-1.418002032,-1.415960805,-1.407533503,-1.397008217,-1.393759286,-1.395517535,-1.396002772,-1.400741047,-1.402297567,-1.395144842,-1.40060337,-1.398983012,-1.402586006,-1.405528035,-1.399715904,-1.405323527,-1.403854709,-1.396695759,-1.394811309,-1.397939313,-1.400937645,-1.404779952,-1.406093945,-1.41238008,-1.410212493,-1.423735641,-1.418870417,-1.414787429,-1.41172776,-1.414039201,-1.413508328,-1.419614266,-1.421501371,5.2497618993626745
42,-1.691887968,-1.686704467,-1.687021575,-1.687921845,-1.688593291,-1.686255559,-1.685887808,-1.687021697,-1.686117063,-1.683043044,-1.684119672,-1.682298345,-1.684023261,-1.685002358,-1.686187565,-1.685473011,-1.685659148,-1.67900498,-1.679388212,-1.68508961,-1.69232122,-1.692907317,-1.690418365,-1.688102956,-1.688238781,-1.688919395,-1.690608821,-1.686589788,-1.688611118,-1.688629007,-1.689002507,-1.687585966,-1.688132785,-1.687803005,-1.68711456,-1.68408183,-1.683623633,-1.681022855,-1.680722935,-1.678065083,-1.678017935,-1.678745737,-1.677178217,-1.679095484,-1.675679315,-1.680947832,-1.683476022,-1.683410408,-1.681880363,-1.674704288,-1.676844183,-1.676711869,-1.67811737,-1.677178675,-1.677269124,-1.684413245,-1.686877333,-1.679274776,-1.675056748,-1.672990032,-1.676920939,-1.675056285,-1.670872137,-1.674034504,-1.667700314,-1.669841922,-1.673227515,-1.675306428,-1.674500483,-1.673748458,-1.663855731,-1.657269798,-1.65814611,-1.665690965,-1.669149493,-1.660746499,-1.658044654,-1.655181348,-1.654307457,-1.660022327,-1.666079668,-1.662244971,-1.658501366,-1.657724979,-1.66019377,-1.664108559,-1.669351716,-1.671230081,-1.670188401,-1.668381893,-1.66786566,-1.672721433,-1.671558343,-1.676256524,-1.677526972,-1.680706342,-1.681855778,-1.683381476,-1.681999747,-1.679662701,-1.674298844,-1.672598057,-1.679869501,-1.68359298,-1.683427443,-1.683506321,-1.686174067,-1.687594169,-1.687533739,-1.686603044,-1.689263017,-1.691624831,-1.69202753,-1.691488445,-1.699054577,-1.697881715,-1.693605226,-1.688153989,-1.687990302,-1.68508921,-1.68398049,-1.682131408,-1.679833985,-1.681167963,-1.688845962,-1.688367122,-1.685286163,-1.682417776,-1.680249114,-1.686573567,-1.692543558,-1.698179974,-1.692804266,-1.680483931,-1.675748783,-1.672560526,-1.67724461,-1.681768395,-1.682225421,-1.684028265,-1.680030921,-1.681172746,-1.682732475,-1.679629292,-1.67434685,-1.667711101,-1.668072991,-1.67339857,-1.676497212,-1.674571648,-1.670250849,-1.668409254,-1.669890549,-1.665234042,-1.667645505,-1.673184723,-1.682414198,-1.686186726,-1.689477241,-1.691591505,-1.696807019,-1.697275057,-1.689567695,-1.678358715,-1.678043418,-1.676102068,-1.671774987,-1.67290896,-1.673702903,-1.67538513,-1.677698411,-1.676078461,-1.679312419,-1.683827623,6.449806198638839
43,-1.724789248,-1.717827623,-1.717781537,-1.720984709,-1.717242212,-1.718112057,-1.715052105,-1.721741888,-1.715358779,-1.714096662,-1.715662362,-1.713364542,-1.714315892,-1.717860862,-1.717636481,-1.717800511,-1.71733099,-1.711804782,-1.709761799,-1.715272678,-1.722785987,-1.723833066,-1.720956237,-1.718576899,-1.718901615,-1.720044577,-1.721146969,-1.716352722,-1.719236013,-1.718711218,-1.719317789,-1.718122354,-1.718085597,-1.718010405,-1.717432941,-1.714139229,-1.712961606,-1.710851181,-1.710995538,-1.708272457,-1.707186521,-1.708762568,-1.707544946,-1.70982306,-1.705767818,-1.711466352,-1.713949562,-1.714531201,-1.713237518,-1.705834295,-1.707801158,-1.707221054,-1.708878595,-1.70826741,-1.707830637,-1.71497225,-1.717336612,-1.709302922,-1.705426224,-1.703250638,-1.707755886,-1.706272964,-1.701236352,-1.704844516,-1.698462709,-1.700731273,-1.704889201,-1.706178934,-1.705117481,-1.705177488,-1.695089691,-1.689035905,-1.690941065,-1.697869579,-1.701957573,-1.69339668,-1.69033825,-1.687920543,-1.687010342,-1.692810504,-1.698252013,-1.694377935,-1.691146758,-1.690616661,-1.69254119,-1.69656243,-1.701875826,-1.703658459,-1.702403625,-1.701133418,-1.700590546,-1.705866313,-1.705632976,-1.709463839,-1.709981548,-1.713392166,-1.714201626,-1.715595019,-1.714442272,-1.712014755,-1.7071915,-1.706040587,-1.712873312,-1.717089331,-1.717083646,-1.716349419,-1.719385273,-1.720822967,-1.720662695,-1.718928848,-1.721374978,-1.723498365,-1.723675011,-1.722602595,-1.729653423,-1.727918139,-1.723833399,-1.718403595,-1.718732345,-1.716075463,-1.713991366,-1.712039488,-1.708896887,-1.710902028,-1.718144826,-1.717499323,-1.714444945,-1.711676123,-1.710298975,-1.715986935,-1.72213294,-1.727271523,-1.721808929,-1.710428592,-1.705815732,-1.702562968,-1.70745025,-1.712002629,-1.712180528,-1.714364575,-1.710088851,-1.713553877,-1.715049701,-1.711963756,-1.707669407,-1.701339081,-1.701668185,-1.707319235,-1.710406849,-1.708175388,-1.704859131,-1.70237854,-1.704702043,-1.700097867,-1.702896424,-1.70888032,-1.718424352,-1.72233772,-1.725049097,-1.727198205,-1.732316539,-1.733434345,-1.723907803,-1.71317968,-1.713738725,-1.712160432,-1.707737083,-1.709089766,-1.709479048,-1.711675092,-1.713322054,-1.712034305,-1.715674268,-1.717787094,5.3
44,-1.594791407,-1.595724872,-1.57775079,-1.58218684,-1.577334223,-1.574145096,-1.566864817,-1.577352046,-1.569040352,-1.571012007,-1.566287713,-1.566800984,-1.567885587,-1.563308641,-1.569989605,-1.563711246,-1.561243252,-1.573208271,-1.568083435,-1.566600775,-1.569739798,-1.566492163,-1.565895175,-1.570534075,-1.568672282,-1.56437915,-1.563599177,-1.568080252,-1.56579234,-1.565962986,-1.564148971,-1.561229271,-1.559211764,-1.558332963,-1.552057197,-1.549302045,-1.551323092,-1.550901991,-1.54831002,-1.545168657,-1.544773398,-1.545778249,-1.544853856,-1.546551031,-1.54591419,-1.546011802,-1.544472243,-1.54446339,-1.547069497,-1.543514424,-1.548251726,-1.550797481,-1.544997484,-1.548369533,-1.542963687,-1.544758867,-1.543252075,-1.547137046,-1.546542181,-1.543982351,-1.54295638,-1.536340502,-1.540991193,-1.53627142,-1.532015796,-1.538280821,-1.538834126,-1.537496071,-1.534499176,-1.529996347,-1.529316061,-1.525997377,-1.522087515,-1.524694839,-1.524218765,-1.526107409,-1.526295657,-1.524805449,-1.522198674,-1.520343663,-1.527756419,-1.525808936,-1.523235144,-1.52619972,-1.527090528,-1.529179191,-1.530435287,-1.537125745,-1.535462042,-1.534524977,-1.529794451,-1.530390618,-1.534256836,-1.529568416,-1.525569579,-1.527064039,-1.532651982,-1.536627982,-1.534258001,-1.530070082,-1.531762209,-1.535361938,-1.536300505,-1.544098264,-1.545449372,-1.548291825,-1.547833334,-1.534702939,-1.529445419,-1.530511176,-1.527072544,-1.533618896,-1.537474001,-1.539893028,-1.542801536,-1.543463505,-1.540285988,-1.540427049,-1.539415176,-1.540406795,-1.537694284,-1.54037619,-1.544195208,-1.544294723,-1.540014508,-1.536869729,-1.535825433,-1.534460014,-1.538927355,-1.536951621,-1.536472815,-1.540427497,-1.541175403,-1.53936916,-1.542728793,-1.541422468,-1.540100068,-1.536193039,-1.53959073,-1.537924519,-1.53930882,-1.541920564,-1.545414377,-1.543613985,-1.538024423,-1.532785385,-1.535520152,-1.533034006,-1.528157132,-1.534369891,-1.536548737,-1.530904154,-1.52739584,-1.521894284,-1.527079267,-1.53244202,-1.536794895,-1.533271461,-1.527522123,-1.533889643,-1.537684047,-1.533653081,-1.535331054,-1.5364382,-1.535097658,-1.535342731,-1.535835424,-1.533816413,-1.543509174,-1.541755402,-1.546385179,-1.54320044,-1.545191944,-1.546087605,5.1
45,-1.421457408,-1.414188845,-1.366885583,-1.384274216,-1.378736977,-1.374993982,-1.36254351,-1.378244644,-1.357189264,-1.35897817,-1.34576265,-1.351819457,-1.356856082,-1.343247031,-1.359385657,-1.346798012,-1.342129739,-1.351326109,-1.350576014,-1.340704059,-1.352112562,-1.341145999,-1.343543086,-1.34561695,-1.345654424,-1.337549353,-1.328413865,-1.339554427,-1.335418818,-1.339128729,-1.334484132,-1.330819825,-1.323225843,-1.32873629,-1.314030524,-1.311198484,-1.310444512,-1.312911603,-1.308100945,-1.298035472,-1.301902022,-1.299611252,-1.297321792,-1.298767109,-1.299585194,-1.297286541,-1.296479766,-1.296130877,-1.298643623,-1.292420753,-1.297009737,-1.303078857,-1.293522458,-1.299163691,-1.288526664,-1.292679021,-1.293591034,-1.295758575,-1.296136058,-1.290184961,-1.287453246,-1.278109959,-1.284923047,-1.277216565,-1.270139665,-1.276820715,-1.277028024,-1.272942946,-1.268827475,-1.262969516,-1.261486542,-1.254172065,-1.248626529,-1.250910176,-1.247185816,-1.248679523,-1.246270419,-1.244032143,-1.241968552,-1.238417877,-1.248190071,-1.245649284,-1.241947147,-1.246038096,-1.24907638,-1.249727322,-1.252958784,-1.259869913,-1.259983604,-1.257304306,-1.254089242,-1.255391364,-1.262658186,-1.256006206,-1.250306032,-1.253345514,-1.261271734,-1.2661351,-1.262686737,-1.259876115,-1.260511582,-1.264896702,-1.263611344,-1.275994783,-1.274364159,-1.277849099,-1.280477157,-1.263982041,-1.259642976,-1.264018099,-1.256803261,-1.266087802,-1.267784828,-1.272184447,-1.273938366,-1.274436443,-1.271280761,-1.272356044,-1.269209316,-1.269294688,-1.268869177,-1.273788034,-1.274766869,-1.27560985,-1.269391415,-1.267012904,-1.264639901,-1.263671053,-1.268963443,-1.267594544,-1.264577803,-1.271491741,-1.271184643,-1.269852077,-1.273080283,-1.271899811,-1.270697538,-1.267288724,-1.269126713,-1.26836355,-1.268935037,-1.269808316,-1.269033059,-1.261301695,-1.25921436,-1.249086974,-1.25605717,-1.254015955,-1.245949151,-1.250117116,-1.255352456,-1.246791426,-1.247558436,-1.24094515,-1.244516858,-1.248298179,-1.259160395,-1.252704176,-1.246830253,-1.25551171,-1.260093483,-1.256823649,-1.257111041,-1.26445583,-1.259372704,-1.258364338,-1.256386118,-1.258612013,-1.278238831,-1.272864167,-1.283830006,-1.28588868,-1.289561405,-1.29398052,6.199193495931548
46,-1.517257616,-1.510884643,-1.479348979,-1.485384605,-1.477051904,-1.479887158,-1.464650415,-1.482090761,-1.463977738,-1.463224077,-1.452198934,-1.457078406,-1.46015443,-1.451761674,-1.460275591,-1.448755778,-1.447130784,-1.457256317,-1.454394809,-1.449077052,-1.457412427,-1.443899387,-1.448464933,-1.450996277,-1.45101926,-1.445179509,-1.436266087,-1.446856528,-1.442346117,-1.445198566,-1.440880586,-1.440022565,-1.431732885,-1.435365215,-1.426338941,-1.419867377,-1.422681009,-1.426319403,-1.420537829,-1.414626284,-1.417041342,-1.415884969,-1.415634941,-1.415642937,-1.41666577,-1.416192724,-1.412960674,-1.414734948,-1.41785751,-1.413733107,-1.417474782,-1.421496832,-1.413465349,-1.417829707,-1.409952338,-1.412289444,-1.413107149,-1.415273494,-1.416149975,-1.412829182,-1.41032621,-1.403552463,-1.409207664,-1.402465204,-1.398087613,-1.404903509,-1.404633799,-1.402500026,-1.39915255,-1.394810769,-1.394111353,-1.387686343,-1.384719857,-1.387002324,-1.384465862,-1.385815729,-1.384647749,-1.38319214,-1.380932051,-1.378843062,-1.386076212,-1.383984718,-1.3801565,-1.383803112,-1.386752953,-1.388063243,-1.389124031,-1.396044134,-1.395203668,-1.394077133,-1.389581304,-1.390356884,-1.396616926,-1.391099175,-1.385823026,-1.388018155,-1.394427399,-1.399728436,-1.397070942,-1.393582854,-1.394193342,-1.3992498,-1.397343266,-1.40842524,-1.408360889,-1.410259661,-1.412222262,-1.397010396,-1.39415203,-1.395753295,-1.390569604,-1.397994087,-1.400553261,-1.404902388,-1.407792573,-1.407837668,-1.404454307,-1.405984454,-1.403104969,-1.404514009,-1.403706383,-1.408622402,-1.409301483,-1.410125062,-1.406069856,-1.401788338,-1.401921777,-1.399072878,-1.404866832,-1.403751769,-1.402969834,-1.407287075,-1.406768707,-1.406400188,-1.408523105,-1.409185516,-1.407485988,-1.404415169,-1.406768141,-1.405449552,-1.40617597,-1.409190871,-1.411649224,-1.40297211,-1.400104245,-1.394875179,-1.397307823,-1.395063763,-1.389875464,-1.395001867,-1.399849068,-1.392164261,-1.390515465,-1.385630947,-1.389465276,-1.393363988,-1.401579405,-1.398795557,-1.391119131,-1.400338178,-1.403820136,-1.400242172,-1.400925886,-1.40679331,-1.402104494,-1.403654238,-1.402962584,-1.401663886,-1.414208604,-1.413254021,-1.422482668,-1.422422474,-1.425776521,-1.42995943,6
47,-1.61381234,-1.616366661,-1.586605973,-1.589467572,-1.585401843,-1.58964644,-1.580262799,-1.586941502,-1.575195581,-1.575503584,-1.569726563,-1.570081695,-1.575200627,-1.564931348,-1.574720786,-1.56602911,-1.562619798,-1.570302137,-1.570884415,-1.567173101,-1.571494304,-1.561412463,-1.563975892,-1.567481145,-1.566494994,-1.56246632,-1.556070701,-1.564447802,-1.561821737,-1.563560863,-1.560937184,-1.558075003,-1.55263936,-1.555626723,-1.5484473,-1.54446801,-1.54648076,-1.549151525,-1.544409333,-1.540723133,-1.54155528,-1.540917041,-1.540505064,-1.54147887,-1.541094169,-1.541113776,-1.538514709,-1.540531658,-1.542399702,-1.538706255,-1.543486327,-1.546266572,-1.539630996,-1.542489723,-1.536891632,-1.538169911,-1.538070494,-1.54184564,-1.542015043,-1.539485895,-1.537389817,-1.530872984,-1.536525655,-1.530565356,-1.52683693,-1.534352777,-1.533502911,-1.532113721,-1.528370499,-1.525083925,-1.524719001,-1.520136278,-1.516983757,-1.518275744,-1.517703568,-1.520308043,-1.518997587,-1.517333684,-1.514976199,-1.513910351,-1.520244657,-1.517955985,-1.514560585,-1.517794217,-1.521420152,-1.521050497,-1.521966943,-1.528395804,-1.527358384,-1.526735901,-1.522170356,-1.52323778,-1.52849085,-1.522031929,-1.517366389,-1.518579225,-1.52459815,-1.528861715,-1.52622075,-1.52338462,-1.524260788,-1.528328594,-1.527555428,-1.536961699,-1.537482463,-1.538780794,-1.539863702,-1.525636293,-1.52173175,-1.522821377,-1.518545915,-1.525487618,-1.528567541,-1.532974753,-1.534968161,-1.535389346,-1.532047848,-1.533251127,-1.531569269,-1.533128863,-1.531288442,-1.535559524,-1.537334218,-1.537869567,-1.534852064,-1.52962904,-1.52909459,-1.526444002,-1.532423769,-1.530650467,-1.529362806,-1.532845878,-1.532688863,-1.531433683,-1.53584509,-1.535474972,-1.535265395,-1.531393374,-1.532968778,-1.532764474,-1.532941364,-1.536188742,-1.5386972,-1.532892684,-1.529313586,-1.525048885,-1.52760397,-1.526787794,-1.521789238,-1.527894847,-1.530787421,-1.523865687,-1.52205535,-1.516786456,-1.52039125,-1.525569871,-1.532106121,-1.529772056,-1.522153399,-1.530274454,-1.534366984,-1.531417178,-1.531363942,-1.535027527,-1.53047466,-1.530657892,-1.530963653,-1.529087016,-1.538614293,-1.53827298,-1.54304419,-1.543521058,-1.543645668,-1.547534002,5.999166608788258
48,-1.578727879,-1.592091749,-1.575185131,-1.574024701,-1.564030865,-1.560802622,-1.55667048,-1.553096627,-1.558888437,-1.551463021,-1.552359133,-1.551829856,-1.555131387,-1.549547149,-1.550046534,-1.542819446,-1.541007198,-1.546646416,-1.548772442,-1.54395882,-1.549157843,-1.542326437,-1.544275303,-1.548412597,-1.543276454,-1.546720964,-1.541250571,-1.544514103,-1.536566057,-1.540724363,-1.539713028,-1.538158029,-1.536193405,-1.536293614,-1.529345944,-1.531167964,-1.5206331,-1.52011803,-1.521882515,-1.522951375,-1.522903973,-1.522138513,-1.519317149,-1.518817908,-1.517060802,-1.518632071,-1.517142634,-1.519800566,-1.523874423,-1.520156741,-1.520718606,-1.517676541,-1.515675517,-1.514757037,-1.516444014,-1.519117225,-1.519219575,-1.516543375,-1.516211276,-1.516862434,-1.515783717,-1.514395683,-1.512357241,-1.512381162,-1.506491269,-1.509881893,-1.511798064,-1.50897842,-1.507072648,-1.50459702,-1.503726779,-1.502568389,-1.501538424,-1.500302794,-1.497366094,-1.497237536,-1.49669051,-1.500463992,-1.492688479,-1.494627412,-1.496153889,-1.499200267,-1.49935763,-1.497196117,-1.492589214,-1.495634132,-1.499589198,-1.495499543,-1.497053577,-1.504102322,-1.504695652,-1.505063615,-1.506197531,-1.502089027,-1.500408783,-1.497076555,-1.499180691,-1.502926949,-1.512016181,-1.510922234,-1.510679514,-1.507075956,-1.503624318,-1.506540327,-1.506694904,-1.50624913,-1.503729228,-1.503605603,-1.508379868,-1.512315784,-1.509538986,-1.516455165,-1.514911254,-1.511285908,-1.508465759,-1.508837549,-1.50406915,-1.498887202,-1.502515099,-1.512323317,-1.517491967,-1.516857288,-1.516929747,-1.513454676,-1.518811777,-1.523661688,-1.51898767,-1.506204187,-1.510357017,-1.50957849,-1.514354383,-1.52134887,-1.517280602,-1.519640084,-1.518718286,-1.510149297,-1.514000479,-1.514193546,-1.513653019,-1.519995573,-1.522786309,-1.519420918,-1.517773171,-1.515172348,-1.514906267,-1.518824512,-1.516877973,-1.519008382,-1.513833827,-1.507754578,-1.51142354,-1.511583065,-1.511017699,-1.510345862,-1.515452353,-1.516570962,-1.514980326,-1.515652984,-1.518525041,-1.511860876,-1.516506616,-1.5142888,-1.520081527,-1.525053344,-1.521549108,-1.516753473,-1.52411154,-1.529479445,-1.525171459,-1.52935328,-1.524994595,-1.53017721,-1.529365961,-1.538808258,5.4
49,-1.579232469,-1.598355816,-1.578029775,-1.577259208,-1.567648817,-1.563653294,-1.55810668,-1.555945188,-1.561831355,-1.551878532,-1.554684582,-1.548734158,-1.554599174,-1.54992683,-1.552360813,-1.546798748,-1.545994471,-1.545175011,-1.548344559,-1.543442498,-1.5511568,-1.541973816,-1.543940315,-1.5495877,-1.543943218,-1.547098819,-1.542226684,-1.545175786,-1.536593657,-1.540868203,-1.539535764,-1.539228666,-1.535579429,-1.535624674,-1.529866777,-1.5305238,-1.520668614,-1.520118149,-1.521695693,-1.522924785,-1.522921434,-1.522176316,-1.519951323,-1.518405805,-1.517513602,-1.518923821,-1.517030261,-1.520468101,-1.522440865,-1.520957104,-1.521074426,-1.517629824,-1.516544157,-1.514819334,-1.515154515,-1.519989781,-1.519549658,-1.515800369,-1.516751098,-1.517011304,-1.514978535,-1.514941293,-1.512396578,-1.512759222,-1.507071332,-1.509933608,-1.510775109,-1.508097276,-1.506626191,-1.50433643,-1.502125738,-1.500591795,-1.499240237,-1.498101252,-1.496295549,-1.495388982,-1.495143024,-1.497492072,-1.491228594,-1.493199695,-1.49355904,-1.497031248,-1.497695384,-1.495383449,-1.490360302,-1.49252539,-1.496797434,-1.493282592,-1.494171648,-1.501347159,-1.501661988,-1.502963623,-1.503217814,-1.499917237,-1.498260811,-1.49470574,-1.496203548,-1.499314875,-1.508904085,-1.507992629,-1.507295831,-1.504141569,-1.499700551,-1.50298518,-1.503712511,-1.502960002,-1.500124504,-1.500344279,-1.50488286,-1.508363718,-1.504986202,-1.51250364,-1.511354649,-1.507637138,-1.504478426,-1.505191249,-1.499598839,-1.496101749,-1.498587966,-1.509228669,-1.513128363,-1.512936426,-1.511995093,-1.508833987,-1.515104574,-1.519491546,-1.514866481,-1.505556513,-1.506954172,-1.506240906,-1.510480166,-1.517083397,-1.514019641,-1.515685375,-1.514350436,-1.505893528,-1.510994461,-1.509581217,-1.508997823,-1.514787739,-1.517639252,-1.513094898,-1.513567981,-1.510584291,-1.509584029,-1.512935253,-1.510332261,-1.511527817,-1.506872721,-1.501496671,-1.505191877,-1.506014215,-1.504693335,-1.50439199,-1.508989699,-1.511297262,-1.509972539,-1.510688718,-1.513508874,-1.506789175,-1.511796354,-1.508518866,-1.514894198,-1.520349385,-1.517203509,-1.51167738,-1.517835522,-1.523216692,-1.520607008,-1.526200145,-1.52288447,-1.526012969,-1.527776112,-1.536386187,5.499090833947008
50,-1.554937777,-1.580897777,-1.55551375,-1.554286898,-1.54384856,-1.541026544,-1.533409496,-1.530528089,-1.537683193,-1.528023031,-1.534048647,-1.527757286,-1.533369083,-1.528257839,-1.52942786,-1.532775019,-1.521130208,-1.522682403,-1.527591315,-1.519256008,-1.530035039,-1.518786773,-1.522096374,-1.528206299,-1.523423139,-1.525823703,-1.519278399,-1.523960933,-1.514821733,-1.521611495,-1.5189603,-1.519002721,-1.514837356,-1.516127052,-1.508797174,-1.512503301,-1.500589721,-1.50081076,-1.501822199,-1.505732912,-1.50322876,-1.502833677,-1.501655224,-1.499169587,-1.500302262,-1.500191965,-1.498935012,-1.5026063,-1.504966944,-1.502068271,-1.502694576,-1.4985565,-1.498158486,-1.496722935,-1.495686817,-1.501273279,-1.501692173,-1.498130107,-1.498944297,-1.499348884,-1.497874015,-1.497666815,-1.495825669,-1.495571496,-1.490970769,-1.493843436,-1.495226667,-1.494217654,-1.492000083,-1.48934455,-1.489117227,-1.489155442,-1.487002715,-1.48840426,-1.484910944,-1.485338964,-1.484580833,-1.487304533,-1.480961663,-1.482443661,-1.485321442,-1.486881523,-1.488832951,-1.486212469,-1.479937731,-1.483177989,-1.487950983,-1.484184557,-1.484306383,-1.491694412,-1.493297866,-1.493077021,-1.493850656,-1.490667433,-1.488402716,-1.485264886,-1.486821239,-1.491051295,-1.500463436,-1.499843798,-1.49866203,-1.493761167,-1.490350865,-1.493763127,-1.495471477,-1.494947179,-1.492698061,-1.492167322,-1.496224477,-1.500330247,-1.496591854,-1.505011691,-1.503047087,-1.500834536,-1.498628761,-1.49805642,-1.4934723,-1.487978229,-1.490646037,-1.501623107,-1.5070035,-1.506047424,-1.506550214,-1.502108692,-1.508355282,-1.513264129,-1.508242462,-1.499497101,-1.500214841,-1.50053798,-1.503783221,-1.510852996,-1.507896078,-1.509096814,-1.507092875,-1.498994227,-1.503874148,-1.504172247,-1.503152176,-1.509197257,-1.51284319,-1.508371392,-1.50806332,-1.506541047,-1.505951192,-1.509680482,-1.508011957,-1.509701525,-1.504701376,-1.49993204,-1.503657649,-1.503867515,-1.504711185,-1.502432686,-1.50855077,-1.508620169,-1.50855665,-1.508655426,-1.510473818,-1.504438696,-1.509566602,-1.507074143,-1.51218447,-1.518729859,-1.51466498,-1.5102386,-1.515233884,-1.519127294,-1.516486951,-1.523112477,-1.517495211,-1.521278628,-1.521791122,-1.528669015,5.3
51,-1.279232419,-1.274712258,-1.274241219,-1.276416458,-1.266226286,-1.278982148,-1.259402329,-1.253396519,-1.268932946,-1.248997287,-1.257931578,-1.261921932,-1.249256008,-1.264510009,-1.256317156,-1.256743268,-1.26193257,-1.260368689,-1.259261087,-1.260950257,-1.265007726,-1.264400911,-1.271290872,-1.267952152,-1.264619667,-1.264728871,-1.257399319,-1.259984262,-1.262830227,-1.264215308,-1.263755181,-1.262361619,-1.26132163,-1.257619069,-1.260333301,-1.253803264,-1.249511744,-1.253484812,-1.245416909,-1.244458262,-1.242587788,-1.248206737,-1.249868459,-1.24351597,-1.246497713,-1.246959161,-1.243572295,-1.245123341,-1.249707537,-1.243995942,-1.250417628,-1.244757184,-1.24410991,-1.248025719,-1.2447249,-1.250578065,-1.249214491,-1.248968229,-1.245865287,-1.248275316,-1.24638209,-1.242094787,-1.237951241,-1.237338259,-1.241932157,-1.245236773,-1.236917169,-1.24181233,-1.241505613,-1.240132425,-1.231916864,-1.228977379,-1.224124227,-1.225244488,-1.232394302,-1.231049729,-1.225532967,-1.226175635,-1.221685988,-1.2262832,-1.229826825,-1.223794384,-1.226811795,-1.232299561,-1.232100038,-1.230505771,-1.234298846,-1.232550114,-1.234346127,-1.233344854,-1.234358287,-1.232261302,-1.23338023,-1.241228777,-1.243342909,-1.241551227,-1.246699042,-1.241949958,-1.24045024,-1.235175323,-1.241307423,-1.242054724,-1.236315029,-1.239918224,-1.23934709,-1.236902382,-1.240536028,-1.242517582,-1.241348187,-1.239307272,-1.243255843,-1.250083904,-1.246864626,-1.241547181,-1.24170455,-1.239624606,-1.243003516,-1.24404536,-1.242796884,-1.237542438,-1.240023178,-1.248331129,-1.249501934,-1.249817366,-1.251084143,-1.247835216,-1.242687142,-1.232781062,-1.236795653,-1.237283644,-1.239266353,-1.23941402,-1.246117601,-1.243609336,-1.245463177,-1.243263072,-1.241151952,-1.245571659,-1.246256423,-1.242199794,-1.235435894,-1.238960376,-1.242974624,-1.245657444,-1.244351974,-1.250590129,-1.253012152,-1.248156737,-1.252452397,-1.252497257,-1.251428564,-1.24524404,-1.241059099,-1.241989326,-1.241737397,-1.244563243,-1.249765375,-1.258850244,-1.263284539,-1.264560361,-1.262524323,-1.259739856,-1.257268223,-1.258428361,-1.259687515,-1.259067215,-1.255257076,-1.257167637,-1.256361234,-1.259758386,-1.254925736,-1.261936296,-1.265249811,-1.265201917,5.449770637375485
52,-1.257995029,-1.250579419,-1.254127023,-1.247730652,-1.244167236,-1.255647669,-1.232135371,-1.236955187,-1.245445915,-1.23402832,-1.238584452,-1.237434807,-1.234771783,-1.243664765,-1.243017588,-1.243157045,-1.246582488,-1.244253097,-1.243711618,-1.247395106,-1.246688201,-1.249707619,-1.253936293,-1.25214183,-1.249607725,-1.247764205,-1.243263529,-1.244898034,-1.248335725,-1.248720904,-1.249183555,-1.245954832,-1.246208035,-1.243104866,-1.244935909,-1.2392906,-1.235243724,-1.238516755,-1.231564902,-1.231360595,-1.23070877,-1.233399158,-1.237675799,-1.231702109,-1.233709032,-1.233931976,-1.233549974,-1.233308516,-1.23436443,-1.232614267,-1.237521622,-1.233012107,-1.234007236,-1.235307153,-1.232481398,-1.238315841,-1.236718857,-1.238317013,-1.233372249,-1.234902208,-1.234365989,-1.230196102,-1.227021394,-1.227142543,-1.230194443,-1.233249996,-1.226029822,-1.230790639,-1.230537864,-1.229290076,-1.222066796,-1.218587844,-1.213547155,-1.215951478,-1.222528443,-1.22118905,-1.216951358,-1.216192137,-1.211861357,-1.215033374,-1.219161945,-1.213919367,-1.217685283,-1.22192782,-1.222457236,-1.220618759,-1.224562225,-1.223109442,-1.224789038,-1.224415702,-1.224683732,-1.223139757,-1.223497018,-1.231288722,-1.232710651,-1.2307981,-1.23715989,-1.231744733,-1.229791705,-1.225199577,-1.231471618,-1.23254638,-1.226923121,-1.229049159,-1.229003337,-1.226179574,-1.2297955,-1.233477791,-1.230952536,-1.22857296,-1.233739914,-1.239511659,-1.236088876,-1.230594766,-1.231987479,-1.229415734,-1.232773088,-1.233449387,-1.232977449,-1.226281922,-1.229379909,-1.236066863,-1.239290826,-1.238920407,-1.241195441,-1.236373884,-1.232442941,-1.223625466,-1.225873195,-1.228240222,-1.228251678,-1.228159216,-1.234966086,-1.232973832,-1.234998419,-1.23218483,-1.23263583,-1.233523017,-1.23559416,-1.229987659,-1.222381281,-1.227614939,-1.230182842,-1.233610277,-1.233444359,-1.238859618,-1.240867914,-1.236382046,-1.239085437,-1.240372545,-1.239407589,-1.233338146,-1.229894289,-1.230765678,-1.230745386,-1.233412454,-1.236558884,-1.244610936,-1.24982928,-1.250312962,-1.24644956,-1.246188106,-1.242458482,-1.245224036,-1.247069803,-1.245964361,-1.243868864,-1.243854494,-1.240227627,-1.245461462,-1.239011662,-1.245842597,-1.247170093,-1.246225796,5.7
53,-1.49509747,-1.524519193,-1.494596457,-1.500796341,-1.482498354,-1.469058063,-1.474273053,-1.465996367,-1.473275526,-1.460312776,-1.467471464,-1.461451474,-1.464336422,-1.462944647,-1.459376691,-1.468930827,-1.450524261,-1.454067142,-1.456672558,-1.449586199,-1.458924348,-1.445368556,-1.454776538,-1.455709939,-1.449591246,-1.455069767,-1.446011877,-1.449839107,-1.43873675,-1.448097884,-1.449902086,-1.443695691,-1.438518571,-1.438152765,-1.435092126,-1.431000906,-1.416851065,-1.416490781,-1.418004749,-1.421205527,-1.418941803,-1.41779588,-1.416729945,-1.4154576,-1.414069626,-1.414818441,-1.411988677,-1.414781818,-1.418347838,-1.415345034,-1.415305873,-1.411061848,-1.411492763,-1.409064621,-1.408590652,-1.414269141,-1.412135955,-1.408364638,-1.409352363,-1.41011145,-1.40620563,-1.404498636,-1.402725219,-1.401691836,-1.395977852,-1.399401702,-1.399097062,-1.396827588,-1.394189345,-1.392323896,-1.388029409,-1.388196275,-1.384263384,-1.384273574,-1.381190232,-1.38205091,-1.380354385,-1.383191401,-1.377202578,-1.37866095,-1.380486995,-1.382817955,-1.382918879,-1.383623549,-1.376589152,-1.379494369,-1.383527088,-1.379583845,-1.382435715,-1.386321896,-1.388319946,-1.388685001,-1.390606552,-1.386679865,-1.385837499,-1.382618792,-1.385157221,-1.387833714,-1.395971424,-1.394690738,-1.395121709,-1.391445448,-1.387570373,-1.390964305,-1.393112599,-1.391751401,-1.387591302,-1.388543837,-1.392959052,-1.397953906,-1.394118294,-1.402637769,-1.399912904,-1.396403221,-1.395090687,-1.394118303,-1.389285084,-1.385628714,-1.387906954,-1.39573991,-1.401770054,-1.402621999,-1.401122274,-1.397618911,-1.40330133,-1.408558452,-1.402186078,-1.39053468,-1.395449074,-1.394588862,-1.398400393,-1.404631606,-1.403513826,-1.406831254,-1.401790781,-1.394803888,-1.39691718,-1.399202919,-1.397704429,-1.404630619,-1.407161509,-1.402177817,-1.402502301,-1.399670572,-1.397687062,-1.401435051,-1.400908864,-1.401781644,-1.397672855,-1.392758484,-1.396270172,-1.395093758,-1.394252205,-1.394563066,-1.397599527,-1.401157211,-1.398671285,-1.399280248,-1.403520646,-1.397378854,-1.401524102,-1.399233952,-1.404247405,-1.410760798,-1.407590001,-1.401820502,-1.40307714,-1.409177229,-1.408297514,-1.418168252,-1.414312383,-1.417443532,-1.423734235,-1.437377852,6.8
54,-1.533539222,-1.56247952,-1.530086407,-1.531888405,-1.524061816,-1.504313079,-1.514127093,-1.501470582,-1.512219206,-1.495333377,-1.506271955,-1.496829251,-1.500779655,-1.50099102,-1.494141772,-1.505123108,-1.488239902,-1.490744072,-1.49314106,-1.485928004,-1.495844065,-1.479472357,-1.488080199,-1.491556102,-1.486389853,-1.489330942,-1.478282384,-1.483184321,-1.475774013,-1.481373339,-1.480181636,-1.477004846,-1.474638721,-1.472010601,-1.465396847,-1.467988359,-1.45520884,-1.453525976,-1.454791821,-1.457453982,-1.455469498,-1.454083697,-1.45352185,-1.451439598,-1.451897627,-1.45073197,-1.447766668,-1.452160318,-1.453521603,-1.451981035,-1.451871423,-1.447453977,-1.447538534,-1.445583754,-1.44426352,-1.449792179,-1.447784461,-1.445412557,-1.446572681,-1.446060701,-1.443045388,-1.442244073,-1.440003246,-1.439952891,-1.433649303,-1.437521663,-1.437954623,-1.436312656,-1.433041884,-1.431283146,-1.428543266,-1.429597102,-1.427169105,-1.426882961,-1.42384783,-1.424903946,-1.424545874,-1.426261783,-1.421423521,-1.423644869,-1.424001397,-1.426892443,-1.426914892,-1.425984471,-1.419545694,-1.421954371,-1.42542279,-1.423506675,-1.4231035,-1.429827098,-1.431752152,-1.430706535,-1.4320949,-1.428596453,-1.42680115,-1.424018695,-1.424814249,-1.428534448,-1.43662516,-1.435895346,-1.435982392,-1.43142962,-1.427394734,-1.430438525,-1.433070777,-1.431664827,-1.427798547,-1.426652378,-1.431160901,-1.437067028,-1.432782148,-1.441286192,-1.438286643,-1.434608948,-1.433028494,-1.431727682,-1.426755876,-1.422600422,-1.424289225,-1.435304933,-1.439261326,-1.439538927,-1.438170709,-1.435314365,-1.441661591,-1.446752865,-1.441241227,-1.430123394,-1.433031016,-1.433380855,-1.437141792,-1.443656038,-1.440735045,-1.444653691,-1.442059818,-1.433690373,-1.437400364,-1.437976823,-1.435251599,-1.445538984,-1.446264906,-1.442428238,-1.442210973,-1.440049808,-1.438301179,-1.443171365,-1.441928587,-1.441337426,-1.440110703,-1.434154154,-1.438552653,-1.438473827,-1.436610746,-1.437145152,-1.440231747,-1.443970494,-1.440867283,-1.440409837,-1.445305088,-1.437751099,-1.444464961,-1.439987639,-1.445310628,-1.453893669,-1.448222249,-1.442342088,-1.445693109,-1.45167498,-1.45007254,-1.459162259,-1.455965975,-1.456254881,-1.460962979,-1.474524389,4.949747468305833
55,-1.515847829,-1.528925391,-1.505493805,-1.509176512,-1.502325266,-1.501552107,-1.495443821,-1.489101119,-1.493055554,-1.481536474,-1.489896034,-1.483069466,-1.486898464,-1.487765495,-1.483498803,-1.490380391,-1.47658252,-1.479983214,-1.480849599,-1.477487769,-1.483209855,-1.473856374,-1.48240356,-1.481502647,-1.477307326,-1.47947288,-1.472892903,-1.474967622,-1.469776975,-1.476556558,-1.476418252,-1.472095112,-1.470607572,-1.468853681,-1.464991965,-1.464970062,-1.455956204,-1.456229879,-1.457080291,-1.45636721,-1.455237072,-1.455926933,-1.455335283,-1.452518767,-1.452646458,-1.453607453,-1.450896985,-1.453142622,-1.454340736,-1.453082313,-1.45485945,-1.449846931,-1.449349328,-1.450015247,-1.449551967,-1.453361203,-1.452257727,-1.450757284,-1.449106282,-1.45118186,-1.447452059,-1.446526291,-1.443686813,-1.444512647,-1.442110567,-1.445193942,-1.44203729,-1.443986572,-1.442501153,-1.441155927,-1.436575927,-1.435794202,-1.434051065,-1.434404839,-1.435626609,-1.43491912,-1.433055715,-1.43446434,-1.429225456,-1.431643227,-1.434054712,-1.433897795,-1.434772943,-1.435639875,-1.431574787,-1.432277117,-1.436469199,-1.433684681,-1.434554215,-1.437596238,-1.440128779,-1.438527256,-1.440046504,-1.440582445,-1.439160233,-1.436766732,-1.440302727,-1.439696665,-1.444291834,-1.441584368,-1.442903324,-1.441576172,-1.43687026,-1.43950212,-1.439665769,-1.438452996,-1.437787521,-1.437872618,-1.440170555,-1.442882485,-1.442144998,-1.449424283,-1.446149709,-1.441630611,-1.440337161,-1.43884468,-1.436747311,-1.435343985,-1.435456642,-1.44037071,-1.443328928,-1.447434323,-1.447613037,-1.445873585,-1.44954176,-1.452064071,-1.445860802,-1.435272855,-1.438421687,-1.439023939,-1.44248034,-1.44653438,-1.44820375,-1.448992814,-1.446944706,-1.441318982,-1.441799642,-1.444789235,-1.444055279,-1.44793828,-1.445538481,-1.445959366,-1.448039685,-1.447226057,-1.445252428,-1.451812994,-1.451100861,-1.451349173,-1.451008355,-1.447568824,-1.448948967,-1.446357996,-1.443423117,-1.44557086,-1.446432515,-1.45034851,-1.450068816,-1.452946034,-1.457527312,-1.45311849,-1.456002879,-1.452180552,-1.454227508,-1.46046046,-1.458455085,-1.452964034,-1.457359567,-1.460876376,-1.456874947,-1.463737403,-1.45985375,-1.462243668,-1.463707155,-1.473806382,5.149757275833493
56,-1.406469414,-1.403594799,-1.388036235,-1.408933837,-1.392704281,-1.393473998,-1.392447534,-1.386174601,-1.385517663,-1.389902171,-1.390942549,-1.3819699,-1.385753639,-1.388127693,-1.38630205,-1.387796438,-1.388663022,-1.379513205,-1.389231814,-1.3886627,-1.389355746,-1.384023222,-1.388382066,-1.38723907,-1.392143643,-1.388315125,-1.380587829,-1.38312036,-1.379597631,-1.382593369,-1.38239938,-1.383181485,-1.376878606,-1.376755917,-1.373582002,-1.36695411,-1.374543874,-1.366801975,-1.368901902,-1.365226225,-1.364507406,-1.369065753,-1.364531114,-1.366086962,-1.3652572,-1.371796369,-1.373771613,-1.370884429,-1.367154424,-1.368711317,-1.367731267,-1.372165815,-1.370072206,-1.365420582,-1.367629111,-1.367479291,-1.364256858,-1.364530191,-1.359835397,-1.361606416,-1.358441805,-1.359251567,-1.360852214,-1.357902372,-1.356632528,-1.36232627,-1.358668322,-1.35344493,-1.356679949,-1.354788158,-1.352296093,-1.343464614,-1.344918549,-1.344316481,-1.342203369,-1.350033628,-1.345477117,-1.350235867,-1.346629982,-1.342375214,-1.340683098,-1.341126137,-1.345765376,-1.343766436,-1.346585713,-1.34570314,-1.348536458,-1.348393601,-1.351811714,-1.354759969,-1.356179127,-1.354422264,-1.354307989,-1.357666816,-1.353360508,-1.356074037,-1.358851006,-1.358193453,-1.35698438,-1.352343348,-1.363313848,-1.363522944,-1.365848649,-1.362589505,-1.362648476,-1.365989652,-1.363425378,-1.363936953,-1.373319305,-1.370312773,-1.372666541,-1.371570841,-1.364732661,-1.364940909,-1.358922465,-1.361985844,-1.365571936,-1.355092786,-1.356970243,-1.364166345,-1.367444043,-1.369013672,-1.369961829,-1.370812769,-1.371848344,-1.377257788,-1.380283952,-1.382125654,-1.378376475,-1.380810449,-1.381388508,-1.385753102,-1.383296213,-1.381900121,-1.382125099,-1.37971635,-1.379900769,-1.381132488,-1.382054718,-1.37857425,-1.378561021,-1.377105988,-1.377654351,-1.374324942,-1.377828322,-1.376152892,-1.374981862,-1.367597417,-1.370762783,-1.362496881,-1.362542042,-1.364191175,-1.364908894,-1.367129006,-1.360610068,-1.362184904,-1.366627491,-1.361786525,-1.364060316,-1.370072313,-1.377324599,-1.38122693,-1.383250333,-1.381622677,-1.38246294,-1.378712066,-1.386144317,-1.38214376,-1.375942978,-1.380594854,-1.389981606,-1.388970058,-1.396907545,-1.39372847,5.2
57,-1.373653998,-1.370153006,-1.374171919,-1.376205058,-1.381931733,-1.379485366,-1.357378648,-1.372596188,-1.355594927,-1.371392864,-1.371430954,-1.365973058,-1.377476438,-1.365797889,-1.375612582,-1.392378229,-1.377984589,-1.373422198,-1.379234582,-1.379509137,-1.376024655,-1.378426616,-1.377695092,-1.376513718,-1.376981817,-1.377661791,-1.386364348,-1.378125916,-1.379951212,-1.371479905,-1.373734132,-1.376042366,-1.37114032,-1.370753153,-1.374150906,-1.364892102,-1.364181126,-1.362510135,-1.366355264,-1.359055074,-1.361699021,-1.362341321,-1.361353418,-1.361074807,-1.357579608,-1.357739039,-1.3635368,-1.355675658,-1.36177751,-1.361155947,-1.360926142,-1.358296046,-1.364092204,-1.362944339,-1.370600136,-1.366219913,-1.360081521,-1.366692751,-1.362646905,-1.364048042,-1.362565361,-1.357910164,-1.355356397,-1.349921135,-1.357703533,-1.360080102,-1.359915007,-1.355263647,-1.351157675,-1.347067862,-1.344804867,-1.34229754,-1.343583034,-1.339834822,-1.343525102,-1.339254569,-1.340811103,-1.343628518,-1.343199505,-1.335173903,-1.337685259,-1.338625941,-1.34067753,-1.340149271,-1.339521144,-1.336075504,-1.344453627,-1.346388009,-1.342163083,-1.337152286,-1.343971149,-1.345369886,-1.341559931,-1.341309201,-1.349002721,-1.351056807,-1.353719168,-1.355362001,-1.355992007,-1.34980003,-1.358081833,-1.360959278,-1.36011392,-1.358531321,-1.357250416,-1.358635286,-1.357323222,-1.357210308,-1.352748721,-1.353219627,-1.357950435,-1.364087271,-1.360759557,-1.353983731,-1.366550527,-1.369456774,-1.365651409,-1.361483346,-1.36118972,-1.368429053,-1.372830758,-1.36771612,-1.371015696,-1.368489024,-1.369997867,-1.373594879,-1.365834698,-1.364698409,-1.367920538,-1.366894432,-1.370732956,-1.366427623,-1.37439699,-1.37650188,-1.375946645,-1.37298798,-1.369480131,-1.36561805,-1.372284241,-1.364354806,-1.368915733,-1.370351304,-1.369038459,-1.370080768,-1.360811519,-1.365916091,-1.369136723,-1.362734368,-1.365669051,-1.362698828,-1.359625908,-1.356662598,-1.360870759,-1.357738694,-1.354511483,-1.354572104,-1.354945139,-1.358109762,-1.360423311,-1.364991609,-1.37014567,-1.378743701,-1.377316065,-1.374768838,-1.378648053,-1.373621314,-1.373101981,-1.353611509,-1.360631057,-1.374429128,-1.374212978,-1.372948137,-1.384281469,-1.375737428,5.149757275833493
58,-1.488627019,-1.479669462,-1.480638457,-1.48958582,-1.481551112,-1.481135273,-1.468386261,-1.468618917,-1.460332576,-1.473449864,-1.474856874,-1.464228132,-1.474797368,-1.467063137,-1.476564104,-1.485910682,-1.475126461,-1.47275232,-1.473090059,-1.477044572,-1.470537453,-1.47364569,-1.472645561,-1.469539238,-1.472109519,-1.471519893,-1.480598763,-1.470534331,-1.471444635,-1.462428678,-1.467376675,-1.466087462,-1.465327449,-1.462829581,-1.461959015,-1.458823903,-1.457749682,-1.457265443,-1.457487053,-1.455010283,-1.454820483,-1.454196652,-1.456052462,-1.453729179,-1.449121417,-1.450273427,-1.45457252,-1.447857411,-1.452563683,-1.451605527,-1.453432092,-1.448934674,-1.452498666,-1.454019675,-1.460403747,-1.456362805,-1.450421942,-1.456714023,-1.45149309,-1.453942517,-1.452827749,-1.447124163,-1.445028306,-1.440043451,-1.446627307,-1.450110186,-1.449120734,-1.44594625,-1.439964723,-1.436173419,-1.433131756,-1.429174775,-1.430801554,-1.427208882,-1.4288996,-1.425745399,-1.425467093,-1.428009947,-1.430015716,-1.422582942,-1.423823194,-1.423832603,-1.426252695,-1.426008767,-1.424314282,-1.421210649,-1.429295493,-1.432005492,-1.428179088,-1.423452186,-1.430358116,-1.430798169,-1.427883945,-1.427304338,-1.434545102,-1.435812532,-1.439969498,-1.442347536,-1.440834026,-1.43563409,-1.443388151,-1.446200617,-1.446236486,-1.443736156,-1.441673766,-1.442354134,-1.440979312,-1.441852547,-1.436921456,-1.437795122,-1.441175736,-1.448538216,-1.445304868,-1.43764109,-1.449435557,-1.454225559,-1.448538038,-1.444557375,-1.443612227,-1.452086245,-1.455627812,-1.45190291,-1.453339461,-1.451508572,-1.451898684,-1.456150402,-1.447986495,-1.446229205,-1.448614841,-1.448714772,-1.451450068,-1.447436203,-1.456540275,-1.458812232,-1.45746693,-1.454510222,-1.449020205,-1.44668015,-1.453205085,-1.445080455,-1.448910687,-1.450221193,-1.448632478,-1.446064579,-1.437287481,-1.442989789,-1.446207226,-1.441409857,-1.444810127,-1.442972962,-1.438525033,-1.436279159,-1.439169981,-1.437089016,-1.43299174,-1.433142273,-1.432219049,-1.434809428,-1.439405186,-1.442400164,-1.447096975,-1.456601569,-1.455661061,-1.454051609,-1.45729116,-1.450627288,-1.451457486,-1.433888532,-1.441755255,-1.451176142,-1.45611834,-1.458377532,-1.464351335,-1.457291346,4.749736834815167
59,-1.401920561,-1.411530397,-1.400095915,-1.395741078,-1.399484343,-1.402464068,-1.391703857,-1.388704206,-1.381236501,-1.389081948,-1.387744683,-1.385152018,-1.385979644,-1.388632063,-1.383261452,-1.387322937,-1.391272462,-1.392431672,-1.391047858,-1.389613849,-1.392715146,-1.396011209,-1.39571472,-1.392161685,-1.392004483,-1.393669632,-1.387695907,-1.385426087,-1.384032545,-1.383177833,-1.385512334,-1.389690432,-1.387249626,-1.379569941,-1.387989984,-1.377785681,-1.372968764,-1.37047603,-1.374798775,-1.373594577,-1.370635577,-1.372092762,-1.369650075,-1.370066887,-1.365417821,-1.366869868,-1.369999715,-1.373719188,-1.372913722,-1.375553409,-1.375556887,-1.372556677,-1.370299662,-1.369345701,-1.369828203,-1.373773639,-1.370086934,-1.370955181,-1.364789998,-1.366698334,-1.367576929,-1.37385208,-1.367538916,-1.363331493,-1.357413368,-1.353526998,-1.355541741,-1.362320404,-1.365179442,-1.360626459,-1.353837619,-1.348048891,-1.347561318,-1.346420657,-1.343040116,-1.34182674,-1.342021086,-1.343919136,-1.341811108,-1.341450442,-1.342568125,-1.345717329,-1.351687771,-1.344907788,-1.346536486,-1.34994234,-1.347978488,-1.348502083,-1.352471467,-1.35872212,-1.355833126,-1.353543824,-1.355074657,-1.36420792,-1.365751197,-1.36032988,-1.36021875,-1.361421963,-1.365549327,-1.364532749,-1.368848882,-1.370177916,-1.372190353,-1.370755205,-1.366413733,-1.36288823,-1.363556908,-1.363054199,-1.360970658,-1.362262974,-1.365063844,-1.368976733,-1.373515776,-1.371606391,-1.372449983,-1.369905584,-1.371973256,-1.368929011,-1.364786197,-1.369792199,-1.37388364,-1.374204064,-1.37064379,-1.364540055,-1.363348971,-1.368937258,-1.373981748,-1.375899923,-1.381457083,-1.378899856,-1.373746012,-1.36897238,-1.371865558,-1.374033191,-1.375099461,-1.37564175,-1.372881778,-1.37114836,-1.372498067,-1.371681834,-1.373679026,-1.372865743,-1.369930774,-1.364711636,-1.362399947,-1.365936392,-1.375474553,-1.372179145,-1.370292655,-1.366747056,-1.363969701,-1.368317906,-1.368988251,-1.366729533,-1.372143238,-1.370635875,-1.376429735,-1.378823181,-1.377300033,-1.371312084,-1.369873867,-1.364037066,-1.35171332,-1.342174709,-1.346494545,-1.351169913,-1.367163388,-1.378954294,-1.374488857,-1.377343142,-1.37280351,-1.384210666,-1.389712148,-1.398127219,4.949747468305833
60,-1.455760651,-1.459484277,-1.439847798,-1.453769148,-1.446222394,-1.440943225,-1.43702121,-1.431770522,-1.439691436,-1.42991359,-1.43559178,-1.43584619,-1.429955083,-1.437464335,-1.436885537,-1.437017798,-1.431195762,-1.434882324,-1.432079037,-1.436933912,-1.435269249,-1.443200272,-1.439549185,-1.435115897,-1.436364064,-1.43657133,-1.439472207,-1.438954237,-1.437161492,-1.436828567,-1.438043429,-1.433864146,-1.431227266,-1.428022071,-1.427973979,-1.422626757,-1.418224054,-1.415232242,-1.420827056,-1.414740987,-1.413777499,-1.418300148,-1.420136752,-1.422827575,-1.416802546,-1.417760612,-1.41865787,-1.416990667,-1.41626802,-1.413358742,-1.418451724,-1.417630477,-1.418656509,-1.418930931,-1.418810773,-1.416621239,-1.415488514,-1.416899363,-1.411139646,-1.4104848,-1.41372757,-1.409562402,-1.410108245,-1.407396842,-1.401869336,-1.403888363,-1.402778538,-1.40335964,-1.409287219,-1.407968425,-1.40051349,-1.398797607,-1.39570904,-1.39821762,-1.391988331,-1.388855903,-1.386226287,-1.389188137,-1.388994502,-1.385542286,-1.387081684,-1.388945015,-1.385839342,-1.387543275,-1.38820744,-1.383919492,-1.391186922,-1.398918523,-1.403442329,-1.400726435,-1.399100939,-1.400489359,-1.398122719,-1.395450015,-1.393039864,-1.395541849,-1.398986307,-1.402132813,-1.404738765,-1.403617247,-1.41009813,-1.413497194,-1.412225429,-1.409318581,-1.409823384,-1.40885411,-1.411689296,-1.406617786,-1.402067268,-1.404913465,-1.405762062,-1.410833331,-1.410029312,-1.406382135,-1.413375523,-1.412805232,-1.408461117,-1.408688188,-1.40871675,-1.41196859,-1.414411999,-1.413235159,-1.414746872,-1.415328028,-1.414326762,-1.413657002,-1.411561142,-1.405095035,-1.402412706,-1.400628097,-1.39543799,-1.394120108,-1.401427248,-1.401322182,-1.405025656,-1.410770565,-1.417510719,-1.417861318,-1.417996937,-1.414208671,-1.411202177,-1.407358136,-1.405124691,-1.401614525,-1.403651699,-1.404867768,-1.395889404,-1.397265348,-1.396918737,-1.391629504,-1.392166915,-1.394694671,-1.390543499,-1.392358411,-1.395883113,-1.397716338,-1.405884298,-1.406986719,-1.410432943,-1.409673812,-1.410019491,-1.414680209,-1.413831106,-1.407955635,-1.412917121,-1.410493047,-1.413929013,-1.413232778,-1.417484104,-1.421543966,-1.420265,-1.416370336,-1.422170784,-1.426630125,4.9
61,-1.418110321,-1.429309948,-1.424833327,-1.409563417,-1.42032693,-1.423573,-1.413064603,-1.416756673,-1.406493748,-1.40554034,-1.410072107,-1.405219359,-1.410626814,-1.408544166,-1.409254452,-1.403630869,-1.406302509,-1.404555482,-1.407612738,-1.410274503,-1.409668889,-1.411925183,-1.40917201,-1.409523135,-1.408951614,-1.410603694,-1.40683724,-1.402048777,-1.400366576,-1.400802769,-1.402564072,-1.407720834,-1.40336094,-1.394848654,-1.398178843,-1.391135197,-1.398402738,-1.392145916,-1.39365494,-1.393049275,-1.384272319,-1.385476648,-1.391013552,-1.390716977,-1.386931877,-1.390588063,-1.387830084,-1.389619269,-1.38774837,-1.386572384,-1.386396164,-1.386507195,-1.391166637,-1.387184874,-1.389324704,-1.396322608,-1.387219869,-1.387346128,-1.379827656,-1.383292289,-1.384508911,-1.383078898,-1.378311475,-1.375795495,-1.375734168,-1.386237132,-1.379602354,-1.375810099,-1.376117162,-1.373803236,-1.371291051,-1.36631713,-1.366397084,-1.363523386,-1.367962379,-1.365039377,-1.366207916,-1.37026957,-1.372711801,-1.368637579,-1.374704076,-1.374607217,-1.371364659,-1.368455949,-1.36373527,-1.369882798,-1.373602571,-1.373306693,-1.368257008,-1.360863454,-1.363405431,-1.367548719,-1.370258164,-1.374954648,-1.375968455,-1.373469453,-1.375357721,-1.379132199,-1.376164351,-1.367095283,-1.368725966,-1.373546376,-1.377109573,-1.380149875,-1.379373161,-1.380885501,-1.381779859,-1.392159205,-1.393143504,-1.388275267,-1.382957011,-1.383475623,-1.3831995,-1.37928126,-1.384868675,-1.39294161,-1.394757522,-1.394285546,-1.394647339,-1.397040294,-1.39910662,-1.400556795,-1.400581483,-1.395874531,-1.393690337,-1.38998146,-1.383455614,-1.376498591,-1.385898365,-1.390470985,-1.384007019,-1.377553668,-1.38083493,-1.385301855,-1.38835786,-1.388736503,-1.390998925,-1.383794521,-1.383436024,-1.383276948,-1.386496461,-1.379462233,-1.380915003,-1.380751102,-1.384275669,-1.387235411,-1.384358866,-1.380726266,-1.379630665,-1.382126149,-1.39017267,-1.391468706,-1.393585992,-1.389177946,-1.38807764,-1.3885078,-1.387397729,-1.389805187,-1.38969215,-1.38989352,-1.386172877,-1.385898537,-1.383998261,-1.38019881,-1.380475117,-1.378402919,-1.385034468,-1.390464061,-1.398680846,-1.403899085,-1.408082899,-1.405470591,-1.407297235,-1.407389489,4.549725266
62,-1.384165229,-1.39670451,-1.395320332,-1.375642187,-1.381531454,-1.386868703,-1.377893482,-1.380275299,-1.371158414,-1.373225552,-1.37397505,-1.367509439,-1.375651279,-1.374962573,-1.372048508,-1.365946538,-1.36788694,-1.364403453,-1.368931707,-1.372575947,-1.370187855,-1.375750934,-1.368518222,-1.370207541,-1.370209782,-1.370996492,-1.367635974,-1.363528183,-1.361558234,-1.360887687,-1.363110915,-1.367520766,-1.360963223,-1.355019714,-1.35839326,-1.349707485,-1.357883085,-1.350293893,-1.360090414,-1.350529605,-1.341833419,-1.343495542,-1.348140557,-1.347711499,-1.343350353,-1.347558435,-1.344923737,-1.346335102,-1.345187556,-1.34436462,-1.343375404,-1.34383257,-1.348405344,-1.345241862,-1.346741052,-1.353043747,-1.345019848,-1.344272794,-1.336862295,-1.341050728,-1.341968136,-1.340120714,-1.335568662,-1.332186685,-1.332435883,-1.342768979,-1.33676193,-1.332367351,-1.330826508,-1.329148218,-1.327040305,-1.321354386,-1.320803771,-1.317893515,-1.322564944,-1.319594311,-1.320609415,-1.324270762,-1.32740056,-1.321753972,-1.328021855,-1.329521977,-1.325601544,-1.321968715,-1.318062117,-1.323545958,-1.32723456,-1.32797171,-1.32265269,-1.315291598,-1.318397942,-1.322285246,-1.325454117,-1.329193616,-1.330494206,-1.327714695,-1.329505008,-1.333580296,-1.330730706,-1.321526263,-1.324263835,-1.329138129,-1.331925441,-1.33528092,-1.33460068,-1.337072271,-1.336023576,-1.347387697,-1.347868681,-1.342618885,-1.338006916,-1.339578923,-1.340821816,-1.336183507,-1.340550963,-1.348395723,-1.35049515,-1.349376463,-1.349519285,-1.352685291,-1.354345822,-1.356526623,-1.356685137,-1.351903853,-1.350965052,-1.346697122,-1.338536594,-1.332811155,-1.343222433,-1.346518942,-1.341160226,-1.332811259,-1.335834905,-1.340347142,-1.342606997,-1.344504667,-1.34571549,-1.340644898,-1.340387443,-1.339671356,-1.340010886,-1.33568639,-1.335467263,-1.334622136,-1.340700068,-1.343951832,-1.338914709,-1.335642546,-1.335277528,-1.337623283,-1.345260295,-1.3464723,-1.347919009,-1.343917715,-1.343151329,-1.341612545,-1.341431417,-1.345151494,-1.34483051,-1.345294212,-1.33988464,-1.341303004,-1.337750308,-1.335455535,-1.336073673,-1.334255223,-1.340383623,-1.345611688,-1.352964557,-1.359247932,-1.366254998,-1.364081215,-1.363393177,-1.362073032,4.749736834815167
63,-1.448162298,-1.44326035,-1.445879608,-1.441570857,-1.427726537,-1.438263417,-1.431003231,-1.433344164,-1.433456217,-1.42504838,-1.431129799,-1.431300109,-1.428636759,-1.428520464,-1.432575385,-1.430247004,-1.424416834,-1.429189672,-1.433233389,-1.429907895,-1.431700209,-1.428897548,-1.430857455,-1.429178954,-1.426917211,-1.425631057,-1.434611447,-1.424960955,-1.430251172,-1.420002546,-1.425650708,-1.423903788,-1.42232498,-1.417136995,-1.420071062,-1.422055406,-1.419108706,-1.415021082,-1.416142737,-1.411904176,-1.411235208,-1.414360434,-1.413772396,-1.413715709,-1.410713932,-1.415622646,-1.412069402,-1.410334123,-1.412759132,-1.404495796,-1.411519433,-1.413548109,-1.415303239,-1.418694685,-1.421952328,-1.420406995,-1.414847726,-1.412501436,-1.410724432,-1.40366792,-1.405737979,-1.403822094,-1.403968655,-1.407150354,-1.405960474,-1.403978267,-1.404281839,-1.408177109,-1.409045618,-1.40288143,-1.397519386,-1.396815463,-1.391439056,-1.392365217,-1.392767352,-1.39417969,-1.397657258,-1.398717726,-1.393012306,-1.393231509,-1.396810924,-1.39359323,-1.394508321,-1.393555075,-1.391866929,-1.392094484,-1.394442501,-1.39637555,-1.398564279,-1.394743446,-1.397099609,-1.395555044,-1.397711351,-1.398243183,-1.398148582,-1.395508755,-1.40018876,-1.395923242,-1.397584754,-1.395791789,-1.402095191,-1.402617801,-1.401398163,-1.400823184,-1.399290227,-1.406068215,-1.407147612,-1.406341426,-1.403378312,-1.406772514,-1.401913391,-1.403077702,-1.401341273,-1.400707329,-1.405680424,-1.411989322,-1.411326965,-1.403758627,-1.403485318,-1.402481794,-1.402106766,-1.405908496,-1.407554616,-1.405886817,-1.407378608,-1.407091278,-1.405602437,-1.409393878,-1.41253524,-1.416497937,-1.412863986,-1.414058651,-1.40340572,-1.394870076,-1.398417714,-1.402760921,-1.405734255,-1.40892833,-1.414514275,-1.409720997,-1.41587169,-1.41534501,-1.410222622,-1.400283378,-1.394283573,-1.398884421,-1.395567757,-1.399213489,-1.397527521,-1.397605887,-1.400950543,-1.413124524,-1.410653344,-1.406628975,-1.403890203,-1.399889544,-1.405122199,-1.403256984,-1.396380416,-1.392997399,-1.404805222,-1.412584909,-1.410577238,-1.409448486,-1.411526037,-1.408626797,-1.409648705,-1.409133072,-1.418980507,-1.422932984,-1.418545317,-1.418429968,-1.416121832,-1.423343417,4.349712634186309
64,-1.490165872,-1.482620453,-1.490668584,-1.482642744,-1.480771895,-1.484968309,-1.474339102,-1.471848638,-1.470174739,-1.479403701,-1.472117226,-1.47242125,-1.469513468,-1.472808662,-1.474249029,-1.471560532,-1.47510211,-1.475482849,-1.475380292,-1.475940547,-1.478730277,-1.482048792,-1.479767932,-1.476245942,-1.477845492,-1.474752353,-1.477164893,-1.472522029,-1.473872039,-1.472943191,-1.475035069,-1.472980403,-1.473112937,-1.466593052,-1.469951568,-1.464423846,-1.462299847,-1.459806349,-1.462968105,-1.457918545,-1.452825031,-1.456914252,-1.45821435,-1.451334001,-1.454622317,-1.458221592,-1.455595724,-1.457325395,-1.455184158,-1.454625241,-1.459063033,-1.458554187,-1.457878074,-1.458520668,-1.455998367,-1.456544061,-1.459514478,-1.458155782,-1.453507658,-1.450619698,-1.453271226,-1.454214098,-1.451367461,-1.449671879,-1.451057047,-1.451803243,-1.44816229,-1.442762957,-1.443602144,-1.436184753,-1.435181517,-1.432133021,-1.431682069,-1.435454799,-1.436290735,-1.437380926,-1.436811737,-1.436234755,-1.434950329,-1.433231481,-1.428667259,-1.430080481,-1.432164189,-1.432899683,-1.437639832,-1.438036813,-1.434134833,-1.437768104,-1.438524264,-1.438435144,-1.440672912,-1.442456958,-1.436615357,-1.435793377,-1.433284434,-1.440809748,-1.441469736,-1.441706263,-1.443776232,-1.438408069,-1.446543814,-1.449742184,-1.448717083,-1.45202725,-1.441015964,-1.437080637,-1.439714387,-1.437727241,-1.44209706,-1.447105086,-1.44695298,-1.445889766,-1.449501259,-1.452650125,-1.452062228,-1.453065243,-1.458394313,-1.455362875,-1.450947881,-1.45151089,-1.453349566,-1.448175519,-1.448173495,-1.451185342,-1.445151096,-1.446541769,-1.447113723,-1.44538688,-1.449914657,-1.451991379,-1.451870805,-1.449190723,-1.449961216,-1.445900383,-1.451362416,-1.455221557,-1.451075281,-1.453456869,-1.457839352,-1.455092833,-1.443529243,-1.437745833,-1.435480162,-1.441684987,-1.445038411,-1.446255727,-1.445405831,-1.446737643,-1.44670633,-1.441155325,-1.442496785,-1.441027006,-1.444598913,-1.444876158,-1.445506306,-1.446777462,-1.438996342,-1.441658163,-1.449181104,-1.452931341,-1.449934177,-1.448111863,-1.449328142,-1.4426438,-1.443061922,-1.442109634,-1.446547671,-1.440726301,-1.448723712,-1.460178483,-1.466695223,-1.465667136,-1.465259391,-1.472132107,6.549809157525126
65,-1.438722215,-1.448123512,-1.436648883,-1.431967024,-1.434700065,-1.433185249,-1.425693747,-1.44513428,-1.425666053,-1.414470118,-1.425009296,-1.418010924,-1.42215957,-1.422898107,-1.415393197,-1.40659358,-1.422394045,-1.420000326,-1.422396117,-1.424959003,-1.423911119,-1.420058648,-1.418286672,-1.419998405,-1.422046305,-1.420167106,-1.421280902,-1.419156085,-1.421549345,-1.417353962,-1.418518212,-1.417310769,-1.411316217,-1.402608953,-1.405147663,-1.396681131,-1.398076815,-1.39274643,-1.390319619,-1.39041781,-1.388856719,-1.391521323,-1.388554152,-1.39182873,-1.392202325,-1.394256853,-1.394166425,-1.391443433,-1.393044449,-1.389312648,-1.391994906,-1.38995749,-1.393389655,-1.391971074,-1.393513906,-1.387398443,-1.385676904,-1.385971915,-1.388107627,-1.387948392,-1.383278654,-1.382320914,-1.375962514,-1.37693878,-1.376206711,-1.377229339,-1.380074022,-1.376678886,-1.380007091,-1.373879201,-1.367592759,-1.368264479,-1.367822014,-1.37204194,-1.369053693,-1.361653684,-1.360558299,-1.362964651,-1.36520432,-1.363338239,-1.365583265,-1.367189981,-1.364855853,-1.359461598,-1.360480826,-1.36002156,-1.363040584,-1.367091224,-1.368032805,-1.364696896,-1.362664566,-1.364291246,-1.365862501,-1.362123228,-1.358533412,-1.359191256,-1.360364141,-1.360874264,-1.36216488,-1.357413438,-1.369361019,-1.370172997,-1.368985022,-1.371903431,-1.374613849,-1.378450211,-1.374115917,-1.374379108,-1.373725088,-1.373298555,-1.3797882,-1.376667346,-1.372170133,-1.371374704,-1.372891981,-1.378027518,-1.380123536,-1.370825636,-1.37184045,-1.372025583,-1.374861265,-1.375304196,-1.374704857,-1.377335846,-1.371972831,-1.374176641,-1.372742086,-1.370253512,-1.374917146,-1.3717577,-1.370501558,-1.374545976,-1.380017015,-1.378615566,-1.376170871,-1.370259907,-1.370881982,-1.373173758,-1.381677059,-1.382420032,-1.383083951,-1.381746418,-1.378446712,-1.376708155,-1.367189351,-1.371883071,-1.375205382,-1.377628897,-1.379046142,-1.377413936,-1.375936316,-1.374260838,-1.376480187,-1.379680867,-1.382012719,-1.38093552,-1.385151992,-1.385999458,-1.37683974,-1.372942821,-1.374335798,-1.376439145,-1.373923961,-1.364234053,-1.373185675,-1.370464672,-1.378727094,-1.386470351,-1.388407516,-1.394799807,-1.39814838,-1.398986155,-1.40653895,-1.413014655,6.6
66,-1.520572091,-1.52513861,-1.510668,-1.526824506,-1.514187681,-1.515991113,-1.516397997,-1.511862111,-1.516949208,-1.501998375,-1.508774882,-1.506284406,-1.504952579,-1.503549976,-1.505935117,-1.509394354,-1.503807066,-1.506144601,-1.508774392,-1.512930347,-1.513779195,-1.510621049,-1.511724272,-1.507610605,-1.505320944,-1.506038155,-1.50903037,-1.506752901,-1.507545505,-1.502823308,-1.502425967,-1.502258546,-1.497744115,-1.492950505,-1.498158419,-1.49226848,-1.489950999,-1.488670443,-1.485149939,-1.485397813,-1.485560329,-1.487814932,-1.485110864,-1.480762069,-1.478426055,-1.484508313,-1.482073128,-1.482071429,-1.482120178,-1.476396248,-1.484028549,-1.4849622,-1.483581339,-1.478364844,-1.476803886,-1.480180622,-1.479144052,-1.47901494,-1.47767023,-1.476714709,-1.474402947,-1.475469948,-1.474573982,-1.472650281,-1.468034442,-1.466200437,-1.466614959,-1.470004394,-1.468547924,-1.463574218,-1.462081358,-1.462618859,-1.462444225,-1.462058487,-1.46251561,-1.463623163,-1.457400811,-1.456481025,-1.454295163,-1.453711687,-1.458030796,-1.460243827,-1.457597658,-1.455575509,-1.458951492,-1.457975605,-1.45868687,-1.456962311,-1.458718669,-1.454812867,-1.453952451,-1.456326098,-1.459931552,-1.461606201,-1.462241024,-1.462331315,-1.463059569,-1.458322864,-1.458779231,-1.453596324,-1.459736709,-1.457910619,-1.463158657,-1.464022928,-1.45922192,-1.4591133,-1.461691014,-1.468779008,-1.46910873,-1.463951343,-1.466215927,-1.467161488,-1.467284542,-1.468735997,-1.470985289,-1.469781513,-1.469406023,-1.4690673,-1.466699608,-1.466278194,-1.467050077,-1.463004526,-1.461587275,-1.458721877,-1.462974494,-1.469824184,-1.469264948,-1.467630637,-1.470745804,-1.465373236,-1.463263736,-1.464355127,-1.47099315,-1.469879046,-1.472709402,-1.474197098,-1.473267963,-1.476035156,-1.473878116,-1.468984945,-1.471393153,-1.469708111,-1.469243002,-1.467050457,-1.457775209,-1.462702699,-1.461474387,-1.459661931,-1.458754997,-1.460968118,-1.458960382,-1.465664556,-1.465278248,-1.460285481,-1.459042459,-1.461276665,-1.457690459,-1.456209651,-1.458247802,-1.460584686,-1.458979607,-1.458749707,-1.462432948,-1.455574046,-1.461511451,-1.464963181,-1.464452484,-1.46323184,-1.472667026,-1.472027326,-1.480738833,-1.483181644,-1.480037536,-1.484717213,6.3992187023104625
67,-1.591228839,-1.591649761,-1.585597207,-1.574283803,-1.585468742,-1.583900363,-1.582460944,-1.581452322,-1.572407335,-1.573195066,-1.57973139,-1.576742139,-1.574731998,-1.569913631,-1.575020502,-1.576633458,-1.577870067,-1.574283292,-1.571601818,-1.574201033,-1.575042773,-1.572041278,-1.573789295,-1.570327825,-1.571682277,-1.571903396,-1.573316311,-1.573687683,-1.575361582,-1.573168076,-1.572244141,-1.570955122,-1.570571052,-1.567228575,-1.565715863,-1.562846804,-1.563337612,-1.563438391,-1.56033048,-1.563283229,-1.562741168,-1.565123008,-1.563334617,-1.560269665,-1.557123724,-1.558509316,-1.559855733,-1.560394638,-1.561980818,-1.563600561,-1.560253163,-1.55961166,-1.558832042,-1.561013679,-1.557872046,-1.55489713,-1.554369571,-1.560783955,-1.557233739,-1.5584531,-1.560639072,-1.558747256,-1.559365488,-1.556282676,-1.557174397,-1.556891392,-1.555545053,-1.551514472,-1.55065442,-1.549484503,-1.549967783,-1.5499576,-1.549541334,-1.553327625,-1.54696466,-1.547853198,-1.544103528,-1.550569372,-1.54966317,-1.547181212,-1.548481474,-1.547104049,-1.550397994,-1.550880383,-1.548135021,-1.550083606,-1.546060283,-1.549781171,-1.551733268,-1.54912055,-1.552077579,-1.55655833,-1.555321231,-1.554923005,-1.556494402,-1.558697439,-1.559111118,-1.556345227,-1.556985831,-1.55335892,-1.558293741,-1.560899769,-1.559640944,-1.552580259,-1.553589813,-1.559271413,-1.558893868,-1.554239008,-1.551119665,-1.552709713,-1.54890632,-1.553159901,-1.552733539,-1.553835253,-1.555613922,-1.55220636,-1.553014614,-1.558909238,-1.555946523,-1.557005978,-1.566142716,-1.572198681,-1.577226178,-1.572561651,-1.56324651,-1.552578142,-1.550176393,-1.551257291,-1.554124879,-1.555127894,-1.558724355,-1.558720188,-1.560102472,-1.560093127,-1.562254311,-1.562654731,-1.563903533,-1.563989679,-1.563119105,-1.554069405,-1.557095538,-1.558742628,-1.554168751,-1.553990659,-1.557329949,-1.556573345,-1.55419689,-1.553658546,-1.556839384,-1.557085495,-1.557159499,-1.563554253,-1.561910913,-1.557889793,-1.552940479,-1.554557015,-1.559204871,-1.563313493,-1.558691673,-1.559611575,-1.565857801,-1.559133031,-1.561560841,-1.564313983,-1.563931484,-1.561520821,-1.565821412,-1.559646568,-1.562273656,-1.565401366,-1.563876008,-1.563190715,-1.566471962,-1.567333428,4.7
68,-1.581574666,-1.578476658,-1.569844458,-1.568279234,-1.576330407,-1.563262075,-1.567699549,-1.562226069,-1.55937125,-1.56014457,-1.561798584,-1.555686991,-1.559705467,-1.559573889,-1.559598016,-1.561637197,-1.561040563,-1.55833097,-1.557864402,-1.559283201,-1.562037409,-1.561672958,-1.558476107,-1.556184469,-1.556714937,-1.554956063,-1.558828942,-1.556521763,-1.556487552,-1.555733942,-1.554844875,-1.555844578,-1.554637536,-1.545752049,-1.54969839,-1.548289179,-1.548129889,-1.543583523,-1.546968788,-1.542696763,-1.537157261,-1.540160641,-1.537974311,-1.540427226,-1.536241608,-1.54331636,-1.541999393,-1.53713168,-1.537614713,-1.539343625,-1.543452481,-1.542347705,-1.539634286,-1.538161122,-1.538341471,-1.540406228,-1.539788534,-1.540323991,-1.535060131,-1.535458567,-1.536331305,-1.533458468,-1.535962155,-1.536624452,-1.536030251,-1.53912932,-1.538354742,-1.53398139,-1.530021802,-1.528785826,-1.529845678,-1.529236754,-1.526268028,-1.523103668,-1.523196784,-1.52748021,-1.531873235,-1.527653238,-1.520324723,-1.524243057,-1.530244034,-1.529473808,-1.527902465,-1.523601906,-1.524719732,-1.5263063,-1.530757593,-1.528166991,-1.529639612,-1.52972307,-1.527204661,-1.528110543,-1.524916297,-1.522524532,-1.524285311,-1.532823634,-1.534843182,-1.52919093,-1.527611049,-1.530242366,-1.533935039,-1.531745578,-1.530003505,-1.534248786,-1.534881027,-1.537230153,-1.536146983,-1.535544662,-1.533354567,-1.525235834,-1.516946383,-1.519364601,-1.53333961,-1.539860277,-1.540864023,-1.532923425,-1.530111636,-1.527263315,-1.528028425,-1.524096554,-1.524412445,-1.526490697,-1.526583573,-1.526608502,-1.524780436,-1.530311778,-1.530193277,-1.531626933,-1.541117876,-1.540626045,-1.540391898,-1.534234785,-1.539972333,-1.541113951,-1.536787075,-1.535357084,-1.534667973,-1.534830885,-1.536245667,-1.53235591,-1.534970643,-1.540089215,-1.542959575,-1.544052834,-1.538888828,-1.538575248,-1.537594661,-1.540534734,-1.544467815,-1.541733318,-1.539929306,-1.538532783,-1.535009562,-1.533872808,-1.536909935,-1.535059269,-1.53230534,-1.530201581,-1.532019396,-1.53679345,-1.537389495,-1.531494021,-1.52636491,-1.52267524,-1.528641752,-1.531771987,-1.536636047,-1.54450377,-1.539247037,-1.543814914,-1.544084142,-1.545888787,-1.548368979,-1.554993278,4.549725266
69,-1.633891305,-1.629712788,-1.620408417,-1.623823546,-1.625268564,-1.622157213,-1.622338708,-1.615862784,-1.614403839,-1.612490012,-1.609855618,-1.608757996,-1.611113653,-1.610934692,-1.609608097,-1.613665698,-1.61176612,-1.606563927,-1.60805391,-1.609353352,-1.611951811,-1.611421413,-1.610108608,-1.607004427,-1.607997745,-1.604265418,-1.608556431,-1.606538044,-1.607391247,-1.605997211,-1.605710446,-1.606840495,-1.605908211,-1.595259493,-1.599535967,-1.598845526,-1.598944946,-1.595196566,-1.596136984,-1.592864072,-1.586736489,-1.590258477,-1.587580772,-1.591346771,-1.586423361,-1.593973743,-1.591986592,-1.587681214,-1.588122288,-1.590351454,-1.594440477,-1.592804585,-1.590432833,-1.588273426,-1.589139677,-1.591773562,-1.59128833,-1.590539427,-1.586626674,-1.585742661,-1.588568987,-1.585525239,-1.586949143,-1.587734324,-1.588111178,-1.591086319,-1.590068326,-1.583385429,-1.579756971,-1.580029353,-1.580598939,-1.58014868,-1.576511082,-1.574704551,-1.574763179,-1.579613238,-1.582396178,-1.577740826,-1.570881427,-1.574671283,-1.581451469,-1.580802871,-1.578657485,-1.57499126,-1.575701375,-1.57699894,-1.581852927,-1.578971708,-1.580633854,-1.579064413,-1.575929945,-1.578219472,-1.575404151,-1.57302221,-1.574018868,-1.583010347,-1.584971681,-1.579369354,-1.577478191,-1.581398387,-1.585228663,-1.582733468,-1.58040734,-1.584941043,-1.584772922,-1.587275304,-1.586594802,-1.586594894,-1.58404112,-1.575819248,-1.567253479,-1.570043908,-1.583271155,-1.590997365,-1.590570391,-1.583431533,-1.581580906,-1.578278431,-1.57923507,-1.575145859,-1.575034515,-1.577134673,-1.577792294,-1.578037481,-1.576524418,-1.582244886,-1.58276143,-1.58278767,-1.593255804,-1.593884275,-1.592637903,-1.586997069,-1.592017011,-1.593555314,-1.588062891,-1.586425007,-1.585683363,-1.58589441,-1.58786099,-1.585084461,-1.585654233,-1.593160067,-1.595269717,-1.598672173,-1.592698392,-1.591045515,-1.590498775,-1.593873239,-1.59677146,-1.596289501,-1.59354105,-1.59267689,-1.58958513,-1.587989819,-1.592078758,-1.58898042,-1.585245126,-1.583752439,-1.584590756,-1.590912804,-1.591619402,-1.585254096,-1.578206825,-1.576564648,-1.58204191,-1.585627193,-1.588937892,-1.598390089,-1.591911931,-1.595827802,-1.596180046,-1.599955899,-1.600355908,-1.606573541,4.849742261192857
70,-1.428487348,-1.42736383,-1.437531811,-1.432435237,-1.42540673,-1.417367417,-1.420311126,-1.419425164,-1.417290649,-1.408279147,-1.409472766,-1.40908768,-1.402960216,-1.401634331,-1.403151524,-1.408811152,-1.417175509,-1.408002118,-1.405952252,-1.415441396,-1.41312356,-1.411239226,-1.408492443,-1.409238279,-1.411941419,-1.406958554,-1.411351911,-1.407433002,-1.40375681,-1.398135563,-1.399416961,-1.397777473,-1.397696336,-1.389641789,-1.390180379,-1.388391353,-1.388791816,-1.383740911,-1.389579702,-1.381882487,-1.377922952,-1.384523352,-1.378999679,-1.37995379,-1.376499791,-1.380080082,-1.378789107,-1.379468868,-1.375020347,-1.375590654,-1.380814609,-1.374548982,-1.373882038,-1.373686106,-1.374434092,-1.375016341,-1.37330423,-1.376782441,-1.369051886,-1.372617423,-1.368444324,-1.36686636,-1.366032861,-1.36446835,-1.365026297,-1.3645039,-1.366176265,-1.364151301,-1.360235524,-1.355270376,-1.357034309,-1.359193583,-1.356694764,-1.356647119,-1.350128263,-1.348330273,-1.351154825,-1.350402216,-1.348916709,-1.350077303,-1.350662734,-1.349796402,-1.350736596,-1.346852812,-1.347187198,-1.348716723,-1.351351534,-1.349189219,-1.350534394,-1.3555983,-1.354953746,-1.352640833,-1.356583534,-1.359570367,-1.358361294,-1.35954447,-1.362070394,-1.35473709,-1.356228218,-1.350475352,-1.354008328,-1.356416697,-1.3611206,-1.353005298,-1.348991838,-1.352988372,-1.350226276,-1.35436359,-1.358269433,-1.358166216,-1.358337886,-1.352114489,-1.354590846,-1.355236764,-1.355002934,-1.349981288,-1.352872539,-1.351171887,-1.350591064,-1.356712131,-1.356551799,-1.358174863,-1.356064601,-1.354239128,-1.357330642,-1.359225772,-1.36080742,-1.362156254,-1.364263696,-1.366308004,-1.368142007,-1.36728641,-1.370395097,-1.365044352,-1.359706137,-1.362798834,-1.361542796,-1.36071196,-1.360524492,-1.348468538,-1.347150665,-1.349583118,-1.35066187,-1.351103657,-1.349418217,-1.358952976,-1.354726327,-1.356729643,-1.356949066,-1.35386065,-1.348235074,-1.347866579,-1.349576478,-1.347876777,-1.347820017,-1.345822824,-1.348970834,-1.354383283,-1.354120861,-1.352372392,-1.356038133,-1.35224083,-1.357745659,-1.348949846,-1.351762366,-1.347995886,-1.359755391,-1.3608048,-1.363034221,-1.362162445,-1.368344342,-1.372445407,-1.375840395,-1.383487987,6.149796744608719
71,-1.471814278,-1.462855304,-1.478085158,-1.473457963,-1.465486402,-1.448202622,-1.458138038,-1.456535626,-1.455126378,-1.451457159,-1.450942232,-1.447302715,-1.441323393,-1.441513203,-1.446166343,-1.436676003,-1.45630946,-1.44748661,-1.445510464,-1.454955947,-1.44917806,-1.450623876,-1.447120719,-1.450056809,-1.447710287,-1.446478316,-1.45072462,-1.44580337,-1.442428632,-1.439567436,-1.43808767,-1.436759664,-1.436954852,-1.428747297,-1.42981068,-1.426727394,-1.428506253,-1.423661658,-1.429069697,-1.419807618,-1.417574094,-1.424463951,-1.419908189,-1.418769546,-1.417928466,-1.419777882,-1.419675079,-1.420579071,-1.417344443,-1.415867781,-1.420755475,-1.415317769,-1.415439032,-1.415027223,-1.415089687,-1.417472433,-1.414180151,-1.419435303,-1.409916165,-1.415500748,-1.410333712,-1.409138514,-1.406892266,-1.406849853,-1.407420215,-1.40682821,-1.408667636,-1.407505054,-1.40338987,-1.398401474,-1.401581392,-1.402497871,-1.399699825,-1.399276554,-1.394091406,-1.392171722,-1.394271003,-1.393770698,-1.393362229,-1.393788142,-1.394852689,-1.394293365,-1.394736963,-1.391587859,-1.391820364,-1.392772175,-1.395230107,-1.394226008,-1.395338084,-1.398950853,-1.398792842,-1.396346806,-1.400608409,-1.403743846,-1.402234248,-1.403459129,-1.406273557,-1.398048774,-1.400336425,-1.394958461,-1.398137311,-1.400839979,-1.404885377,-1.396898732,-1.39320048,-1.397559212,-1.39388327,-1.398052174,-1.403473491,-1.402648973,-1.402560856,-1.396927474,-1.399852809,-1.399665547,-1.399665412,-1.395576044,-1.398952752,-1.396538777,-1.394717664,-1.401995903,-1.402180421,-1.404021795,-1.401249468,-1.399178185,-1.402440714,-1.402989639,-1.406694501,-1.407332985,-1.410036601,-1.410646505,-1.41231392,-1.412300303,-1.414572208,-1.408856742,-1.404396102,-1.407664493,-1.407593423,-1.405882783,-1.405088758,-1.39362829,-1.390667686,-1.394858196,-1.394780766,-1.399886979,-1.394977,-1.405041912,-1.400467296,-1.402571157,-1.401781839,-1.399204768,-1.395470468,-1.393867709,-1.394577086,-1.394627595,-1.393008011,-1.391074872,-1.395246969,-1.40049418,-1.399587033,-1.399120966,-1.401102515,-1.399107613,-1.403700974,-1.39445097,-1.398902751,-1.391777655,-1.403747185,-1.405957253,-1.408148273,-1.40912448,-1.411499376,-1.414730057,-1.420500026,-1.426820605,5.849786320883866
72,-1.302706353,-1.30701432,-1.308515611,-1.3029486,-1.298644301,-1.294822997,-1.290538404,-1.278395385,-1.279936472,-1.272136081,-1.282292897,-1.269137051,-1.276102109,-1.268656658,-1.271774915,-1.277415034,-1.272485564,-1.275283868,-1.276777157,-1.271894963,-1.283595749,-1.281778573,-1.285027757,-1.278597848,-1.277031552,-1.273967262,-1.27051751,-1.26795765,-1.266034158,-1.266876951,-1.272932722,-1.26874146,-1.26545819,-1.254365568,-1.254122843,-1.239699818,-1.250283464,-1.237590987,-1.252472227,-1.241239939,-1.238754083,-1.244812064,-1.232283501,-1.237066649,-1.234758449,-1.238068617,-1.238385817,-1.235385359,-1.238602438,-1.240033794,-1.237851281,-1.234849634,-1.241929571,-1.234794301,-1.233444548,-1.230504948,-1.231991925,-1.235494156,-1.230690743,-1.230489774,-1.231418247,-1.22855126,-1.222297644,-1.227978145,-1.226985805,-1.219288223,-1.220611352,-1.220934287,-1.220241458,-1.216344045,-1.212911628,-1.213577416,-1.210037111,-1.207766566,-1.210498789,-1.209669734,-1.212476542,-1.211915942,-1.210289622,-1.208449757,-1.213324149,-1.206704255,-1.205487869,-1.206506786,-1.205178512,-1.209506757,-1.211451032,-1.212679802,-1.207725195,-1.206012013,-1.209736675,-1.21577142,-1.210489543,-1.210262968,-1.216400705,-1.216148638,-1.212238854,-1.209303448,-1.210114392,-1.210607932,-1.209983918,-1.211652477,-1.21507002,-1.216994577,-1.212883763,-1.213216455,-1.2127838,-1.214211464,-1.223168715,-1.223451282,-1.219572106,-1.215804903,-1.218155171,-1.220044146,-1.215358515,-1.209954926,-1.215648333,-1.216646683,-1.217411014,-1.220693017,-1.217628716,-1.213399265,-1.2189448,-1.219421126,-1.221939982,-1.220347908,-1.219699513,-1.216973772,-1.210371169,-1.217444116,-1.216750023,-1.21949063,-1.219154357,-1.218866436,-1.224744572,-1.227336829,-1.226233476,-1.223088744,-1.222377233,-1.218376391,-1.223371563,-1.217691879,-1.213699361,-1.214578252,-1.212644332,-1.213318145,-1.220139878,-1.217050774,-1.215940687,-1.222316517,-1.219500225,-1.213328861,-1.209066649,-1.201670111,-1.20969625,-1.211069611,-1.217269475,-1.222549767,-1.222844629,-1.219362524,-1.215419259,-1.214531752,-1.226078362,-1.226918765,-1.23204275,-1.233757946,-1.228613299,-1.225461951,-1.233983328,-1.239597754,-1.231977508,-1.239667019,-1.244170663,-1.249160084,5.8991524815010505
73,-1.349232884,-1.353026111,-1.36221617,-1.362685141,-1.340161023,-1.357208683,-1.34120941,-1.352340025,-1.347517141,-1.339876189,-1.345393086,-1.339746633,-1.343513537,-1.344290347,-1.337932284,-1.344806019,-1.346010599,-1.337033553,-1.34194087,-1.343416832,-1.342693193,-1.342456541,-1.348246358,-1.342975203,-1.341567589,-1.340837322,-1.34491134,-1.340404284,-1.347463202,-1.339513222,-1.340226248,-1.343857357,-1.339428878,-1.331136196,-1.33342926,-1.325542264,-1.322352263,-1.318388157,-1.326249599,-1.325176475,-1.317407699,-1.327521835,-1.326888697,-1.32408966,-1.319628678,-1.325055605,-1.330247395,-1.327125365,-1.330091327,-1.329610487,-1.330317345,-1.325562969,-1.32680693,-1.323144853,-1.320115666,-1.325075519,-1.320794206,-1.322862647,-1.320253918,-1.31995814,-1.323243508,-1.318292797,-1.319446243,-1.316850473,-1.31044294,-1.308204027,-1.311949345,-1.310293816,-1.313389637,-1.316419843,-1.314994826,-1.317179547,-1.315074216,-1.310776932,-1.309358041,-1.306397001,-1.302567575,-1.302018213,-1.305936312,-1.309276006,-1.310615553,-1.309258682,-1.309751055,-1.308262765,-1.306260986,-1.307415901,-1.310347259,-1.318809265,-1.31180692,-1.305708251,-1.310626766,-1.313427898,-1.312037898,-1.311582662,-1.312979299,-1.320198341,-1.316281128,-1.310970542,-1.313351449,-1.311063431,-1.314363309,-1.314145006,-1.314536611,-1.317477113,-1.320069244,-1.320935261,-1.315933066,-1.315913258,-1.320036094,-1.317982392,-1.32310069,-1.323770047,-1.323043123,-1.31993651,-1.314642951,-1.316848441,-1.324386224,-1.327189233,-1.326185738,-1.321973255,-1.319123463,-1.323511009,-1.327164501,-1.326160436,-1.323799578,-1.327845034,-1.324727232,-1.319986714,-1.321002861,-1.319397415,-1.319656759,-1.316328021,-1.324601072,-1.330630359,-1.333090072,-1.33734827,-1.331001833,-1.329417162,-1.33228942,-1.332692554,-1.330642035,-1.323960445,-1.32349002,-1.322472804,-1.325108056,-1.330469278,-1.326622869,-1.321721416,-1.327586437,-1.325928009,-1.319344657,-1.322999548,-1.325380092,-1.328898119,-1.327931504,-1.328460721,-1.326195127,-1.325300378,-1.324473726,-1.325444548,-1.323851026,-1.326647724,-1.331820361,-1.324656963,-1.322581634,-1.329782644,-1.341411156,-1.348762271,-1.348147234,-1.354787914,-1.351257495,-1.351916729,-1.351976664,-1.354285366,3.9496835316262997
74,-1.421720731,-1.424729472,-1.432759094,-1.409141883,-1.39718337,-1.409806376,-1.406452557,-1.415090717,-1.386454324,-1.3948784,-1.390812248,-1.395057032,-1.390384534,-1.394171599,-1.385687379,-1.384952213,-1.396059987,-1.392742951,-1.389720204,-1.393265038,-1.391221276,-1.393578369,-1.391809317,-1.388399999,-1.392253767,-1.383724425,-1.392108688,-1.384046177,-1.384256122,-1.379639958,-1.383454014,-1.382971551,-1.381746496,-1.370120898,-1.372010273,-1.367563842,-1.363684185,-1.365966756,-1.361626981,-1.362958438,-1.359826072,-1.364971515,-1.35877593,-1.363416975,-1.356809597,-1.362688072,-1.360188645,-1.358518619,-1.358066688,-1.354529453,-1.362307131,-1.360894138,-1.364769566,-1.360826547,-1.36030793,-1.354663299,-1.352929624,-1.354639705,-1.349170393,-1.351847902,-1.35293032,-1.354398755,-1.349454422,-1.346628827,-1.345307924,-1.346911867,-1.347484529,-1.35033782,-1.342409045,-1.337836197,-1.338975524,-1.336400181,-1.334156725,-1.327709636,-1.324756734,-1.324426024,-1.327300246,-1.32230147,-1.323162177,-1.319622458,-1.323605186,-1.323722343,-1.327033075,-1.329987873,-1.33199711,-1.333110917,-1.329733083,-1.327347576,-1.327230853,-1.330161333,-1.334127031,-1.333623807,-1.32825815,-1.325773625,-1.324551219,-1.32409884,-1.332770361,-1.336870184,-1.339866392,-1.329706539,-1.334455125,-1.334561484,-1.336961877,-1.336692712,-1.340207596,-1.343094662,-1.334524665,-1.334609389,-1.345492832,-1.341456844,-1.332752281,-1.339820306,-1.343120967,-1.344306976,-1.340327381,-1.336893629,-1.340326437,-1.339551221,-1.335056139,-1.332784967,-1.336623094,-1.339664656,-1.347482177,-1.343821872,-1.339064189,-1.3361142,-1.334147186,-1.331006061,-1.335477843,-1.339648215,-1.341766543,-1.337979576,-1.332463313,-1.336304914,-1.349643503,-1.351887221,-1.352692792,-1.347871075,-1.346178271,-1.336303603,-1.342912748,-1.347476405,-1.344504231,-1.345850602,-1.352567888,-1.355885975,-1.353347168,-1.358420183,-1.355986194,-1.347727027,-1.341772502,-1.343808917,-1.342657382,-1.336951084,-1.332148752,-1.332912505,-1.33761734,-1.340484968,-1.341541139,-1.339141989,-1.340478787,-1.339948049,-1.34098595,-1.336300723,-1.338566025,-1.332760226,-1.326842732,-1.333237051,-1.342303026,-1.350383126,-1.355460001,-1.35765599,-1.359930475,-1.360384959,4.398863489584554
75,-1.421684774,-1.416801669,-1.411461594,-1.413584787,-1.413785075,-1.4103833,-1.402613313,-1.407039808,-1.400908784,-1.398748827,-1.402423767,-1.398280364,-1.401701264,-1.404709486,-1.398711548,-1.398914929,-1.402277061,-1.402905882,-1.403422401,-1.4105276,-1.406582316,-1.398844852,-1.408248222,-1.408920616,-1.409599417,-1.405985804,-1.405631692,-1.40594017,-1.401990772,-1.400698922,-1.401893725,-1.399851658,-1.401075462,-1.396966445,-1.395835693,-1.388891911,-1.390193005,-1.388497621,-1.388578191,-1.388915194,-1.38210388,-1.390158946,-1.388439795,-1.387378047,-1.383413228,-1.387434943,-1.389800996,-1.390371503,-1.383914301,-1.386055715,-1.3906917,-1.391468808,-1.393394068,-1.391237034,-1.388690754,-1.385468317,-1.384527573,-1.386622618,-1.383250752,-1.383741314,-1.386191641,-1.386285774,-1.38227956,-1.375315817,-1.378302334,-1.376094126,-1.36981162,-1.373679823,-1.372672372,-1.369013704,-1.370474076,-1.37298435,-1.371961502,-1.367251817,-1.367479327,-1.364569264,-1.366009508,-1.37245199,-1.368337116,-1.362328342,-1.363853412,-1.366850702,-1.366672048,-1.365705962,-1.368310863,-1.369930708,-1.369508975,-1.368234042,-1.365862873,-1.364438887,-1.371156218,-1.371103058,-1.372347528,-1.372978526,-1.367571997,-1.365652676,-1.366890069,-1.367886351,-1.374456123,-1.371597929,-1.3715951,-1.373318563,-1.372317971,-1.374796347,-1.3739415,-1.375653793,-1.376429214,-1.378678934,-1.381994261,-1.379493597,-1.379034371,-1.378253681,-1.382621568,-1.37478568,-1.374331115,-1.377853051,-1.37553267,-1.38241468,-1.379304571,-1.384010668,-1.386219356,-1.385538659,-1.379555129,-1.374800654,-1.378703891,-1.379694807,-1.380864864,-1.381111648,-1.384302494,-1.383565563,-1.379208497,-1.376343076,-1.386185003,-1.389276485,-1.387993133,-1.383862718,-1.379318193,-1.377592548,-1.381452634,-1.38233566,-1.38027822,-1.382599562,-1.381576201,-1.381188825,-1.383640628,-1.386614382,-1.381362147,-1.378523191,-1.382559542,-1.384676169,-1.380580511,-1.380787672,-1.379961169,-1.381411412,-1.391031323,-1.391923086,-1.38690868,-1.384783836,-1.374046407,-1.37992091,-1.380242853,-1.385430485,-1.385107862,-1.385661479,-1.392286559,-1.387752429,-1.384406548,-1.385915592,-1.388413254,-1.393455795,-1.391616052,-1.387705736,-1.393960276,-1.40000891,4.098780306
76,-1.463022716,-1.467076921,-1.458879432,-1.455881364,-1.461419998,-1.446612047,-1.449812581,-1.446555984,-1.44469178,-1.441570494,-1.44254125,-1.439121168,-1.44206984,-1.446429625,-1.438923467,-1.441586361,-1.445418201,-1.444642787,-1.446342022,-1.452646888,-1.447009105,-1.441683247,-1.446259752,-1.450202076,-1.450401377,-1.448951695,-1.4469582,-1.445052118,-1.441589355,-1.441500436,-1.441501512,-1.439152612,-1.442142123,-1.434777315,-1.435702968,-1.425128875,-1.426603136,-1.425539137,-1.42207781,-1.427190476,-1.418833931,-1.426533628,-1.423024363,-1.423300739,-1.418917592,-1.423292672,-1.42356288,-1.423935007,-1.419302776,-1.420824634,-1.425841585,-1.425837222,-1.42821452,-1.426980436,-1.424457539,-1.420463922,-1.418459829,-1.42144225,-1.418234738,-1.418368435,-1.421490064,-1.42023293,-1.416187327,-1.408439879,-1.413404261,-1.409661616,-1.404127566,-1.406064579,-1.405164915,-1.403312469,-1.404271754,-1.406940068,-1.404343033,-1.401520883,-1.400556683,-1.397481854,-1.398389122,-1.404908962,-1.400108671,-1.393309005,-1.395254877,-1.399518806,-1.400380015,-1.397540265,-1.399602133,-1.402171553,-1.401899215,-1.401465817,-1.399305476,-1.400244618,-1.405383794,-1.404384624,-1.405684141,-1.406755852,-1.401437382,-1.39924215,-1.400984592,-1.402285987,-1.408907005,-1.407293329,-1.405985815,-1.409098578,-1.407454082,-1.41028989,-1.410834443,-1.412316279,-1.412252445,-1.413358196,-1.417398123,-1.415869301,-1.415201994,-1.414001887,-1.417825849,-1.410482495,-1.409917523,-1.412299391,-1.411872353,-1.416701662,-1.414353876,-1.418315834,-1.420722025,-1.420744274,-1.415170974,-1.411518197,-1.415289932,-1.413952465,-1.415948146,-1.415657761,-1.419703595,-1.415901569,-1.414841086,-1.412223657,-1.42038883,-1.423188893,-1.422155005,-1.418299477,-1.413634288,-1.412217139,-1.416727138,-1.417458487,-1.416167468,-1.418106399,-1.415422548,-1.413707157,-1.416581704,-1.417686921,-1.413505941,-1.412484249,-1.414105791,-1.415325066,-1.410867543,-1.411297796,-1.41202346,-1.412611836,-1.421627416,-1.424111679,-1.418229664,-1.416000405,-1.406873327,-1.412838805,-1.413599238,-1.420347632,-1.418276421,-1.419778084,-1.426768095,-1.420342718,-1.417363034,-1.418953829,-1.422704014,-1.429084501,-1.429580863,-1.427262807,-1.433011229,-1.440735845,6.3
77,-1.502897189,-1.498749867,-1.495708597,-1.48908449,-1.492469767,-1.485780987,-1.486091781,-1.481656401,-1.480748945,-1.477838184,-1.479286622,-1.473021888,-1.478862418,-1.482780918,-1.473291182,-1.477779928,-1.482723019,-1.481706765,-1.480110854,-1.485441034,-1.48423498,-1.47844027,-1.479939097,-1.486026047,-1.48508492,-1.483206215,-1.481755888,-1.481348754,-1.478014691,-1.477262501,-1.47763855,-1.474477762,-1.478290926,-1.47224924,-1.471600742,-1.463022347,-1.463263701,-1.461337308,-1.459905225,-1.46275205,-1.455331037,-1.463472523,-1.460905588,-1.460121635,-1.456096321,-1.460023525,-1.461333196,-1.461340441,-1.457210831,-1.457693812,-1.463290723,-1.462987472,-1.465988695,-1.463395206,-1.460816729,-1.458614327,-1.455505699,-1.458962135,-1.456503048,-1.455779039,-1.459815846,-1.45857018,-1.453715544,-1.447248657,-1.451093769,-1.448039946,-1.443476153,-1.445657392,-1.444246001,-1.442138673,-1.442444496,-1.445762003,-1.443917706,-1.440999309,-1.439666803,-1.437599264,-1.436515688,-1.443974018,-1.439414804,-1.433498412,-1.436265488,-1.439276141,-1.439121727,-1.436897171,-1.439992062,-1.441516452,-1.441160578,-1.440707156,-1.43850098,-1.439477503,-1.443078836,-1.443258964,-1.444345241,-1.44469326,-1.440446947,-1.438174178,-1.438694477,-1.440034718,-1.445884267,-1.44448565,-1.442639296,-1.445687716,-1.445059904,-1.447369164,-1.446628499,-1.44852404,-1.449328541,-1.451090197,-1.455101401,-1.452839408,-1.451964817,-1.45030373,-1.45424659,-1.44792967,-1.446268167,-1.449590921,-1.448761947,-1.453031359,-1.451550714,-1.455309431,-1.457500818,-1.458496206,-1.451109705,-1.446636964,-1.4512681,-1.449742846,-1.451939874,-1.452457048,-1.456045991,-1.452563617,-1.45097278,-1.448191644,-1.457637856,-1.459634697,-1.459785702,-1.453993272,-1.447803163,-1.446958235,-1.452345091,-1.453365034,-1.450958128,-1.454818488,-1.452002459,-1.450990351,-1.453651671,-1.456662748,-1.450726799,-1.449667443,-1.453464622,-1.454785449,-1.449633571,-1.45023748,-1.45006916,-1.449895528,-1.459338242,-1.463085248,-1.457387733,-1.454900503,-1.44582447,-1.450138971,-1.450924511,-1.458235939,-1.4551884,-1.459213447,-1.466494856,-1.460617607,-1.454562498,-1.456865033,-1.459380008,-1.466389064,-1.467790328,-1.464152514,-1.471395104,-1.477152572,6.3498031465550175
78,-1.514337478,-1.508817474,-1.506658689,-1.495919406,-1.502836197,-1.494974705,-1.493264181,-1.490548628,-1.488777239,-1.482360515,-1.491189099,-1.477265681,-1.487838509,-1.489084788,-1.485316655,-1.485421123,-1.491720296,-1.488182414,-1.487531167,-1.496566903,-1.49112255,-1.487082338,-1.489191582,-1.493212316,-1.49202468,-1.488914863,-1.486370598,-1.488502332,-1.485694569,-1.485551509,-1.48528685,-1.483102074,-1.487387811,-1.47933402,-1.479246539,-1.47308628,-1.471551661,-1.470103713,-1.473048357,-1.471059915,-1.464222652,-1.472151949,-1.467864252,-1.468258951,-1.465612109,-1.467991408,-1.471125583,-1.467958523,-1.464889778,-1.466504833,-1.471451115,-1.472011264,-1.472965351,-1.472664882,-1.469224056,-1.465650541,-1.463456393,-1.467557747,-1.464003038,-1.462953199,-1.467807207,-1.466001189,-1.46190829,-1.455074278,-1.458205064,-1.456139558,-1.450946245,-1.45360424,-1.451453368,-1.450617933,-1.450516601,-1.454003694,-1.452008749,-1.449077782,-1.447776016,-1.445388,-1.445467383,-1.452504594,-1.447001847,-1.44212446,-1.444894839,-1.448480113,-1.447664145,-1.445967357,-1.44878549,-1.450946104,-1.45038361,-1.449079349,-1.447048601,-1.446711,-1.451501581,-1.451425285,-1.454435405,-1.453973881,-1.448806699,-1.446676792,-1.447856741,-1.44962197,-1.455433672,-1.454076984,-1.452100202,-1.454935221,-1.453409324,-1.456730011,-1.455398774,-1.457855163,-1.458572105,-1.460482611,-1.464659761,-1.462131295,-1.461447844,-1.460536516,-1.464292426,-1.458704867,-1.456369274,-1.458722434,-1.458249565,-1.463319625,-1.461559572,-1.465150364,-1.467461399,-1.467614818,-1.461042939,-1.455564604,-1.459145972,-1.459222427,-1.461966243,-1.460908043,-1.464990436,-1.461870173,-1.460849904,-1.457131086,-1.467412778,-1.467631342,-1.469773736,-1.463163518,-1.458495119,-1.456945271,-1.461070602,-1.463021862,-1.460277338,-1.463533553,-1.46115413,-1.459975543,-1.461448356,-1.464444002,-1.460187835,-1.458783803,-1.461067463,-1.46339713,-1.457080989,-1.458228287,-1.457455461,-1.457039348,-1.467389795,-1.470026525,-1.46413005,-1.463602441,-1.452819546,-1.458637712,-1.458201044,-1.46510452,-1.461938342,-1.464198161,-1.47212435,-1.467184919,-1.463772896,-1.46490314,-1.465584762,-1.47282372,-1.473516992,-1.470141509,-1.477099027,-1.484647062,6.3
79,-1.556533874,-1.584575913,-1.559170559,-1.562534607,-1.550836995,-1.548541883,-1.542551025,-1.533286429,-1.544104401,-1.530961795,-1.539511292,-1.532173205,-1.53726436,-1.533565501,-1.534436275,-1.538272499,-1.524683289,-1.528613578,-1.531069468,-1.524726103,-1.533577939,-1.523258224,-1.527162434,-1.53206682,-1.52582209,-1.530803865,-1.523748368,-1.526558901,-1.518316403,-1.5246844,-1.521619568,-1.520909663,-1.516754153,-1.517390882,-1.51138933,-1.512981772,-1.50187861,-1.501616019,-1.505172016,-1.508274532,-1.504419077,-1.505518316,-1.503728157,-1.501101381,-1.501153854,-1.503704299,-1.499309919,-1.50492611,-1.507846017,-1.503645899,-1.504178265,-1.5002344,-1.499681037,-1.498012954,-1.49925834,-1.502735587,-1.503243868,-1.499041529,-1.50026854,-1.500662898,-1.498819763,-1.499013158,-1.497519814,-1.497831797,-1.493157454,-1.494817738,-1.496785813,-1.495086315,-1.492406948,-1.490396498,-1.488918098,-1.489251397,-1.487237359,-1.488086079,-1.484266999,-1.484572353,-1.484801085,-1.487304247,-1.479629326,-1.48284595,-1.484250734,-1.486071382,-1.486503241,-1.484520723,-1.479198941,-1.481607208,-1.486642836,-1.481888989,-1.484709923,-1.489934189,-1.491910104,-1.491461839,-1.493209549,-1.4883816,-1.486956655,-1.482619909,-1.484190389,-1.48928758,-1.497831129,-1.496576124,-1.496051139,-1.490972775,-1.488686633,-1.492303106,-1.492376248,-1.492263138,-1.489248609,-1.489530018,-1.493772227,-1.49750128,-1.493809417,-1.50322705,-1.500743743,-1.497019454,-1.494505327,-1.494529441,-1.48930078,-1.484332945,-1.487904034,-1.498046049,-1.503302453,-1.503782044,-1.503808488,-1.499483432,-1.505972812,-1.509717088,-1.505582922,-1.495424731,-1.496687717,-1.4972469,-1.500333283,-1.507544984,-1.504627609,-1.506744024,-1.504850363,-1.49591577,-1.500414148,-1.500439185,-1.498262407,-1.506358035,-1.509608187,-1.50499541,-1.505704049,-1.502272815,-1.502989555,-1.506751657,-1.50438515,-1.506750907,-1.502639471,-1.49704564,-1.50111543,-1.500971853,-1.500570583,-1.500455285,-1.504088134,-1.506288581,-1.504629894,-1.503851401,-1.505800769,-1.500551606,-1.505605548,-1.504079187,-1.508092228,-1.514597491,-1.511090235,-1.506279297,-1.511645348,-1.515747794,-1.51128568,-1.518617407,-1.512222012,-1.516255008,-1.515757716,-1.523121952,4.749736834815167
