,850,852,854,856,858,860,862,864,866,868,870,872,874,876,878,880,882,884,886,888,890,892,894,896,898,900,902,904,906,908,910,912,914,916,918,920,922,924,926,928,930,932,934,936,938,940,942,944,946,948,950,952,954,956,958,960,962,964,966,968,970,972,974,976,978,980,982,984,986,988,990,992,994,996,998,1000,1002,1004,1006,1008,1010,1012,1014,1016,1018,1020,1022,1024,1026,1028,1030,1032,1034,1036,1038,1040,1042,1044,1046,1048,protein
0,3.479858160018921,3.476057767868042,3.4721758365631104,3.4683310985565186,3.464456796646118,3.460571527481079,3.4567060470581055,3.4528305530548096,3.449021339416504,3.445265531539917,3.441553831100464,3.4379546642303467,3.4344139099121094,3.4309492111206055,3.427607297897339,3.4243812561035156,3.4213552474975586,3.418452262878418,3.415724754333496,3.413203477859497,3.410832643508911,3.4085938930511475,3.40643048286438,3.4044082164764404,3.4025096893310547,3.400724172592163,3.39898943901062,3.3972837924957275,3.3955190181732178,3.3936901092529297,3.3916165828704834,3.38928484916687,3.386638641357422,3.383758306503296,3.380603075027466,3.3771679401397705,3.3734705448150635,3.3695640563964844,3.3655545711517334,3.361454963684082,3.35730242729187,3.353170394897461,3.3491051197052,3.3452155590057373,3.341623544692993,3.338351011276245,3.3354227542877197,3.332845687866211,3.3307199478149414,3.329179525375366,3.328245162963867,3.3279507160186768,3.3283379077911377,3.329393148422241,3.331001043319702,3.3330352306365967,3.3355343341827393,3.3384761810302734,3.3417749404907227,3.345388412475586,3.349229097366333,3.35317325592041,3.3570048809051514,3.3605635166168213,3.3637208938598633,3.366305112838745,3.3681628704071045,3.369323492050171,3.3698055744171143,3.369702100753784,3.3690097332000732,3.3678433895111084,3.366291046142578,3.3643386363983154,3.3620755672454834,3.3595895767211914,3.356869697570801,3.353900909423828,3.3506343364715576,3.3472137451171875,3.3436734676361084,3.340031862258911,3.3362629413604736,3.33241868019104,3.3285512924194336,3.3246304988861084,3.3206655979156494,3.316638946533203,3.312594175338745,3.3084700107574463,3.3043510913848877,3.3002798557281494,3.2962522506713867,3.292210817337036,3.2881734371185303,3.2842111587524414,3.2802984714508057,3.2764711380004883,3.2726261615753174,3.2688608169555664,6.769999980926514
1,3.2789173126220703,3.2753746509552,3.27178692817688,3.26819109916687,3.264570474624634,3.2609455585479736,3.2573134899139404,3.253652334213257,3.2499942779541016,3.2463738918304443,3.242807388305664,3.239292860031128,3.2358105182647705,3.2323200702667236,3.228872537612915,3.225507974624634,3.222310781478882,3.2192280292510986,3.21626353263855,3.2134010791778564,3.210662841796875,3.20803165435791,3.2054929733276367,3.203037977218628,3.2006962299346924,3.1984503269195557,3.196263074874878,3.1941139698028564,3.1919753551483154,3.189779043197632,3.1874420642852783,3.1849193572998047,3.1821959018707275,3.1792802810668945,3.176100969314575,3.17272686958313,3.1691808700561523,3.165480375289917,3.1616604328155518,3.157758951187134,3.153884172439575,3.150019645690918,3.1462032794952393,3.1424906253814697,3.1389291286468506,3.1356256008148193,3.132596731185913,3.129883050918579,3.1274707317352295,3.125491142272949,3.123983383178711,3.1229820251464844,3.122479200363159,3.1224639415740967,3.122887372970581,3.1236870288848877,3.124804735183716,3.1262547969818115,3.1279990673065186,3.1299922466278076,3.1321985721588135,3.1344940662384033,3.136782646179199,3.1389033794403076,3.140775680541992,3.142282247543335,3.143301248550415,3.1438043117523193,3.143754720687866,3.1432323455810547,3.1422548294067383,3.1408960819244385,3.1392276287078857,3.1372716426849365,3.135058641433716,3.132612943649292,3.129979372024536,3.1271812915802,3.124211072921753,3.121112108230591,3.1178674697875977,3.114546060562134,3.111133337020874,3.1076385974884033,3.1040713787078857,3.1004409790039062,3.0967719554901123,3.0930559635162354,3.0893189907073975,3.0855610370635986,3.0817651748657227,3.07796573638916,3.0741872787475586,3.0704314708709717,3.066708564758301,3.0630149841308594,3.0593936443328857,3.055774688720703,3.0521676540374756,3.048617362976074,6.800000190734863
2,3.2946016788482666,3.2912991046905518,3.287919282913208,3.28446888923645,3.280994415283203,3.277484893798828,3.273966073989868,3.2704389095306396,3.266946792602539,3.2634878158569336,3.2600619792938232,3.2566230297088623,3.253220796585083,3.2498741149902344,3.246587038040161,3.243433952331543,3.240365982055664,3.2373478412628174,3.2344467639923096,3.2316417694091797,3.2290172576904297,3.22647762298584,3.223989486694336,3.22161602973938,3.219334602355957,3.2171242237091064,3.214982748031616,3.2128217220306396,3.2106406688690186,3.2083370685577393,3.205906629562378,3.2032909393310547,3.2004661560058594,3.1974399089813232,3.1942012310028076,3.1907784938812256,3.1871464252471924,3.1833763122558594,3.1794707775115967,3.175509214401245,3.1715450286865234,3.167630195617676,3.163809061050415,3.16009521484375,3.1565513610839844,3.153263807296753,3.150261163711548,3.147531747817993,3.1451148986816406,3.1430959701538086,3.141597032546997,3.140636444091797,3.1402149200439453,3.1402900218963623,3.1407711505889893,3.1415634155273438,3.1426479816436768,3.1440200805664062,3.145685911178589,3.1476058959960938,3.1496880054473877,3.1518380641937256,3.1539363861083984,3.1558401584625244,3.1574409008026123,3.1586410999298096,3.159379243850708,3.15960431098938,3.1593475341796875,3.1586029529571533,3.157444715499878,3.1559016704559326,3.1540298461914062,3.151902437210083,3.149529218673706,3.1469955444335938,3.1443030834198,3.141427755355835,3.1383934020996094,3.1352474689483643,3.132012128829956,3.1286799907684326,3.1252403259277344,3.12174391746521,3.118204116821289,3.114586114883423,3.1109302043914795,3.1072323322296143,3.103504180908203,3.0997154712677,3.0959084033966064,3.0921504497528076,3.088371515274048,3.0846168994903564,3.080892324447632,3.0771982669830322,3.073566198348999,3.0699498653411865,3.0663692951202393,3.0627920627593994,7.139999866485596
3,3.2551450729370117,3.251760721206665,3.2483198642730713,3.244839668273926,3.2413148880004883,3.237757444381714,3.2341835498809814,3.230631113052368,3.2270724773406982,3.2235162258148193,3.219993829727173,3.2165043354034424,3.213063955307007,3.209691286087036,3.2063748836517334,3.2031517028808594,3.200033187866211,3.1969738006591797,3.1940231323242188,3.1911895275115967,3.188500165939331,3.1859290599823,3.18342661857605,3.1809723377227783,3.17856502532959,3.1762266159057617,3.1739633083343506,3.1717207431793213,3.169463872909546,3.167121171951294,3.1646482944488525,3.162059783935547,3.1593215465545654,3.156414270401001,3.1533286571502686,3.150064468383789,3.1466798782348633,3.1431820392608643,3.139633893966675,3.1360607147216797,3.1324493885040283,3.1287899017333984,3.1251420974731445,3.1216461658477783,3.1183717250823975,3.1153488159179688,3.1125733852386475,3.1100375652313232,3.1077768802642822,3.105858087539673,3.104386568069458,3.10339617729187,3.1028659343719482,3.102736711502075,3.1029860973358154,3.1035869121551514,3.1045010089874268,3.1056995391845703,3.1071574687957764,3.108889579772949,3.1108169555664062,3.112820863723755,3.1147797107696533,3.1165990829467773,3.118194818496704,3.119466543197632,3.1202971935272217,3.1207053661346436,3.1206493377685547,3.1201553344726562,3.119267225265503,3.1180498600006104,3.116579055786133,3.114873170852661,3.1129486560821533,3.1108529567718506,3.108581781387329,3.106151580810547,3.103592872619629,3.100918769836426,3.098179578781128,3.0953633785247803,3.0924642086029053,3.089528799057007,3.086535692214966,3.0835373401641846,3.0805118083953857,3.077465772628784,3.0743815898895264,3.0712976455688477,3.0682411193847656,3.0651934146881104,3.0621421337127686,3.0591065883636475,3.0561134815216064,3.0531680583953857,3.0502521991729736,3.047369956970215,3.044502019882202,3.041626214981079,7.159999847412109
4,3.3111369609832764,3.3075592517852783,3.3039186000823975,3.300265312194824,3.296647787094116,3.2930705547332764,3.2894487380981445,3.285808563232422,3.282197952270508,3.278665542602539,3.2751853466033936,3.271742582321167,3.2683842182159424,3.2651243209838867,3.261943817138672,3.258894920349121,3.255953550338745,3.2531278133392334,3.2504615783691406,3.2479450702667236,3.245558023452759,3.2432947158813477,3.2411088943481445,3.239079713821411,3.2371530532836914,3.235279083251953,3.233445167541504,3.231663465499878,3.2298583984375,3.2279586791992188,3.225877046585083,3.2236034870147705,3.2211101055145264,3.2183353900909424,3.215313196182251,3.2120838165283203,3.208643674850464,3.2050399780273438,3.2013556957244873,3.197667360305786,3.1939620971679688,3.1901731491088867,3.18640398979187,3.182718515396118,3.1793015003204346,3.17619252204895,3.173410654067993,3.1709718704223633,3.168820381164551,3.16713809967041,3.1660068035125732,3.1654651165008545,3.1655101776123047,3.1660711765289307,3.167149543762207,3.1686794757843018,3.170607805252075,3.172882080078125,3.1755263805389404,3.1785266399383545,3.18176531791687,3.1851537227630615,3.1885249614715576,3.191743850708008,3.1946372985839844,3.1970224380493164,3.198873281478882,3.200105667114258,3.2006921768188477,3.200688123703003,3.20024037361145,3.199347734451294,3.198010206222534,3.1962530612945557,3.1942176818847656,3.191981315612793,3.1894540786743164,3.1867027282714844,3.183777093887329,3.1807258129119873,3.1775152683258057,3.1741676330566406,3.170729398727417,3.1671626567840576,3.163496732711792,3.1598031520843506,3.1560964584350586,3.152320146560669,3.148428201675415,3.144563674926758,3.1407158374786377,3.1368637084960938,3.1330223083496094,3.1292269229888916,3.125488519668579,3.1217479705810547,3.118098258972168,3.1144583225250244,3.110825300216675,3.1072185039520264,7.320000171661377
5,3.2508790493011475,3.24737548828125,3.243811845779419,3.240234375,3.236679792404175,3.233157157897949,3.2296066284179688,3.2260513305664062,3.2226152420043945,3.2192537784576416,3.2159183025360107,3.2125985622406006,3.2093212604522705,3.2061824798583984,3.203188180923462,3.200300931930542,3.1975772380828857,3.1949901580810547,3.1925411224365234,3.1902244091033936,3.18804669380188,3.186002016067505,3.1840877532958984,3.1822664737701416,3.1805379390716553,3.1788852214813232,3.177274703979492,3.1756904125213623,3.1740894317626953,3.1723883152008057,3.170490026473999,3.168372869491577,3.1660025119781494,3.1633856296539307,3.160536050796509,3.157444715499878,3.1541290283203125,3.150689125061035,3.1471712589263916,3.1436374187469482,3.140028953552246,3.136366844177246,3.1327269077301025,3.1292426586151123,3.1260249614715576,3.1231472492218018,3.120621919631958,3.118410110473633,3.116569757461548,3.115229606628418,3.1144607067108154,3.1143112182617188,3.1147401332855225,3.115724802017212,3.1172103881835938,3.119107484817505,3.121424674987793,3.1241283416748047,3.1271603107452393,3.130500555038452,3.1340434551239014,3.1376760005950928,3.1412322521209717,3.144516944885254,3.1474227905273438,3.149857759475708,3.1517345905303955,3.1529407501220703,3.1535141468048096,3.1535186767578125,3.153042793273926,3.1520960330963135,3.1507883071899414,3.1491925716400146,3.1472818851470947,3.1451480388641357,3.1427552700042725,3.140183210372925,3.1374082565307617,3.1344635486602783,3.13142991065979,3.128288507461548,3.1250507831573486,3.1217050552368164,3.118313789367676,3.1148898601531982,3.1114237308502197,3.1079208850860596,3.104405403137207,3.1008825302124023,3.0973501205444336,3.093834638595581,3.0903587341308594,3.0869200229644775,3.083552122116089,3.0802414417266846,3.076950788497925,3.0736637115478516,3.070417642593384,3.0671913623809814,7.329999923706055
6,3.2003772258758545,3.1971633434295654,3.1939194202423096,3.1906566619873047,3.1873576641082764,3.1840436458587646,3.180706739425659,3.177379608154297,3.174023389816284,3.170719861984253,3.167450189590454,3.1642215251922607,3.1610100269317627,3.157855749130249,3.1547815799713135,3.151784658432007,3.148858070373535,3.1460351943969727,3.1433041095733643,3.1406822204589844,3.138188123703003,3.135784864425659,3.1334846019744873,3.1312732696533203,3.129141092300415,3.127108335494995,3.125108003616333,3.123138189315796,3.121150016784668,3.1190879344940186,3.1168925762176514,3.1145217418670654,3.11198353767395,3.1093146800994873,3.106447458267212,3.103389024734497,3.1001288890838623,3.096742868423462,3.093275785446167,3.089735984802246,3.0861871242523193,3.082688093185425,3.079256057739258,3.075909376144409,3.0726776123046875,3.06967830657959,3.066974401473999,3.0645315647125244,3.062373399734497,3.0605905055999756,3.0592777729034424,3.058462142944336,3.058098554611206,3.0581750869750977,3.0586302280426025,3.059415102005005,3.0605266094207764,3.061969757080078,3.063697576522827,3.0656425952911377,3.0677669048309326,3.070042371749878,3.0723259449005127,3.074469566345215,3.0763309001922607,3.077873945236206,3.0789949893951416,3.079586982727051,3.0796844959259033,3.079320192337036,3.07854962348938,3.077374219894409,3.075883150100708,3.0741653442382812,3.0722105503082275,3.070039749145508,3.067682981491089,3.0651607513427734,3.0624606609344482,3.0596225261688232,3.0566980838775635,3.053684949874878,3.0505552291870117,3.0473315715789795,3.044088363647461,3.040797233581543,3.0374691486358643,3.0340826511383057,3.0306832790374756,3.0272834300994873,3.0238616466522217,3.020435333251953,3.017014503479004,3.0135810375213623,3.0101516246795654,3.006805419921875,3.003544569015503,3.0003223419189453,2.997075319290161,2.993842363357544,7.369999885559082
7,3.12113881111145,3.117927312850952,3.1146647930145264,3.111337661743164,3.1080074310302734,3.1047236919403076,3.1015403270721436,3.098388671875,3.0952882766723633,3.0921733379364014,3.089082717895508,3.0860469341278076,3.0830936431884766,3.0802271366119385,3.0775012969970703,3.074876546859741,3.0724003314971924,3.0700302124023438,3.067760467529297,3.065574884414673,3.0635595321655273,3.061685800552368,3.059947967529297,3.0583016872406006,3.056718111038208,3.055166482925415,3.0536727905273438,3.052186965942383,3.050706148147583,3.049121618270874,3.047353744506836,3.045409917831421,3.043253183364868,3.0408213138580322,3.038158416748047,3.035266637802124,3.03220272064209,3.0290098190307617,3.0257198810577393,3.0224077701568604,3.0190842151641846,3.0157148838043213,3.0123355388641357,3.009058952331543,3.0060157775878906,3.003329038619995,3.0009663105010986,2.9988853931427,2.9971046447753906,2.995746374130249,2.9949252605438232,2.994641065597534,2.9949209690093994,2.9957408905029297,2.997041940689087,2.998765230178833,3.0008459091186523,3.0033016204833984,3.0060946941375732,3.0091774463653564,3.01249623298645,3.0159225463867188,3.0193071365356445,3.0225117206573486,3.0253562927246094,3.0277321338653564,3.0295212268829346,3.030705690383911,3.031296730041504,3.0313518047332764,3.030904769897461,3.030034065246582,3.0287692546844482,3.0271854400634766,3.0252878665924072,3.0231237411499023,3.020740509033203,3.018158197402954,3.015413284301758,3.012511968612671,3.0094821453094482,3.0063393115997314,3.0030910968780518,2.9997718334198,2.996371269226074,2.992918014526367,2.98941707611084,2.9858996868133545,2.9823505878448486,2.9787728786468506,2.97517991065979,2.9715898036956787,2.9680354595184326,2.9644994735717773,2.9610283374786377,2.9576165676116943,2.9542694091796875,2.950937271118164,2.9476096630096436,2.944307565689087,7.429999828338623
8,3.3025760650634766,3.2993338108062744,3.296039342880249,3.292714834213257,3.289351224899292,3.285964250564575,3.2825405597686768,3.2791383266448975,3.275731325149536,3.272331476211548,3.2689177989959717,3.265519857406616,3.2622382640838623,3.259018659591675,3.2558603286743164,3.2527694702148438,3.249807357788086,3.2469584941864014,3.2441813945770264,3.241492509841919,3.23893141746521,3.2365169525146484,3.234225273132324,3.2319910526275635,3.22983455657959,3.2277214527130127,3.2256505489349365,3.2236135005950928,3.221532106399536,3.2193939685821533,3.217148542404175,3.2147376537323,3.21211314201355,3.2092325687408447,3.2061262130737305,3.202805280685425,3.1993255615234375,3.1957366466522217,3.192075729370117,3.1883862018585205,3.1846587657928467,3.180910348892212,3.177194595336914,3.173553466796875,3.1700782775878906,3.1668689250946045,3.163973569869995,3.1613972187042236,3.1591103076934814,3.157184600830078,3.1556930541992188,3.154703140258789,3.1542274951934814,3.154219388961792,3.1546413898468018,3.155447006225586,3.1565544605255127,3.1579723358154297,3.1596643924713135,3.1615970134735107,3.163747787475586,3.1659586429595947,3.1681501865386963,3.1702167987823486,3.1720263957977295,3.1734650135040283,3.174409866333008,3.174842119216919,3.174790143966675,3.1743013858795166,3.173367738723755,3.1720542907714844,3.1704301834106445,3.1685807704925537,3.1664602756500244,3.1640923023223877,3.1615054607391357,3.1588048934936523,3.15596079826355,3.1529557704925537,3.1498515605926514,3.146657705307007,3.1434013843536377,3.140040636062622,3.136634588241577,3.133171796798706,3.1296684741973877,3.1261301040649414,3.1225860118865967,3.119033098220825,3.1154396533966064,3.1118545532226562,3.1082630157470703,3.1046693325042725,3.1010608673095703,3.097513437271118,3.0940473079681396,3.0906174182891846,3.087156057357788,3.0837180614471436,7.449999809265137
9,3.4113359451293945,3.407609224319458,3.403808355331421,3.400050401687622,3.396270751953125,3.3925235271453857,3.388768434524536,3.3849871158599854,3.3812739849090576,3.3776376247406006,3.374070167541504,3.3706016540527344,3.367194414138794,3.3638293743133545,3.360586404800415,3.3575031757354736,3.3546218872070312,3.351912498474121,3.3493099212646484,3.346829652786255,3.3444950580596924,3.3423092365264893,3.3403031826019287,3.3383986949920654,3.336599349975586,3.3348560333251953,3.3332033157348633,3.3315703868865967,3.329878091812134,3.3280727863311768,3.3260486125946045,3.3237664699554443,3.3212621212005615,3.3184378147125244,3.315352201461792,3.311941385269165,3.308338165283203,3.3045527935028076,3.300624132156372,3.2965972423553467,3.2925498485565186,3.2885372638702393,3.284595251083374,3.2807235717773438,3.2770957946777344,3.2738218307495117,3.270909070968628,3.2684240341186523,3.266307830810547,3.264755964279175,3.263814687728882,3.263505697250366,3.263875961303711,3.2648136615753174,3.2662668228149414,3.268167495727539,3.2704734802246094,3.273193120956421,3.2762391567230225,3.2795979976654053,3.2831649780273438,3.2868099212646484,3.290381669998169,3.293729782104492,3.2966740131378174,3.299079656600952,3.3008642196655273,3.30199933052063,3.3025074005126953,3.3023641109466553,3.3016910552978516,3.3005599975585938,3.299039125442505,3.2971649169921875,3.2949612140655518,3.2925217151641846,3.289832353591919,3.2869207859039307,3.2837934494018555,3.280503273010254,3.2770779132843018,3.2734944820404053,3.2698299884796143,3.266075372695923,3.2622623443603516,3.2583656311035156,3.2544097900390625,3.250412702560425,3.2463839054107666,3.24233078956604,3.23824405670166,3.234166383743286,3.2301037311553955,3.226078748703003,3.2220637798309326,3.2180888652801514,3.2141854763031006,3.210298538208008,3.206446409225464,3.2026116847991943,7.449999809265137
10,3.116995096206665,3.1139729022979736,3.11095929145813,3.107897996902466,3.1048319339752197,3.1017544269561768,3.0987093448638916,3.0957419872283936,3.0928573608398438,3.0900204181671143,3.0872371196746826,3.0844967365264893,3.0818424224853516,3.079293966293335,3.0768260955810547,3.074477195739746,3.072282075881958,3.0702555179595947,3.0684049129486084,3.066659688949585,3.0650436878204346,3.063572645187378,3.0622291564941406,3.061000108718872,3.0598785877227783,3.058811902999878,3.057814836502075,3.0568370819091797,3.055821657180786,3.0547163486480713,3.053412675857544,3.051868438720703,3.050053834915161,3.0479514598846436,3.0455310344696045,3.0428640842437744,3.0399563312530518,3.0368645191192627,3.033625364303589,3.0303099155426025,3.0269927978515625,3.0236704349517822,3.0203685760498047,3.0171444416046143,3.0141067504882812,3.0114126205444336,3.00907301902771,3.007081985473633,3.0054519176483154,3.004305601119995,3.0037267208099365,3.0037975311279297,3.004511833190918,3.005812406539917,3.007612943649292,3.009843111038208,3.012510299682617,3.0156052112579346,3.0190556049346924,3.0228469371795654,3.026904344558716,3.031085252761841,3.035228967666626,3.0391550064086914,3.0427513122558594,3.045837163925171,3.04830265045166,3.050074815750122,3.0511434078216553,3.0515568256378174,3.0513694286346436,3.0506956577301025,3.049598455429077,3.0481460094451904,3.0463507175445557,3.044231414794922,3.041841745376587,3.039207696914673,3.0363547801971436,3.0333282947540283,3.0301406383514404,3.0268352031707764,3.0234081745147705,3.019868850708008,3.016244649887085,3.0125362873077393,3.0087568759918213,3.0049216747283936,3.0010669231414795,2.9971816539764404,2.9932775497436523,2.9893720149993896,2.9855000972747803,2.9816408157348633,2.9778144359588623,2.9740774631500244,2.9704055786132812,2.966770887374878,2.9631359577178955,2.9595232009887695,7.449999809265137
11,3.23457932472229,3.2309043407440186,3.2272002696990967,3.223433256149292,3.2196407318115234,3.215869903564453,3.2121407985687256,3.2084872722625732,3.2048494815826416,3.20129132270813,3.1977758407592773,3.194291353225708,3.1908633708953857,3.1874845027923584,3.1842458248138428,3.181154251098633,3.178192377090454,3.175363540649414,3.17267107963562,3.1701276302337646,3.167736768722534,3.1654484272003174,3.1632955074310303,3.1612637042999268,3.1593220233917236,3.1574668884277344,3.1556432247161865,3.1538593769073486,3.152052879333496,3.15019154548645,3.1481902599334717,3.1459548473358154,3.143479585647583,3.1407415866851807,3.1377384662628174,3.1345157623291016,3.1311051845550537,3.1275789737701416,3.123964309692383,3.120288133621216,3.116593360900879,3.112863302230835,3.109116315841675,3.1054775714874268,3.102069139480591,3.0990054607391357,3.096280336380005,3.093860387802124,3.091808557510376,3.0901880264282227,3.0890982151031494,3.0885932445526123,3.088663339614868,3.0892999172210693,3.0904436111450195,3.0920095443725586,3.093975782394409,3.096290349960327,3.0989811420440674,3.1020238399505615,3.105302572250366,3.1087238788604736,3.1121480464935303,3.1154019832611084,3.1183128356933594,3.120706796646118,3.122567892074585,3.1238224506378174,3.124457597732544,3.124528646469116,3.1240596771240234,3.12316632270813,3.121851682662964,3.1201865673065186,3.1182096004486084,3.1159584522247314,3.113502264022827,3.1108577251434326,3.108046770095825,3.105036735534668,3.101844072341919,3.0985167026519775,3.0951013565063477,3.0916030406951904,3.0880448818206787,3.084440231323242,3.080796957015991,3.0770769119262695,3.0732994079589844,3.0695102214813232,3.0657005310058594,3.0619070529937744,3.058152198791504,3.054464340209961,3.050809144973755,3.0471553802490234,3.043565511703491,3.039977788925171,3.036445379257202,3.032975912094116,7.480000019073486
12,3.365324020385742,3.3614299297332764,3.357503890991211,3.353600263595581,3.3496952056884766,3.345813751220703,3.3419876098632812,3.338205337524414,3.334502935409546,3.330838441848755,3.3272182941436768,3.3236923217773438,3.320294141769409,3.3170177936553955,3.3138844966888428,3.3109171390533447,3.3081367015838623,3.305527925491333,3.3030807971954346,3.3007869720458984,3.2986652851104736,3.2967424392700195,3.2949419021606445,3.2932488918304443,3.291632652282715,3.2901241779327393,3.2886974811553955,3.2872912883758545,3.285797357559204,3.2841691970825195,3.282355546951294,3.280322790145874,3.2779910564422607,3.275374174118042,3.27246356010437,3.2693231105804443,3.2659947872161865,3.262525796890259,3.258944511413574,3.25531268119812,3.2515506744384766,3.247714042663574,3.2439091205596924,3.2403504848480225,3.2371578216552734,3.2343719005584717,3.2319631576538086,3.229883909225464,3.2282466888427734,3.227177858352661,3.2267580032348633,3.227023124694824,3.2279231548309326,3.229456901550293,3.2315514087677,3.234170913696289,3.2372589111328125,3.2407472133636475,3.244619607925415,3.248819351196289,3.25327467918396,3.2578179836273193,3.2622432708740234,3.2663862705230713,3.2701148986816406,3.27325439453125,3.275712728500366,3.27746319770813,3.2785422801971436,3.27901291847229,3.27892804145813,3.27836012840271,3.2773940563201904,3.276047945022583,3.2743618488311768,3.27240252494812,3.2701644897460938,3.267709732055664,3.265087127685547,3.262340545654297,3.259439706802368,3.2563772201538086,3.2532126903533936,3.249953508377075,3.2466182708740234,3.2432174682617188,3.2398223876953125,3.236417531967163,3.2329702377319336,3.2295074462890625,3.2260477542877197,3.222553014755249,3.2190887928009033,3.2157068252563477,3.212411642074585,3.2091710567474365,3.205930709838867,3.202779531478882,3.1996142864227295,3.1964657306671143,7.5
13,3.3586833477020264,3.3555824756622314,3.352475166320801,3.3493309020996094,3.3461103439331055,3.3428542613983154,3.3395817279815674,3.33634877204895,3.3331634998321533,3.3299734592437744,3.3268425464630127,3.3237664699554443,3.3207428455352783,3.3177897930145264,3.3148982524871826,3.3121116161346436,3.3094851970672607,3.306993246078491,3.304617166519165,3.302368402481079,3.3002188205718994,3.298189878463745,3.2962515354156494,3.2944183349609375,3.292696237564087,3.29106068611145,3.2894582748413086,3.2878873348236084,3.2862322330474854,3.2844831943511963,3.2825558185577393,3.2803943157196045,3.2779834270477295,3.275322198867798,3.2723982334136963,3.269258737564087,3.2658588886260986,3.2622735500335693,3.2585933208465576,3.254840135574341,3.2511074542999268,3.2474186420440674,3.2437703609466553,3.2401649951934814,3.236675977706909,3.2334868907928467,3.230705499649048,3.228274345397949,3.226203680038452,3.2245733737945557,3.223470687866211,3.222931146621704,3.222990036010742,3.2235896587371826,3.2246663570404053,3.2261273860931396,3.227947473526001,3.230116128921509,3.2325592041015625,3.235236883163452,3.2381317615509033,3.241135597229004,3.244096517562866,3.2468206882476807,3.249216318130493,3.251134157180786,3.252474069595337,3.253181219100952,3.253312349319458,3.252919912338257,3.2520740032196045,3.2508466243743896,3.2492516040802,3.2473583221435547,3.245171308517456,3.2427024841308594,3.239971160888672,3.237051010131836,3.2340285778045654,3.2308743000030518,3.227607488632202,3.224210023880005,3.22067928314209,3.2170445919036865,3.213318109512329,3.209552764892578,3.2057502269744873,3.2019121646881104,3.198033332824707,3.194117784500122,3.1901438236236572,3.1861655712127686,3.182173728942871,3.178246259689331,3.1744346618652344,3.1706550121307373,3.1668598651885986,3.1630637645721436,3.159358263015747,3.1557061672210693,7.5
14,3.354010581970215,3.3507282733917236,3.3474056720733643,3.344013214111328,3.34053111076355,3.3370087146759033,3.3334529399871826,3.3298938274383545,3.3263587951660156,3.3228466510772705,3.3193798065185547,3.315898895263672,3.312458038330078,3.3090522289276123,3.305715322494507,3.302461862564087,3.2993080615997314,3.2962732315063477,3.2933712005615234,3.2905428409576416,3.2878713607788086,3.285306930541992,3.282806396484375,3.2803399562835693,3.2779362201690674,3.2756030559539795,3.273376703262329,3.2712204456329346,3.2690322399139404,3.2667343616485596,3.264270782470703,3.2616500854492188,3.2588841915130615,3.2558679580688477,3.2526047229766846,3.2491772174835205,3.2456018924713135,3.241938591003418,3.238140106201172,3.234287977218628,3.2303829193115234,3.2264750003814697,3.222627878189087,3.2189083099365234,3.2153408527374268,3.2120110988616943,3.2089717388153076,3.2062196731567383,3.2037761211395264,3.201690435409546,3.200103759765625,3.198995590209961,3.1983821392059326,3.198270082473755,3.19856333732605,3.1992027759552,3.2001521587371826,3.201399087905884,3.202943801879883,3.204716920852661,3.206672430038452,3.2087690830230713,3.2108538150787354,3.212779998779297,3.2144439220428467,3.2157440185546875,3.216632127761841,3.2170426845550537,3.2169456481933594,3.216384172439575,3.2154388427734375,3.214158296585083,3.2125988006591797,3.2107365131378174,3.2086381912231445,3.2063543796539307,3.203881025314331,3.201265335083008,3.1984684467315674,3.1955535411834717,3.1925337314605713,3.189441442489624,3.186260461807251,3.182976722717285,3.179668426513672,3.1763198375701904,3.172935724258423,3.169483184814453,3.1659724712371826,3.162473440170288,3.158961296081543,3.1554911136627197,3.1520214080810547,3.1485297679901123,3.145036458969116,3.1415672302246094,3.1381638050079346,3.134753465652466,3.1313602924346924,3.128005266189575,7.510000228881836
15,3.227679491043091,3.2246334552764893,3.221576690673828,3.2184817790985107,3.2153637409210205,3.2122764587402344,3.2091476917266846,3.2060546875,3.2029590606689453,3.199909210205078,3.1968629360198975,3.193868398666382,3.190948486328125,3.1881191730499268,3.18540096282959,3.182800531387329,3.1803534030914307,3.1780195236206055,3.175755262374878,3.1736297607421875,3.1716415882110596,3.169748306274414,3.168002128601074,3.1663010120391846,3.164698600769043,3.163161277770996,3.1616299152374268,3.1601295471191406,3.158588409423828,3.156953811645508,3.1551620960235596,3.1531333923339844,3.150953531265259,3.1486117839813232,3.146077871322632,3.1433870792388916,3.140496015548706,3.137523889541626,3.1345245838165283,3.131490707397461,3.128331422805786,3.1250407695770264,3.121737480163574,3.1186561584472656,3.1159324645996094,3.113508939743042,3.111340284347534,3.1094024181365967,3.1077754497528076,3.1066129207611084,3.1059553623199463,3.1058361530303955,3.106191396713257,3.107022523880005,3.108299970626831,3.1099298000335693,3.1119298934936523,3.114255905151367,3.1169068813323975,3.119837522506714,3.122921943664551,3.126065492630005,3.129150390625,3.1320688724517822,3.1346540451049805,3.1368038654327393,3.1384410858154297,3.1395928859710693,3.1402180194854736,3.1403567790985107,3.1400816440582275,3.139460802078247,3.1385486125946045,3.1372931003570557,3.135810136795044,3.134141206741333,3.1322975158691406,3.1302521228790283,3.128065824508667,3.125798463821411,3.1234235763549805,3.120889663696289,3.1182432174682617,3.1155974864959717,3.112952470779419,3.110247850418091,3.1075000762939453,3.1047580242156982,3.102039337158203,3.099271535873413,3.096496343612671,3.0937671661376953,3.0910847187042236,3.0884201526641846,3.0857889652252197,3.0832300186157227,3.0806972980499268,3.078176736831665,3.075634002685547,3.0731003284454346,7.519999980926514
16,3.3538687229156494,3.3499393463134766,3.346035957336426,3.3421242237091064,3.3381948471069336,3.3342905044555664,3.3304004669189453,3.3265693187713623,3.32275128364563,3.3189899921417236,3.3153467178344727,3.311826705932617,3.308405637741089,3.3050804138183594,3.3018486499786377,3.2987585067749023,3.295825719833374,3.293060064315796,3.290489912033081,3.288118362426758,3.285895586013794,3.2837836742401123,3.281783103942871,3.279926061630249,3.278191566467285,3.276548147201538,3.2749500274658203,3.27341628074646,3.2718827724456787,3.270214080810547,3.268315076828003,3.2662112712860107,3.263795852661133,3.261075258255005,3.2580528259277344,3.2547481060028076,3.2511932849884033,3.247439384460449,3.243576765060425,3.23966383934021,3.2357072830200195,3.231721878051758,3.227755546569824,3.2239043712615967,3.2203238010406494,3.2171382904052734,3.2143309116363525,3.211869955062866,3.2098019123077393,3.208237886428833,3.2073214054107666,3.2071170806884766,3.207601547241211,3.2087433338165283,3.2104389667510986,3.2126171588897705,3.21524715423584,3.218280076980591,3.221785306930542,3.2257206439971924,3.229901075363159,3.234198808670044,3.2384469509124756,3.242486000061035,3.246112108230591,3.2491157054901123,3.2514266967773438,3.2530148029327393,3.253901243209839,3.254087448120117,3.2536516189575195,3.2526638507843018,3.251232862472534,3.249418258666992,3.247253179550171,3.244793653488159,3.2420825958251953,3.2391164302825928,3.2359278202056885,3.232571601867676,3.2290141582489014,3.2253077030181885,3.221466064453125,3.2175865173339844,3.213639259338379,3.209623098373413,3.20556378364563,3.2014567852020264,3.1972897052764893,3.193072557449341,3.1888701915740967,3.184715986251831,3.180626630783081,3.176534414291382,3.172473192214966,3.1684770584106445,3.164548873901367,3.160679578781128,3.156831741333008,3.153024673461914,7.610000133514404
17,3.352173089981079,3.348680257797241,3.3451547622680664,3.341609239578247,3.3380515575408936,3.3345139026641846,3.3310153484344482,3.3275413513183594,3.324131727218628,3.320760726928711,3.317439317703247,3.3142101764678955,3.3110711574554443,3.30802059173584,3.3050880432128906,3.3022620677948,3.2996044158935547,3.2971198558807373,3.294804811477661,3.2926340103149414,3.2905988693237305,3.288717031478882,3.2869865894317627,3.285425901412964,3.2839863300323486,3.2825887203216553,3.2812163829803467,3.279832124710083,3.278459310531616,3.27701735496521,3.2754204273223877,3.2735435962677,3.2714176177978516,3.26895809173584,3.2662131786346436,3.263183355331421,3.259901762008667,3.256427049636841,3.252830743789673,3.249178171157837,3.2454898357391357,3.2417800426483154,3.238084077835083,3.2345056533813477,3.2311527729034424,3.2281494140625,3.2255561351776123,3.2233457565307617,3.2215118408203125,3.220189332962036,3.2194669246673584,3.2193901538848877,3.2199933528900146,3.221259832382202,3.2231152057647705,3.225452423095703,3.2282190322875977,3.23140025138855,3.2349700927734375,3.238884687423706,3.243090867996216,3.2474863529205322,3.2518808841705322,3.256096839904785,3.259925127029419,3.2632219791412354,3.265855550765991,3.2677834033966064,3.2689712047576904,3.269456624984741,3.269369125366211,3.2688028812408447,3.2678024768829346,3.266376495361328,3.2645766735076904,3.262408971786499,3.2599527835845947,3.257277488708496,3.254425048828125,3.2513809204101562,3.2481117248535156,3.2447168827056885,3.2412121295928955,3.2375996112823486,3.23392391204834,3.2301700115203857,3.226360321044922,3.2224814891815186,3.2185704708099365,3.2146570682525635,3.210709810256958,3.206792116165161,3.2029149532318115,3.199061155319214,3.195267915725708,3.1915528774261475,3.1879303455352783,3.1843059062957764,3.180656671524048,3.1770269870758057,7.670000076293945
18,3.269380569458008,3.265828847885132,3.262186050415039,3.2585079669952393,3.254812479019165,3.25115704536438,3.2474939823150635,3.2438151836395264,3.2401740550994873,3.2365503311157227,3.2329695224761963,3.229461431503296,3.2260143756866455,3.222688913345337,3.2194652557373047,3.216299295425415,3.213223695755005,3.2102344036102295,3.207368850708008,3.2046947479248047,3.202181100845337,3.1997969150543213,3.1975185871124268,3.1953163146972656,3.193228006362915,3.1911938190460205,3.189171552658081,3.1871888637542725,3.18523907661438,3.1831960678100586,3.18100905418396,3.178586959838867,3.175938367843628,3.1730639934539795,3.169949769973755,3.1666622161865234,3.1632134914398193,3.1595914363861084,3.1558749675750732,3.152085065841675,3.1482365131378174,3.1443607807159424,3.1405422687530518,3.136831045150757,3.1333436965942383,3.130178451538086,3.1273443698883057,3.124798536300659,3.122554063796997,3.120718002319336,3.119418144226074,3.1186716556549072,3.1184914112091064,3.1188535690307617,3.1196415424346924,3.120800733566284,3.1223220825195312,3.1242096424102783,3.126410722732544,3.1289098262786865,3.13163685798645,3.1345043182373047,3.1373214721679688,3.139911413192749,3.1421680450439453,3.143996477127075,3.145315170288086,3.1460750102996826,3.146272659301758,3.1459362506866455,3.145153284072876,3.1439473628997803,3.1424200534820557,3.1406173706054688,3.1385765075683594,3.136310338973999,3.1338512897491455,3.131209135055542,3.1283750534057617,3.125410318374634,3.122339963912964,3.11917781829834,3.115887403488159,3.112549066543579,3.1091740131378174,3.105729103088379,3.102245330810547,3.098719835281372,3.09516978263855,3.0915920734405518,3.088012456893921,3.084468126296997,3.0809314250946045,3.0774106979370117,3.073894739151001,3.070387125015259,3.066974639892578,3.0636138916015625,3.0602798461914062,3.056918144226074,7.670000076293945
19,3.2365787029266357,3.233189582824707,3.229783296585083,3.226365089416504,3.2229912281036377,3.219621419906616,3.2162559032440186,3.2129147052764893,3.2096378803253174,3.2064335346221924,3.2032759189605713,3.2001779079437256,3.1971683502197266,3.194272994995117,3.191502332687378,3.188836097717285,3.1863365173339844,3.1839847564697266,3.1817750930786133,3.179703950881958,3.1777572631835938,3.1759536266326904,3.174273729324341,3.1727046966552734,3.171253204345703,3.169851303100586,3.1685163974761963,3.1671864986419678,3.16582989692688,3.164323091506958,3.162632703781128,3.160701036453247,3.158550262451172,3.1561672687530518,3.153528928756714,3.1506271362304688,3.147535562515259,3.1442928314208984,3.1409523487091064,3.1375486850738525,3.134075164794922,3.1305439472198486,3.1270198822021484,3.123659133911133,3.120591402053833,3.11789608001709,3.115511894226074,3.113445281982422,3.111788034439087,3.1106252670288086,3.11004900932312,3.1100785732269287,3.1106913089752197,3.111848831176758,3.113548994064331,3.115671396255493,3.1182339191436768,3.1211955547332764,3.124528169631958,3.128216505050659,3.132141351699829,3.1361637115478516,3.140133857727051,3.14385724067688,3.1472160816192627,3.1500627994537354,3.152284622192383,3.1538493633270264,3.1547603607177734,3.1550686359405518,3.1548826694488525,3.15423321723938,3.153184175491333,3.1517932415008545,3.1501071453094482,3.148143768310547,3.145935297012329,3.14351487159729,3.1409037113189697,3.1381447315216064,3.1352498531341553,3.132244825363159,3.129129648208618,3.1259076595306396,3.1226260662078857,3.1192948818206787,3.1159002780914307,3.112475633621216,3.109056234359741,3.1056058406829834,3.102134943008423,3.098663091659546,3.0952320098876953,3.091848134994507,3.0884714126586914,3.085184097290039,3.08194637298584,3.0787079334259033,3.075432538986206,3.0721559524536133,7.690000057220459
20,3.2675819396972656,3.2637996673583984,3.2600011825561523,3.256143808364868,3.2523505687713623,3.2485458850860596,3.244828224182129,3.241147756576538,3.237497329711914,3.233919382095337,3.230433225631714,3.2270615100860596,3.2238118648529053,3.2206313610076904,3.2175798416137695,3.2146685123443604,3.2119433879852295,3.209395170211792,3.2069990634918213,3.2047812938690186,3.202733278274536,3.2008228302001953,3.1990959644317627,3.1975014209747314,3.196027994155884,3.1946332454681396,3.193288803100586,3.1919705867767334,3.190627336502075,3.189182996749878,3.1875598430633545,3.185682535171509,3.183467149734497,3.1809158325195312,3.1780471801757812,3.1749250888824463,3.1715400218963623,3.1679341793060303,3.1641652584075928,3.160325288772583,3.156496286392212,3.1526269912719727,3.148730993270874,3.1449272632598877,3.1413657665252686,3.1382293701171875,3.135505437850952,3.1331536769866943,3.1312339305877686,3.1298434734344482,3.129126787185669,3.129110336303711,3.1297683715820312,3.1311137676239014,3.1330482959747314,3.135469436645508,3.138336181640625,3.141603708267212,3.145268440246582,3.1492931842803955,3.1535842418670654,3.1580002307891846,3.1623573303222656,3.1664867401123047,3.1702213287353516,3.173393964767456,3.1758346557617188,3.1775121688842773,3.1784660816192627,3.178774118423462,3.1784698963165283,3.1775970458984375,3.176267623901367,3.174543619155884,3.1724812984466553,3.1700847148895264,3.167379140853882,3.164469003677368,3.1613388061523438,3.158057451248169,3.1546223163604736,3.151001214981079,3.1472465991973877,3.1433563232421875,3.1393823623657227,3.135313034057617,3.1311569213867188,3.126985549926758,3.122807741165161,3.11858868598938,3.1143338680267334,3.110067367553711,3.105820417404175,3.1015994548797607,3.097400426864624,3.0932648181915283,3.089200973510742,3.0852229595184326,3.0812904834747314,3.077376365661621,7.829999923706055
21,2.9577925205230713,2.9550254344940186,2.95223069190979,2.949453353881836,2.946704864501953,2.943953275680542,2.9411675930023193,2.938400983810425,2.935654640197754,2.9329583644866943,2.9302988052368164,2.927699327468872,2.925172805786133,2.9226932525634766,2.920264959335327,2.9179067611694336,2.915633201599121,2.913494110107422,2.911499261856079,2.909639596939087,2.907869338989258,2.9061663150787354,2.904555320739746,2.903022050857544,2.901568651199341,2.900160551071167,2.8988094329833984,2.89750075340271,2.8961360454559326,2.8946831226348877,2.8930976390838623,2.891343116760254,2.889417886734009,2.887301445007324,2.885011672973633,2.8825607299804688,2.879941940307617,2.8772060871124268,2.8744056224823,2.871575355529785,2.8687069416046143,2.865812063217163,2.8629367351531982,2.8601760864257812,2.857617139816284,2.855316162109375,2.853288412094116,2.8514883518218994,2.8499515056610107,2.848773956298828,2.8480732440948486,2.8478424549102783,2.848060369491577,2.8487021923065186,2.8497581481933594,2.8511807918548584,2.8528995513916016,2.854914903640747,2.857248067855835,2.859851121902466,2.86264705657959,2.865525007247925,2.8683598041534424,2.8710358142852783,2.873410940170288,2.875399589538574,2.8769352436065674,2.8779876232147217,2.8784878253936768,2.8784968852996826,2.8781020641326904,2.877354860305786,2.876307725906372,2.874974250793457,2.8734092712402344,2.871631383895874,2.8696489334106445,2.8675272464752197,2.8652665615081787,2.8628933429718018,2.8604023456573486,2.857837677001953,2.855184555053711,2.852435827255249,2.8496150970458984,2.846782684326172,2.8439548015594482,2.841076135635376,2.838176965713501,2.8352739810943604,2.8323566913604736,2.829404592514038,2.8264758586883545,2.82361102104187,2.820789337158203,2.818000078201294,2.8152477741241455,2.8125362396240234,2.8098182678222656,2.8070895671844482,7.829999923706055
22,3.1204898357391357,3.117431640625,3.1143338680267334,3.111201286315918,3.1080827713012695,3.1049575805664062,3.1018574237823486,3.0987424850463867,3.0956103801727295,3.092514991760254,3.089461088180542,3.0864524841308594,3.0835182666778564,3.0806491374969482,3.0778920650482178,3.075218915939331,3.072629690170288,3.07012939453125,3.067730188369751,3.0654821395874023,3.0633552074432373,3.061356782913208,3.059453010559082,3.0576257705688477,3.0558478832244873,3.0540952682495117,3.052380323410034,3.0507218837738037,3.049060821533203,3.047315835952759,3.0454025268554688,3.043318033218384,3.0410518646240234,3.0385868549346924,3.035942792892456,3.0330820083618164,3.030085802078247,3.0270185470581055,3.023912191390991,3.0207862854003906,3.0175905227661133,3.014292001724243,3.0109612941741943,3.007765769958496,3.0048751831054688,3.0023391246795654,3.000077486038208,2.9980480670928955,2.996281862258911,2.9949138164520264,2.994021415710449,2.993635416030884,2.9937477111816406,2.9943430423736572,2.9953527450561523,2.996744394302368,2.9984500408172607,3.000467300415039,3.002769708633423,3.0053513050079346,3.0081350803375244,3.011016845703125,3.0138845443725586,3.016584634780884,3.0189998149871826,3.0210037231445312,3.0224950313568115,3.023463010787964,3.0239365100860596,3.0239429473876953,3.023519277572632,3.0227081775665283,3.0215580463409424,3.020106077194214,3.0184175968170166,3.0165252685546875,3.0144379138946533,3.012176513671875,3.009770154953003,3.0072669982910156,3.0046398639678955,3.0019161701202393,2.9990835189819336,2.9961674213409424,2.993223190307617,2.990267515182495,2.9872913360595703,2.9842653274536133,2.9811925888061523,2.9780895709991455,2.9749972820281982,2.9719245433807373,2.9688937664031982,2.9659054279327393,2.9629404544830322,2.9600257873535156,2.9571640491485596,2.9543111324310303,2.9514434337615967,2.948554277420044,7.849999904632568
23,3.2615039348602295,3.257741928100586,3.253993034362793,3.250225782394409,3.2464590072631836,3.242717981338501,3.2389981746673584,3.2353031635284424,3.2316877841949463,3.2281205654144287,3.224616289138794,3.221177816390991,3.2178070545196533,3.2145748138427734,3.211472272872925,3.208486795425415,3.205660581588745,3.202946901321411,3.2003934383392334,3.1979920864105225,3.1957523822784424,3.1936562061309814,3.191685438156128,3.1898574829101562,3.1881330013275146,3.186434030532837,3.1847593784332275,3.1831085681915283,3.181427240371704,3.1796419620513916,3.17765736579895,3.1754512786865234,3.172992706298828,3.1702888011932373,3.1673176288604736,3.1640713214874268,3.160578489303589,3.1569366455078125,3.1532135009765625,3.149465799331665,3.1456730365753174,3.1418368816375732,3.138047456741333,3.1343915462493896,3.130992889404297,3.127941131591797,3.1252362728118896,3.122896909713745,3.12094783782959,3.1195526123046875,3.11877179145813,3.1186234951019287,3.1190011501312256,3.11993670463562,3.121445417404175,3.1234538555145264,3.125892400741577,3.128669023513794,3.131808042526245,3.135274648666382,3.138975143432617,3.1427879333496094,3.146496534347534,3.1499621868133545,3.1530396938323975,3.1555988788604736,3.1575584411621094,3.158806085586548,3.159367322921753,3.1593406200408936,3.1588134765625,3.1578476428985596,3.15645432472229,3.1546709537506104,3.15258526802063,3.15024471282959,3.147658109664917,3.1448333263397217,3.1417810916900635,3.138596773147583,3.1352946758270264,3.1319077014923096,3.1283910274505615,3.124756097793579,3.121018409729004,3.1172192096710205,3.1134302616119385,3.1095774173736572,3.105719804763794,3.101822853088379,3.0979363918304443,3.0940768718719482,3.0902106761932373,3.0863797664642334,3.082578659057617,3.0788733959198,3.0752365589141846,3.0716311931610107,3.068014144897461,3.064417600631714,7.860000133514404
24,3.215245485305786,3.211740732192993,3.2082138061523438,3.204655408859253,3.2010982036590576,3.197547197341919,3.1939451694488525,3.1903369426727295,3.1867072582244873,3.1831400394439697,3.179596185684204,3.1761014461517334,3.1726694107055664,3.169301986694336,3.1659843921661377,3.162795305252075,3.1597044467926025,3.156712770462036,3.153837203979492,3.1511030197143555,3.148524045944214,3.146028757095337,3.14359188079834,3.1412572860717773,3.1390151977539062,3.1368463039398193,3.1347086429595947,3.1325807571411133,3.130436658859253,3.1281898021698,3.1257877349853516,3.1232268810272217,3.1204745769500732,3.1175127029418945,3.1143531799316406,3.1110293865203857,3.107599973678589,3.1040585041046143,3.1004276275634766,3.0967934131622314,3.093149185180664,3.0894880294799805,3.085810422897339,3.0822174549102783,3.078876495361328,3.075859785079956,3.0731582641601562,3.070721387863159,3.068563461303711,3.0667922496795654,3.0654847621917725,3.0646822452545166,3.064368486404419,3.064499855041504,3.065016984939575,3.065871000289917,3.067070722579956,3.068549156188965,3.0703022480010986,3.0722873210906982,3.074444532394409,3.076660394668579,3.0788357257843018,3.0808608531951904,3.0825939178466797,3.0839412212371826,3.084824323654175,3.085247755050659,3.0851995944976807,3.084721803665161,3.0838611125946045,3.0826547145843506,3.081159830093384,3.079413414001465,3.0774402618408203,3.075275421142578,3.0729687213897705,3.0705108642578125,3.0679123401641846,3.0652027130126953,3.062396764755249,3.059499979019165,3.0565268993377686,3.053480863571167,3.0503742694854736,3.047215223312378,3.0440235137939453,3.040822744369507,3.037614107131958,3.034364700317383,3.031087636947632,3.027804374694824,3.024534225463867,3.0213425159454346,3.0181820392608643,3.0150375366210938,3.01191782951355,3.0088253021240234,3.0057613849639893,3.002671957015991,7.880000114440918
25,3.4510228633880615,3.447404146194458,3.443765878677368,3.440073251724243,3.436418294906616,3.432753562927246,3.42905592918396,3.4254229068756104,3.421826124191284,3.418292999267578,3.4148190021514893,3.4113426208496094,3.4079532623291016,3.404719352722168,3.4016382694244385,3.398665428161621,3.395742416381836,3.3929824829101562,3.3904120922088623,3.3880059719085693,3.3856875896453857,3.3834962844848633,3.3814430236816406,3.3795554637908936,3.377729654312134,3.3759677410125732,3.3742599487304688,3.3726065158843994,3.3709018230438232,3.3690366744995117,3.3670027256011963,3.3647701740264893,3.362298011779785,3.3595306873321533,3.3564460277557373,3.3531036376953125,3.349529981613159,3.3458235263824463,3.34204363822937,3.338170289993286,3.334225654602051,3.3302414417266846,3.3263237476348877,3.3225739002227783,3.319070816040039,3.3159408569335938,3.313192367553711,3.310795545578003,3.3087751865386963,3.3072774410247803,3.306377410888672,3.3061320781707764,3.306471586227417,3.307427167892456,3.308885335922241,3.310793876647949,3.3130619525909424,3.315730333328247,3.3187482357025146,3.3220462799072266,3.3255341053009033,3.3290340900421143,3.33245587348938,3.335637092590332,3.338423490524292,3.3407509326934814,3.342482566833496,3.3435685634613037,3.3440158367156982,3.3438942432403564,3.3432490825653076,3.342195510864258,3.3407533168792725,3.339015007019043,3.336965799331665,3.3346385955810547,3.33209490776062,3.3293354511260986,3.3264198303222656,3.323352813720703,3.32016921043396,3.316866159439087,3.3134758472442627,3.3100006580352783,3.3064587116241455,3.3028452396392822,3.299196243286133,3.2955284118652344,3.2917938232421875,3.288015604019165,3.2842729091644287,3.280569076538086,3.276878595352173,3.2731704711914062,3.2695093154907227,3.265920877456665,3.262383460998535,3.2589271068573,3.2554447650909424,3.2519304752349854,7.929999828338623
26,3.3658359050750732,3.362119436264038,3.3584048748016357,3.354679822921753,3.3509409427642822,3.347142219543457,3.3433420658111572,3.339588165283203,3.3358824253082275,3.332178831100464,3.3285348415374756,3.3249568939208984,3.321441650390625,3.3179752826690674,3.314624786376953,3.3114173412323,3.30834698677063,3.305410623550415,3.3026278018951416,3.300013303756714,3.297525405883789,3.2951557636260986,3.292919158935547,3.2908098697662354,3.2887656688690186,3.286794424057007,3.2849199771881104,3.283048629760742,3.281144142150879,3.2791173458099365,3.276933431625366,3.274562120437622,3.2718985080718994,3.2689831256866455,3.265810966491699,3.2623813152313232,3.2587625980377197,3.254979372024536,3.2510998249053955,3.2471415996551514,3.243189573287964,3.2392728328704834,3.235417127609253,3.231663703918457,3.2281017303466797,3.2248685359954834,3.221975088119507,3.219426155090332,3.217254638671875,3.215564012527466,3.2144405841827393,3.2139198780059814,3.213946580886841,3.214536428451538,3.215632438659668,3.2171971797943115,3.2191972732543945,3.2215521335601807,3.22428822517395,3.2273924350738525,3.2307236194610596,3.2341816425323486,3.2376089096069336,3.240849494934082,3.243699312210083,3.2460548877716064,3.247863531112671,3.249069929122925,3.249641180038452,3.249589204788208,3.2489891052246094,3.247917890548706,3.2464730739593506,3.2447397708892822,3.242716073989868,3.240375280380249,3.2378036975860596,3.2350072860717773,3.2320148944854736,3.2289016246795654,3.225618600845337,3.222198486328125,3.2186882495880127,3.2150919437408447,3.211409330368042,3.207648277282715,3.2038400173187256,3.20001220703125,3.196126699447632,3.19223690032959,3.188373327255249,3.1844959259033203,3.1805944442749023,3.17671275138855,3.1728830337524414,3.169145345687866,3.165445327758789,3.16180157661438,3.158167600631714,3.154524087905884,8.0
27,3.127838134765625,3.124455690383911,3.1210365295410156,3.117616891860962,3.114212989807129,3.1108875274658203,3.1075448989868164,3.104222536087036,3.1009490489959717,3.097743272781372,3.0945866107940674,3.09150767326355,3.088468313217163,3.085566282272339,3.0827436447143555,3.0800387859344482,3.0774571895599365,3.07500958442688,3.072690010070801,3.0704996585845947,3.068434000015259,3.066521644592285,3.0647659301757812,3.0631039142608643,3.061471939086914,3.0599019527435303,3.0583741664886475,3.056896924972534,3.0553855895996094,3.0537827014923096,3.052027702331543,3.0500574111938477,3.047827959060669,3.0453364849090576,3.0426025390625,3.0396602153778076,3.036513328552246,3.033252477645874,3.0299041271209717,3.0265352725982666,3.023130416870117,3.0196778774261475,3.016190528869629,3.012786626815796,3.009634256362915,3.0068538188934326,3.004413604736328,3.0022671222686768,3.0004355907440186,2.999054193496704,2.9982175827026367,2.9979381561279297,2.998196601867676,2.9990031719207764,3.0002715587615967,3.0019562244415283,3.0039989948272705,3.0063517093658447,3.009023666381836,3.0119879245758057,3.0152080059051514,3.018547773361206,3.0218279361724854,3.024897336959839,3.0276076793670654,3.0298349857330322,3.031480073928833,3.032547950744629,3.0330467224121094,3.032999038696289,3.0324745178222656,3.0315024852752686,3.0301835536956787,3.028562307357788,3.026677370071411,3.024549722671509,3.0221965312957764,3.0196468830108643,3.0169289112091064,3.0140678882598877,3.011117935180664,3.0080506801605225,3.0048866271972656,3.0016262531280518,2.998286008834839,2.994874954223633,2.9914023876190186,2.9879186153411865,2.9843759536743164,2.980821371078491,2.9772708415985107,2.9737586975097656,2.9702446460723877,2.966724395751953,2.9632580280303955,2.9598653316497803,2.9565250873565674,2.953228712081909,2.949920415878296,2.946619749069214,8.069999694824219
28,3.1257283687591553,3.1224186420440674,3.1190547943115234,3.115699529647827,3.112351179122925,3.109058141708374,3.105762481689453,3.1025240421295166,3.099346876144409,3.096226453781128,3.093142509460449,3.0900955200195312,3.0871336460113525,3.0842840671539307,3.081549882888794,3.0789215564727783,3.076430082321167,3.07409405708313,3.0719146728515625,3.06986141204834,3.0679550170898438,3.0661795139312744,3.0645227432250977,3.0629727840423584,3.061481475830078,3.060070753097534,3.058706283569336,3.057370185852051,3.0559885501861572,3.0545005798339844,3.052824020385742,3.0509631633758545,3.048872232437134,3.0465402603149414,3.043935775756836,3.041093111038208,3.0380465984344482,3.034877061843872,3.0316545963287354,3.0284173488616943,3.0251762866973877,3.0218656063079834,3.0185062885284424,3.0151891708374023,3.0121536254882812,3.009533643722534,3.007293701171875,3.005323648452759,3.003671646118164,3.0024728775024414,3.0018575191497803,3.0018036365509033,3.002300500869751,3.0033528804779053,3.0048904418945312,3.0068795680999756,3.0092294216156006,3.0119447708129883,3.0149669647216797,3.0182723999023438,3.0217859745025635,3.02541446685791,3.029001235961914,3.032377004623413,3.0353786945343018,3.0378963947296143,3.0398261547088623,3.0411479473114014,3.0418550968170166,3.041987657546997,3.0416266918182373,3.040874481201172,3.039767026901245,3.038332223892212,3.036583185195923,3.034573793411255,3.0323245525360107,3.0298912525177,3.027290105819702,3.0245630741119385,3.021726369857788,3.018794059753418,3.0157155990600586,3.0125482082366943,3.0093066692352295,3.0060036182403564,3.0026557445526123,2.999263048171997,2.9958982467651367,2.992481231689453,2.9890546798706055,2.9856128692626953,2.9821770191192627,2.978785276412964,2.975450277328491,2.972193717956543,2.9689550399780273,2.965728521347046,2.962512254714966,2.959299087524414,8.100000381469727
29,2.988633394241333,2.9855778217315674,2.9825236797332764,2.979485511779785,2.976412534713745,2.973313570022583,2.9702064990997314,2.967120885848999,2.964031934738159,2.9609439373016357,2.9578745365142822,2.9548428058624268,2.9518702030181885,2.948943853378296,2.946089506149292,2.9432976245880127,2.940613031387329,2.938013792037964,2.9355220794677734,2.9331252574920654,2.930842161178589,2.9286696910858154,2.9265661239624023,2.9245307445526123,2.9225914478302,2.920747756958008,2.918971300125122,2.9171950817108154,2.9153759479522705,2.9134998321533203,2.9115073680877686,2.90936279296875,2.9070587158203125,2.9045960903167725,2.901965379714966,2.899143934249878,2.896148920059204,2.8930747509002686,2.889948606491089,2.886787176132202,2.883591890335083,2.8803844451904297,2.8772032260894775,2.874089002609253,2.871145486831665,2.8684589862823486,2.8660404682159424,2.8638436794281006,2.861891984939575,2.860279083251953,2.859093427658081,2.8583180904388428,2.857959032058716,2.858031988143921,2.858487844467163,2.8592653274536133,2.8603363037109375,2.861712694168091,2.8633899688720703,2.865314245223999,2.867420196533203,2.8696162700653076,2.871812105178833,2.873886823654175,2.875722885131836,2.8772337436676025,2.878312349319458,2.8789498805999756,2.8791439533233643,2.878952741622925,2.878355026245117,2.8773880004882812,2.8761332035064697,2.874635696411133,2.872931718826294,2.8710238933563232,2.868943452835083,2.866717576980591,2.864360809326172,2.8619019985198975,2.8593504428863525,2.856699228286743,2.8539533615112305,2.8511199951171875,2.848259925842285,2.8453752994537354,2.8424465656280518,2.839456796646118,2.836435317993164,2.8334176540374756,2.830378293991089,2.827324628829956,2.8242733478546143,2.8212497234344482,2.818272829055786,2.815326690673828,2.8124351501464844,2.809546709060669,2.8066699504852295,2.8038368225097656,8.109999656677246
30,3.1406898498535156,3.136708974838257,3.1327476501464844,3.128817319869995,3.1249237060546875,3.1210451126098633,3.117223024368286,3.1134541034698486,3.1097590923309326,3.106147050857544,3.102613687515259,3.099151611328125,3.0957953929901123,3.092550277709961,3.089462995529175,3.086519479751587,3.083728790283203,3.0811073780059814,3.078655481338501,3.0763680934906006,3.074237823486328,3.072244882583618,3.070392608642578,3.0686657428741455,3.0670363903045654,3.065506935119629,3.0640268325805664,3.0625736713409424,3.0610878467559814,3.05948543548584,3.0576775074005127,3.0556485652923584,3.0533626079559326,3.0507876873016357,3.047966718673706,3.0449130535125732,3.04167103767395,3.0382871627807617,3.03481125831604,3.0313222408294678,3.0277984142303467,3.0242326259613037,3.0206100940704346,3.017094850540161,3.0139102935791016,3.011136054992676,3.008747100830078,3.0066654682159424,3.0049521923065186,3.0037529468536377,3.0031473636627197,3.0031919479370117,3.0038468837738037,3.0051028728485107,3.0068790912628174,3.0091259479522705,3.0118236541748047,3.0148913860321045,3.018325090408325,3.022123336791992,3.026172637939453,3.0303351879119873,3.0343945026397705,3.0382254123687744,3.0416419506073,3.0445306301116943,3.046795606613159,3.048347234725952,3.0492451190948486,3.0495166778564453,3.049248456954956,3.0485241413116455,3.0473670959472656,3.0458710193634033,3.0440456867218018,3.041934013366699,3.0395705699920654,3.036982297897339,3.034264326095581,3.031392812728882,3.0283725261688232,3.0251970291137695,3.02193284034729,3.018587112426758,3.0151655673980713,3.0116443634033203,3.008099317550659,3.0045413970947266,3.0009729862213135,2.9973840713500977,2.9937610626220703,2.9901740550994873,2.9866082668304443,2.9830939769744873,2.9796390533447266,2.9762346744537354,2.972905397415161,2.969625473022461,2.96636962890625,2.963123083114624,8.109999656677246
31,3.273646116256714,3.2697603702545166,3.265909433364868,3.262174367904663,3.2584517002105713,3.2546846866607666,3.2508976459503174,3.247253179550171,3.2437219619750977,3.2402455806732178,3.236783266067505,3.2333953380584717,3.230181932449341,3.2270984649658203,3.224130630493164,3.2212417125701904,3.2185237407684326,3.2160186767578125,3.213751792907715,3.211592435836792,3.20953631401062,3.2076327800750732,3.2059450149536133,3.204401731491089,3.2028980255126953,3.20143723487854,3.2000560760498047,3.198737859725952,3.1973876953125,3.195894241333008,3.1941463947296143,3.192143201828003,3.18990159034729,3.1874191761016846,3.1846399307250977,3.1815078258514404,3.1780998706817627,3.174598455429077,3.171124219894409,3.1676387786865234,3.164001703262329,3.16021466255188,3.1564550399780273,3.1529085636138916,3.149735450744629,3.1469695568084717,3.1445319652557373,3.1424083709716797,3.1407432556152344,3.1396894454956055,3.1392784118652344,3.1394479274749756,3.1402339935302734,3.1417407989501953,3.1438751220703125,3.1465015411376953,3.1494972705841064,3.152874231338501,3.15663743019104,3.1607666015625,3.165194272994995,3.169769048690796,3.174239158630371,3.178431510925293,3.1822023391723633,3.1854305267333984,3.1879968643188477,3.189746856689453,3.1907784938812256,3.191173553466797,3.1910560131073,3.1904404163360596,3.189349412918091,3.187901735305786,3.1861255168914795,3.1839959621429443,3.1815783977508545,3.1789474487304688,3.176161766052246,3.1731884479522705,3.1700732707977295,3.166813611984253,3.1634104251861572,3.159857988357544,3.1562893390655518,3.1527440547943115,3.1491639614105225,3.1454694271087646,3.141702651977539,3.1379668712615967,3.134251832962036,3.130530595779419,3.1268179416656494,3.1231775283813477,3.1196110248565674,3.116145372390747,3.112684488296509,3.109210729598999,3.1057374477386475,3.10235857963562,8.119999885559082
32,3.1716115474700928,3.1684834957122803,3.165318489074707,3.1621506214141846,3.1589372158050537,3.1556813716888428,3.15242075920105,3.14920711517334,3.1459906101226807,3.142810821533203,3.139690637588501,3.1366569995880127,3.1336612701416016,3.1306991577148438,3.1278076171875,3.1250171661376953,3.122344970703125,3.1197853088378906,3.1173362731933594,3.115046739578247,3.112865447998047,3.110783338546753,3.108823776245117,3.106950521469116,3.1051931381225586,3.1034786701202393,3.101811647415161,3.100193738937378,3.0985500812530518,3.0968239307403564,3.0949866771698,3.0929317474365234,3.0906858444213867,3.08821177482605,3.0855085849761963,3.0825488567352295,3.0793895721435547,3.076063394546509,3.072624921798706,3.069124460220337,3.065582036972046,3.0620405673980713,3.0585203170776367,3.0550804138183594,3.051847457885742,3.048846960067749,3.0461578369140625,3.043760061264038,3.0416905879974365,3.040039300918579,3.0389015674591064,3.0383188724517822,3.0382699966430664,3.0387489795684814,3.0396881103515625,3.041018486022949,3.0426769256591797,3.04467511177063,3.0470187664031982,3.049663543701172,3.0525405406951904,3.05558180809021,3.0586328506469727,3.061532974243164,3.064112901687622,3.0662708282470703,3.067948579788208,3.06904673576355,3.069540023803711,3.0694892406463623,3.0689475536346436,3.0679750442504883,3.0666112899780273,3.0649263858795166,3.062981605529785,3.060772657394409,3.058323621749878,3.055673837661743,3.0528182983398438,3.0497891902923584,3.046595573425293,3.0433197021484375,3.039965867996216,3.036539077758789,3.0330076217651367,3.0294225215911865,3.025780439376831,3.0220882892608643,3.018359422683716,3.0145866870880127,3.0107901096343994,3.006995439529419,3.003263235092163,2.9995648860931396,2.995866537094116,2.99219012260437,2.9885480403900146,2.9849443435668945,2.9813835620880127,2.9778335094451904,8.130000114440918
33,3.257049322128296,3.253122568130493,3.249222993850708,3.245293617248535,3.241403818130493,3.2375571727752686,3.233769655227661,3.230048418045044,3.22640323638916,3.222824811935425,3.2193477153778076,3.215935707092285,3.212644577026367,3.209506034851074,3.2065365314483643,3.203709840774536,3.2010319232940674,3.1985397338867188,3.196274518966675,3.1941640377044678,3.1922426223754883,3.190471887588501,3.1888606548309326,3.187403440475464,3.186035394668579,3.1847918033599854,3.1836395263671875,3.1824610233306885,3.181246519088745,3.1799049377441406,3.1783313751220703,3.1764888763427734,3.174340009689331,3.171887159347534,3.1691176891326904,3.166041612625122,3.1627209186553955,3.1591994762420654,3.1555182933807373,3.1517884731292725,3.148050308227539,3.1442883014678955,3.140528678894043,3.13688588142395,3.1335573196411133,3.130666971206665,3.128169298171997,3.1260359287261963,3.1243321895599365,3.1231906414031982,3.1227657794952393,3.1230924129486084,3.124143600463867,3.1258561611175537,3.1281521320343018,3.1309654712677,3.1342670917510986,3.138044595718384,3.142270088195801,3.1468756198883057,3.1517369747161865,3.1567564010620117,3.1617021560668945,3.1663668155670166,3.170549154281616,3.1741015911102295,3.1769397258758545,3.178964853286743,3.1801939010620117,3.1807048320770264,3.180556297302246,3.1798336505889893,3.178635597229004,3.1770381927490234,3.175065755844116,3.172762870788574,3.1701831817626953,3.167341947555542,3.1642777919769287,3.160991668701172,3.157536268234253,3.1539173126220703,3.150202512741089,3.146394729614258,3.142470121383667,3.1384642124176025,3.134384870529175,3.130267381668091,3.126105546951294,3.1219136714935303,3.1177151203155518,3.113523244857788,3.1093826293945312,3.1052987575531006,3.101243257522583,3.0972421169281006,3.0933101177215576,3.0894501209259033,3.085620164871216,3.081782102584839,8.130000114440918
34,3.3572616577148438,3.3534228801727295,3.349487066268921,3.3455827236175537,3.3416998386383057,3.3378121852874756,3.333889961242676,3.3299849033355713,3.326155424118042,3.322415351867676,3.318706512451172,3.3150441646575928,3.3114535808563232,3.3079211711883545,3.304492712020874,3.3012161254882812,3.298072099685669,3.2950706481933594,3.292208433151245,3.289501190185547,3.287015199661255,3.2846572399139404,3.2824182510375977,3.2802693843841553,3.2781801223754883,3.2762038707733154,3.2742950916290283,3.272414207458496,3.270493507385254,3.2684237957000732,3.2662036418914795,3.2637784481048584,3.2611188888549805,3.2581584453582764,3.2548930644989014,3.251384973526001,3.2476813793182373,3.2438602447509766,3.239936590194702,3.2359466552734375,3.2318763732910156,3.2278223037719727,3.2238361835479736,3.219993829727173,3.2164087295532227,3.2131426334381104,3.2102396488189697,3.2076797485351562,3.2054786682128906,3.203800916671753,3.2026965618133545,3.2022228240966797,3.202347993850708,3.2030861377716064,3.2043564319610596,3.2061240673065186,3.2082631587982178,3.2108256816864014,3.2137489318847656,3.2169878482818604,3.2204437255859375,3.2240192890167236,3.2275664806365967,3.2308976650238037,3.2338435649871826,3.236285448074341,3.2381651401519775,3.2393739223480225,3.239901304244995,3.239845037460327,3.2392499446868896,3.2381885051727295,3.2367451190948486,3.234928846359253,3.23281192779541,3.23042368888855,3.227808713912964,3.2250068187713623,3.222015380859375,3.2188479900360107,3.2155380249023438,3.2120697498321533,3.208526372909546,3.2048797607421875,3.2011725902557373,3.197371244430542,3.193518877029419,3.1896355152130127,3.1857292652130127,3.1818225383758545,3.177903890609741,3.1740033626556396,3.17008900642395,3.1662228107452393,3.162393808364868,3.1586055755615234,3.154876708984375,3.151182174682617,3.1475398540496826,3.143909215927124,8.140000343322754
35,3.212048292160034,3.208406686782837,3.204747438430786,3.2011518478393555,3.1975481510162354,3.193903923034668,3.19026255607605,3.186704635620117,3.183248281478882,3.1798064708709717,3.176346778869629,3.1729729175567627,3.1697561740875244,3.1666619777679443,3.163660764694214,3.160747766494751,3.157975912094116,3.155348539352417,3.152883529663086,3.1505844593048096,3.148425340652466,3.146390676498413,3.1444590091705322,3.14263653755188,3.1409406661987305,3.139300584793091,3.1377017498016357,3.136127471923828,3.1345252990722656,3.1328370571136475,3.1309282779693604,3.1288039684295654,3.1264259815216064,3.123804807662964,3.1209354400634766,3.1178295612335205,3.1145172119140625,3.111074447631836,3.107558012008667,3.1040308475494385,3.100421667098999,3.096700429916382,3.0929651260375977,3.0894315242767334,3.0862109661102295,3.083326578140259,3.080763578414917,3.078508138656616,3.0766351222991943,3.075251340866089,3.0744411945343018,3.0742530822753906,3.074627161026001,3.0755770206451416,3.077061891555786,3.0789833068847656,3.081266403198242,3.0838842391967773,3.086860418319702,3.090190887451172,3.0937306880950928,3.0973615646362305,3.100907325744629,3.1042346954345703,3.1071770191192627,3.1096553802490234,3.111583709716797,3.112882375717163,3.113525629043579,3.113600015640259,3.1132543087005615,3.1124870777130127,3.111339569091797,3.1098062992095947,3.107988119125366,3.105973482131958,3.103726387023926,3.1012632846832275,3.098592519760132,3.095804214477539,3.092947244644165,3.0899658203125,3.0868663787841797,3.083627700805664,3.080320358276367,3.0770041942596436,3.0736656188964844,3.0702762603759766,3.0667850971221924,3.06329345703125,3.0598480701446533,3.056428909301758,3.053014039993286,3.049610137939453,3.046264410018921,3.0429697036743164,3.0397584438323975,3.036562919616699,3.033327102661133,3.0300941467285156,8.15999984741211
36,3.3221194744110107,3.318432092666626,3.3147566318511963,3.3111350536346436,3.3075733184814453,3.304018020629883,3.3005123138427734,3.297067642211914,3.2936973571777344,3.29036545753479,3.2870781421661377,3.2838799953460693,3.2808620929718018,3.277951240539551,3.2751624584198,3.2725026607513428,3.2699737548828125,3.2676258087158203,3.2654714584350586,3.263521194458008,3.2617552280426025,3.260078191757202,3.258528709411621,3.25712513923645,3.2558109760284424,3.254631280899048,3.2535183429718018,3.2524116039276123,3.2512500286102295,3.2499544620513916,3.2484562397003174,3.2466557025909424,3.2445104122161865,3.242041826248169,3.2393009662628174,3.236285448074341,3.233039140701294,3.2295961380004883,3.226048707962036,3.2224044799804688,3.2187061309814453,3.2149951457977295,3.211324691772461,3.207733154296875,3.204441785812378,3.201573133468628,3.199122190475464,3.197016954421997,3.1952965259552,3.194138526916504,3.1936607360839844,3.1938085556030273,3.1946170330047607,3.196099042892456,3.198157548904419,3.200726270675659,3.2037250995635986,3.2071964740753174,3.211106538772583,3.215405225753784,3.219977378845215,3.2246387004852295,3.229222536087036,3.23349666595459,3.237332344055176,3.240557909011841,3.2430694103240967,3.244830846786499,3.2458627223968506,3.2461977005004883,3.2459452152252197,3.2452003955841064,3.244011163711548,3.242405652999878,3.2404422760009766,3.238165855407715,3.2356760501861572,3.2329654693603516,3.230046510696411,3.2269394397735596,3.2236878871917725,3.220316171646118,3.216804265975952,3.213191270828247,3.2094953060150146,3.205739974975586,3.201931953430176,3.198061227798462,3.194169759750366,3.1902291774749756,3.1862640380859375,3.1823606491088867,3.178500175476074,3.174647569656372,3.170854330062866,3.1671180725097656,3.1634700298309326,3.1598119735717773,3.156219720840454,3.1526901721954346,8.15999984741211
37,2.7706563472747803,2.7682745456695557,2.765857458114624,2.7633936405181885,2.7609100341796875,2.758435010910034,2.756010055541992,2.753575325012207,2.751147508621216,2.748737335205078,2.7463786602020264,2.744061231613159,2.7417335510253906,2.7394351959228516,2.73720383644104,2.735048294067383,2.7329931259155273,2.731001615524292,2.7291224002838135,2.7273435592651367,2.7256481647491455,2.724059820175171,2.722551107406616,2.721113920211792,2.7197415828704834,2.7184150218963623,2.717135190963745,2.715923309326172,2.7147340774536133,2.7135279178619385,2.7122437953948975,2.7108192443847656,2.709199905395508,2.70740008354187,2.7054073810577393,2.703274965286255,2.7009947299957275,2.698533296585083,2.6959388256073,2.6933071613311768,2.6907002925872803,2.6881282329559326,2.685546875,2.682971715927124,2.680448532104492,2.6781184673309326,2.676027297973633,2.6741702556610107,2.6725175380706787,2.671099901199341,2.6700286865234375,2.6693451404571533,2.669077157974243,2.6692111492156982,2.6696860790252686,2.6704628467559814,2.671501874923706,2.6727867126464844,2.6743204593658447,2.676074266433716,2.6780335903167725,2.680130958557129,2.6822750568389893,2.6843535900115967,2.6862246990203857,2.687791585922241,2.688997983932495,2.6897900104522705,2.6901652812957764,2.6901137828826904,2.689669370651245,2.6889028549194336,2.6878490447998047,2.686565637588501,2.6850688457489014,2.68337345123291,2.6814792156219482,2.679431915283203,2.6772358417510986,2.6749191284179688,2.672502279281616,2.670008420944214,2.6674346923828125,2.6647589206695557,2.66202712059021,2.659237861633301,2.6563870906829834,2.653487205505371,2.6505391597747803,2.647568464279175,2.644558906555176,2.6415390968322754,2.6385538578033447,2.6355695724487305,2.632619857788086,2.6296565532684326,2.6267106533050537,2.623828649520874,2.620978593826294,2.618185043334961,8.180000305175781
38,3.1191177368164062,3.1155922412872314,3.11208176612854,3.108574628829956,3.1050498485565186,3.1015541553497314,3.0981056690216064,3.0947153568267822,3.0913689136505127,3.088097333908081,3.0848913192749023,3.0817720890045166,3.0787200927734375,3.075775146484375,3.0729830265045166,3.0703318119049072,3.0678131580352783,3.0654382705688477,3.063197374343872,3.061105728149414,3.0591468811035156,3.0573272705078125,3.0556533336639404,3.0540993213653564,3.05261492729187,3.051182508468628,3.0497970581054688,3.048444986343384,3.047063112258911,3.0455634593963623,3.0438735485076904,3.0419719219207764,3.03983473777771,3.037461519241333,3.0348598957061768,3.0320193767547607,3.028960943222046,3.0257766246795654,3.022573232650757,3.019357681274414,3.0161216259002686,3.012805938720703,3.0094363689422607,3.0062038898468018,3.0032854080200195,3.00077223777771,2.9986026287078857,2.9966821670532227,2.9950978755950928,2.9940121173858643,2.99350905418396,2.993596076965332,2.994224786758423,2.9953978061676025,2.997076988220215,2.9991953372955322,3.0017082691192627,3.00458025932312,3.007798433303833,3.0113322734832764,3.015071153640747,3.0189273357391357,3.0226831436157227,3.0262415409088135,3.029446840286255,3.0321617126464844,3.0342636108398438,3.035670518875122,3.036452531814575,3.0366809368133545,3.0364112854003906,3.0357370376586914,3.03466796875,3.0332539081573486,3.031508684158325,3.029520034790039,3.0273303985595703,3.0249128341674805,3.0223207473754883,3.019590377807617,3.0167667865753174,3.0138099193573,3.0107383728027344,3.007582902908325,3.0043468475341797,3.001063108444214,2.9977643489837646,2.994450569152832,2.9910995960235596,2.987720489501953,2.984330415725708,2.980961799621582,2.97763991355896,2.9743573665618896,2.9711177349090576,2.9679510593414307,2.964864730834961,2.9618046283721924,2.9587290287017822,2.9556684494018555,8.180000305175781
39,3.1929988861083984,3.189427137374878,3.1858062744140625,3.18224835395813,3.1787140369415283,3.1752288341522217,3.1717631816864014,3.1683406829833984,3.1649465560913086,3.1616084575653076,3.158313512802124,3.1551082134246826,3.151991844177246,3.149005889892578,3.1461269855499268,3.1433780193328857,3.140761375427246,3.1382837295532227,3.1359500885009766,3.1338112354278564,3.131828546524048,3.1300060749053955,3.128290891647339,3.1266586780548096,3.1251068115234375,3.1236355304718018,3.1222293376922607,3.1208887100219727,3.1195220947265625,3.1180179119110107,3.116307497024536,3.11435866355896,3.1121232509613037,3.1096456050872803,3.1068966388702393,3.103938102722168,3.1007907390594482,3.0975189208984375,3.094123601913452,3.090670347213745,3.0871737003326416,3.083660364151001,3.0801360607147217,3.076706886291504,3.0735490322113037,3.0708024501800537,3.068443536758423,3.066359281539917,3.064650297164917,3.0634374618530273,3.0628509521484375,3.062899351119995,3.063563346862793,3.0648109912872314,3.0665807723999023,3.068798780441284,3.0713822841644287,3.0743567943573,3.0777180194854736,3.081423759460449,3.085360288619995,3.0893800258636475,3.0933778285980225,3.097139358520508,3.1004629135131836,3.1032187938690186,3.1053504943847656,3.1068403720855713,3.1076834201812744,3.1079015731811523,3.1075851917266846,3.106809616088867,3.1056244373321533,3.104044198989868,3.102121591567993,3.0999603271484375,3.0975635051727295,3.0949599742889404,3.0921428203582764,3.0891809463500977,3.086064338684082,3.082812547683716,3.0794429779052734,3.0759613513946533,3.072406768798828,3.0687992572784424,3.0651607513427734,3.0614707469940186,3.0577280521392822,3.0539512634277344,3.0501585006713867,3.04638409614563,3.0426528453826904,3.0389633178710938,3.035327196121216,3.0317375659942627,3.0281944274902344,3.024683952331543,3.0212135314941406,3.01777720451355,8.199999809265137
40,3.0703470706939697,3.067244529724121,3.064150094985962,3.0610382556915283,3.0579535961151123,3.0548460483551025,3.051743745803833,3.0486414432525635,3.0455799102783203,3.0425586700439453,3.0395801067352295,3.0366508960723877,3.03378963470459,3.0309689044952393,3.0282294750213623,3.0255634784698486,3.0230133533477783,3.020591974258423,3.018280267715454,3.0160579681396484,3.013930082321167,3.011887311935425,3.0099923610687256,3.008178949356079,3.0064356327056885,3.0047388076782227,3.0030887126922607,3.0014865398406982,2.9998700618743896,2.998154401779175,2.9962968826293945,2.9942939281463623,2.992098093032837,2.9897146224975586,2.98714542388916,2.984419822692871,2.981560707092285,2.978562355041504,2.975492477416992,2.9724178314208984,2.969350814819336,2.9662296772003174,2.963040590286255,2.9599130153656006,2.9570274353027344,2.954472303390503,2.9521942138671875,2.950131416320801,2.948310136795044,2.9468631744384766,2.9458625316619873,2.9453353881835938,2.9452505111694336,2.9456005096435547,2.9463443756103516,2.947434663772583,2.948824644088745,2.9504878520965576,2.9524261951446533,2.9546215534210205,2.9570064544677734,2.9594919681549072,2.961944341659546,2.96425461769104,2.9663164615631104,2.9680118560791016,2.969282865524292,2.970085859298706,2.970418930053711,2.9703218936920166,2.969813108444214,2.968952178955078,2.9677908420562744,2.9663619995117188,2.964691162109375,2.962834119796753,2.9608042240142822,2.9586284160614014,2.956321954727173,2.953882932662964,2.9513275623321533,2.948648691177368,2.9459056854248047,2.943096399307251,2.9402389526367188,2.9373528957366943,2.9344236850738525,2.9314606189727783,2.9284451007843018,2.925408124923706,2.9223740100860596,2.9193265438079834,2.916295051574707,2.9132955074310303,2.9103736877441406,2.907475471496582,2.9045894145965576,2.9017229080200195,2.898857355117798,2.8959999084472656,8.210000038146973
41,3.1247217655181885,3.121363401412964,3.118011713027954,3.1147289276123047,3.1114890575408936,3.1082770824432373,3.1050920486450195,3.1019535064697266,3.0988924503326416,3.0959255695343018,3.093038558959961,3.0902469158172607,3.087540864944458,3.084986925125122,3.082562208175659,3.080278158187866,3.0781517028808594,3.0762155055999756,3.0744705200195312,3.072888135910034,3.0714595317840576,3.0701887607574463,3.0690414905548096,3.067998170852661,3.067049741744995,3.066171884536743,3.0653514862060547,3.064558267593384,3.063730478286743,3.062769651412964,3.061537981033325,3.06003475189209,3.058258056640625,3.0562069416046143,3.053879499435425,3.0512688159942627,3.0484354496002197,3.0454282760620117,3.042314291000366,3.0391712188720703,3.0360021591186523,3.0327939987182617,3.029541015625,3.026411771774292,3.0235986709594727,3.0212271213531494,3.019256830215454,3.017596483230591,3.0163204669952393,3.0156071186065674,3.0155296325683594,3.0161306858062744,3.0173778533935547,3.019214630126953,3.0215957164764404,3.0244321823120117,3.0277109146118164,3.031407117843628,3.035477638244629,3.0399162769317627,3.044621706008911,3.049405813217163,3.0540878772735596,3.0584967136383057,3.062424421310425,3.065763235092163,3.0683822631835938,3.0702877044677734,3.071516752243042,3.07210373878479,3.0721311569213867,3.071661949157715,3.070747137069702,3.0694611072540283,3.0678224563598633,3.0659215450286865,3.0637664794921875,3.0613937377929688,3.0588276386260986,3.0560922622680664,3.0532312393188477,3.0501906871795654,3.0470354557037354,3.043802499771118,3.0405025482177734,3.037116289138794,3.033663034439087,3.0302178859710693,3.026744842529297,3.0232179164886475,3.0196688175201416,3.0161542892456055,3.0127029418945312,3.0092885494232178,3.005938768386841,3.002657175064087,2.9994423389434814,2.996243476867676,2.993046760559082,2.989894151687622,8.229999542236328
42,3.2912187576293945,3.287614107131958,3.2839877605438232,3.280325174331665,3.2766380310058594,3.2729971408843994,3.269427537918091,3.2658779621124268,3.2623684406280518,3.2588653564453125,3.2554149627685547,3.252023458480835,3.2487099170684814,3.2455108165740967,3.242406129837036,3.2394187450408936,3.236578941345215,3.233841896057129,3.231238603591919,3.2287967205047607,3.226505994796753,3.2244253158569336,3.2224361896514893,3.220532178878784,3.218712091445923,3.2169744968414307,3.215317964553833,3.2136831283569336,3.2120256423950195,3.210275650024414,3.208376169204712,3.2062501907348633,3.2038421630859375,3.201169013977051,3.1982126235961914,3.1950342655181885,3.191615104675293,3.18803334236145,3.18432879447937,3.180569887161255,3.1767969131469727,3.1729869842529297,3.169194459915161,3.1655433177948,3.1621320247650146,3.159085273742676,3.1563823223114014,3.154003381729126,3.1519949436187744,3.150430917739868,3.1494662761688232,3.149113655090332,3.1493847370147705,3.150252103805542,3.151630401611328,3.1534359455108643,3.1556262969970703,3.1581790447235107,3.161090135574341,3.164320707321167,3.167814016342163,3.171422004699707,3.174992561340332,3.178367853164673,3.1813716888427734,3.183865785598755,3.1857283115386963,3.186962127685547,3.1875622272491455,3.1875741481781006,3.1870572566986084,3.1860692501068115,3.184685468673706,3.1829726696014404,3.1809747219085693,3.178704261779785,3.1761856079101562,3.173517942428589,3.1706762313842773,3.1676807403564453,3.1645078659057617,3.161219835281372,3.157874345779419,3.1544110774993896,3.1508703231811523,3.1472253799438477,3.143548011779785,3.1398017406463623,3.136005401611328,3.132218599319458,3.128422975540161,3.1246232986450195,3.120840311050415,3.117091417312622,3.113389015197754,3.10970401763916,3.1060798168182373,3.1025187969207764,3.0989677906036377,3.0954439640045166,8.229999542236328
43,3.179105520248413,3.176011800765991,3.1728878021240234,3.169733762741089,3.16656231880188,3.1633968353271484,3.160273313522339,3.157170534133911,3.154081106185913,3.150987386703491,3.1478986740112305,3.1448867321014404,3.1419811248779297,3.1391868591308594,3.1364352703094482,3.1337881088256836,3.1312363147735596,3.1288204193115234,3.126532793045044,3.124346971511841,3.122296094894409,3.120368003845215,3.118539571762085,3.116787910461426,3.115135431289673,3.1135213375091553,3.1119468212127686,3.110372304916382,3.1087725162506104,3.1071062088012695,3.105321168899536,3.103346586227417,3.101135492324829,3.0986719131469727,3.0960042476654053,3.09316349029541,3.090169906616211,3.0870449542999268,3.083850622177124,3.08059024810791,3.07724928855896,3.0738136768341064,3.0703842639923096,3.067110776901245,3.0640952587127686,3.0614211559295654,3.0590381622314453,3.0569088459014893,3.055086851119995,3.0536839962005615,3.052811622619629,3.052476167678833,3.0526983737945557,3.053438186645508,3.054595708847046,3.056138753890991,3.0580413341522217,3.0602867603302,3.0628511905670166,3.0657036304473877,3.0687649250030518,3.0719382762908936,3.07504940032959,3.077977418899536,3.0805623531341553,3.0827081203460693,3.084352493286133,3.085439443588257,3.0859851837158203,3.0860087871551514,3.0856082439422607,3.084784507751465,3.083613634109497,3.0821542739868164,3.0804452896118164,3.078516960144043,3.0763912200927734,3.0740880966186523,3.071624755859375,3.069035530090332,3.066316604614258,3.063525438308716,3.0606260299682617,3.057647943496704,3.0545923709869385,3.05148983001709,3.0483782291412354,3.045228958129883,3.042043924331665,3.038813352584839,3.035602331161499,3.0324151515960693,3.0292890071868896,3.0261783599853516,3.0230724811553955,3.0199835300445557,3.0169403553009033,3.013964891433716,3.0109786987304688,3.0080349445343018,8.260000228881836
44,2.9253880977630615,2.9227817058563232,2.92016339302063,2.9175262451171875,2.9148457050323486,2.9121615886688232,2.9094865322113037,2.906834840774536,2.904216766357422,2.9016263484954834,2.899066925048828,2.8965141773223877,2.8939781188964844,2.8914966583251953,2.889098882675171,2.8867788314819336,2.8845555782318115,2.8824303150177,2.8804261684417725,2.8785288333892822,2.876689910888672,2.8749163150787354,2.8732097148895264,2.8715782165527344,2.8700668811798096,2.868607759475708,2.8671929836273193,2.8657634258270264,2.8642845153808594,2.8627326488494873,2.8611061573028564,2.859370470046997,2.857492446899414,2.8554651737213135,2.853271484375,2.8509185314178467,2.8484418392181396,2.8458547592163086,2.8432295322418213,2.8406200408935547,2.8380038738250732,2.835371971130371,2.8326728343963623,2.829983711242676,2.827458143234253,2.825202226638794,2.823230504989624,2.821489095687866,2.819974899291992,2.818739652633667,2.8178584575653076,2.817338705062866,2.817220687866211,2.817487955093384,2.8181302547454834,2.8190982341766357,2.820357322692871,2.8218982219696045,2.823685646057129,2.8256778717041016,2.8278465270996094,2.8301191329956055,2.832427740097046,2.834653854370117,2.8366739749908447,2.8383772373199463,2.8396854400634766,2.840545654296875,2.8409624099731445,2.840961456298828,2.8406009674072266,2.839947462081909,2.8390262126922607,2.837841749191284,2.836430311203003,2.8348283767700195,2.83305287361145,2.8311069011688232,2.8290224075317383,2.8268611431121826,2.824610710144043,2.8222668170928955,2.819812774658203,2.817265272140503,2.8146674633026123,2.8120481967926025,2.8093950748443604,2.806720018386841,2.804025411605835,2.801316022872925,2.7986087799072266,2.7958765029907227,2.7931430339813232,2.790416717529297,2.7877190113067627,2.7850911617279053,2.7824923992156982,2.779895067214966,2.77728009223938,2.7746779918670654,8.270000457763672
45,3.1888561248779297,3.1852176189422607,3.181598424911499,3.177988052368164,3.174400568008423,3.1708462238311768,3.1673314571380615,3.163848876953125,3.1604464054107666,3.1571218967437744,3.153887987136841,3.150766134262085,3.1477043628692627,3.144740343093872,3.141871213912964,3.139134168624878,3.1365509033203125,3.1341073513031006,3.1318557262420654,3.1297848224639893,3.127851724624634,3.1260464191436768,3.1243460178375244,3.122755289077759,3.121269941329956,3.119884490966797,3.1185810565948486,3.1172850131988525,3.1159346103668213,3.114468812942505,3.112823724746704,3.110963821411133,3.108846664428711,3.106496810913086,3.1039199829101562,3.101119041442871,3.0980775356292725,3.0948851108551025,3.0915749073028564,3.0882651805877686,3.0849609375,3.081648826599121,3.078295946121216,3.0749704837799072,3.071908712387085,3.0692052841186523,3.066884994506836,3.0648577213287354,3.0631730556488037,3.061992645263672,3.061408281326294,3.0614013671875,3.0619609355926514,3.06306529045105,3.064655303955078,3.0666892528533936,3.0691187381744385,3.071960687637329,3.0751559734344482,3.0786688327789307,3.0824077129364014,3.0862817764282227,3.0901362895965576,3.0937702655792236,3.097073554992676,3.0998973846435547,3.1021454334259033,3.1037299633026123,3.1046712398529053,3.105017900466919,3.1048390865325928,3.1042025089263916,3.103186845779419,3.1018152236938477,3.100114107131958,3.0981380939483643,3.0959174633026123,3.0934925079345703,3.0908467769622803,3.0880565643310547,3.0851478576660156,3.082148551940918,3.0790345668792725,3.075791358947754,3.0724620819091797,3.069035291671753,3.065544366836548,3.0620405673980713,3.0585410594940186,3.055034875869751,3.0515143871307373,3.0479743480682373,3.044440269470215,3.040923833847046,3.037449836730957,3.0340874195098877,3.03080153465271,3.0275497436523438,3.0243005752563477,3.0210371017456055,8.279999732971191
46,2.9023609161376953,2.8990495204925537,2.895740509033203,2.8924200534820557,2.8891241550445557,2.885877847671509,2.8826544284820557,2.8794357776641846,2.8762400150299072,2.8731296062469482,2.870102882385254,2.8671531677246094,2.8642899990081787,2.8614816665649414,2.858748197555542,2.856121778488159,2.8536055088043213,2.8512723445892334,2.849085569381714,2.847058057785034,2.8451688289642334,2.843371629714966,2.841658353805542,2.840019941329956,2.8384687900543213,2.8370180130004883,2.835648536682129,2.8343398571014404,2.8330013751983643,2.83158278465271,2.8300015926361084,2.828204393386841,2.826176881790161,2.823936700820923,2.8215017318725586,2.818870782852173,2.8160717487335205,2.813145637512207,2.8101351261138916,2.807082414627075,2.8040058612823486,2.800901412963867,2.797776937484741,2.7947285175323486,2.791928291320801,2.789475679397583,2.787348508834839,2.7854721546173096,2.78385853767395,2.782646894454956,2.7819573879241943,2.78183650970459,2.7822611331939697,2.783205032348633,2.7845890522003174,2.7863502502441406,2.7884585857391357,2.7909297943115234,2.793760299682617,2.796898603439331,2.800276517868042,2.803799629211426,2.807332754135132,2.8106861114501953,2.813695192337036,2.8162624835968018,2.818302869796753,2.8197782039642334,2.8206589221954346,2.8210058212280273,2.820866823196411,2.820294141769409,2.8193185329437256,2.81801438331604,2.8164103031158447,2.814549684524536,2.81246280670166,2.8101909160614014,2.8077714443206787,2.8051974773406982,2.8024730682373047,2.7995851039886475,2.796616554260254,2.793590545654297,2.790506601333618,2.7873611450195312,2.7841532230377197,2.780914068222046,2.7776458263397217,2.7743403911590576,2.771024703979492,2.7677228450775146,2.7644946575164795,2.761321783065796,2.7581536769866943,2.7549946308135986,2.7519054412841797,2.7488906383514404,2.745880365371704,2.742872476577759,8.279999732971191
47,3.362732172012329,3.359496831893921,3.356257677078247,3.353027105331421,3.349724054336548,3.3463737964630127,3.343073606491089,3.3398196697235107,3.336557149887085,3.333253860473633,3.3299777507781982,3.3268449306488037,3.3237926959991455,3.3208281993865967,3.317883253097534,3.3150932788848877,3.312476396560669,3.30997371673584,3.307598829269409,3.305349588394165,3.303224563598633,3.3012492656707764,3.2993438243865967,3.297528028488159,3.295790433883667,3.2941160202026367,3.292505979537964,3.290863037109375,3.2891552448272705,3.2873013019561768,3.2852869033813477,3.2830841541290283,3.2806499004364014,3.277984857559204,3.2750914096832275,3.27197527885437,3.2687013149261475,3.265331983566284,3.2619190216064453,3.258420944213867,3.2548351287841797,3.25119686126709,3.247612237930298,3.2442264556884766,3.2411530017852783,3.2384421825408936,3.2360687255859375,3.2339818477630615,3.23225474357605,3.2310307025909424,3.230353593826294,3.230240821838379,3.230713129043579,3.231722593307495,3.233168840408325,3.235004425048828,3.23724365234375,3.2398388385772705,3.2427666187286377,3.245952606201172,3.2493350505828857,3.2527883052825928,3.2561264038085938,3.259229898452759,3.2619571685791016,3.2642173767089844,3.265913248062134,3.2669789791107178,3.2675111293792725,3.2675647735595703,3.267125368118286,3.2662513256073,3.265010118484497,3.263498306274414,3.2617263793945312,3.2596795558929443,3.257439374923706,3.255030632019043,3.2524960041046143,3.2498300075531006,3.2470200061798096,3.2440989017486572,3.241015672683716,3.23789381980896,3.2347376346588135,3.231567144393921,3.228384256362915,3.2251596450805664,3.221931219100952,3.218653917312622,3.2153522968292236,3.2121012210845947,3.208889961242676,3.2057838439941406,3.202697992324829,3.1996376514434814,3.196582555770874,3.1935412883758545,3.190559148788452,3.187605857849121,8.3100004196167
48,3.2755606174468994,3.272618532180786,3.269601821899414,3.2665493488311768,3.2634925842285156,3.260422706604004,3.2573585510253906,3.2542858123779297,3.2511978149414062,3.2481250762939453,3.2450783252716064,3.242086172103882,3.239173650741577,3.236328363418579,3.233539581298828,3.2308685779571533,3.2283084392547607,3.2258341312408447,3.2234411239624023,3.221160650253296,3.219007730484009,3.216949462890625,3.214939832687378,3.213031768798828,3.2112128734588623,3.2094595432281494,3.2077226638793945,3.205979347229004,3.2042076587677,3.2023661136627197,3.2003660202026367,3.198209762573242,3.19584584236145,3.1933069229125977,3.1905720233917236,3.187649726867676,3.1846091747283936,3.181492567062378,3.1783249378204346,3.1750710010528564,3.171743631362915,3.168322801589966,3.1649606227874756,3.161778211593628,3.1589062213897705,3.1562869548797607,3.15393328666687,3.151820421218872,3.150040864944458,3.1486704349517822,3.1477394104003906,3.147312879562378,3.147364854812622,3.1478779315948486,3.148771286010742,3.150014877319336,3.1515982151031494,3.1534767150878906,3.155586004257202,3.1579463481903076,3.1604983806610107,3.1631534099578857,3.165700674057007,3.1680219173431396,3.1700313091278076,3.171644926071167,3.172804117202759,3.173476219177246,3.1736724376678467,3.1734392642974854,3.1727840900421143,3.171830177307129,3.170597791671753,3.1691322326660156,3.167433023452759,3.1655099391937256,3.163435935974121,3.1612064838409424,3.15887713432312,3.156449317932129,3.1539173126220703,3.15128231048584,3.1485531330108643,3.14577317237854,3.1429283618927,3.1401093006134033,3.137291193008423,3.1344518661499023,3.1315677165985107,3.128660202026367,3.1257760524749756,3.1228973865509033,3.1200525760650635,3.1172754764556885,3.1145260334014893,3.1117732524871826,3.1090548038482666,3.1063711643218994,3.103682279586792,3.1009304523468018,8.329999923706055
49,3.3011207580566406,3.29776668548584,3.2943413257598877,3.290847063064575,3.287355422973633,3.2839162349700928,3.2805559635162354,3.277193307876587,3.273820638656616,3.270505905151367,3.2672650814056396,3.2640883922576904,3.2609691619873047,3.257958173751831,3.255110025405884,3.252408266067505,3.2498390674591064,3.2474184036254883,3.2451512813568115,3.2430436611175537,3.2410688400268555,3.2392756938934326,3.2376365661621094,3.2361316680908203,3.234705924987793,3.2333285808563232,3.2319679260253906,3.230611801147461,3.229254722595215,3.2277889251708984,3.2261435985565186,3.224269151687622,3.2220613956451416,3.219555616378784,3.216735601425171,3.213646173477173,3.2103569507598877,3.2068798542022705,3.2032859325408936,3.1996166706085205,3.1958580017089844,3.192047119140625,3.188277244567871,3.184635877609253,3.181281805038452,3.178293228149414,3.1757166385650635,3.17349910736084,3.1716508865356445,3.170318603515625,3.169607162475586,3.169523239135742,3.170084238052368,3.171266555786133,3.1730339527130127,3.1752512454986572,3.177825927734375,3.1807639598846436,3.184039354324341,3.1876399517059326,3.1914303302764893,3.1953258514404297,3.1991958618164062,3.20283579826355,3.2060699462890625,3.2087669372558594,3.2108514308929443,3.212280035018921,3.213019609451294,3.213167190551758,3.212811231613159,3.211991548538208,3.2107350826263428,3.209138870239258,3.2072393894195557,3.205059289932251,3.2026309967041016,3.2000081539154053,3.1972150802612305,3.1942570209503174,3.1911468505859375,3.1878855228424072,3.184490442276001,3.1810123920440674,3.177478551864624,3.173874616622925,3.1702041625976562,3.1664645671844482,3.1627228260040283,3.1589276790618896,3.155122756958008,3.1512644290924072,3.1474239826202393,3.1436750888824463,3.1399831771850586,3.1363728046417236,3.132756233215332,3.12919020652771,3.1256039142608643,3.1220309734344482,8.350000381469727
50,3.2822723388671875,3.2790021896362305,3.275662422180176,3.272216558456421,3.268791437149048,3.2654216289520264,3.262075185775757,3.258723258972168,3.25537109375,3.252068281173706,3.2488555908203125,3.2457096576690674,3.2426319122314453,3.2396481037139893,3.236726760864258,3.233949661254883,3.231307029724121,3.2288215160369873,3.226472854614258,3.2242326736450195,3.22212815284729,3.2201786041259766,3.218341112136841,3.2165966033935547,3.214921236038208,3.2133257389068604,3.2117996215820312,3.2102277278900146,3.2086002826690674,3.206864356994629,3.204967498779297,3.202868700027466,3.20050048828125,3.197890043258667,3.195028305053711,3.1919565200805664,3.1886980533599854,3.1852970123291016,3.1817915439605713,3.1782429218292236,3.174675941467285,3.1711270809173584,3.1676089763641357,3.164198875427246,3.1609981060028076,3.158128023147583,3.155606269836426,3.153386116027832,3.151531934738159,3.150113821029663,3.149229049682617,3.1489486694335938,3.1492278575897217,3.150083303451538,3.1513922214508057,3.153102159500122,3.1551663875579834,3.157585859298706,3.1603729724884033,3.1634247303009033,3.1666858196258545,3.1700446605682373,3.1733949184417725,3.176530599594116,3.1792993545532227,3.1815662384033203,3.183269739151001,3.184351682662964,3.1848042011260986,3.1847190856933594,3.1841537952423096,3.1831538677215576,3.1817538738250732,3.180027723312378,3.177994728088379,3.17572283744812,3.173238515853882,3.1705710887908936,3.16774845123291,3.164748191833496,3.1616322994232178,3.1584033966064453,3.155048131942749,3.151583433151245,3.14803409576416,3.144435167312622,3.1407973766326904,3.1371309757232666,3.13339900970459,3.1296355724334717,3.1258842945098877,3.1221492290496826,3.1184184551239014,3.1146841049194336,3.1110222339630127,3.1074154376983643,3.1038548946380615,3.1003530025482178,3.0968902111053467,3.093402147293091,8.350000381469727
51,2.878314733505249,2.8756206035614014,2.8728809356689453,2.870138168334961,2.8673925399780273,2.8646647930145264,2.8619320392608643,2.859234571456909,2.8565480709075928,2.853869676589966,2.8512096405029297,2.8485710620880127,2.8459675312042236,2.8434207439422607,2.840949296951294,2.8385727405548096,2.8362791538238525,2.834064483642578,2.8319199085235596,2.8298490047454834,2.8278610706329346,2.825981378555298,2.8242080211639404,2.8225018978118896,2.820843458175659,2.8192155361175537,2.817614793777466,2.816035270690918,2.814432144165039,2.8127822875976562,2.811051607131958,2.8091986179351807,2.807215929031372,2.8050739765167236,2.8027865886688232,2.8003599643707275,2.79781436920166,2.7951982021331787,2.7925567626953125,2.789942502975464,2.787337064743042,2.784698486328125,2.7819745540618896,2.779252052307129,2.7767112255096436,2.774470090866089,2.7724945545196533,2.7706925868988037,2.769061803817749,2.7677180767059326,2.76674485206604,2.7661592960357666,2.7659053802490234,2.7659733295440674,2.7663791179656982,2.7670812606811523,2.768052101135254,2.7692651748657227,2.7707149982452393,2.772376775741577,2.774216651916504,2.7761662006378174,2.7781264781951904,2.7799837589263916,2.781634569168091,2.783005475997925,2.7840301990509033,2.7846381664276123,2.78483510017395,2.784655809402466,2.784167528152466,2.7834110260009766,2.7824032306671143,2.781168222427368,2.779735803604126,2.778120994567871,2.7763164043426514,2.774380922317505,2.7723262310028076,2.7701942920684814,2.768007278442383,2.765742063522339,2.7633979320526123,2.7609825134277344,2.758509874343872,2.756000518798828,2.7534351348876953,2.7508487701416016,2.7482383251190186,2.745630979537964,2.743027448654175,2.740417242050171,2.7378132343292236,2.7352170944213867,2.7326419353485107,2.7301063537597656,2.7276229858398438,2.7251484394073486,2.722641706466675,2.720095634460449,8.359999656677246
52,3.2214787006378174,3.2177155017852783,3.213947057723999,3.2102108001708984,3.206465721130371,3.2027595043182373,3.199103593826294,3.195467710494995,3.1918697357177734,3.1883370876312256,3.1848886013031006,3.181544065475464,3.178295850753784,3.175149917602539,3.1721155643463135,3.169196844100952,3.1664531230926514,3.1638906002044678,3.1615145206451416,3.159278631210327,3.1572139263153076,3.155349016189575,3.153613328933716,3.151966094970703,3.150381088256836,3.148876190185547,3.147454023361206,3.146023988723755,3.144577980041504,3.1430270671844482,3.141275644302368,3.139261245727539,3.1369590759277344,3.1343886852264404,3.1315524578094482,3.1284453868865967,3.1251285076141357,3.121666669845581,3.1180989742279053,3.1144869327545166,3.1108570098876953,3.1071717739105225,3.1034882068634033,3.099959135055542,3.0967605113983154,3.0939862728118896,3.0915603637695312,3.089461088180542,3.0877578258514404,3.0865814685821533,3.0860416889190674,3.0861568450927734,3.0869343280792236,3.0883405208587646,3.090294122695923,3.0927250385284424,3.0955450534820557,3.0987932682037354,3.1024539470672607,3.106482744216919,3.110828399658203,3.11527419090271,3.1196653842926025,3.123774766921997,3.1274795532226562,3.1306416988372803,3.1331615447998047,3.134981155395508,3.1361045837402344,3.136591911315918,3.1364924907684326,3.135873794555664,3.134828805923462,3.133408308029175,3.131662368774414,3.129613161087036,3.127304792404175,3.1247494220733643,3.121957540512085,3.119008779525757,3.1159374713897705,3.11272931098938,3.1093626022338867,3.1059277057647705,3.1024169921875,3.0988712310791016,3.09523606300354,3.0915400981903076,3.0878093242645264,3.0840930938720703,3.0804126262664795,3.0766961574554443,3.0729916095733643,3.0693187713623047,3.0657081604003906,3.0621650218963623,3.0587246417999268,3.0553369522094727,3.051987409591675,3.0486249923706055,8.369999885559082
53,3.2000844478607178,3.196474075317383,3.1928184032440186,3.1891543865203857,3.185511827468872,3.1819145679473877,3.1783924102783203,3.1748883724212646,3.1714117527008057,3.167966604232788,3.1645796298980713,3.1612682342529297,3.1580350399017334,3.154914140701294,3.151935577392578,3.1490561962127686,3.146280527114868,3.143638849258423,3.1411726474761963,3.138874053955078,3.136712074279785,3.134692430496216,3.1328232288360596,3.131058692932129,3.129378080368042,3.1277663707733154,3.1262423992156982,3.1247501373291016,3.1232173442840576,3.12158465385437,3.119774580001831,3.1177330017089844,3.11541485786438,3.112820625305176,3.1099722385406494,3.1068763732910156,3.1035749912261963,3.1001198291778564,3.096545934677124,3.0929088592529297,3.0892372131347656,3.0855300426483154,3.081851005554199,3.078265428543091,3.074920654296875,3.071941375732422,3.069319009780884,3.0670082569122314,3.0650718212127686,3.063591718673706,3.0626890659332275,3.0623674392700195,3.062678098678589,3.063582420349121,3.065006971359253,3.066884756088257,3.069215774536133,3.0719687938690186,3.075150728225708,3.07867693901062,3.0825016498565674,3.086484670639038,3.0904271602630615,3.0941669940948486,3.097513437271118,3.100367307662964,3.1025784015655518,3.104109525680542,3.104970932006836,3.1052134037017822,3.1049163341522217,3.1041171550750732,3.102900505065918,3.101304292678833,3.0993716716766357,3.0971641540527344,3.0946950912475586,3.092015266418457,3.089120864868164,3.0860378742218018,3.0828235149383545,3.079462766647339,3.0759925842285156,3.072469711303711,3.0688483715057373,3.0651566982269287,3.061372756958008,3.0575454235076904,3.053699493408203,3.0498149394989014,3.0459725856781006,3.042120933532715,3.0382797718048096,3.0344512462615967,3.0306785106658936,3.026982545852661,3.0233328342437744,3.01973032951355,3.0162103176116943,3.0127084255218506,8.369999885559082
54,3.2714874744415283,3.268054962158203,3.264575242996216,3.2610766887664795,3.2575323581695557,3.253994941711426,3.250443696975708,3.24692440032959,3.2434568405151367,3.240020990371704,3.2366180419921875,3.2332265377044678,3.2298638820648193,3.2265827655792236,3.2234227657318115,3.2203874588012695,3.217473268508911,3.2146804332733154,3.212029218673706,3.209467649459839,3.207031488418579,3.2047131061553955,3.2025301456451416,3.2004573345184326,3.198472738265991,3.1965668201446533,3.194718599319458,3.1928722858428955,3.1910011768341064,3.189067840576172,3.186978340148926,3.1846725940704346,3.182157516479492,3.179425001144409,3.1764748096466064,3.173271894454956,3.1698379516601562,3.166299819946289,3.162693738937378,3.159069299697876,3.155416250228882,3.151718854904175,3.1480319499969482,3.144441604614258,3.1410865783691406,3.1380510330200195,3.1353063583374023,3.1328563690185547,3.1307859420776367,3.1291401386260986,3.1280126571655273,3.1273834705352783,3.127307891845703,3.1278016567230225,3.1287434101104736,3.1300981044769287,3.1318018436431885,3.133864641189575,3.136248826980591,3.138873338699341,3.141700506210327,3.144651174545288,3.1475837230682373,3.150357484817505,3.1528408527374268,3.154940366744995,3.1564877033233643,3.157424211502075,3.1577978134155273,3.1576614379882812,3.1570987701416016,3.156106948852539,3.154738664627075,3.153057813644409,3.1510963439941406,3.148944139480591,3.146538496017456,3.143932342529297,3.1412065029144287,3.138335943222046,3.1353561878204346,3.132277727127075,3.1291110515594482,3.1258621215820312,3.122485876083374,3.119086980819702,3.115649461746216,3.1121504306793213,3.1086530685424805,3.1051127910614014,3.1015937328338623,3.098054885864258,3.0944807529449463,3.0909411907196045,3.087444543838501,3.084059476852417,3.0807201862335205,3.0773818492889404,3.074026346206665,3.0706777572631836,8.380000114440918
55,3.346234083175659,3.3424689769744873,3.3386497497558594,3.3348350524902344,3.3309972286224365,3.327127695083618,3.3232457637786865,3.3193886280059814,3.3156044483184814,3.3119277954101562,3.3082847595214844,3.3046722412109375,3.3011014461517334,3.297659158706665,3.2943458557128906,3.291121482849121,3.2880170345306396,3.2850465774536133,3.2822563648223877,3.279616117477417,3.2771389484405518,3.2747974395751953,3.2725493907928467,3.2704155445098877,3.268397331237793,3.266493797302246,3.2646429538726807,3.2627651691436768,3.2608535289764404,3.258883237838745,3.256744146347046,3.2543957233428955,3.251763343811035,3.248884439468384,3.245713233947754,3.242267370223999,3.238631248474121,3.2348365783691406,3.230895757675171,3.226884126663208,3.2228667736053467,3.218899726867676,3.2149569988250732,3.211071729660034,3.207365036010742,3.2040131092071533,3.20102858543396,3.1984174251556396,3.1961634159088135,3.194404363632202,3.193211555480957,3.1926329135894775,3.192662477493286,3.1932594776153564,3.194371461868286,3.195918321609497,3.1978390216827393,3.200136184692383,3.2027814388275146,3.2057301998138428,3.2088661193847656,3.2121143341064453,3.215350389480591,3.218419075012207,3.2211389541625977,3.2233545780181885,3.2250068187713623,3.2260475158691406,3.2264578342437744,3.2262589931488037,3.2255496978759766,3.2243597507476807,3.2227869033813477,3.22091007232666,3.218743324279785,3.2163026332855225,3.2136118412017822,3.210702896118164,3.207599401473999,3.204348564147949,3.2009880542755127,3.1975133419036865,3.193913221359253,3.190209150314331,3.1864073276519775,3.1825180053710938,3.1785831451416016,3.1745967864990234,3.1706063747406006,3.1665866374969482,3.1625595092773438,3.1585166454315186,3.1544864177703857,3.1505184173583984,3.1465260982513428,3.1425745487213135,3.138690233230591,3.134889841079712,3.1311023235321045,3.1273000240325928,8.390000343322754
56,3.4082019329071045,3.4044008255004883,3.4006564617156982,3.396969795227051,3.3932554721832275,3.3895466327667236,3.385845899581909,3.3822343349456787,3.378659963607788,3.3751516342163086,3.3717193603515625,3.3683674335479736,3.365115165710449,3.3620102405548096,3.35905385017395,3.356233596801758,3.353562355041504,3.351099729537964,3.348789930343628,3.3466007709503174,3.3445498943328857,3.3426907062530518,3.341028928756714,3.339520215988159,3.3380744457244873,3.336721420288086,3.33542537689209,3.3341152667999268,3.332749128341675,3.3312313556671143,3.329500913619995,3.327530860900879,3.325282335281372,3.322716474533081,3.3198413848876953,3.316636323928833,3.313216209411621,3.3096625804901123,3.3059921264648438,3.302236557006836,3.2984230518341064,3.2945823669433594,3.2907650470733643,3.2870399951934814,3.2835938930511475,3.2806272506713867,3.2780942916870117,3.275949478149414,3.2742111682891846,3.2730491161346436,3.272541046142578,3.2727086544036865,3.273571252822876,3.2751195430755615,3.2772414684295654,3.2798898220062256,3.2829933166503906,3.286565065383911,3.2905147075653076,3.2947919368743896,3.2992870807647705,3.303947687149048,3.308525800704956,3.312852621078491,3.3167178630828857,3.31999135017395,3.3225748538970947,3.3243744373321533,3.325389862060547,3.3257410526275635,3.3254997730255127,3.324707269668579,3.3235015869140625,3.3218765258789062,3.3198835849761963,3.317586898803711,3.315004348754883,3.3121979236602783,3.3092005252838135,3.306037187576294,3.302743911743164,3.299257278442383,3.2956321239471436,3.291863441467285,3.288015127182007,3.2841320037841797,3.2801895141601562,3.2762203216552734,3.272216796875,3.2682178020477295,3.264185667037964,3.2601258754730225,3.256087303161621,3.2520790100097656,3.2481632232666016,3.2443039417266846,3.2405312061309814,3.236764907836914,3.2329814434051514,3.22920823097229,8.399999618530273
57,2.993483781814575,2.990624189376831,2.9877822399139404,2.9849557876586914,2.9820919036865234,2.979175329208374,2.9762485027313232,2.9733808040618896,2.9705817699432373,2.9678518772125244,2.9651849269866943,2.962569236755371,2.9599854946136475,2.957409143447876,2.9549076557159424,2.952529191970825,2.950298309326172,2.948216199874878,2.9462947845458984,2.944470167160034,2.9427073001861572,2.9409873485565186,2.939361572265625,2.9378538131713867,2.936469793319702,2.9351656436920166,2.933948516845703,2.932722806930542,2.9314024448394775,2.9299442768096924,2.9283459186553955,2.926595687866211,2.924666166305542,2.9225950241088867,2.9203603267669678,2.917940855026245,2.9153196811676025,2.912503480911255,2.9096033573150635,2.906686544418335,2.903770685195923,2.900869369506836,2.897970199584961,2.895123243331909,2.892446279525757,2.8900492191314697,2.8879473209381104,2.886079788208008,2.8844950199127197,2.883331060409546,2.8826615810394287,2.882441520690918,2.882632255554199,2.8832590579986572,2.884305000305176,2.8857452869415283,2.887563705444336,2.889784097671509,2.8923604488372803,2.895214319229126,2.898237466812134,2.9013497829437256,2.9044644832611084,2.9074747562408447,2.91023325920105,2.9126155376434326,2.914508819580078,2.9158413410186768,2.916557550430298,2.9167394638061523,2.9164583683013916,2.9158318042755127,2.9149436950683594,2.9138095378875732,2.9124462604522705,2.9108054637908936,2.9088973999023438,2.906764268875122,2.904470682144165,2.902080774307251,2.899643659591675,2.8971574306488037,2.894606828689575,2.891918420791626,2.889087677001953,2.8861618041992188,2.8832004070281982,2.880276918411255,2.8774001598358154,2.8745524883270264,2.871694326400757,2.868779182434082,2.8658249378204346,2.862879514694214,2.85998272895813,2.8572094440460205,2.854578971862793,2.8519890308380127,2.8493812084198,2.846691846847534,8.40999984741211
58,3.1813442707061768,3.178145170211792,3.1748902797698975,3.1715898513793945,3.168318510055542,3.165060043334961,3.1618001461029053,3.158538579940796,3.1552765369415283,3.1520369052886963,3.1488234996795654,3.145646333694458,3.1425106525421143,3.139448881149292,3.1364834308624268,3.133631467819214,3.1308631896972656,3.1281802654266357,3.1256020069122314,3.1231584548950195,3.1208412647247314,3.1186110973358154,3.116438150405884,3.114380121231079,3.112426519393921,3.1105213165283203,3.108654737472534,3.1067874431610107,3.104921579360962,3.1029841899871826,3.1008946895599365,3.098637580871582,3.0961906909942627,3.0935308933258057,3.090679883956909,3.0876712799072266,3.084528923034668,3.081263303756714,3.077911615371704,3.07450270652771,3.071078300476074,3.067605972290039,3.0641586780548096,3.0608317852020264,3.0577099323272705,3.054866075515747,3.0522851943969727,3.0499789714813232,3.0479838848114014,3.0463685989379883,3.045201539993286,3.044509172439575,3.0442588329315186,3.044468641281128,3.0451297760009766,3.0462024211883545,3.0476462841033936,3.049424171447754,3.051518678665161,3.0538952350616455,3.0564963817596436,3.0592381954193115,3.0619819164276123,3.0646095275878906,3.066941976547241,3.06886887550354,3.070302963256836,3.0711987018585205,3.071580648422241,3.0714704990386963,3.070966958999634,3.070091485977173,3.068868398666382,3.0673201084136963,3.0655250549316406,3.0635478496551514,3.0613574981689453,3.0589916706085205,3.0564701557159424,3.053805112838745,3.0510547161102295,3.0482184886932373,3.045297622680664,3.0422747135162354,3.039179563522339,3.036069631576538,3.032942533493042,3.029770612716675,3.02657413482666,3.0233421325683594,3.0201046466827393,3.0168933868408203,3.0137436389923096,3.0106279850006104,3.0075111389160156,3.0044443607330322,3.001441717147827,2.9984939098358154,2.9955599308013916,2.9926252365112305,8.40999984741211
59,3.200817108154297,3.1972599029541016,3.1936709880828857,3.1900622844696045,3.1864731311798096,3.1828930377960205,3.179347038269043,3.1758387088775635,3.1723766326904297,3.1689231395721436,3.1655242443084717,3.1621906757354736,3.1589486598968506,3.155817747116089,3.152780294418335,3.149860382080078,3.1470463275909424,3.1443746089935303,3.141860246658325,3.139467477798462,3.13724422454834,3.1351425647735596,3.1331663131713867,3.131291151046753,3.129490613937378,3.1277577877044678,3.1261050701141357,3.1244618892669678,3.122800588607788,3.1210336685180664,3.1190764904022217,3.1169207096099854,3.114529848098755,3.111881971359253,3.108975648880005,3.105792999267578,3.1024348735809326,3.0989201068878174,3.095296859741211,3.0916430950164795,3.0879757404327393,3.0843069553375244,3.0806236267089844,3.0770418643951416,3.0737054347991943,3.0707216262817383,3.0680830478668213,3.065763235092163,3.063781976699829,3.0622689723968506,3.0613086223602295,3.060936689376831,3.0611579418182373,3.0619335174560547,3.063196897506714,3.06488299369812,3.0669467449188232,3.0693914890289307,3.0721819400787354,3.0752716064453125,3.0786030292510986,3.0820236206054688,3.0854079723358154,3.088618040084839,3.0914714336395264,3.093838691711426,3.095649003982544,3.096872329711914,3.09749698638916,3.0975141525268555,3.097036361694336,3.0961153507232666,3.0947864055633545,3.093101739883423,3.0911171436309814,3.0888826847076416,3.086419105529785,3.0837862491607666,3.0809872150421143,3.07800555229187,3.0748729705810547,3.0716488361358643,3.068338394165039,3.064878463745117,3.0613396167755127,3.0577399730682373,3.0541114807128906,3.0504512786865234,3.0467045307159424,3.0429489612579346,3.039184331893921,3.0354363918304443,3.0316832065582275,3.027933359146118,3.024256706237793,3.0206308364868164,3.0170466899871826,3.0134658813476562,3.0099446773529053,3.0064525604248047,8.430000305175781
60,3.1699578762054443,3.1663200855255127,3.162649393081665,3.1589794158935547,3.15529727935791,3.1515960693359375,3.147883415222168,3.144214391708374,3.14054799079895,3.136920690536499,3.13334584236145,3.1298446655273438,3.126427412033081,3.123051881790161,3.1197328567504883,3.1165075302124023,3.11340594291687,3.1104631423950195,3.107668876647949,3.104995012283325,3.1024246215820312,3.099964141845703,3.097623586654663,3.0953426361083984,3.093149185180664,3.091005325317383,3.088937759399414,3.086956739425659,3.0849151611328125,3.082768440246582,3.080446243286133,3.0779378414154053,3.075263261795044,3.072368621826172,3.069275140762329,3.0659658908843994,3.0624992847442627,3.0589168071746826,3.055277109146118,3.0516269207000732,3.047959089279175,3.0442774295806885,3.0405991077423096,3.037029504776001,3.033663749694824,3.030607223510742,3.027880907058716,3.0254266262054443,3.0232906341552734,3.0215389728546143,3.0202741622924805,3.0195605754852295,3.019366979598999,3.0196533203125,3.0203697681427,3.0214359760284424,3.022871971130371,3.0246517658233643,3.0267324447631836,3.029101610183716,3.031672239303589,3.034355878829956,3.0369999408721924,3.0394790172576904,3.0416839122772217,3.0434653759002686,3.0447113513946533,3.0454399585723877,3.0456578731536865,3.045386552810669,3.044658660888672,3.0435428619384766,3.0420963764190674,3.040346145629883,3.038318395614624,3.0361039638519287,3.0336735248565674,3.031057119369507,3.0282952785491943,3.025376558303833,3.0223495960235596,3.019214630126953,3.0160207748413086,3.0127570629119873,3.009411573410034,3.006007194519043,3.002535104751587,2.9990031719207764,2.995455503463745,2.9919254779815674,2.988410234451294,2.984879493713379,2.9813435077667236,2.977872133255005,2.974440813064575,2.971054792404175,2.9677059650421143,2.964405059814453,2.961116075515747,2.9578161239624023,8.430000305175781
61,3.1669437885284424,3.1638543605804443,3.1607208251953125,3.157567262649536,3.154391050338745,3.151233434677124,3.1480696201324463,3.1449520587921143,3.141839027404785,3.138725996017456,3.1356704235076904,3.13265323638916,3.1297075748443604,3.1268527507781982,3.1240718364715576,3.1214115619659424,3.118889570236206,3.116466760635376,3.114182233810425,3.111981153488159,3.1099135875701904,3.1079912185668945,3.106189012527466,3.1044702529907227,3.1028261184692383,3.1012141704559326,3.099673271179199,3.098134994506836,3.096588134765625,3.094928026199341,3.0931179523468018,3.091127634048462,3.0888993740081787,3.086407423019409,3.0836713314056396,3.0807266235351562,3.0775978565216064,3.0743305683135986,3.070990800857544,3.067631721496582,3.0642693042755127,3.06086802482605,3.0574610233306885,3.054138422012329,3.0510404109954834,3.0483124256134033,3.0459144115448,3.0437824726104736,3.0419647693634033,3.0405824184417725,3.0397415161132812,3.0394489765167236,3.0396888256073,3.0404398441314697,3.0416529178619385,3.0432586669921875,3.0452232360839844,3.0475051403045654,3.0500824451446533,3.052938222885132,3.05603289604187,3.0592634677886963,3.062483787536621,3.0655317306518555,3.0682475566864014,3.070483446121216,3.072161912918091,3.073260545730591,3.07379150390625,3.073810577392578,3.073376417160034,3.072514772415161,3.0713140964508057,3.0697710514068604,3.0679473876953125,3.0658371448516846,3.0635364055633545,3.061067581176758,3.058453321456909,3.0556933879852295,3.052814483642578,3.0498287677764893,3.0467050075531006,3.043489694595337,3.040215253829956,3.036912202835083,3.033545732498169,3.030134916305542,3.026695966720581,3.0232315063476562,3.019728899002075,3.0162150859832764,3.0127458572387695,3.009333848953247,3.005955934524536,3.0026416778564453,2.9993698596954346,2.9961092472076416,2.992828369140625,2.9895665645599365,8.4399995803833
62,3.347599744796753,3.3436648845672607,3.339705467224121,3.335739850997925,3.3317768573760986,3.3278656005859375,3.3240108489990234,3.3202524185180664,3.3165152072906494,3.3128182888031006,3.3092072010040283,3.305638074874878,3.3022077083587646,3.298882484436035,3.2956979274749756,3.2926578521728516,3.289752960205078,3.287046194076538,3.2845277786254883,3.282193422317505,3.2799999713897705,3.2779464721679688,3.2760403156280518,3.274263381958008,3.272601842880249,3.271031141281128,3.26951003074646,3.267977476119995,3.266388177871704,3.264697313308716,3.2628276348114014,3.2607040405273438,3.2582995891571045,3.2555620670318604,3.252516984939575,3.2491703033447266,3.245590925216675,3.2418911457061768,3.2381017208099365,3.2342147827148438,3.2303097248077393,3.2263927459716797,3.2225329875946045,3.2188069820404053,3.215330123901367,3.212252378463745,3.2095701694488525,3.2072598934173584,3.2053897380828857,3.2040491104125977,3.20337176322937,3.2033417224884033,3.2039682865142822,3.20525860786438,3.2071402072906494,3.209521532058716,3.2123594284057617,3.2156639099121094,3.2193892002105713,3.223454475402832,3.2277824878692627,3.23223876953125,3.2366325855255127,3.2407515048980713,3.2444355487823486,3.2475616931915283,3.249948501586914,3.2515475749969482,3.252410650253296,3.252638816833496,3.252323865890503,3.251474142074585,3.2502076625823975,3.2485272884368896,3.246471643447876,3.244117021560669,3.2415122985839844,3.2386884689331055,3.2356579303741455,3.2324306964874268,3.2290990352630615,3.2256269454956055,3.222041368484497,3.218313217163086,3.214484930038452,3.2106215953826904,3.2066915035247803,3.2027599811553955,3.1987836360931396,3.1947829723358154,3.1907503604888916,3.1867456436157227,3.1827900409698486,3.178851366043091,3.1749649047851562,3.1711585521698,3.1674156188964844,3.1636970043182373,3.1600372791290283,3.1563713550567627,8.4399995803833
63,3.286228895187378,3.2826578617095947,3.2790591716766357,3.2754695415496826,3.2718703746795654,3.2682669162750244,3.264683485031128,3.2611820697784424,3.2577531337738037,3.254348039627075,3.250976800918579,3.2476284503936768,3.2443950176239014,3.241297960281372,3.2383148670196533,3.2354679107666016,3.2327566146850586,3.230203866958618,3.2278010845184326,3.2255144119262695,3.2233505249023438,3.221328020095825,3.219470739364624,3.2177484035491943,3.2161166667938232,3.2145347595214844,3.2130095958709717,3.2114927768707275,3.209911584854126,3.2082157135009766,3.2063796520233154,3.2043511867523193,3.202072858810425,3.1994869709014893,3.1966660022735596,3.193632125854492,3.190373182296753,3.186990976333618,3.1835060119628906,3.1799919605255127,3.176468849182129,3.1728734970092773,3.1692333221435547,3.1657354831695557,3.16251277923584,3.159693956375122,3.157243490219116,3.155080795288086,3.153291702270508,3.1520192623138428,3.151308059692383,3.1512176990509033,3.151738405227661,3.152836799621582,3.1544620990753174,3.1565306186676025,3.1589784622192383,3.1618683338165283,3.165128469467163,3.1687238216400146,3.1725313663482666,3.1764514446258545,3.1803524494171143,3.1840412616729736,3.187347412109375,3.19012188911438,3.1922800540924072,3.1937625408172607,3.194591522216797,3.194836378097534,3.1945645809173584,3.1938180923461914,3.1926462650299072,3.191100835800171,3.189255714416504,3.1871204376220703,3.184732675552368,3.182147264480591,3.1793720722198486,3.1764142513275146,3.1733100414276123,3.1701040267944336,3.166790723800659,3.1633548736572266,3.1598386764526367,3.1562774181365967,3.152688980102539,3.14906907081604,3.145399808883667,3.1416893005371094,3.137948989868164,3.134258985519409,3.1306076049804688,3.1269962787628174,3.1234493255615234,3.1199371814727783,3.1164844036102295,3.1130332946777344,3.1095688343048096,3.106109380722046,8.444000244140625
64,3.031878709793091,3.0290558338165283,3.026235818862915,3.0234081745147705,3.020573854446411,3.017683744430542,3.014810562133789,3.011946439743042,3.0091209411621094,3.0063276290893555,3.003575563430786,3.000889539718628,2.998220682144165,2.995579957962036,2.993011474609375,2.9905130863189697,2.9881317615509033,2.98583984375,2.983670473098755,2.981618642807007,2.9796597957611084,2.9777603149414062,2.9759416580200195,2.9742069244384766,2.972564697265625,2.971003293991089,2.969482660293579,2.9679787158966064,2.966419219970703,2.964771270751953,2.963001251220703,2.961088180541992,2.9590091705322266,2.9567625522613525,2.954326868057251,2.9517176151275635,2.9489333629608154,2.9460067749023438,2.9430134296417236,2.9400205612182617,2.937019109725952,2.93402361869812,2.931051254272461,2.928128480911255,2.9253437519073486,2.9227960109710693,2.9205353260040283,2.9185354709625244,2.9167916774749756,2.9153919219970703,2.914433717727661,2.913911819458008,2.9138259887695312,2.9141509532928467,2.9148731231689453,2.9159858226776123,2.9174458980560303,2.9192276000976562,2.9213192462921143,2.9236819744110107,2.926299810409546,2.929025888442993,2.9317376613616943,2.934316635131836,2.936655282974243,2.938647508621216,2.9401676654815674,2.941152572631836,2.9416277408599854,2.941593885421753,2.941178321838379,2.9403903484344482,2.939276695251465,2.9378833770751953,2.936227798461914,2.9343459606170654,2.9322493076324463,2.92997670173645,2.9275434017181396,2.9250030517578125,2.9223668575286865,2.9196510314941406,2.9168450832366943,2.9139461517333984,2.9109554290771484,2.907886505126953,2.904768705368042,2.901630401611328,2.898498773574829,2.895376205444336,2.8922481536865234,2.889080762863159,2.885930299758911,2.8828113079071045,2.8797359466552734,2.876694917678833,2.873708724975586,2.870774507522583,2.8678486347198486,2.864912986755371,8.470000267028809
65,3.414839029312134,3.4108123779296875,3.4068024158477783,3.402813673019409,3.3987503051757812,3.394671678543091,3.3906333446502686,3.386662721633911,3.382685422897339,3.3787622451782227,3.374911069869995,3.3711483478546143,3.367499589920044,3.3639707565307617,3.360539436340332,3.3572216033935547,3.3540546894073486,3.3510701656341553,3.3482701778411865,3.3456432819366455,3.3431310653686523,3.340786933898926,3.33857798576355,3.336477041244507,3.3344919681549072,3.3325765132904053,3.330718994140625,3.328888177871704,3.3270089626312256,3.3250234127044678,3.322802782058716,3.320375680923462,3.317723035812378,3.3148107528686523,3.311615228652954,3.308133840560913,3.3044979572296143,3.300706148147583,3.296780824661255,3.2928078174591064,3.288794755935669,3.2848005294799805,3.2808191776275635,3.2769696712493896,3.273435354232788,3.2702372074127197,3.267418622970581,3.2649266719818115,3.262840986251831,3.2613141536712646,3.2603700160980225,3.260068893432617,3.2603673934936523,3.2612597942352295,3.262676477432251,3.2645509243011475,3.2668449878692627,3.269519090652466,3.2725541591644287,3.275911331176758,3.279508352279663,3.2831637859344482,3.2867698669433594,3.2901554107666016,3.293161630630493,3.2956459522247314,3.2975480556488037,3.298776865005493,3.2993414402008057,3.2993342876434326,3.2987945079803467,3.297820806503296,3.2964627742767334,3.29475474357605,3.2927258014678955,3.290400505065918,3.2878620624542236,3.28513240814209,3.282212972640991,3.279142379760742,3.2759344577789307,3.2726004123687744,3.2691290378570557,3.2655696868896484,3.2619476318359375,3.2582733631134033,3.2545814514160156,3.250838041305542,3.2470595836639404,3.243232488632202,3.2394301891326904,3.2356624603271484,3.2318837642669678,3.2281291484832764,3.2244319915771484,3.2207977771759033,3.217205762863159,3.213655471801758,3.210123062133789,3.2066028118133545,8.479999542236328
66,3.2536518573760986,3.250483751296997,3.247332811355591,3.244192123413086,3.240973711013794,3.2377262115478516,3.2344539165496826,3.2312276363372803,3.228008985519409,3.224803924560547,3.221660614013672,3.2185676097869873,3.215514898300171,3.212510108947754,3.209583282470703,3.2067558765411377,3.2040293216705322,3.2013885974884033,3.1989128589630127,3.1965789794921875,3.194350481033325,3.1921987533569336,3.1901323795318604,3.1881654262542725,3.1862823963165283,3.1844518184661865,3.182687759399414,3.180943727493286,3.179161787033081,3.1772773265838623,3.1752119064331055,3.17299747467041,3.17059063911438,3.1679584980010986,3.1651217937469482,3.1620681285858154,3.15885853767395,3.1555449962615967,3.152143716812134,3.1486656665802,3.1451427936553955,3.141603469848633,3.1381242275238037,3.134754180908203,3.1315975189208984,3.1287639141082764,3.126227617263794,3.12395977973938,3.1219959259033203,3.1204490661621094,3.1194264888763428,3.1189000606536865,3.1188528537750244,3.1192808151245117,3.120121955871582,3.121350049972534,3.1229188442230225,3.1248257160186768,3.127049446105957,3.129523515701294,3.1321821212768555,3.1349239349365234,3.137605905532837,3.140099287033081,3.142293691635132,3.144111394882202,3.145447015762329,3.1462409496307373,3.146514892578125,3.1463205814361572,3.1456496715545654,3.1445629596710205,3.143179178237915,3.1415700912475586,3.139695167541504,3.137605905532837,3.135281801223755,3.132786750793457,3.1301300525665283,3.1273138523101807,3.124403953552246,3.1213998794555664,3.1183366775512695,3.1151866912841797,3.1119468212127686,3.108670473098755,3.1053667068481445,3.101994514465332,3.098600149154663,3.09521746635437,3.091853141784668,3.0884666442871094,3.085063934326172,3.081702947616577,3.0783627033233643,3.075047731399536,3.071807861328125,3.068603515625,3.0654220581054688,3.0622456073760986,8.5
67,2.9521236419677734,2.949409246444702,2.946660041809082,2.943883180618286,2.941127061843872,2.9383838176727295,2.935649871826172,2.9329471588134766,2.9302761554718018,2.9276123046875,2.92498517036438,2.922374963760376,2.9198315143585205,2.9173593521118164,2.9149844646453857,2.912696123123169,2.9105327129364014,2.9084274768829346,2.906431198120117,2.90456485748291,2.902801752090454,2.9011452198028564,2.899566888809204,2.8980553150177,2.896611213684082,2.8952014446258545,2.893817901611328,2.8924643993377686,2.891094207763672,2.889646530151367,2.888097047805786,2.88639760017395,2.8845155239105225,2.8824379444122314,2.8801848888397217,2.877788782119751,2.8752834796905518,2.872704267501831,2.870091199874878,2.8674697875976562,2.864774703979492,2.861985445022583,2.8591794967651367,2.856480360031128,2.854043960571289,2.851914644241333,2.8500194549560547,2.8483221530914307,2.8468592166900635,2.8457374572753906,2.8450520038604736,2.8448097705841064,2.844980478286743,2.8455612659454346,2.8465425968170166,2.847872018814087,2.8495070934295654,2.851428270339966,2.85363507270813,2.8561084270477295,2.858776092529297,2.8615615367889404,2.8643300533294678,2.8669795989990234,2.8693485260009766,2.871321678161621,2.8728644847869873,2.873936414718628,2.8745336532592773,2.87471866607666,2.874518632888794,2.8739871978759766,2.873135805130005,2.8719828128814697,2.870612859725952,2.869051218032837,2.8673155307769775,2.8654403686523438,2.863429307937622,2.861302614212036,2.859051465988159,2.8567192554473877,2.854318857192993,2.851837396621704,2.8492934703826904,2.846729278564453,2.844134569168091,2.841480255126953,2.8388166427612305,2.8361518383026123,2.833493232727051,2.8308420181274414,2.8282077312469482,2.825601577758789,2.8230297565460205,2.8204898834228516,2.8179893493652344,2.8155086040496826,2.8130369186401367,2.8105738162994385,8.510000228881836
68,3.1140644550323486,3.110305070877075,3.106541633605957,3.1027870178222656,3.099047899246216,3.095341682434082,3.0916836261749268,3.0880515575408936,3.084498643875122,3.0810248851776123,3.077594041824341,3.0742194652557373,3.070953607559204,3.0677921772003174,3.0647659301757812,3.0618584156036377,3.0590908527374268,3.056485891342163,3.054029703140259,3.051701307296753,3.0495412349700928,3.047537088394165,3.0457217693328857,3.0440118312835693,3.042386770248413,3.040804862976074,3.039264678955078,3.0377371311187744,3.0361928939819336,3.034547805786133,3.032770872116089,3.0307912826538086,3.028568983078003,3.026063919067383,3.0232651233673096,3.0202295780181885,3.016998052597046,3.013625383377075,3.0101687908172607,3.0067222118377686,3.003290891647339,2.999866485595703,2.99638295173645,2.9929187297821045,2.9896886348724365,2.98687481880188,2.984450101852417,2.982349157333374,2.9805679321289062,2.9792635440826416,2.9785096645355225,2.9783008098602295,2.978656768798828,2.9795780181884766,2.981048583984375,2.9829728603363037,2.985299825668335,2.9880192279815674,2.9910500049591064,2.9943606853485107,2.997875928878784,3.001516342163086,3.00516414642334,3.0086708068847656,3.0118439197540283,3.014507532119751,3.016571283340454,3.0179874897003174,3.0187721252441406,3.018967866897583,3.0186519622802734,3.0179269313812256,3.0168297290802,3.015376091003418,3.0135791301727295,3.0114781856536865,3.009147882461548,3.0066263675689697,3.003946304321289,3.0011227130889893,2.998199462890625,2.9951393604278564,2.9919703006744385,2.988675355911255,2.9852733612060547,2.9818003177642822,2.978271245956421,2.9747438430786133,2.971200942993164,2.967649221420288,2.964038848876953,2.960418701171875,2.9568004608154297,2.953237533569336,2.9497411251068115,2.946303606033325,2.942957639694214,2.9396371841430664,2.936314582824707,2.932953119277954,8.539999961853027
69,3.1478846073150635,3.1445472240448,3.1411898136138916,3.137836456298828,3.1345021724700928,3.1311676502227783,3.12784481048584,3.1245298385620117,3.121244192123413,3.1179940700531006,3.1147987842559814,3.111649751663208,3.108560800552368,3.1055800914764404,3.1026933193206787,3.0999062061309814,3.0972378253936768,3.094686508178711,3.0922839641571045,3.0899975299835205,3.0878238677978516,3.0857760906219482,3.083834409713745,3.0819714069366455,3.0801620483398438,3.0784196853637695,3.076726198196411,3.0750725269317627,3.073366165161133,3.071563720703125,3.0695784091949463,3.0674006938934326,3.0650360584259033,3.0624797344207764,3.0597496032714844,3.056818723678589,3.053715944290161,3.0505778789520264,3.047374963760376,3.0441439151763916,3.040848970413208,3.037470579147339,3.034102439880371,3.0308830738067627,3.0279428958892822,3.0253474712371826,3.023036003112793,3.0209639072418213,3.0192248821258545,3.0178983211517334,3.017062187194824,3.0167272090911865,3.0168917179107666,3.0175323486328125,3.0185978412628174,3.020071029663086,3.021925210952759,3.0241081714630127,3.0265910625457764,3.0293428897857666,3.0323219299316406,3.0354106426239014,3.0384414196014404,3.041290521621704,3.043809175491333,3.0459063053131104,3.047506093978882,3.0485599040985107,3.0490903854370117,3.049140691757202,3.0487520694732666,3.047971487045288,3.0468552112579346,3.045452117919922,3.043826103210449,3.0419464111328125,3.0398824214935303,3.0376250743865967,3.0352447032928467,3.0327367782592773,3.030123710632324,3.0274102687835693,3.024583101272583,3.021692991256714,3.0187504291534424,3.015793561935425,3.01282000541687,3.00980544090271,3.0067834854125977,3.003746747970581,3.0007028579711914,2.997662305831909,2.994654417037964,2.9916999340057373,2.988802671432495,2.985945701599121,2.9831221103668213,2.980341672897339,2.9775631427764893,2.974774122238159,8.539999961853027
70,2.8517587184906006,2.849376678466797,2.8469905853271484,2.844588041305542,2.8421783447265625,2.83978533744812,2.837390899658203,2.835028886795044,2.8326971530914307,2.830397844314575,2.8281428813934326,2.825924873352051,2.8237502574920654,2.8216466903686523,2.8196074962615967,2.8176724910736084,2.815836191177368,2.8140738010406494,2.812411069869995,2.8108444213867188,2.809394598007202,2.808037757873535,2.8067429065704346,2.805514335632324,2.804342031478882,2.803215265274048,2.8021202087402344,2.8010213375091553,2.7999050617218018,2.7986927032470703,2.7973287105560303,2.7958104610443115,2.794154405593872,2.7923309803009033,2.790350914001465,2.788226366043091,2.7859888076782227,2.7836742401123047,2.781325340270996,2.7789719104766846,2.7765960693359375,2.7741620540618896,2.771699905395508,2.769308090209961,2.7671432495117188,2.765270471572876,2.7636520862579346,2.7622241973876953,2.760993242263794,2.7601029872894287,2.759626626968384,2.759540319442749,2.7598516941070557,2.7605202198028564,2.7615480422973633,2.7629003524780273,2.7645294666290283,2.7664594650268555,2.7686643600463867,2.7711164951324463,2.773765802383423,2.776482343673706,2.7791659832000732,2.7816991806030273,2.783970594406128,2.7858848571777344,2.787372589111328,2.7884132862091064,2.7890284061431885,2.7892305850982666,2.789044141769409,2.7885539531707764,2.78780198097229,2.7868154048919678,2.7855892181396484,2.784156084060669,2.7825727462768555,2.78086256980896,2.779057264328003,2.7771551609039307,2.77517032623291,2.7730705738067627,2.7708961963653564,2.768644332885742,2.766328811645508,2.7639808654785156,2.7615954875946045,2.7592170238494873,2.756805419921875,2.754387617111206,2.7519633769989014,2.749540328979492,2.7471468448638916,2.7447996139526367,2.74249005317688,2.740203619003296,2.737948179244995,2.735706329345703,2.7334842681884766,2.7312581539154053,8.5600004196167
71,3.2586634159088135,3.254633665084839,3.250603675842285,3.2465803623199463,3.2425851821899414,3.238640546798706,3.2347514629364014,3.2309410572052,3.2271411418914795,3.2233877182006836,3.2196598052978516,3.2160110473632812,3.2124664783477783,3.209082841873169,3.2058660984039307,3.202810525894165,3.1998777389526367,3.197087049484253,3.194478750228882,3.1920292377471924,3.189753532409668,3.1876344680786133,3.1856529712677,3.183823347091675,3.1820809841156006,3.180401563644409,3.1787846088409424,3.1771843433380127,3.1755497455596924,3.173795700073242,3.171834707260132,3.1696536540985107,3.1671559810638428,3.164358139038086,3.161247968673706,3.157914876937866,3.154393196105957,3.1507091522216797,3.14693284034729,3.143141984939575,3.1393234729766846,3.1354401111602783,3.1314945220947266,3.1276397705078125,3.1241073608398438,3.121047019958496,3.1184194087982178,3.116130828857422,3.1142208576202393,3.112820863723755,3.1120097637176514,3.1118366718292236,3.1123087406158447,3.1134684085845947,3.115206480026245,3.1174001693725586,3.1200180053710938,3.123037576675415,3.12640643119812,3.130077362060547,3.133985757827759,3.138037919998169,3.1420300006866455,3.145754814147949,3.149040460586548,3.151785135269165,3.15386962890625,3.155228614807129,3.1559112071990967,3.1559934616088867,3.155569076538086,3.1546733379364014,3.153338670730591,3.1516036987304688,3.1495273113250732,3.147174119949341,3.144585609436035,3.1417579650878906,3.1387689113616943,3.13568377494812,3.1324405670166016,3.1290080547332764,3.1254196166992188,3.1217594146728516,3.1180408000946045,3.114225387573242,3.11035418510437,3.106431245803833,3.10254168510437,3.0986082553863525,3.094623565673828,3.0906307697296143,3.0866756439208984,3.082810640335083,3.0789356231689453,3.075132369995117,3.071428060531616,3.0677878856658936,3.0640878677368164,3.0603649616241455,8.600000381469727
72,2.9287750720977783,2.926121473312378,2.9234707355499268,2.920835494995117,2.918226480484009,2.9155921936035156,2.912975311279297,2.910421371459961,2.907900094985962,2.905407667160034,2.9029054641723633,2.9004554748535156,2.898111343383789,2.895864248275757,2.8937017917633057,2.8915984630584717,2.8895962238311768,2.887709856033325,2.8859434127807617,2.88427472114563,2.882704019546509,2.8812427520751953,2.879873037338257,2.8785629272460938,2.87729549407959,2.8760783672332764,2.874894857406616,2.8737285137176514,2.8725368976593018,2.87126088142395,2.8698246479034424,2.8682315349578857,2.866464614868164,2.864515542984009,2.862416982650757,2.8601722717285156,2.8578062057495117,2.8553617000579834,2.8528594970703125,2.8503777980804443,2.8478710651397705,2.845296859741211,2.8426501750946045,2.8400752544403076,2.8377506732940674,2.8357715606689453,2.834073781967163,2.8325703144073486,2.8312902450561523,2.830353021621704,2.8298568725585938,2.829821825027466,2.8302195072174072,2.83100962638855,2.832143783569336,2.833608388900757,2.8353805541992188,2.8374392986297607,2.8397510051727295,2.8423073291778564,2.84507155418396,2.8479156494140625,2.8506901264190674,2.8532698154449463,2.85556960105896,2.8575074672698975,2.8590023517608643,2.8600215911865234,2.8605775833129883,2.860743761062622,2.860537528991699,2.860002279281616,2.8591578006744385,2.858067274093628,2.8567657470703125,2.8552846908569336,2.8536407947540283,2.8518450260162354,2.8499457836151123,2.8479268550872803,2.845827102661133,2.8436336517333984,2.841353178024292,2.838991165161133,2.8365824222564697,2.8341567516326904,2.831716537475586,2.8292396068573,2.826744794845581,2.8242416381835938,2.821742057800293,2.819244384765625,2.816781997680664,2.814371109008789,2.8120110034942627,2.8096954822540283,2.8074047565460205,2.805140733718872,2.8028500080108643,2.8005545139312744,8.619999885559082
73,2.700305938720703,2.69832444190979,2.696279764175415,2.6941890716552734,2.6920979022979736,2.690054178237915,2.6880695819854736,2.686126708984375,2.6841976642608643,2.682255744934082,2.680291175842285,2.6783266067504883,2.676410436630249,2.674583673477173,2.6728601455688477,2.671231508255005,2.669675827026367,2.668158531188965,2.6666858196258545,2.6652982234954834,2.664013147354126,2.662851095199585,2.661787271499634,2.660785436630249,2.659825086593628,2.65885329246521,2.657877206802368,2.6569130420684814,2.6559574604034424,2.6549794673919678,2.6539251804351807,2.6527388095855713,2.6513864994049072,2.6498398780822754,2.6481142044067383,2.646272659301758,2.6443355083465576,2.6423494815826416,2.640342950820923,2.6383495330810547,2.6363277435302734,2.6342248916625977,2.632039785385132,2.629892110824585,2.6279356479644775,2.626274347305298,2.6248743534088135,2.623650312423706,2.622577428817749,2.6217377185821533,2.621203899383545,2.6210484504699707,2.6212713718414307,2.621882200241089,2.6228392124176025,2.6240694522857666,2.625516653060913,2.6271660327911377,2.629044532775879,2.631148338317871,2.633436918258667,2.6358468532562256,2.6382761001586914,2.6406056880950928,2.6426784992218018,2.6444289684295654,2.645810842514038,2.6468095779418945,2.6474244594573975,2.6476852893829346,2.647627115249634,2.6472623348236084,2.646616220474243,2.6457128524780273,2.64460825920105,2.6433327198028564,2.6419241428375244,2.6404149532318115,2.638789415359497,2.6370363235473633,2.635174036026001,2.6332108974456787,2.631188154220581,2.6291182041168213,2.627004623413086,2.6248700618743896,2.62268328666687,2.6204617023468018,2.618206024169922,2.615919351577759,2.6136295795440674,2.6113603115081787,2.6091394424438477,2.6069366931915283,2.6047251224517822,2.6025161743164062,2.600337266921997,2.598202705383301,2.5960679054260254,2.5939407348632812,8.630000114440918
74,3.0995571613311768,3.096085786819458,3.092585325241089,3.089103937149048,3.0856454372406006,3.082205057144165,3.0787887573242188,3.075425863265991,3.072108030319214,3.0688724517822266,3.0656967163085938,3.0625905990600586,3.059568405151367,3.0566375255584717,3.0538036823272705,3.051079511642456,3.0484609603881836,3.0460116863250732,3.043743848800659,3.0416440963745117,3.0396530628204346,3.037785530090332,3.03605055809021,3.0344607830047607,3.032963752746582,3.031543016433716,3.03019118309021,3.0288772583007812,3.0275094509124756,3.0260279178619385,3.0243752002716064,3.022535562515259,3.0204477310180664,3.01806640625,3.01542067527771,3.012531280517578,3.0094292163848877,3.0061397552490234,3.0027525424957275,2.9993295669555664,2.9959163665771484,2.99250864982605,2.989081621170044,2.9857304096221924,2.982578992843628,2.979750394821167,2.977294921875,2.975156784057617,2.9733664989471436,2.972062826156616,2.971310615539551,2.9711482524871826,2.971527099609375,2.97249436378479,2.9740092754364014,2.9759681224823,2.9783103466033936,2.98105788230896,2.984172821044922,2.987656831741333,2.9913902282714844,2.9952735900878906,2.999134063720703,3.0028188228607178,3.006181478500366,3.0090770721435547,3.0113821029663086,3.0130059719085693,3.0139548778533936,3.0142972469329834,3.0140798091888428,3.013378143310547,3.0122482776641846,3.0107553005218506,3.0089499950408936,3.0068559646606445,3.004497528076172,3.0018815994262695,2.999072313308716,2.996135711669922,2.9930694103240967,2.9898736476898193,2.9865424633026123,2.98307728767395,2.979510545730591,2.9758682250976562,2.972187042236328,2.9684677124023438,2.9647090435028076,2.960923433303833,2.9571352005004883,2.9533567428588867,2.949586868286133,2.9458208084106445,2.9420948028564453,2.938448667526245,2.9348745346069336,2.931370735168457,2.9278972148895264,2.9244225025177,8.630000114440918
75,3.2693746089935303,3.2664291858673096,3.2634270191192627,3.2603893280029297,3.257288932800293,3.2542152404785156,3.2511889934539795,3.248178243637085,3.2451982498168945,3.2421836853027344,3.2391903400421143,3.2362444400787354,3.2333593368530273,3.2306087017059326,3.227916717529297,3.225332021713257,3.2228803634643555,3.2205536365509033,3.2183334827423096,3.2162036895751953,3.2141716480255127,3.212346315383911,3.2106266021728516,3.2089874744415283,3.207412004470825,3.205880880355835,3.2044150829315186,3.2029192447662354,3.2013638019561768,3.1997203826904297,3.197953462600708,3.1960246562957764,3.1938774585723877,3.191513776779175,3.188880205154419,3.1860294342041016,3.182976484298706,3.1798293590545654,3.1766722202301025,3.173495292663574,3.170247793197632,3.1668920516967773,3.1634957790374756,3.1602344512939453,3.1572678089141846,3.154644250869751,3.152327299118042,3.150310516357422,3.1486194133758545,3.1473331451416016,3.1465556621551514,3.146272897720337,3.146550416946411,3.1473913192749023,3.1487371921539307,3.150542974472046,3.1526896953582764,3.155179738998413,3.1579744815826416,3.1610519886016846,3.164372682571411,3.167820930480957,3.171278715133667,3.174565553665161,3.177581787109375,3.180161237716675,3.182194471359253,3.183631181716919,3.1844899654388428,3.1848537921905518,3.184765577316284,3.1842381954193115,3.1833553314208984,3.1821529865264893,3.180619955062866,3.178816080093384,3.176778554916382,3.17460560798645,3.1723010540008545,3.1698811054229736,3.1673574447631836,3.1646575927734375,3.161794662475586,3.158822774887085,3.1558494567871094,3.1528594493865967,3.1497857570648193,3.1466915607452393,3.1435582637786865,3.1403894424438477,3.1371543407440186,3.133938789367676,3.130793809890747,3.127711534500122,3.124650716781616,3.1216213703155518,3.1186158657073975,3.1155595779418945,3.112506151199341,3.109529495239258,8.65999984741211
76,3.3576602935791016,3.354449510574341,3.351224660873413,3.347928285598755,3.3445637226104736,3.3411998748779297,3.3378753662109375,3.3345329761505127,3.3312065601348877,3.3279218673706055,3.32470440864563,3.321547269821167,3.318457841873169,3.3154163360595703,3.312455177307129,3.309614896774292,3.3069260120391846,3.304340362548828,3.3019092082977295,3.299626350402832,3.2974555492401123,3.29544734954834,3.293505907058716,3.2916171550750732,3.2898168563842773,3.288079261779785,3.2864296436309814,3.284764051437378,3.2830352783203125,3.281208038330078,3.27923321723938,3.2770941257476807,3.2747180461883545,3.2721290588378906,3.269294500350952,3.2662436962127686,3.2630674839019775,3.259817123413086,3.256525993347168,3.253166913986206,3.2496955394744873,3.246105194091797,3.242539644241333,3.2392141819000244,3.2361772060394287,3.233477830886841,3.231060028076172,3.2289302349090576,3.2271430492401123,3.2258150577545166,3.2250373363494873,3.2248117923736572,3.2251265048980713,3.2259750366210938,3.2272846698760986,3.2289819717407227,3.2310054302215576,3.23337721824646,3.236058473587036,3.2390096187591553,3.2421367168426514,3.245345115661621,3.2484734058380127,3.251431703567505,3.2540600299835205,3.2562191486358643,3.2578251361846924,3.2588865756988525,3.2594308853149414,3.2594597339630127,3.2590341567993164,3.25821590423584,3.257103204727173,3.25571346282959,3.254055976867676,3.25217604637146,3.250096321105957,3.2478513717651367,3.2454535961151123,3.2429561614990234,3.2403156757354736,3.2375786304473877,3.234769105911255,3.231874465942383,3.228936195373535,3.2258987426757812,3.2228691577911377,3.2198493480682373,3.216817855834961,3.2137439250946045,3.2106339931488037,3.20754075050354,3.2044897079467773,3.2014541625976562,3.1984643936157227,3.195525884628296,3.192645311355591,3.189774751663208,3.1868808269500732,3.1839752197265625,8.65999984741211
77,3.502061128616333,3.498685121536255,3.4952423572540283,3.4918034076690674,3.4884002208709717,3.4849259853363037,3.4813737869262695,3.4778432846069336,3.4743080139160156,3.4708364009857178,3.467386245727539,3.4639928340911865,3.4606540203094482,3.45739483833313,3.4542348384857178,3.4511559009552,3.448228120803833,3.4454736709594727,3.44286847114563,3.4403727054595947,3.4379889965057373,3.4357492923736572,3.433648109436035,3.4315874576568604,3.429640769958496,3.427750825881958,3.425950288772583,3.424114227294922,3.422186851501465,3.420145034790039,3.4179630279541016,3.415545701980591,3.4128990173339844,3.4099810123443604,3.4068355560302734,3.403449773788452,3.399867057800293,3.3961803913116455,3.3924853801727295,3.388758897781372,3.384906530380249,3.3809471130371094,3.377013921737671,3.3733139038085938,3.369919538497925,3.3668854236602783,3.3641536235809326,3.3617374897003174,3.3597381114959717,3.3581924438476562,3.357245445251465,3.3568599224090576,3.3570244312286377,3.357707977294922,3.3588860034942627,3.3605329990386963,3.362574815750122,3.364940643310547,3.367622137069702,3.3706018924713135,3.3737621307373047,3.377016067504883,3.3801653385162354,3.3830902576446533,3.385688066482544,3.3877670764923096,3.3893325328826904,3.3903160095214844,3.3907206058502197,3.390618085861206,3.390007734298706,3.3890199661254883,3.387667655944824,3.3860034942626953,3.384111166000366,3.3819189071655273,3.3795080184936523,3.376929521560669,3.3742191791534424,3.371412992477417,3.368427276611328,3.365299940109253,3.362063407897949,3.3587207794189453,3.355374574661255,3.351952314376831,3.3485260009765625,3.3450286388397217,3.341499090194702,3.3379392623901367,3.334357976913452,3.330843687057495,3.327303647994995,3.3238136768341064,3.320331573486328,3.3168771266937256,3.3134663105010986,3.3100833892822266,3.3067214488983154,3.3033487796783447,8.680000305175781
78,3.0078554153442383,3.00492787361145,3.001991033554077,2.998997926712036,2.9959821701049805,2.9930076599121094,2.990044593811035,2.987093687057495,2.9841549396514893,2.9811952114105225,2.978278398513794,2.97541880607605,2.9726054668426514,2.969858169555664,2.9671833515167236,2.9645843505859375,2.962092161178589,2.9596948623657227,2.957411050796509,2.955237627029419,2.953179121017456,2.951199769973755,2.949305772781372,2.9474830627441406,2.9457321166992188,2.944035768508911,2.9423701763153076,2.9407341480255127,2.9390780925750732,2.9373531341552734,2.9354965686798096,2.9334888458251953,2.931300401687622,2.9289262294769287,2.926388740539551,2.923682451248169,2.920837163925171,2.9179089069366455,2.91491961479187,2.911916971206665,2.9089205265045166,2.9058914184570312,2.902846097946167,2.899862051010132,2.89705491065979,2.8945577144622803,2.8923816680908203,2.8904473781585693,2.8887529373168945,2.8873746395111084,2.886430025100708,2.8859703540802,2.8859739303588867,2.8864028453826904,2.887213945388794,2.888357400894165,2.8898208141326904,2.8916118144989014,2.89370059967041,2.8960535526275635,2.8986032009124756,2.901232957839966,2.903867483139038,2.906348466873169,2.9085845947265625,2.910456418991089,2.9118521213531494,2.9127538204193115,2.9131453037261963,2.9131276607513428,2.912703514099121,2.9118852615356445,2.910750150680542,2.9093410968780518,2.90771222114563,2.905865430831909,2.9037857055664062,2.9015636444091797,2.899205446243286,2.8967268466949463,2.894146680831909,2.891467809677124,2.888718843460083,2.8858909606933594,2.882976531982422,2.880009889602661,2.8770008087158203,2.8739681243896484,2.8709335327148438,2.8678667545318604,2.8647854328155518,2.8617069721221924,2.858647584915161,2.8556222915649414,2.8526217937469482,2.8496856689453125,2.846766233444214,2.8438720703125,2.8410110473632812,2.8381547927856445,8.680000305175781
79,3.0804431438446045,3.077589988708496,3.0747110843658447,3.071852445602417,3.0689566135406494,3.0660645961761475,3.06319522857666,3.0603275299072266,3.0574867725372314,3.054682493209839,3.051928758621216,3.049224615097046,3.0465755462646484,3.0439884662628174,3.0414998531341553,3.039133071899414,3.036893129348755,3.0347843170166016,3.0327651500701904,3.03083872795105,3.029036521911621,3.0273096561431885,3.0256690979003906,3.024113893508911,3.022650718688965,3.02130389213562,3.019956588745117,3.0185909271240234,3.0171406269073486,3.0155956745147705,3.01391339302063,3.012068510055542,3.0100624561309814,3.007859945297241,3.005459785461426,3.00289249420166,3.0001819133758545,2.9973819255828857,2.994514226913452,2.9916365146636963,2.9887590408325195,2.9858367443084717,2.982900381088257,2.980071783065796,2.977487564086914,2.975217580795288,2.973222017288208,2.9714879989624023,2.970059394836426,2.9690611362457275,2.9685497283935547,2.968526601791382,2.968942403793335,2.969799757003784,2.9710655212402344,2.9727210998535156,2.9746954441070557,2.976989507675171,2.979612112045288,2.982489824295044,2.9855287075042725,2.988621711730957,2.9916296005249023,2.994469404220581,2.996986150741577,2.9990885257720947,3.0006983280181885,3.001779317855835,3.00234317779541,3.002387285232544,3.0020248889923096,3.001307249069214,3.000293731689453,2.99899959564209,2.9974567890167236,2.995687484741211,2.9937245845794678,2.9915783405303955,2.9893198013305664,2.9869773387908936,2.984503746032715,2.9819469451904297,2.979283571243286,2.9765539169311523,2.973747491836548,2.9708826541900635,2.968000650405884,2.965089797973633,2.962172508239746,2.9592602252960205,2.9563608169555664,2.953450918197632,2.950545310974121,2.9476654529571533,2.944838285446167,2.942049026489258,2.939326286315918,2.936655044555664,2.933978319168091,2.931292772293091,8.6899995803833
80,3.2643954753875732,3.2612087726593018,3.2579538822174072,3.2546961307525635,3.251436948776245,3.248194932937622,3.244935989379883,3.2417116165161133,3.238477945327759,3.23525333404541,3.232041358947754,3.2288684844970703,3.2257702350616455,3.222766160964966,3.2198333740234375,3.2170631885528564,3.214346170425415,3.211703062057495,3.2091681957244873,3.206791877746582,3.204551935195923,3.2023985385894775,3.200324058532715,3.198352813720703,3.196476936340332,3.194636344909668,3.1928396224975586,3.1910572052001953,3.1892473697662354,3.1873245239257812,3.18523907661438,3.1829910278320312,3.1805508136749268,3.1778924465179443,3.1750621795654297,3.1720333099365234,3.1688413619995117,3.1655514240264893,3.1622066497802734,3.158822774887085,3.155376672744751,3.1519012451171875,3.1484692096710205,3.145150899887085,3.14203143119812,3.139211416244507,3.1367027759552,3.1344597339630127,3.1325314044952393,3.1310043334960938,3.129927396774292,3.1293487548828125,3.1292617321014404,3.1297051906585693,3.130565643310547,3.1317927837371826,3.133354902267456,3.1352860927581787,3.137542486190796,3.1400444507598877,3.142690658569336,3.1454689502716064,3.1482534408569336,3.1508686542510986,3.1531593799591064,3.1550216674804688,3.1564102172851562,3.1572608947753906,3.1575748920440674,3.1574277877807617,3.1568515300750732,3.1558761596679688,3.154559373855591,3.152981996536255,3.151170015335083,3.149113893508911,3.1468451023101807,3.144427537918091,3.1418704986572266,3.139195442199707,3.1363937854766846,3.1334869861602783,3.1304690837860107,3.1273536682128906,3.124196767807007,3.121030569076538,3.117844581604004,3.114612579345703,3.1113479137420654,3.1080634593963623,3.104766607284546,3.1014811992645264,3.098215103149414,3.0950276851654053,3.091871976852417,3.0887773036956787,3.085674285888672,3.0825796127319336,3.0795211791992188,3.0764925479888916,8.6899995803833
81,2.972705841064453,2.970014810562134,2.967299699783325,2.964519500732422,2.9617106914520264,2.958918333053589,2.956146240234375,2.953460454940796,2.9508097171783447,2.948202133178711,2.9455864429473877,2.942955255508423,2.9403536319732666,2.937845230102539,2.9354755878448486,2.9332172870635986,2.931060552597046,2.9289817810058594,2.9269793033599854,2.925097703933716,2.9233226776123047,2.9216701984405518,2.9201269149780273,2.918686628341675,2.9173386096954346,2.9160163402557373,2.914677858352661,2.913344621658325,2.9120028018951416,2.910616159439087,2.9091274738311768,2.9074695110321045,2.9056036472320557,2.903506278991699,2.901165008544922,2.898635149002075,2.8959453105926514,2.8931467533111572,2.8902995586395264,2.8874409198760986,2.8845722675323486,2.881664276123047,2.878690719604492,2.8757712841033936,2.8730571269989014,2.870659112930298,2.868562936782837,2.866725206375122,2.8651530742645264,2.863924026489258,2.8630802631378174,2.862683057785034,2.8627612590789795,2.863342523574829,2.8643524646759033,2.8657162189483643,2.86737060546875,2.869293212890625,2.8714559078216553,2.873868227005005,2.8764867782592773,2.879241943359375,2.8820056915283203,2.8846359252929688,2.887004852294922,2.888972043991089,2.8904387950897217,2.8914079666137695,2.8918960094451904,2.8919517993927,2.89163875579834,2.890965700149536,2.889974594116211,2.888652801513672,2.8870351314544678,2.88521671295166,2.88324236869812,2.8811302185058594,2.878880739212036,2.8764867782592773,2.873967409133911,2.8713271617889404,2.868572950363159,2.865765333175659,2.8628876209259033,2.8599674701690674,2.8569936752319336,2.853978395462036,2.850914716720581,2.847804069519043,2.844676971435547,2.841575860977173,2.838503122329712,2.8354671001434326,2.832447052001953,2.8294496536254883,2.8264853954315186,2.823532819747925,2.8206112384796143,2.817711114883423,8.710000038146973
82,3.279522657394409,3.2754781246185303,3.271418809890747,3.267399549484253,3.2634193897247314,3.259413003921509,3.25540828704834,3.2514498233795166,3.247596025466919,3.2438337802886963,3.2401158809661865,3.2364656925201416,3.232930898666382,3.229522943496704,3.226236343383789,3.2230770587921143,3.22007155418396,3.2172253131866455,3.2145488262176514,3.212038993835449,3.209709882736206,3.207578659057617,3.205610990524292,3.2037546634674072,3.2019994258880615,3.2003443241119385,3.1987788677215576,3.1972153186798096,3.195586919784546,3.193796157836914,3.1918375492095947,3.1896812915802,3.1871931552886963,3.1843764781951904,3.181269884109497,3.177870512008667,3.1742260456085205,3.170374870300293,3.1664421558380127,3.1625289916992188,3.158587694168091,3.154670476913452,3.1507747173309326,3.1469974517822266,3.1434595584869385,3.1403064727783203,3.137549638748169,3.1351516246795654,3.13318133354187,3.1317594051361084,3.1310014724731445,3.130941152572632,3.1315126419067383,3.132727861404419,3.1345207691192627,3.136803388595581,3.139521360397339,3.142622232437134,3.1461246013641357,3.1499898433685303,3.1541271209716797,3.1583566665649414,3.1625359058380127,3.1664931774139404,3.1700620651245117,3.173070192337036,3.1753475666046143,3.1768829822540283,3.1777141094207764,3.1778953075408936,3.177434206008911,3.176468849182129,3.1750705242156982,3.1733179092407227,3.1712074279785156,3.168797254562378,3.1661336421966553,3.1632816791534424,3.1602365970611572,3.1569883823394775,3.153613328933716,3.1501169204711914,3.146512985229492,3.142773389816284,3.138903856277466,3.13494610786438,3.130904197692871,3.1268341541290283,3.1227502822875977,3.118603467941284,3.1144187450408936,3.1102454662323,3.1060917377471924,3.1019694805145264,3.0978755950927734,3.0938880443573,3.089973211288452,3.0860817432403564,3.0822041034698486,3.078322649002075,8.720000267028809
83,3.268108606338501,3.264815092086792,3.2614831924438477,3.258132219314575,3.2547826766967773,3.2514560222625732,3.2481069564819336,3.2447595596313477,3.241426467895508,3.238189697265625,3.235003709793091,3.2318642139434814,3.228780746459961,3.2257649898529053,3.2228500843048096,3.2200348377227783,3.2173280715942383,3.214785575866699,3.212372064590454,3.2101147174835205,3.207958936691284,3.2059123516082764,3.2039709091186523,3.202112913131714,3.200352430343628,3.198701858520508,3.197131395339966,3.195549249649048,3.193936586380005,3.1922597885131836,3.190424919128418,3.1883833408355713,3.1861116886138916,3.183579683303833,3.1807925701141357,3.1777870655059814,3.1745731830596924,3.171236753463745,3.167804718017578,3.1643028259277344,3.1607754230499268,3.1571953296661377,3.153620481491089,3.150132417678833,3.1468417644500732,3.143880844116211,3.1412417888641357,3.1389496326446533,3.1369736194610596,3.135425567626953,3.134376287460327,3.1338958740234375,3.134021520614624,3.134690523147583,3.1358492374420166,3.137415647506714,3.1393661499023438,3.141677141189575,3.1443469524383545,3.147313117980957,3.1505215167999268,3.153855323791504,3.1572177410125732,3.160451650619507,3.1633822917938232,3.1658785343170166,3.1678285598754883,3.169218063354492,3.169975996017456,3.1701583862304688,3.1698310375213623,3.169049024581909,3.167889356613159,3.1663997173309326,3.164594888687134,3.1625430583953857,3.160250663757324,3.1577541828155518,3.155104637145996,3.1522881984710693,3.149354934692383,3.1462790966033936,3.143068313598633,3.1397526264190674,3.136347532272339,3.1329033374786377,3.129390001296997,3.1258437633514404,3.1222450733184814,3.118600606918335,3.1149282455444336,3.111250162124634,3.1076252460479736,3.1039845943450928,3.100386381149292,3.096808671951294,3.093299627304077,3.08984637260437,3.086437463760376,3.0830352306365967,8.729999542236328
84,3.2904882431030273,3.2870047092437744,3.283510446548462,3.2799861431121826,3.2764289379119873,3.2728888988494873,3.2693517208099365,3.2658464908599854,3.262322187423706,3.258819341659546,3.255368947982788,3.2519519329071045,3.2485873699188232,3.2452991008758545,3.24211049079895,3.239015817642212,3.23599910736084,3.2330844402313232,3.230356216430664,3.227792739868164,3.2253544330596924,3.222992181777954,3.2207250595092773,3.2185354232788086,3.2164413928985596,3.2144224643707275,3.2124738693237305,3.210548162460327,3.2085468769073486,3.206425428390503,3.204176187515259,3.201777696609497,3.1991589069366455,3.1963226795196533,3.1932690143585205,3.190032720565796,3.186630964279175,3.183074712753296,3.179485559463501,3.1758830547332764,3.1722214221954346,3.168503522872925,3.1647987365722656,3.161233901977539,3.1579248905181885,3.15493106842041,3.1522464752197266,3.1498851776123047,3.1478538513183594,3.146252393722534,3.1451549530029297,3.1445798873901367,3.1445152759552,3.1449172496795654,3.145771026611328,3.1470096111297607,3.1486260890960693,3.150578498840332,3.1528308391571045,3.155369520187378,3.1581084728240967,3.160944700241089,3.163729667663574,3.1663103103637695,3.168592691421509,3.1704635620117188,3.171844720840454,3.1726982593536377,3.173025131225586,3.172833204269409,3.172165632247925,3.17111873626709,3.1697700023651123,3.1681344509124756,3.166184186935425,3.1640169620513916,3.161653518676758,3.159115791320801,3.1563961505889893,3.1535565853118896,3.15063214302063,3.1475980281829834,3.144455671310425,3.1412315368652344,3.1379520893096924,3.1346189975738525,3.131239891052246,3.1278226375579834,3.1243715286254883,3.1209256649017334,3.1174659729003906,3.11403751373291,3.110649347305298,3.1072702407836914,3.103928804397583,3.1005842685699463,3.097292184829712,3.094034433364868,3.0908138751983643,3.0876102447509766,8.739999771118164
85,3.16692852973938,3.1635310649871826,3.160123825073242,3.156735420227051,3.15336012840271,3.1500425338745117,3.1467502117156982,3.143507957458496,3.140303611755371,3.1371538639068604,3.1340882778167725,3.131096839904785,3.128201484680176,3.1254260540008545,3.122807741165161,3.120323896408081,3.1179819107055664,3.1158056259155273,3.113764524459839,3.111891984939575,3.110210418701172,3.108708381652832,3.1073501110076904,3.106100082397461,3.104926347732544,3.103843927383423,3.102800130844116,3.101752519607544,3.1006507873535156,3.099456787109375,3.0980663299560547,3.0964062213897705,3.0944411754608154,3.0921363830566406,3.0895302295684814,3.086637258529663,3.0835120677948,3.0802624225616455,3.0769147872924805,3.0735089778900146,3.07004451751709,3.066549301147461,3.0630404949188232,3.0596439838409424,3.0565185546875,3.053818941116333,3.0515096187591553,3.049546003341675,3.047978162765503,3.0469248294830322,3.0465011596679688,3.046722173690796,3.047593355178833,3.0491302013397217,3.0512259006500244,3.053816556930542,3.0568809509277344,3.0603530406951904,3.0642592906951904,3.068530797958374,3.0730936527252197,3.0777854919433594,3.0823974609375,3.086827516555786,3.0908584594726562,3.094317674636841,3.0970582962036133,3.0990562438964844,3.1003258228302,3.1009130477905273,3.1008846759796143,3.100346326828003,3.0993402004241943,3.097913980484009,3.0961220264434814,3.0939769744873047,3.09159255027771,3.0889594554901123,3.086107015609741,3.083038568496704,3.079838991165161,3.076556921005249,3.0730884075164795,3.069481611251831,3.0657787322998047,3.062018632888794,3.0581862926483154,3.0542633533477783,3.0503292083740234,3.0463876724243164,3.042443037033081,3.038515329360962,3.0345840454101562,3.030707359313965,3.026883363723755,3.023136854171753,3.0194575786590576,3.0158233642578125,3.012178421020508,3.008538246154785,8.75
86,3.04614520072937,3.042982339859009,3.039780616760254,3.0365402698516846,3.033271074295044,3.0300207138061523,3.026766538619995,3.0235073566436768,3.02024245262146,3.016991376876831,3.0137863159179688,3.010632276535034,3.0075271129608154,3.0044400691986084,3.0014302730560303,2.9985179901123047,2.9957056045532227,2.9929916858673096,2.990356683731079,2.9878199100494385,2.9854116439819336,2.983098030090332,2.9808712005615234,2.978715658187866,2.9766299724578857,2.9746253490448,2.972663164138794,2.9707376956939697,2.968794584274292,2.966773748397827,2.9646291732788086,2.9623167514801025,2.959810495376587,2.9571170806884766,2.9542465209960938,2.9512195587158203,2.948040008544922,2.9447736740112305,2.941436767578125,2.938063383102417,2.9346694946289062,2.93125057220459,2.9278955459594727,2.9246129989624023,2.9215099811553955,2.9186649322509766,2.916114091873169,2.9138174057006836,2.911773681640625,2.910087823867798,2.908831834793091,2.9080355167388916,2.9076907634735107,2.907789945602417,2.9082841873168945,2.9091503620147705,2.9103174209594727,2.9117743968963623,2.9135243892669678,2.915532350540161,2.917748212814331,2.9200775623321533,2.9224064350128174,2.924604654312134,2.926532030105591,2.9280760288238525,2.9291579723358154,2.929755449295044,2.9298601150512695,2.9295177459716797,2.928786039352417,2.927680015563965,2.92626690864563,2.924571990966797,2.922656774520874,2.9205322265625,2.9182236194610596,2.915764808654785,2.913154363632202,2.9104318618774414,2.9075868129730225,2.904658317565918,2.9016618728637695,2.8986117839813232,2.8955070972442627,2.892352342605591,2.8891544342041016,2.885937452316284,2.8826968669891357,2.879446268081665,2.8761942386627197,2.872943878173828,2.8697330951690674,2.866549253463745,2.8634121417999268,2.8602828979492188,2.857206344604492,2.8541576862335205,2.8511345386505127,2.8481550216674805,8.770000457763672
87,2.902559280395508,2.899977922439575,2.8973724842071533,2.894740104675293,2.8921048641204834,2.889470338821411,2.8868236541748047,2.8841800689697266,2.8815577030181885,2.8789751529693604,2.876434564590454,2.873911142349243,2.8714239597320557,2.8689773082733154,2.866619825363159,2.8643577098846436,2.8622055053710938,2.8601226806640625,2.858106851577759,2.85619854927063,2.854400873184204,2.852674722671509,2.8510406017303467,2.849468946456909,2.847973108291626,2.8465306758880615,2.8450982570648193,2.8436806201934814,2.8422744274139404,2.8407859802246094,2.8391849994659424,2.8374030590057373,2.835458755493164,2.8333423137664795,2.8310706615448,2.828644037246704,2.826108932495117,2.823467969894409,2.82077956199646,2.8180952072143555,2.815401315689087,2.8126564025878906,2.809875249862671,2.807169198989868,2.804645538330078,2.8023836612701416,2.80036997795105,2.7985680103302,2.79699969291687,2.7957417964935303,2.794879198074341,2.7944271564483643,2.7943782806396484,2.79471492767334,2.7954132556915283,2.79644513130188,2.7977688312530518,2.7993829250335693,2.8012638092041016,2.8033831119537354,2.805680274963379,2.8081014156341553,2.8105132579803467,2.8127927780151367,2.814828872680664,2.816516637802124,2.8177926540374756,2.818605422973633,2.8189754486083984,2.8189258575439453,2.8185064792633057,2.817774534225464,2.8167779445648193,2.8155364990234375,2.8140475749969482,2.812366485595703,2.810513496398926,2.8084962368011475,2.8063573837280273,2.8041341304779053,2.8018367290496826,2.7994329929351807,2.796942949295044,2.7943880558013916,2.79176926612854,2.7891063690185547,2.7864112854003906,2.783688545227051,2.780939817428589,2.7781875133514404,2.775454521179199,2.7727012634277344,2.7699310779571533,2.76719069480896,2.7645041942596436,2.761868476867676,2.7592735290527344,2.7566797733306885,2.7540853023529053,2.7514631748199463,8.800000190734863
88,3.348102569580078,3.3443729877471924,3.3405838012695312,3.3367936611175537,3.332963705062866,3.329141855239868,3.3253695964813232,3.3215925693511963,3.317857503890991,3.3141000270843506,3.3103668689727783,3.3066670894622803,3.3030624389648438,3.29952335357666,3.29613995552063,3.292828321456909,3.28962779045105,3.286550760269165,3.283588409423828,3.2808008193969727,3.2781295776367188,3.2755649089813232,3.2731564044952393,3.27085018157959,3.268643617630005,3.2664525508880615,3.264280319213867,3.262165069580078,3.2600791454315186,3.2579896450042725,3.25573992729187,3.2532358169555664,3.25048565864563,3.2474968433380127,3.244264841079712,3.240795373916626,3.2370898723602295,3.2333030700683594,3.229464292526245,3.225595474243164,3.2217016220092773,3.2177460193634033,3.213803291320801,3.209946393966675,3.2063093185424805,3.2030134201049805,3.2000696659088135,3.197463035583496,3.195140838623047,3.193228006362915,3.1918628215789795,3.1910762786865234,3.1908957958221436,3.191234827041626,3.1920812129974365,3.1933393478393555,3.1949641704559326,3.1969470977783203,3.1992475986480713,3.2018136978149414,3.204632520675659,3.2076070308685303,3.2106244564056396,3.2134511470794678,3.2159602642059326,3.2180213928222656,3.2195475101470947,3.2204771041870117,3.2208471298217773,3.22070050239563,3.2200679779052734,3.219022035598755,3.217607259750366,3.215811014175415,3.2136809825897217,3.211280584335327,3.2086994647979736,3.2059924602508545,3.2031185626983643,3.200058698654175,3.19683837890625,3.1934802532196045,3.1900246143341064,3.1865170001983643,3.1829402446746826,3.1792805194854736,3.1755456924438477,3.1717796325683594,3.1679847240448,3.164137125015259,3.1602542400360107,3.156398057937622,3.1525590419769287,3.1487369537353516,3.144956588745117,3.1411821842193604,3.1374759674072266,3.1337850093841553,3.1301441192626953,3.1265223026275635,8.8100004196167
89,3.1488208770751953,3.1458656787872314,3.1428534984588623,3.139838457107544,3.1367886066436768,3.1337223052978516,3.1306731700897217,3.1276562213897705,3.124662160873413,3.1216747760772705,3.118713617324829,3.115832567214966,3.1129941940307617,3.1102113723754883,3.107477903366089,3.104846954345703,3.1023571491241455,3.0999631881713867,3.097688674926758,3.095553398132324,3.09356689453125,3.0916779041290283,3.0898687839508057,3.088146924972534,3.0865325927734375,3.0849902629852295,3.083477735519409,3.0819711685180664,3.08042311668396,3.0787928104400635,3.077031373977661,3.0750648975372314,3.0729122161865234,3.0704901218414307,3.067821741104126,3.0649490356445312,3.0618598461151123,3.0586202144622803,3.055302381515503,3.051964521408081,3.0486018657684326,3.045189142227173,3.0418128967285156,3.0385425090789795,3.0354747772216797,3.0326919555664062,3.030177116394043,3.027958631515503,3.0260753631591797,3.024585723876953,3.0235939025878906,3.0231258869171143,3.0231778621673584,3.023716926574707,3.024757146835327,3.0262038707733154,3.0279953479766846,3.030099630355835,3.03252911567688,3.0353012084960938,3.0382893085479736,3.04140305519104,3.0445029735565186,3.0474584102630615,3.0501339435577393,3.052358388900757,3.054072141647339,3.055220603942871,3.055781602859497,3.0558011531829834,3.0553524494171143,3.054501533508301,3.053248643875122,3.0516672134399414,3.049816846847534,3.0477383136749268,3.045424222946167,3.0429036617279053,3.040243148803711,3.0374391078948975,3.034518003463745,3.0314548015594482,3.028303861618042,3.025054931640625,3.0217134952545166,3.0183229446411133,3.014885663986206,3.0113766193389893,3.007767915725708,3.0041580200195312,3.0005786418914795,2.9970102310180664,2.993410348892212,2.9898319244384766,2.98630690574646,2.982820510864258,2.979384183883667,2.975961923599243,2.97257924079895,2.969209671020508,8.8100004196167
90,3.0989692211151123,3.0960121154785156,3.0930068492889404,3.089970827102661,3.086920738220215,3.0838162899017334,3.080693483352661,3.0775985717773438,3.074549913406372,3.0715601444244385,3.0685722827911377,3.0656135082244873,3.062695264816284,3.059803009033203,3.0570108890533447,3.054307699203491,3.0517196655273438,3.0492515563964844,3.0468711853027344,3.04459547996521,3.042400360107422,3.0402896404266357,3.038274049758911,3.0363709926605225,3.0345475673675537,3.0328006744384766,3.0310966968536377,3.029399871826172,3.027651071548462,3.025850296020508,3.0239431858062744,3.0219027996063232,3.0196597576141357,3.0172293186187744,3.0145978927612305,3.011791944503784,3.008803606033325,3.0056800842285156,3.0024678707122803,2.999239206314087,2.9960105419158936,2.9927899837493896,2.989542007446289,2.9863593578338623,2.9833176136016846,2.9805424213409424,2.9780635833740234,2.9758472442626953,2.9739277362823486,2.972346305847168,2.9712212085723877,2.9705798625946045,2.9703922271728516,2.970646858215332,2.9712934494018555,2.9722845554351807,2.973605155944824,2.975234270095825,2.9771947860717773,2.9794204235076904,2.9818594455718994,2.9844067096710205,2.9869182109832764,2.989300489425659,2.991421699523926,2.993199586868286,2.994540214538574,2.9953715801239014,2.9956932067871094,2.995527982711792,2.9949405193328857,2.9939897060394287,2.992718458175659,2.9911861419677734,2.9893980026245117,2.9874026775360107,2.9851913452148438,2.982781410217285,2.980215072631836,2.9775230884552,2.974726915359497,2.971834182739258,2.968877077102661,2.965866804122925,2.9627771377563477,2.959613800048828,2.9564011096954346,2.953162431716919,2.9498894214630127,2.9465932846069336,2.943308115005493,2.940034866333008,2.936750650405884,2.9334793090820312,2.9302453994750977,2.927035093307495,2.923860549926758,2.9207382202148438,2.9176666736602783,2.9146111011505127,8.829999923706055
91,2.8494341373443604,2.8466975688934326,2.8439178466796875,2.841114044189453,2.8383281230926514,2.8355672359466553,2.832853078842163,2.830167055130005,2.827491044998169,2.824831008911133,2.8222086429595947,2.8196239471435547,2.8171193599700928,2.8146846294403076,2.812335968017578,2.810086965560913,2.8079254627227783,2.8058605194091797,2.8038902282714844,2.8020308017730713,2.800290107727051,2.7986621856689453,2.7971370220184326,2.795679807662964,2.7943010330200195,2.79297137260437,2.791659355163574,2.7903757095336914,2.789078950881958,2.7877273559570312,2.78625750541687,2.784619092941284,2.7828075885772705,2.7807929515838623,2.778564691543579,2.7761685848236084,2.773639678955078,2.771010637283325,2.76833438873291,2.765636444091797,2.762937307357788,2.7601985931396484,2.7574236392974854,2.754694700241089,2.7521512508392334,2.7499077320098877,2.7479374408721924,2.7462103366851807,2.744732618331909,2.743596315383911,2.74287486076355,2.7426159381866455,2.7428314685821533,2.7434685230255127,2.7444851398468018,2.7458393573760986,2.7475357055664062,2.749554395675659,2.7518341541290283,2.7543680667877197,2.7571144104003906,2.760009765625,2.7629261016845703,2.7656733989715576,2.768132448196411,2.7701995372772217,2.7718241214752197,2.772954225540161,2.7735683917999268,2.7737209796905518,2.7734768390655518,2.7728703022003174,2.771944999694824,2.7707183361053467,2.7692477703094482,2.7675583362579346,2.765672445297241,2.763629913330078,2.7614691257476807,2.759192705154419,2.7568156719207764,2.7543232440948486,2.7517378330230713,2.749058723449707,2.7463200092315674,2.743541955947876,2.7407209873199463,2.73785662651062,2.734961748123169,2.7320640087127686,2.7291667461395264,2.7262656688690186,2.7233688831329346,2.7205076217651367,2.717691659927368,2.7149055004119873,2.7121496200561523,2.7094390392303467,2.7067649364471436,2.7040903568267822,8.829999923706055
92,3.044111967086792,3.0413219928741455,3.038487434387207,3.0355844497680664,3.0326735973358154,3.029735565185547,3.026813507080078,3.0238988399505615,3.0209648609161377,3.018024444580078,3.0150883197784424,3.012171983718872,3.0092976093292236,3.0064594745635986,3.0036566257476807,3.0009212493896484,2.998234748840332,2.9956214427948,2.993069887161255,2.990610122680664,2.988227128982544,2.9859187602996826,2.9836719036102295,2.9815099239349365,2.979384660720825,2.977283477783203,2.9752070903778076,2.973163604736328,2.971137762069702,2.9690444469451904,2.9668610095977783,2.9645392894744873,2.962068796157837,2.9594485759735107,2.956677198410034,2.9537765979766846,2.950751543045044,2.947627067565918,2.9444425106048584,2.9412546157836914,2.938112258911133,2.934990882873535,2.9318578243255615,2.9287490844726562,2.925766944885254,2.9230310916900635,2.9205541610717773,2.9183037281036377,2.9162588119506836,2.91448974609375,2.9130537509918213,2.9119644165039062,2.911249876022339,2.910907745361328,2.9109106063842773,2.9112069606781006,2.911787986755371,2.912644147872925,2.913755178451538,2.9151012897491455,2.9166154861450195,2.918217897415161,2.9198148250579834,2.9213085174560547,2.9225730895996094,2.9235446453094482,2.924147844314575,2.9243545532226562,2.9241650104522705,2.9236183166503906,2.9227523803710938,2.921579599380493,2.920132637023926,2.918485641479492,2.9166595935821533,2.914647340774536,2.912456512451172,2.910122871398926,2.9076614379882812,2.905106782913208,2.902473211288452,2.899789571762085,2.8970329761505127,2.8942177295684814,2.8913259506225586,2.888385057449341,2.885424852371216,2.882441282272339,2.879460573196411,2.876448631286621,2.8734376430511475,2.870427131652832,2.867424964904785,2.8644609451293945,2.8615217208862305,2.858624219894409,2.8557522296905518,2.8528995513916016,2.8500850200653076,2.847289800643921,8.829999923706055
93,3.0502350330352783,3.0470991134643555,3.043938636779785,3.040771484375,3.0375823974609375,3.0344274044036865,3.031298875808716,3.0282347202301025,3.0252010822296143,3.022184371948242,3.0191943645477295,3.0162742137908936,3.01342511177063,3.0106709003448486,3.0080058574676514,3.0054523944854736,3.003039598464966,3.000753164291382,2.9985687732696533,2.9965038299560547,2.99456787109375,2.9927501678466797,2.991039514541626,2.989426612854004,2.9878623485565186,2.9863529205322266,2.984912633895874,2.9834749698638916,2.982025384902954,2.9804773330688477,2.9787847995758057,2.976912498474121,2.974820375442505,2.9725189208984375,2.970001220703125,2.9672744274139404,2.964381456375122,2.961369752883911,2.9582912921905518,2.9551808834075928,2.952026605606079,2.9488346576690674,2.9456024169921875,2.942445755004883,2.9395148754119873,2.936894178390503,2.934601068496704,2.932596206665039,2.9308738708496094,2.929562568664551,2.928717851638794,2.9283950328826904,2.928584098815918,2.9292733669281006,2.9304208755493164,2.9319393634796143,2.933802604675293,2.9360008239746094,2.9385416507720947,2.9413788318634033,2.9444258213043213,2.947596788406372,2.9507477283477783,2.953728437423706,2.956413984298706,2.9586856365203857,2.960453987121582,2.9616520404815674,2.9622905254364014,2.962439775466919,2.9621076583862305,2.961350679397583,2.96020770072937,2.9587666988372803,2.9570634365081787,2.955120801925659,2.952962875366211,2.950625419616699,2.948145866394043,2.945533514022827,2.942767381668091,2.9398651123046875,2.936873435974121,2.933811902999878,2.93068790435791,2.927501916885376,2.9242703914642334,2.920992612838745,2.917711019515991,2.9143970012664795,2.9110629558563232,2.907721757888794,2.904411554336548,2.9011354446411133,2.8979129791259766,2.894737958908081,2.8916027545928955,2.888481378555298,2.885359764099121,2.8822667598724365,8.84000015258789
94,3.1898434162139893,3.1866776943206787,3.1834371089935303,3.1802008152008057,3.17696475982666,3.1736953258514404,3.1703908443450928,3.167121171951294,3.1639022827148438,3.160700798034668,3.1575076580047607,3.154334306716919,3.1512463092803955,3.148237943649292,3.1453349590301514,3.1425068378448486,3.139770269393921,3.137115716934204,3.134615659713745,3.132263422012329,3.130023956298828,3.1278955936431885,3.1258742809295654,3.123955011367798,3.1221237182617188,3.1203529834747314,3.1186206340789795,3.116901397705078,3.1151301860809326,3.113258123397827,3.1112515926361084,3.1090900897979736,3.1067426204681396,3.1041393280029297,3.1012766361236572,3.0981781482696533,3.094893455505371,3.0914840698242188,3.0879838466644287,3.0844333171844482,3.0808751583099365,3.0772993564605713,3.073755979537964,3.070317029953003,3.0670530796051025,3.064081907272339,3.0614383220672607,3.0591182708740234,3.0571441650390625,3.0555667877197266,3.0544986724853516,3.0539638996124268,3.0539445877075195,3.054450273513794,3.0554282665252686,3.0568230152130127,3.058565139770508,3.06067156791687,3.063105583190918,3.0658023357391357,3.0686986446380615,3.071711540222168,3.0747082233428955,3.0775673389434814,3.0801284313201904,3.082279920578003,3.0838863849639893,3.0848968029022217,3.0853424072265625,3.0852556228637695,3.08469295501709,3.083716630935669,3.0823686122894287,3.0807058811187744,3.0787971019744873,3.0766422748565674,3.07426381111145,3.0716543197631836,3.0688774585723877,3.0659873485565186,3.062950849533081,3.0598151683807373,3.0565836429595947,3.0532617568969727,3.0498225688934326,3.0463125705718994,3.042785882949829,3.039200782775879,3.03556227684021,3.0318820476531982,3.028184652328491,3.0244922637939453,3.020792245864868,3.017139196395874,3.013519525527954,3.00994610786438,3.006403923034668,3.0028817653656006,2.9993820190429688,2.9958903789520264,8.850000381469727
95,3.1120784282684326,3.1091268062591553,3.1061336994171143,3.1031596660614014,3.1001930236816406,3.0972368717193604,3.094256639480591,3.091311454772949,3.088383436203003,3.0855000019073486,3.082671880722046,3.0798912048339844,3.0771567821502686,3.074493169784546,3.0719258785247803,3.0694825649261475,3.067134141921997,3.064908266067505,3.0628502368927,3.060932159423828,3.059126853942871,3.0574114322662354,3.0558178424835205,3.054332733154297,3.0529086589813232,3.051527976989746,3.0502002239227295,3.048917055130005,3.0476105213165283,3.0461931228637695,3.0446226596832275,3.0428285598754883,3.0407838821411133,3.03849720954895,3.035961866378784,3.033217668533325,3.030271291732788,3.027191162109375,3.0240318775177,3.0208237171173096,3.0175693035125732,3.0142822265625,3.010984420776367,3.0077579021453857,3.004732847213745,3.0020368099212646,2.9997024536132812,2.99768328666687,2.995964765548706,2.994659662246704,2.993875503540039,2.993629217147827,2.993925094604492,2.99474835395813,2.9960339069366455,2.997755765914917,2.999821901321411,3.0022175312042236,3.004936456680298,3.007924795150757,3.0111682415008545,3.0145294666290283,3.017876386642456,3.0210540294647217,3.023881196975708,3.0262701511383057,3.0281193256378174,3.029407501220703,3.0301151275634766,3.0302867889404297,3.0299580097198486,3.0291998386383057,3.028057813644409,3.0265941619873047,3.0248422622680664,3.022830009460449,3.0205955505371094,3.018190383911133,3.015631675720215,3.012939453125,3.0101068019866943,3.0071418285369873,3.0040829181671143,3.0009047985076904,2.99764347076416,2.9943320751190186,2.990997076034546,2.987598419189453,2.984142303466797,2.9806697368621826,2.977174758911133,2.973668336868286,2.9701642990112305,2.966722249984741,2.9633376598358154,2.9599876403808594,2.9566309452056885,2.9533140659332275,2.9500389099121094,2.946789503097534,8.859999656677246
96,3.060204267501831,3.0570247173309326,3.0538170337677,3.0506227016448975,3.0474274158477783,3.0441787242889404,3.0408923625946045,3.0376474857330322,3.034454345703125,3.0312750339508057,3.028092622756958,3.024939775466919,3.0218536853790283,3.018815040588379,3.0158183574676514,3.0129034519195557,3.010119676589966,3.0074408054351807,3.0048534870147705,3.00235652923584,2.9999587535858154,2.9976558685302734,2.995440721511841,2.9932804107666016,2.9911880493164062,2.989159345626831,2.9872000217437744,2.9852797985076904,2.9833366870880127,2.9812886714935303,2.9791362285614014,2.9768359661102295,2.9743595123291016,2.9717302322387695,2.968946695327759,2.96604061126709,2.96296763420105,2.959779739379883,2.95652174949646,2.9532630443573,2.950010299682617,2.946748733520508,2.9434664249420166,2.940258026123047,2.9372377395629883,2.9345102310180664,2.9320497512817383,2.9297873973846436,2.92775559425354,2.926053285598755,2.924783945083618,2.9239580631256104,2.923574447631836,2.923614501953125,2.923994779586792,2.924692153930664,2.925705671310425,2.9270107746124268,2.9286375045776367,2.9305055141448975,2.932561159133911,2.9347169399261475,2.936873435974121,2.9389007091522217,2.940664529800415,2.942072629928589,2.9430742263793945,2.943629026412964,2.943700075149536,2.9433536529541016,2.9426281452178955,2.9415619373321533,2.940190076828003,2.938572645187378,2.9367265701293945,2.934699773788452,2.9324791431427,2.930103302001953,2.9276106357574463,2.9249942302703857,2.9222705364227295,2.919464349746704,2.916592836380005,2.9136674404144287,2.9106695652008057,2.9076220989227295,2.9045372009277344,2.901407480239868,2.8982441425323486,2.895071029663086,2.89190411567688,2.8887689113616943,2.8856375217437744,2.882516622543335,2.8794162273406982,2.876352310180664,2.8733503818511963,2.870368719100952,2.867417097091675,2.8644959926605225,8.880000114440918
97,3.0957679748535156,3.09304141998291,3.090272903442383,3.087446451187134,3.0845959186553955,3.081723213195801,3.078892707824707,3.0760908126831055,3.073293685913086,3.0704939365386963,3.06772518157959,3.064984083175659,3.062302827835083,3.059684991836548,3.0571603775024414,3.0547258853912354,3.0523834228515625,3.050114870071411,3.0479815006256104,3.0460045337677,3.044139862060547,3.0424015522003174,3.040735960006714,3.039170026779175,3.037677764892578,3.0361931324005127,3.034745931625366,3.0333480834960938,3.0319535732269287,3.03049635887146,3.0288946628570557,3.0270845890045166,3.0250463485717773,3.022735595703125,3.02020263671875,3.017472267150879,3.0145626068115234,3.0115177631378174,3.008411169052124,3.0052807331085205,3.0021164417266846,2.998899459838867,2.995654344558716,2.9924933910369873,2.9895551204681396,2.986926317214966,2.98461651802063,2.9825708866119385,2.980818748474121,2.9794654846191406,2.9786136150360107,2.978281259536743,2.9784510135650635,2.97910475730896,2.980240821838379,2.981779098510742,2.9836480617523193,2.9858274459838867,2.988283157348633,2.991018295288086,2.9939873218536377,2.9971046447753906,3.0002071857452393,3.0031566619873047,3.005786657333374,3.0079565048217773,3.0096466541290283,3.0107719898223877,3.011331796646118,3.0113794803619385,3.0109660625457764,3.0101921558380127,3.0090551376342773,3.007594347000122,3.005856513977051,3.0038692951202393,3.0016536712646484,2.9992315769195557,2.996664047241211,2.9939966201782227,2.9912033081054688,2.9882724285125732,2.9852192401885986,2.982083559036255,2.9788715839385986,2.975604295730591,2.972259521484375,2.968886375427246,2.9654693603515625,2.962028741836548,2.958564519882202,2.9550912380218506,2.951647996902466,2.948247194290161,2.9449050426483154,2.9415910243988037,2.9382965564727783,2.9350101947784424,2.9317643642425537,2.928510904312134,8.890000343322754
98,3.143954277038574,3.1406431198120117,3.1372997760772705,3.1339404582977295,3.130565643310547,3.1272060871124268,3.1238718032836914,3.120558500289917,3.1172678470611572,3.114015579223633,3.110802412033081,3.107659339904785,3.104555130004883,3.1015541553497314,3.0986404418945312,3.095851182937622,3.0931663513183594,3.0905892848968506,3.0881388187408447,3.085841417312622,3.08368182182312,3.0816428661346436,3.0797367095947266,3.077930450439453,3.076192855834961,3.0745041370391846,3.0728893280029297,3.071324586868286,3.0697505474090576,3.068061590194702,3.0662059783935547,3.0641393661499023,3.061866044998169,3.0593607425689697,3.056600570678711,3.0536410808563232,3.050534248352051,3.047264337539673,3.043877601623535,3.040398359298706,3.0369112491607666,3.0334291458129883,3.0299689769744873,3.0266218185424805,3.023472547531128,3.020639419555664,3.018120765686035,3.0159037113189697,3.014019012451172,3.012542963027954,3.0116055011749268,3.011248826980591,3.011453866958618,3.0122268199920654,3.0134828090667725,3.015155076980591,3.017206907272339,3.019627332687378,3.022418737411499,3.025561571121216,3.0289833545684814,3.0325443744659424,3.0361194610595703,3.039536237716675,3.042649030685425,3.045302391052246,3.0473642349243164,3.0488202571868896,3.049682855606079,3.0499725341796875,3.0497167110443115,3.0489661693573,3.0477988719940186,3.0463173389434814,3.044523239135742,3.0424604415893555,3.040144681930542,3.0376269817352295,3.0349433422088623,3.032095193862915,3.0290939807891846,3.025928497314453,3.0226333141326904,3.0192508697509766,3.015824556350708,3.012334108352661,3.0087568759918213,3.005103826522827,3.0014076232910156,2.997666597366333,2.9939053058624268,2.990147829055786,2.9864189624786377,2.982743501663208,2.9791128635406494,2.9755172729492188,2.9719467163085938,2.9684040546417236,2.9648964405059814,2.96142840385437,8.890000343322754
99,3.215097427368164,3.2121055126190186,3.209091901779175,3.2060482501983643,3.202967405319214,3.1998536586761475,3.1967437267303467,3.193662405014038,3.190607786178589,3.1875693798065186,3.1845810413360596,3.181598663330078,3.1786794662475586,3.175852060317993,3.173133611679077,3.1704680919647217,3.167886972427368,3.1654140949249268,3.163067579269409,3.160863161087036,3.158783197402954,3.1568212509155273,3.154968023300171,3.153188705444336,3.1514909267425537,3.149868965148926,3.1482887268066406,3.1467769145965576,3.1452291011810303,3.143605947494507,3.1418161392211914,3.139829635620117,3.13759708404541,3.1351184844970703,3.1323812007904053,3.12945818901062,3.1263391971588135,3.1230525970458984,3.119616746902466,3.1161129474639893,3.1126248836517334,3.1091575622558594,3.1057252883911133,3.1023576259613037,3.0991508960723877,3.0962114334106445,3.093597650527954,3.091318368911743,3.089348793029785,3.087761640548706,3.0866622924804688,3.0861129760742188,3.0861215591430664,3.0866940021514893,3.0877325534820557,3.0891997814178467,3.0910136699676514,3.093191146850586,3.0957162380218506,3.0985286235809326,3.101592779159546,3.104787826538086,3.107996940612793,3.1110427379608154,3.113785982131958,3.116089105606079,3.1178410053253174,3.1189825534820557,3.1195290088653564,3.1195240020751953,3.1190011501312256,3.1180286407470703,3.1166775226593018,3.1150062084198,3.1130292415618896,3.1107852458953857,3.1083221435546875,3.1056478023529053,3.102790594100952,3.0997517108917236,3.096604108810425,3.093348503112793,3.0899932384490967,3.0865211486816406,3.0829639434814453,3.0793588161468506,3.075657606124878,3.0719070434570312,3.068098783493042,3.0642731189727783,3.0604326725006104,3.0565662384033203,3.052701711654663,3.04888653755188,3.0451183319091797,3.041363477706909,3.03760027885437,3.0339088439941406,3.030283212661743,3.026664972305298,8.899999618530273
100,2.9747304916381836,2.972214937210083,2.969651222229004,2.967060089111328,2.964453935623169,2.9617919921875,2.959066152572632,2.956383466720581,2.9536969661712646,2.951042413711548,2.9483718872070312,2.945697069168091,2.9430646896362305,2.940467119216919,2.937917709350586,2.935455083847046,2.9330368041992188,2.930687189102173,2.9284372329711914,2.926280975341797,2.9241816997528076,2.922147750854492,2.920199155807495,2.918341875076294,2.91656756401062,2.914807081222534,2.9130632877349854,2.9113523960113525,2.9095993041992188,2.9077870845794678,2.905864715576172,2.90383243560791,2.9016783237457275,2.8993680477142334,2.8968594074249268,2.894191026687622,2.8913707733154297,2.888453722000122,2.885481119155884,2.882505416870117,2.8795816898345947,2.8767032623291016,2.8738186359405518,2.8709208965301514,2.868089437484741,2.8654720783233643,2.863142967224121,2.8610737323760986,2.859233856201172,2.8576908111572266,2.856497049331665,2.855670928955078,2.8551979064941406,2.8550662994384766,2.855283737182617,2.8558168411254883,2.8566291332244873,2.8577420711517334,2.8590919971466064,2.860635757446289,2.8623199462890625,2.864065170288086,2.865873098373413,2.8675920963287354,2.8691060543060303,2.870335340499878,2.871196746826172,2.8716325759887695,2.8716421127319336,2.8712093830108643,2.8704330921173096,2.869361639022827,2.868067741394043,2.8665759563446045,2.8648641109466553,2.862963914871216,2.8608710765838623,2.8586056232452393,2.856206178665161,2.853722333908081,2.8511998653411865,2.8485946655273438,2.845918655395508,2.8431508541107178,2.840280294418335,2.8373451232910156,2.834367513656616,2.831374406814575,2.828348398208618,2.8252995014190674,2.822284698486328,2.8192708492279053,2.816220998764038,2.8131494522094727,2.8100993633270264,2.8071086406707764,2.804151773452759,2.8012313842773438,2.7983367443084717,2.7954418659210205,8.920000076293945
101,2.977376937866211,2.9744510650634766,2.971501350402832,2.968568801879883,2.9656403064727783,2.9627506732940674,2.9598333835601807,2.9569549560546875,2.9541549682617188,2.9514033794403076,2.948640823364258,2.945934295654297,2.9432952404022217,2.9407622814178467,2.9383175373077393,2.9359848499298096,2.933777093887329,2.9316577911376953,2.9296491146087646,2.9278032779693604,2.926088333129883,2.924478530883789,2.9229438304901123,2.921501398086548,2.9201571941375732,2.918870210647583,2.917618989944458,2.916426420211792,2.9151875972747803,2.913851737976074,2.912353277206421,2.910686731338501,2.908818006515503,2.906702995300293,2.904400587081909,2.901932954788208,2.8992908000946045,2.8964977264404297,2.89361834526062,2.8907527923583984,2.8878629207611084,2.8848917484283447,2.8818960189819336,2.879026174545288,2.8764102458953857,2.874069929122925,2.8719899654388428,2.8701794147491455,2.8686463832855225,2.8674890995025635,2.8668174743652344,2.8666961193084717,2.867070198059082,2.867875814437866,2.869133234024048,2.8708102703094482,2.8728551864624023,2.875230073928833,2.8779518604278564,2.8810245990753174,2.884328603744507,2.8877384662628174,2.891125440597534,2.894383192062378,2.8973305225372314,2.8998146057128906,2.90179443359375,2.903233766555786,2.904097318649292,2.904414415359497,2.904283285140991,2.9037773609161377,2.902876615524292,2.9016354084014893,2.9001667499542236,2.8984756469726562,2.8965775966644287,2.8944690227508545,2.8922183513641357,2.8898303508758545,2.887303113937378,2.8846728801727295,2.8819665908813477,2.879166841506958,2.8762598037719727,2.8733034133911133,2.8703343868255615,2.867319107055664,2.864238977432251,2.86116623878479,2.8581087589263916,2.8550262451171875,2.851935625076294,2.848910331726074,2.8459484577178955,2.8429994583129883,2.840095281600952,2.837247133255005,2.834392786026001,2.831494092941284,8.920000076293945
102,3.198925733566284,3.195378065109253,3.1917848587036133,3.188232421875,3.1847333908081055,3.1812546253204346,3.177838087081909,3.1744956970214844,3.171210527420044,3.1679954528808594,3.1648147106170654,3.1616973876953125,3.1587231159210205,3.155879259109497,3.153186798095703,3.15061092376709,3.1481544971466064,3.1458842754364014,3.143850564956665,3.1419517993927,3.140195608139038,3.1385717391967773,3.1371443271636963,3.13588547706604,3.1346938610076904,3.1335220336914062,3.1323976516723633,3.1313107013702393,3.130201578140259,3.128997802734375,3.127575635910034,3.1258604526519775,3.123816728591919,3.1214516162872314,3.1188275814056396,3.1159093379974365,3.112689733505249,3.10929799079895,3.1058127880096436,3.102337121963501,3.098825693130493,3.0952255725860596,3.0915729999542236,3.0880298614501953,3.084789991378784,3.081998109817505,3.079592704772949,3.077500581741333,3.07580304145813,3.0746748447418213,3.0742244720458984,3.074455976486206,3.0753002166748047,3.0767698287963867,3.078878164291382,3.0815165042877197,3.0845744609832764,3.08797550201416,3.0917651653289795,3.095944404602051,3.1004247665405273,3.105043649673462,3.109628915786743,3.113940954208374,3.1178042888641357,3.1210927963256836,3.123753547668457,3.125643491744995,3.126720666885376,3.1270911693573,3.126924514770508,3.1262989044189453,3.125206708908081,3.123645544052124,3.1216840744018555,3.1194188594818115,3.1169135570526123,3.1142044067382812,3.1112804412841797,3.108147621154785,3.1048338413238525,3.1014232635498047,3.097907781600952,3.094212293624878,3.0903446674346924,3.0864169597625732,3.0825393199920654,3.0786056518554688,3.0745346546173096,3.0703811645507812,3.0662477016448975,3.0621845722198486,3.058129072189331,3.054075241088867,3.050048828125,3.0460939407348633,3.0422439575195312,3.038454294204712,3.034658670425415,3.0308055877685547,8.9399995803833
103,2.9866511821746826,2.9838149547576904,2.980966806411743,2.9780890941619873,2.9751908779144287,2.9723060131073,2.969467878341675,2.966651201248169,2.9638450145721436,2.961069107055664,2.958343267440796,2.955645799636841,2.953007936477661,2.950425148010254,2.9479310512542725,2.945528030395508,2.943221092224121,2.9410340785980225,2.938999891281128,2.9370601177215576,2.93521785736084,2.9334933757781982,2.9318673610687256,2.9303598403930664,2.928914785385132,2.9274892807006836,2.9261281490325928,2.924790620803833,2.923414945602417,2.9219484329223633,2.9203312397003174,2.9185125827789307,2.9164812564849854,2.914210081100464,2.9117515087127686,2.909130334854126,2.9063539505004883,2.9034640789031982,2.9005165100097656,2.897514581680298,2.8944709300994873,2.891408920288086,2.8883838653564453,2.885469436645508,2.8827483654022217,2.880295991897583,2.8781347274780273,2.8762340545654297,2.874616861343384,2.873358726501465,2.872584581375122,2.872293710708618,2.8724887371063232,2.873159408569336,2.874262571334839,2.875732183456421,2.877544403076172,2.8796913623809814,2.8821723461151123,2.884956121444702,2.887970209121704,2.8911311626434326,2.8942718505859375,2.8972415924072266,2.8999035358428955,2.902137041091919,2.9038989543914795,2.9051082134246826,2.905778169631958,2.905942916870117,2.9056508541107178,2.904975175857544,2.9039242267608643,2.9025604724884033,2.900925874710083,2.8990604877471924,2.8970067501068115,2.8947932720184326,2.8924503326416016,2.8899614810943604,2.887331008911133,2.8845741748809814,2.881723165512085,2.878781318664551,2.875758409500122,2.8726844787597656,2.8695614337921143,2.8663971424102783,2.863184690475464,2.8599653244018555,2.856701135635376,2.8534352779388428,2.8501949310302734,2.846989393234253,2.843831777572632,2.840700387954712,2.8376312255859375,2.8345794677734375,2.831538438796997,2.8284988403320312,8.9399995803833
104,3.140538454055786,3.1375744342803955,3.1345317363739014,3.1314141750335693,3.12827467918396,3.125148057937622,3.122002601623535,3.1188671588897705,3.115722894668579,3.1125926971435547,3.1094601154327393,3.1063575744628906,3.1033027172088623,3.100290060043335,3.0973386764526367,3.0944690704345703,3.091686248779297,3.089008331298828,3.08638858795166,3.0838708877563477,3.0814621448516846,3.0791666507720947,3.0769574642181396,3.0748202800750732,3.0727529525756836,3.0707361698150635,3.0687553882598877,3.066790819168091,3.06479811668396,3.0627601146698,3.0606167316436768,3.058321237564087,3.0558319091796875,3.053147554397583,3.0502846240997314,3.0472609996795654,3.0441055297851562,3.040858268737793,3.0375125408172607,3.0341403484344482,3.0307464599609375,3.0273640155792236,3.024061918258667,3.0208139419555664,3.0177242755889893,3.0148561000823975,3.012242555618286,3.009892225265503,3.007801055908203,3.0060641765594482,3.0047333240509033,3.0038626194000244,3.0034549236297607,3.0034635066986084,3.003835678100586,3.004521608352661,3.005556344985962,3.0069286823272705,3.008570909500122,3.010470390319824,3.012587308883667,3.0148162841796875,3.017040491104126,3.0191116333007812,3.0209553241729736,3.0224640369415283,3.0235278606414795,3.0241544246673584,3.0242977142333984,3.023977279663086,3.0232105255126953,3.022101402282715,3.020726442337036,3.0190632343292236,3.0171782970428467,3.0150880813598633,3.012798309326172,3.010335922241211,3.007720947265625,3.0050058364868164,3.002171277999878,2.9992549419403076,2.9962730407714844,2.993208169937134,2.9900684356689453,2.986849069595337,2.983586549758911,2.9802920818328857,2.976956367492676,2.973599672317505,2.9702389240264893,2.9668750762939453,2.9634952545166016,2.9601259231567383,2.9568030834198,2.9535443782806396,2.9502944946289062,2.9470560550689697,2.943849802017212,2.9406652450561523,8.9399995803833
105,2.942253351211548,2.9391777515411377,2.9360618591308594,2.932927370071411,2.9298410415649414,2.9268009662628174,2.9237773418426514,2.92077898979187,2.9177942276000977,2.914888381958008,2.9120256900787354,2.909203290939331,2.9064338207244873,2.9037387371063232,2.901137590408325,2.898630142211914,2.896226167678833,2.893939971923828,2.891796827316284,2.8897716999053955,2.8878490924835205,2.8860137462615967,2.8842923641204834,2.8826677799224854,2.8811280727386475,2.879634141921997,2.8781979084014893,2.8767940998077393,2.8753955364227295,2.873929262161255,2.872328519821167,2.870556592941284,2.868586778640747,2.866395950317383,2.864004135131836,2.861445426940918,2.858752965927124,2.8559467792510986,2.8530633449554443,2.850139856338501,2.847219467163086,2.8442938327789307,2.8413379192352295,2.8384220600128174,2.835681200027466,2.8332698345184326,2.8311660289764404,2.829294204711914,2.827669143676758,2.826417922973633,2.8256261348724365,2.8253166675567627,2.825493812561035,2.8261172771453857,2.827130079269409,2.8284828662872314,2.8301782608032227,2.832211494445801,2.834520101547241,2.8371143341064453,2.8399288654327393,2.842878580093384,2.845811128616333,2.8485734462738037,2.8510582447052,2.8531692028045654,2.8548061847686768,2.85591983795166,2.8565151691436768,2.856635332107544,2.8563268184661865,2.855632781982422,2.8545868396759033,2.853253126144409,2.851647138595581,2.8498356342315674,2.847858428955078,2.845719337463379,2.843430280685425,2.8409979343414307,2.838454008102417,2.8358266353607178,2.8331172466278076,2.830289125442505,2.827371597290039,2.8244097232818604,2.8214282989501953,2.818406820297241,2.8153440952301025,2.8122501373291016,2.8091421127319336,2.8060433864593506,2.8029518127441406,2.7999181747436523,2.7969226837158203,2.7939558029174805,2.7910213470458984,2.7881081104278564,2.7852489948272705,2.782381057739258,8.949999809265137
106,3.027104139328003,3.0235815048217773,3.0200443267822266,3.0164692401885986,3.0129194259643555,3.009446859359741,3.0060253143310547,3.002652406692505,2.99932599067688,2.996051073074341,2.9928600788116455,2.989720344543457,2.986643075942993,2.983687162399292,2.980854034423828,2.978146553039551,2.975567579269409,2.9731223583221436,2.970857620239258,2.968733072280884,2.966737747192383,2.9648399353027344,2.963078260421753,2.961451530456543,2.95989990234375,2.958425521850586,2.9570119380950928,2.9556024074554443,2.954150438308716,2.9525787830352783,2.950864791870117,2.9489681720733643,2.9468209743499756,2.944401979446411,2.941737413406372,2.938878297805786,2.9358503818511963,2.9326837062835693,2.929419755935669,2.9261276721954346,2.922849655151367,2.9195640087127686,2.9162485599517822,2.9130048751831055,2.909994125366211,2.907365560531616,2.905071258544922,2.9030494689941406,2.9013469219207764,2.900113105773926,2.8994152545928955,2.8992700576782227,2.8996613025665283,2.9006004333496094,2.902031660079956,2.9038851261138916,2.9061291217803955,2.9087467193603516,2.911726951599121,2.9150326251983643,2.9185903072357178,2.9222652912139893,2.9259116649627686,2.929356813430786,2.9324381351470947,2.935009002685547,2.9370229244232178,2.938410997390747,2.9391777515411377,2.9393794536590576,2.9391021728515625,2.938399076461792,2.93731427192688,2.935896635055542,2.9341678619384766,2.9321506023406982,2.9299001693725586,2.9274845123291016,2.9249260425567627,2.922222852706909,2.919374465942383,2.9164345264434814,2.9133918285369873,2.9102327823638916,2.9069793224334717,2.9036598205566406,2.9003238677978516,2.896956443786621,2.8935630321502686,2.8901522159576416,2.886730194091797,2.883305549621582,2.8798844814300537,2.876507520675659,2.873201608657837,2.8699636459350586,2.8667871952056885,2.863631010055542,2.8604886531829834,2.8573312759399414,8.989999771118164
107,3.213961601257324,3.2108261585235596,3.2076728343963623,3.2045183181762695,3.2013885974884033,3.198227643966675,3.195056915283203,3.1919193267822266,3.1888434886932373,3.1858320236206055,3.182887315750122,3.180009126663208,3.1772143840789795,3.1744956970214844,3.1718759536743164,3.1693830490112305,3.16706919670105,3.164897918701172,3.1628711223602295,3.160984754562378,3.1592319011688232,3.1576194763183594,3.156116485595703,3.1547231674194336,3.1534061431884766,3.1521377563476562,3.150954484939575,3.149761438369751,3.1485297679901123,3.147167921066284,3.1456127166748047,3.1438302993774414,3.1417648792266846,3.1394283771514893,3.1368377208709717,3.1339845657348633,3.1309099197387695,3.127666473388672,3.1243364810943604,3.120966911315918,3.117549180984497,3.1141154766082764,3.1106717586517334,3.1073291301727295,3.104210138320923,3.1014881134033203,3.0991430282592773,3.0971145629882812,3.095425844192505,3.0942113399505615,3.0936238765716553,3.0936615467071533,3.094282865524292,3.0954573154449463,3.0971336364746094,3.099261522293091,3.101778268814087,3.1046829223632812,3.107929229736328,3.1115341186523438,3.1153717041015625,3.1193277835845947,3.123262405395508,3.126979112625122,3.1303482055664062,3.1331682205200195,3.1353886127471924,3.1369361877441406,3.137833833694458,3.1381454467773438,3.1379194259643555,3.1372392177581787,3.136141777038574,3.1346933841705322,3.132951021194458,3.1309337615966797,3.128667116165161,3.1261541843414307,3.1234991550445557,3.1207101345062256,3.1177351474761963,3.114647626876831,3.111435651779175,3.108166456222534,3.1047885417938232,3.1013076305389404,3.0978028774261475,3.094240188598633,3.090677261352539,3.0870563983917236,3.083437919616699,3.0797979831695557,3.076209306716919,3.0726635456085205,3.069159507751465,3.0657284259796143,3.062314748764038,3.058936834335327,3.0555427074432373,3.0521814823150635,9.0
108,2.993591547012329,2.990304946899414,2.987018585205078,2.9837236404418945,2.9804461002349854,2.9771993160247803,2.9739768505096436,2.970768690109253,2.967616081237793,2.9644925594329834,2.9614181518554688,2.9584007263183594,2.955458879470825,2.9526004791259766,2.949850082397461,2.9471938610076904,2.9446487426757812,2.9422104358673096,2.9399213790893555,2.93776798248291,2.9357430934906006,2.9338161945343018,2.931987762451172,2.9302399158477783,2.9285614490509033,2.926928758621216,2.925356864929199,2.9238386154174805,2.92228627204895,2.920639753341675,2.91882586479187,2.916860580444336,2.9147090911865234,2.912330389022827,2.9097554683685303,2.9070119857788086,2.904156446456909,2.9011898040771484,2.8981521129608154,2.8951120376586914,2.892045259475708,2.888934373855591,2.885793924331665,2.8827316761016846,2.8799283504486084,2.8774490356445312,2.875269651412964,2.8733232021331787,2.871657371520996,2.8703715801239014,2.869554281234741,2.869241714477539,2.86944317817688,2.8701179027557373,2.87121319770813,2.872671127319336,2.87447452545166,2.8766047954559326,2.8790295124053955,2.8817291259765625,2.884664535522461,2.8877222537994385,2.8907415866851807,2.893589735031128,2.896132230758667,2.89827561378479,2.8999083042144775,2.901003122329712,2.9015750885009766,2.9016530513763428,2.901287078857422,2.900519609451294,2.899427652359009,2.8980319499969482,2.8963959217071533,2.8945133686065674,2.892443895339966,2.8902108669281006,2.8878345489501953,2.8853378295898438,2.8827273845672607,2.8800032138824463,2.8771839141845703,2.874281167984009,2.871316909790039,2.8683013916015625,2.865269899368286,2.8622219562530518,2.859147071838379,2.8560638427734375,2.8529605865478516,2.849856376647949,2.8467767238616943,2.8437693119049072,2.8408071994781494,2.837878465652466,2.8349838256835938,2.832120656967163,2.829267740249634,2.8264071941375732,9.0
109,3.1696205139160156,3.166275978088379,3.1629180908203125,3.1595699787139893,3.1562061309814453,3.1527984142303467,3.1493961811065674,3.146000623703003,3.1426265239715576,3.1392643451690674,3.1359570026397705,3.1326849460601807,3.1294848918914795,3.1262924671173096,3.123157501220703,3.1201019287109375,3.1172237396240234,3.1144697666168213,3.111879587173462,3.1093857288360596,3.1069812774658203,3.104658842086792,3.102429151535034,3.1002814769744873,3.0982463359832764,3.0962917804718018,3.094413995742798,3.092571973800659,3.0906898975372314,3.088724136352539,3.0866167545318604,3.0843334197998047,3.0818417072296143,3.0791656970977783,3.076282262802124,3.073183059692383,3.0699262619018555,3.0665485858917236,3.0631110668182373,3.059629440307617,3.056133270263672,3.0526421070098877,3.0491342544555664,3.0457046031951904,3.0424530506134033,3.0395090579986572,3.0369150638580322,3.0345897674560547,3.0325629711151123,3.0308849811553955,3.0296666622161865,3.028961181640625,3.028771162033081,3.0290517807006836,3.0297539234161377,3.0308172702789307,3.0322370529174805,3.033968210220337,3.0359888076782227,3.0382626056671143,3.0407345294952393,3.0433475971221924,3.0459625720977783,3.048438310623169,3.050654172897339,3.0524771213531494,3.0538489818573,3.0547053813934326,3.05501651763916,3.0548441410064697,3.0542399883270264,3.0532941818237305,3.0520589351654053,3.0505216121673584,3.0487070083618164,3.0466487407684326,3.044414758682251,3.0420167446136475,3.039478302001953,3.036846876144409,3.0340898036956787,3.0312187671661377,3.0282115936279297,3.025135040283203,3.0219974517822266,3.0187902450561523,3.0155446529388428,3.0122735500335693,3.009002923965454,3.005708932876587,3.0023505687713623,2.9989614486694336,2.995608329772949,2.9923059940338135,2.989060163497925,2.9858462810516357,2.982661008834839,2.979487419128418,2.9762942790985107,2.9731342792510986,9.010000228881836
110,3.34397029876709,3.3404769897460938,3.33693528175354,3.3333404064178467,3.3297836780548096,3.3262579441070557,3.322779417037964,3.319392442703247,3.3160016536712646,3.3126251697540283,3.309345245361328,3.3061294555664062,3.3030030727386475,3.299950361251831,3.2970383167266846,3.294274091720581,3.291672945022583,3.2891876697540283,3.2868874073028564,3.284747362136841,3.282740831375122,3.2808659076690674,3.2791061401367188,3.2774744033813477,3.27597713470459,3.2745444774627686,3.2731475830078125,3.2717278003692627,3.2702205181121826,3.2686259746551514,3.266850471496582,3.264786958694458,3.262432098388672,3.259735107421875,3.256789445877075,3.2535688877105713,3.2500839233398438,3.246424913406372,3.242664337158203,3.238862991333008,3.2350552082061768,3.2311947345733643,3.2273664474487305,3.223679542541504,3.22023868560791,3.217195510864258,3.2145233154296875,3.2122485637664795,3.210383415222168,3.2090399265289307,3.208338499069214,3.2082836627960205,3.2088727951049805,3.210073232650757,3.211815595626831,3.214026689529419,3.2166519165039062,3.2196781635284424,3.223048448562622,3.226691484451294,3.230531930923462,3.234433174133301,3.23827862739563,3.241877794265747,3.245079278945923,3.2477405071258545,3.249760627746582,3.2510833740234375,3.251708984375,3.251694440841675,3.2511470317840576,3.2501437664031982,3.2487239837646484,3.246929168701172,3.2448318004608154,3.2425003051757812,3.2398974895477295,3.237041711807251,3.2340285778045654,3.2308647632598877,3.227609634399414,3.22418475151062,3.22064471244812,3.217003107070923,3.213231325149536,3.2094533443450928,3.205643653869629,3.2017810344696045,3.1978161334991455,3.1937921047210693,3.1897971630096436,3.1858232021331787,3.181861162185669,3.17791748046875,3.1740143299102783,3.170159101486206,3.1663782596588135,3.1626389026641846,3.1589202880859375,3.1551830768585205,9.029999732971191
111,2.849628448486328,2.8468916416168213,2.844142198562622,2.8413970470428467,2.838669776916504,2.8359792232513428,2.8333187103271484,2.8306992053985596,2.828087568283081,2.825497627258301,2.8229541778564453,2.8204586505889893,2.8180437088012695,2.8157005310058594,2.8134429454803467,2.8112704753875732,2.8091838359832764,2.8071975708007812,2.805330514907837,2.8035717010498047,2.8019182682037354,2.800347089767456,2.798875570297241,2.7974698543548584,2.79612135887146,2.794818639755249,2.7935478687286377,2.792290687561035,2.7910115718841553,2.789656400680542,2.788188934326172,2.7865848541259766,2.7848222255706787,2.7828848361968994,2.780810594558716,2.778601884841919,2.7762935161590576,2.7739152908325195,2.7715141773223877,2.7691290378570557,2.766723394393921,2.7642128467559814,2.7616329193115234,2.7591352462768555,2.7569103240966797,2.755032777786255,2.7534046173095703,2.7519397735595703,2.750657320022583,2.7497024536132812,2.749171257019043,2.7490615844726562,2.749359130859375,2.7500202655792236,2.751042127609253,2.7523868083953857,2.7540063858032227,2.7558867931365967,2.7580325603485107,2.760441541671753,2.763026237487793,2.765671491622925,2.768265962600708,2.7707290649414062,2.772941827774048,2.774791717529297,2.7762210369110107,2.7772223949432373,2.777804374694824,2.777972459793091,2.7777817249298096,2.7772772312164307,2.7765071392059326,2.7754757404327393,2.774235725402832,2.7728188037872314,2.77126145362854,2.769578218460083,2.7677881717681885,2.7658913135528564,2.763901710510254,2.761813163757324,2.7596638202667236,2.7574522495269775,2.755171775817871,2.752889633178711,2.7506048679351807,2.748302698135376,2.745958089828491,2.7435951232910156,2.741262197494507,2.7389328479766846,2.7366278171539307,2.7343690395355225,2.7321529388427734,2.729968786239624,2.7277944087982178,2.7256650924682617,2.723515510559082,2.721360921859741,9.029999732971191
112,3.175109624862671,3.1718547344207764,3.168574094772339,3.1652719974517822,3.162005662918091,3.1587626934051514,3.1555216312408447,3.1522905826568604,3.149057626724243,3.1458890438079834,3.142749071121216,3.1396796703338623,3.136681318283081,3.1337554454803467,3.130938768386841,3.128206968307495,3.1255576610565186,3.1230199337005615,3.120619773864746,3.118389129638672,3.1162984371185303,3.114331007003784,3.1124751567840576,3.110696792602539,3.108966588973999,3.107306718826294,3.105727434158325,3.104182481765747,3.1026039123535156,3.1009132862091064,3.099076986312866,3.09704852104187,3.0947792530059814,3.092275619506836,3.089553117752075,3.086618423461914,3.0835249423980713,3.0803349018096924,3.0770962238311768,3.0738277435302734,3.07049822807312,3.0671157836914062,3.0637528896331787,3.060513734817505,3.0575389862060547,3.0548951625823975,3.052593469619751,3.050563097000122,3.0488386154174805,3.047520875930786,3.0466930866241455,3.0464508533477783,3.0467450618743896,3.0475425720214844,3.0487887859344482,3.0504238605499268,3.0524165630340576,3.0547597408294678,3.057421922683716,3.060346841812134,3.063472032546997,3.0667197704315186,3.069995641708374,3.0730903148651123,3.0758304595947266,3.0780773162841797,3.0797970294952393,3.0810136795043945,3.08166766166687,3.0817959308624268,3.081451416015625,3.080683469772339,3.0795657634735107,3.0781166553497314,3.0763962268829346,3.074432611465454,3.072258710861206,3.0699119567871094,3.0674149990081787,3.064793348312378,3.062005043029785,3.0591020584106445,3.0560691356658936,3.052964210510254,3.0498239994049072,3.0466468334198,3.043423891067505,3.040114164352417,3.036756753921509,3.0333893299102783,3.0300095081329346,3.0266239643096924,3.0232608318328857,3.0199766159057617,3.0167627334594727,3.0135576725006104,3.010371446609497,3.0072145462036133,3.0040969848632812,3.0009777545928955,9.039999961853027
113,2.912456750869751,2.9095675945281982,2.906627655029297,2.903632879257202,2.900620460510254,2.8975894451141357,2.8945648670196533,2.8915443420410156,2.8884952068328857,2.8854382038116455,2.882369041442871,2.8792850971221924,2.876225233078003,2.873196840286255,2.870224714279175,2.86730694770813,2.8644540309906006,2.8616631031036377,2.858930826187134,2.8562707901000977,2.85367751121521,2.851165771484375,2.848736047744751,2.8463709354400635,2.8440821170806885,2.841827154159546,2.8395774364471436,2.8373630046844482,2.8351516723632812,2.8329155445098877,2.830585241317749,2.8281352519989014,2.8255622386932373,2.8228578567504883,2.820030927658081,2.8170766830444336,2.814030408859253,2.8109500408172607,2.807863235473633,2.804805040359497,2.8017189502716064,2.7986137866973877,2.795515298843384,2.7924702167510986,2.789566993713379,2.7868757247924805,2.7844316959381104,2.7821877002716064,2.7801239490509033,2.778287172317505,2.7767531871795654,2.775545120239258,2.774674654006958,2.7741222381591797,2.773883104324341,2.7738873958587646,2.7741243839263916,2.7745416164398193,2.7751617431640625,2.775968313217163,2.7769107818603516,2.777956008911133,2.7790002822875977,2.779974937438965,2.780764579772949,2.7812788486480713,2.781480550765991,2.781346082687378,2.7808730602264404,2.780130386352539,2.7791450023651123,2.7779505252838135,2.7765254974365234,2.7748794555664062,2.7730634212493896,2.771103858947754,2.7690422534942627,2.7668864727020264,2.7646644115448,2.762385606765747,2.760035276412964,2.757603645324707,2.75508189201355,2.7524821758270264,2.749829053878784,2.7471625804901123,2.7444889545440674,2.741802215576172,2.7390835285186768,2.736332893371582,2.7335445880889893,2.7307512760162354,2.727968215942383,2.725215196609497,2.7225000858306885,2.719820022583008,2.717177629470825,2.71451735496521,2.711838722229004,2.709149122238159,9.039999961853027
114,3.0957937240600586,3.0928452014923096,3.0898401737213135,3.086822271347046,3.0838329792022705,3.080857515335083,3.077895164489746,3.0749685764312744,3.0720508098602295,3.0691730976104736,3.0663273334503174,3.0635414123535156,3.0608606338500977,3.0582497119903564,3.055739641189575,3.0533134937286377,3.0509955883026123,3.0488204956054688,3.0467793941497803,3.044865369796753,3.0430901050567627,3.041424036026001,3.0399112701416016,3.038482666015625,3.0371131896972656,3.0358171463012695,3.0345773696899414,3.0333616733551025,3.0321006774902344,3.030733823776245,3.029228925704956,3.027519464492798,3.025541067123413,3.0233030319213867,3.020812749862671,3.0180864334106445,3.015169143676758,3.012126922607422,3.0090034008026123,3.0058419704437256,3.0026369094848633,2.999403953552246,2.9961366653442383,2.992948293685913,2.990006685256958,2.9874210357666016,2.9851558208465576,2.983151435852051,2.9814536571502686,2.9801905155181885,2.9794483184814453,2.979271173477173,2.9796230792999268,2.980518341064453,2.981872320175171,2.9836928844451904,2.985903024673462,2.9884707927703857,2.991363286972046,2.994582176208496,2.9980671405792236,3.0016987323760986,3.0053460597991943,3.0088016986846924,3.0119240283966064,3.0145981311798096,3.0167016983032227,3.018216133117676,3.0191023349761963,3.0194365978240967,3.0192668437957764,3.018648862838745,3.0176525115966797,3.016305923461914,3.0146496295928955,3.0127182006835938,3.0105440616607666,3.008181571960449,3.00566029548645,3.002985715866089,3.000157117843628,2.9971914291381836,2.9941272735595703,2.9909465312957764,2.9876842498779297,2.9843597412109375,2.980987548828125,2.977550506591797,2.974071502685547,2.9706003665924072,2.967118501663208,2.9636118412017822,2.960120916366577,2.956663131713867,2.9532687664031982,2.949920892715454,2.9466114044189453,2.9433393478393555,2.9401028156280518,2.9368736743927,9.0600004196167
115,2.8910624980926514,2.8883676528930664,2.8856618404388428,2.882930040359497,2.8801844120025635,2.877438545227051,2.874720811843872,2.8720407485961914,2.8693645000457764,2.866666078567505,2.8639872074127197,2.8613622188568115,2.858793258666992,2.8562774658203125,2.853825330734253,2.8514578342437744,2.849193811416626,2.8469951152801514,2.844879150390625,2.842859983444214,2.840970754623413,2.8391711711883545,2.8374574184417725,2.8358144760131836,2.834240674972534,2.8326938152313232,2.8311655521392822,2.8296613693237305,2.82814621925354,2.8265626430511475,2.8248560428619385,2.8230209350585938,2.8210277557373047,2.8188741207122803,2.8165504932403564,2.8140926361083984,2.8115227222442627,2.808870553970337,2.8061790466308594,2.803501844406128,2.800794839859009,2.798022508621216,2.795184373855591,2.7924232482910156,2.789889335632324,2.7876503467559814,2.785677671432495,2.7838923931121826,2.782311201095581,2.781031608581543,2.780139923095703,2.7796716690063477,2.7795965671539307,2.779905319213867,2.7805871963500977,2.7815799713134766,2.7828633785247803,2.7843940258026123,2.786172866821289,2.788191795349121,2.7904129028320312,2.7927255630493164,2.795044183731079,2.7972259521484375,2.7991867065429688,2.800814390182495,2.8020293712615967,2.802809715270996,2.803129196166992,2.803063154220581,2.8026351928710938,2.8019001483917236,2.8009073734283447,2.7996368408203125,2.798137664794922,2.7964563369750977,2.7946321964263916,2.7926580905914307,2.7905466556549072,2.7883479595184326,2.7860729694366455,2.783703565597534,2.781226873397827,2.7786941528320312,2.776111364364624,2.7734949588775635,2.7708444595336914,2.7681782245635986,2.7654831409454346,2.7627594470977783,2.760035753250122,2.7573306560516357,2.7546441555023193,2.7519729137420654,2.749345541000366,2.7467496395111084,2.744192361831665,2.7416627407073975,2.7391350269317627,2.736612558364868,9.069999694824219
116,3.3801066875457764,3.37688946723938,3.3736937046051025,3.370525360107422,3.367295026779175,3.364057779312134,3.3608410358428955,3.357661008834839,3.35455584526062,3.351485013961792,3.3484277725219727,3.3454713821411133,3.3425729274749756,3.339797258377075,3.337134599685669,3.3345558643341064,3.332127332687378,3.329899549484253,3.327862024307251,3.3259782791137695,3.324183702468872,3.322523832321167,3.321004867553711,3.3196020126342773,3.318251609802246,3.316948652267456,3.3156816959381104,3.314436912536621,3.313141107559204,3.3116652965545654,3.30997371673584,3.3080437183380127,3.305791139602661,3.303272247314453,3.300452470779419,3.2974131107330322,3.2941815853118896,3.290818452835083,3.287379264831543,3.2838659286499023,3.280245542526245,3.2766196727752686,3.273066520690918,3.269700288772583,3.266650915145874,3.2639501094818115,3.2615787982940674,3.25957989692688,3.2580435276031494,3.257052183151245,3.2566473484039307,3.2568747997283936,3.2577579021453857,3.259234666824341,3.2612411975860596,3.263686418533325,3.2665958404541016,3.2698967456817627,3.2735965251922607,3.2776362895965576,3.281921148300171,3.2862565517425537,3.2904443740844727,3.2943613529205322,3.297879457473755,3.300847291946411,3.303112030029297,3.3046958446502686,3.3055741786956787,3.3058459758758545,3.305537462234497,3.304767608642578,3.3035647869110107,3.301973342895508,3.300060272216797,3.2978782653808594,3.2955000400543213,3.2928850650787354,3.2900474071502686,3.287080764770508,3.2839725017547607,3.280731201171875,3.277353286743164,3.273859977722168,3.270343780517578,3.266716241836548,3.263068437576294,3.259368896484375,3.2556495666503906,3.2518808841705322,3.2481181621551514,3.244431257247925,3.2407588958740234,3.2371177673339844,3.2335140705108643,3.2300097942352295,3.2265052795410156,3.2230684757232666,3.219693183898926,3.216273546218872,9.069999694824219
117,3.4348866939544678,3.431203842163086,3.4275338649749756,3.423849105834961,3.4201695919036865,3.4165143966674805,3.412909746170044,3.4093167781829834,3.4057788848876953,3.402256727218628,3.3988285064697266,3.3955001831054688,3.392268180847168,3.3891115188598633,3.3860371112823486,3.3831160068511963,3.38041090965271,3.377814531326294,3.375392198562622,3.3731651306152344,3.3710854053497314,3.3691799640655518,3.3673925399780273,3.3656961917877197,3.3640899658203125,3.362513303756714,3.3610150814056396,3.3595616817474365,3.3579928874969482,3.356276750564575,3.3543336391448975,3.352134943008423,3.349625825881958,3.3467845916748047,3.3436548709869385,3.340284585952759,3.3366758823394775,3.3328945636749268,3.32902455329895,3.3251330852508545,3.321211814880371,3.317275047302246,3.3133487701416016,3.3095972537994385,3.3061153888702393,3.3030664920806885,3.3004133701324463,3.298149347305298,3.296255111694336,3.2949562072753906,3.2943274974823,3.294372797012329,3.295067548751831,3.2963762283325195,3.2982609272003174,3.3006019592285156,3.30332350730896,3.3064568042755127,3.3100128173828125,3.313887596130371,3.3179781436920166,3.3221170902252197,3.326129674911499,3.329815626144409,3.3330390453338623,3.3356170654296875,3.337496757507324,3.3386430740356445,3.3391237258911133,3.339034080505371,3.3383312225341797,3.337127923965454,3.335512161254883,3.3335602283477783,3.3312644958496094,3.3286869525909424,3.325885057449341,3.322892189025879,3.3197193145751953,3.3163750171661377,3.3128745555877686,3.3092660903930664,3.3055641651153564,3.3017923831939697,3.297931671142578,3.294001817703247,3.2900145053863525,3.2859995365142822,3.2819440364837646,3.2778751850128174,3.273852586746216,3.269845962524414,3.265859365463257,3.261911630630493,3.258038282394409,3.254215955734253,3.2504119873046875,3.2466392517089844,3.242893934249878,3.2392196655273438,9.069999694824219
118,3.258451223373413,3.2551498413085938,3.251776695251465,3.248410224914551,3.2450625896453857,3.241736650466919,3.238424301147461,3.235126495361328,3.231867551803589,3.228701591491699,3.2255451679229736,3.2224252223968506,3.219406843185425,3.2164840698242188,3.213663339614868,3.2109835147857666,3.2084224224090576,3.206002950668335,3.2037696838378906,3.2016801834106445,3.1997177600860596,3.1978836059570312,3.196176767349243,3.194607973098755,3.1931331157684326,3.1916940212249756,3.1902685165405273,3.188875913619995,3.187457799911499,3.185946464538574,3.1842586994171143,3.182288408279419,3.180044174194336,3.1775171756744385,3.174727439880371,3.17171311378479,3.1685025691986084,3.165149450302124,3.1617119312286377,3.1582047939300537,3.1546361446380615,3.151003837585449,3.1473960876464844,3.144002676010132,3.140906572341919,3.1381778717041016,3.135740280151367,3.1336071491241455,3.1318702697753906,3.130636215209961,3.1300222873687744,3.1300203800201416,3.1306068897247314,3.1318321228027344,3.133523941040039,3.1356496810913086,3.138157606124878,3.1410763263702393,3.1443748474121094,3.1479644775390625,3.1517724990844727,3.1557133197784424,3.159571647644043,3.163158416748047,3.166369676589966,3.169100522994995,3.1712284088134766,3.1726787090301514,3.1734845638275146,3.173762559890747,3.1735193729400635,3.172772169113159,3.1716372966766357,3.170159101486206,3.1683876514434814,3.166351318359375,3.1641082763671875,3.1616859436035156,3.159109354019165,3.1563634872436523,3.1534805297851562,3.150451421737671,3.147310972213745,3.1440646648406982,3.1407575607299805,3.137425184249878,3.1340558528900146,3.130624771118164,3.127150297164917,3.1236331462860107,3.120070219039917,3.1165504455566406,3.1131093502044678,3.109689712524414,3.106261968612671,3.1028616428375244,3.0995655059814453,3.0963022708892822,3.0930042266845703,3.0897505283355713,9.079999923706055
119,3.240126609802246,3.236684799194336,3.233189582824707,3.2296836376190186,3.2261569499969482,3.2226431369781494,3.2191669940948486,3.21576189994812,3.212355852127075,3.208944320678711,3.2055912017822266,3.202303886413574,3.199084997177124,3.195970296859741,3.1929562091827393,3.190114974975586,3.1874325275421143,3.184859037399292,3.1824283599853516,3.1801135540008545,3.177960157394409,3.1759517192840576,3.174060821533203,3.1722800731658936,3.170630693435669,3.169060468673706,3.1675198078155518,3.1659767627716064,3.164412498474121,3.1627771854400635,3.1609718799591064,3.1589431762695312,3.156646728515625,3.154086112976074,3.1512629985809326,3.1481826305389404,3.1448967456817627,3.141465425491333,3.1379735469818115,3.134455442428589,3.1308650970458984,3.1271908283233643,3.1235249042510986,3.120007276535034,3.1167657375335693,3.113858461380005,3.11128306388855,3.10903263092041,3.1071996688842773,3.1058475971221924,3.1050498485565186,3.1048338413238525,3.1052167415618896,3.106220245361328,3.107795476913452,3.109837770462036,3.1122941970825195,3.115128755569458,3.1183509826660156,3.1218855381011963,3.125685453414917,3.129629135131836,3.133546829223633,3.13730788230896,3.1407015323638916,3.1435840129852295,3.1458740234375,3.147502899169922,3.1484978199005127,3.148848533630371,3.1486575603485107,3.147960901260376,3.146868944168091,3.1454102993011475,3.1436004638671875,3.1415069103240967,3.139158248901367,3.1365785598754883,3.133829355239868,3.130964994430542,3.12797474861145,3.1247997283935547,3.121464490890503,3.1180403232574463,3.1145458221435547,3.110982894897461,3.107328414916992,3.103624105453491,3.099856376647949,3.096081495285034,3.092320442199707,3.088521718978882,3.084749460220337,3.08099365234375,3.077284574508667,3.0736234188079834,3.0699822902679443,3.066382646560669,3.062816619873047,3.059307813644409,9.100000381469727
120,3.1825177669525146,3.1788055896759033,3.1750781536102295,3.171367883682251,3.167661666870117,3.1639697551727295,3.1603267192840576,3.1567296981811523,3.1532135009765625,3.1497442722320557,3.1463184356689453,3.142971992492676,3.139702558517456,3.1365139484405518,3.133462905883789,3.130518674850464,3.127737045288086,3.125096559524536,3.1225967407226562,3.1202690601348877,3.1180856227874756,3.116032361984253,3.114057779312134,3.112168550491333,3.1104066371917725,3.108736991882324,3.1071300506591797,3.1055381298065186,3.103914260864258,3.1021804809570312,3.1002609729766846,3.0981380939483643,3.0958025455474854,3.093250274658203,3.090449571609497,3.0874195098876953,3.0841779708862305,3.0808229446411133,3.0773847103118896,3.073922872543335,3.070420026779175,3.0668888092041016,3.06337833404541,3.059954881668091,3.0567824840545654,3.0539751052856445,3.0515105724334717,3.0493555068969727,3.0475447177886963,3.046173095703125,3.04536509513855,3.045152425765991,3.045520544052124,3.0464255809783936,3.0477638244628906,3.0495212078094482,3.0516700744628906,3.0541772842407227,3.0570106506347656,3.060136556625366,3.063491106033325,3.0669448375701904,3.0703165531158447,3.0734703540802,3.0762786865234375,3.078625440597534,3.080408811569214,3.081563949584961,3.082129716873169,3.082123041152954,3.08160138130188,3.0806758403778076,3.079399824142456,3.0778112411499023,3.0759031772613525,3.0737695693969727,3.0714282989501953,3.0689010620117188,3.0661990642547607,3.0633347034454346,3.060365676879883,3.057283639907837,3.054117441177368,3.0508604049682617,3.0475451946258545,3.044168710708618,3.040752410888672,3.0373013019561768,3.0338175296783447,3.030316114425659,3.0268123149871826,3.023340940475464,3.019885778427124,3.0164477825164795,3.013042449951172,3.0097053050994873,3.006427049636841,3.003159523010254,2.9999001026153564,2.996635675430298,9.100000381469727
121,3.075075149536133,3.072111129760742,3.069150924682617,3.066169023513794,3.063194990158081,3.060211181640625,3.0572350025177,3.0542843341827393,3.0513665676116943,3.048497438430786,3.0456693172454834,3.0428879261016846,3.0401837825775146,3.0375654697418213,3.035029172897339,3.032572031021118,3.0302255153656006,3.028017997741699,3.0259625911712646,3.024036407470703,3.022205114364624,3.0204601287841797,3.0188064575195312,3.0172550678253174,3.015807867050171,3.014423370361328,3.0130817890167236,3.0117502212524414,3.0103695392608643,3.0088891983032227,3.007258415222168,3.0054380893707275,3.003403902053833,3.0011351108551025,2.9986400604248047,2.9959564208984375,2.993102788925171,2.9901046752929688,2.9870269298553467,2.9839134216308594,2.980799674987793,2.9776766300201416,2.97454833984375,2.971487045288086,2.9686172008514404,2.9660463333129883,2.963789701461792,2.9618146419525146,2.9601423740386963,2.95890212059021,2.9581830501556396,2.95797061920166,2.958249807357788,2.9590137004852295,2.960219621658325,2.9617812633514404,2.9636993408203125,2.966005325317383,2.9686717987060547,2.971644163131714,2.974802017211914,2.9780683517456055,2.9813015460968018,2.984349012374878,2.987091302871704,2.9893901348114014,2.9911842346191406,2.9923956394195557,2.993025541305542,2.9931294918060303,2.9927570819854736,2.991978883743286,2.990849256515503,2.9894111156463623,2.9877235889434814,2.9857771396636963,2.983607530593872,2.9812545776367188,2.978748083114624,2.9761135578155518,2.973335027694702,2.970461130142212,2.967515230178833,2.964484453201294,2.9613540172576904,2.958155393600464,2.95489239692688,2.9515838623046875,2.9482486248016357,2.944927930831909,2.941638231277466,2.9383270740509033,2.9350078105926514,2.9317033290863037,2.9284422397613525,2.925226926803589,2.9220798015594482,2.9189651012420654,2.915886640548706,2.9128053188323975,9.100000381469727
122,3.28723406791687,3.2830963134765625,3.278932809829712,3.2747609615325928,3.270585775375366,3.2664241790771484,3.2622945308685303,3.2581875324249268,3.2541258335113525,3.250131368637085,3.2462351322174072,3.242363691329956,3.238527297973633,3.2347729206085205,3.2311699390411377,3.227668046951294,3.224315881729126,3.2210988998413086,3.2180566787719727,3.215147018432617,3.2123517990112305,3.2097361087799072,3.2072391510009766,3.204843521118164,3.2025203704833984,3.200270652770996,3.1980724334716797,3.1958987712860107,3.19366455078125,3.1913301944732666,3.1888179779052734,3.1860969066619873,3.183180809020996,3.1800334453582764,3.17669677734375,3.173135995864868,3.1693966388702393,3.1655492782592773,3.161651849746704,3.1577186584472656,3.1537301540374756,3.1497156620025635,3.145763635635376,3.1419379711151123,3.1383697986602783,3.135155439376831,3.132277250289917,3.1297123432159424,3.1274688243865967,3.1257126331329346,3.1245052814483643,3.1238632202148438,3.1237690448760986,3.1242001056671143,3.1251087188720703,3.1264543533325195,3.12817120552063,3.1302731037139893,3.132709503173828,3.1354589462280273,3.1384308338165283,3.1414873600006104,3.144505262374878,3.1473147869110107,3.1497907638549805,3.151787519454956,3.1532208919525146,3.1540873050689697,3.154370069503784,3.1541080474853516,3.153348684310913,3.152174234390259,3.150639295578003,3.148806571960449,3.146664619445801,3.1442813873291016,3.1416633129119873,3.1388776302337646,3.1359691619873047,3.132903814315796,3.1297152042388916,3.1263883113861084,3.1229665279388428,3.119427442550659,3.11582350730896,3.1121578216552734,3.1084978580474854,3.104822874069214,3.1010959148406982,3.097334146499634,3.093534231185913,3.0897934436798096,3.0860633850097656,3.0823814868927,3.0787265300750732,3.0751121044158936,3.0715653896331787,3.068053960800171,3.064578056335449,3.061103582382202,9.109999656677246
123,3.004643678665161,3.0016963481903076,2.998704671859741,2.9957101345062256,2.9927127361297607,2.989718437194824,2.986738920211792,2.983785390853882,2.9808833599090576,2.978024482727051,2.9752044677734375,2.9724254608154297,2.9697229862213135,2.9671010971069336,2.964553117752075,2.9621222019195557,2.959792375564575,2.9575884342193604,2.9555060863494873,2.9535491466522217,2.951707124710083,2.949965238571167,2.948310613632202,2.946753740310669,2.9452927112579346,2.943903923034668,2.9425480365753174,2.941215753555298,2.939831495285034,2.938340902328491,2.936688184738159,2.9348504543304443,2.932819366455078,2.9305760860443115,2.9281322956085205,2.92551589012146,2.922717332839966,2.9197914600372314,2.9167544841766357,2.9137115478515625,2.9106643199920654,2.9076271057128906,2.9046103954315186,2.9016497135162354,2.8988683223724365,2.896357774734497,2.8941547870635986,2.892240285873413,2.890622138977051,2.889392614364624,2.8886477947235107,2.8884084224700928,2.888659715652466,2.889373779296875,2.890519380569458,2.892054796218872,2.8939144611358643,2.896104097366333,2.898616075515747,2.9014484882354736,2.9045181274414062,2.907655715942383,2.9107377529144287,2.9136524200439453,2.9163029193878174,2.918534517288208,2.9202349185943604,2.9214026927948,2.922024965286255,2.9221439361572266,2.921797752380371,2.9210567474365234,2.919970750808716,2.918550491333008,2.9168994426727295,2.9150359630584717,2.9129579067230225,2.9106409549713135,2.908156633377075,2.905562400817871,2.902846097946167,2.900024175643921,2.897099256515503,2.894087791442871,2.8910112380981445,2.8878602981567383,2.884653091430664,2.8813912868499756,2.8781044483184814,2.8748233318328857,2.8715388774871826,2.8682548999786377,2.8649635314941406,2.8616981506347656,2.8584988117218018,2.8553550243377686,2.852252244949341,2.849170446395874,2.8461244106292725,2.8431007862091064,9.109999656677246
124,3.331998825073242,3.3286142349243164,3.325178861618042,3.3216354846954346,3.3181207180023193,3.3146145343780518,3.3110997676849365,3.3075907230377197,3.304077386856079,3.30060076713562,3.2972326278686523,3.293868064880371,3.2905566692352295,3.287311553955078,3.2841968536376953,3.2811977863311768,3.2782905101776123,3.2754361629486084,3.2727041244506836,3.2701761722564697,3.2678165435791016,3.2655067443847656,3.2633094787597656,3.261183738708496,3.259183645248413,3.2572314739227295,3.2552859783172607,3.25335693359375,3.2514266967773438,3.249391555786133,3.2472524642944336,3.24491810798645,3.2423298358917236,3.2395145893096924,3.2364261150360107,3.233164072036743,3.229741096496582,3.2262051105499268,3.2225844860076904,3.2189064025878906,3.2152252197265625,3.2115390300750732,3.2078428268432617,3.20422625541687,3.2008326053619385,3.1978600025177,3.1952321529388428,3.1928577423095703,3.190742254257202,3.1890695095062256,3.1879684925079346,3.1874265670776367,3.187391996383667,3.187851667404175,3.188770055770874,3.190117597579956,3.191859245300293,3.1938915252685547,3.1961748600006104,3.1986942291259766,3.201486587524414,3.2044475078582764,3.20740008354187,3.210095167160034,3.2124111652374268,3.214294195175171,3.2157399654388428,3.2166364192962646,3.2169599533081055,3.2167351245880127,3.216107130050659,3.215108633041382,3.2137644290924072,3.212099075317383,3.21010422706604,3.207892417907715,3.2055044174194336,3.2029740810394287,3.200294256210327,3.197446823120117,3.194443941116333,3.191343307495117,3.188161849975586,3.1849091053009033,3.181572914123535,3.1781532764434814,3.174736261367798,3.1712844371795654,3.16778826713562,3.164224863052368,3.160632371902466,3.157085418701172,3.1536052227020264,3.150129556655884,3.1466426849365234,3.1431710720062256,3.1397712230682373,3.136411666870117,3.1330509185791016,3.1297366619110107,9.140000343322754
125,2.9442834854125977,2.941971778869629,2.939596176147461,2.9372177124023438,2.9348533153533936,2.932513475418091,2.930161714553833,2.9278221130371094,2.9254868030548096,2.9231746196746826,2.920869827270508,2.918605089187622,2.9164133071899414,2.9142990112304688,2.912243604660034,2.9102783203125,2.908400297164917,2.906599283218384,2.904902458190918,2.9033260345458984,2.901867628097534,2.9005138874053955,2.8992252349853516,2.8980026245117188,2.896841049194336,2.8957102298736572,2.8946287631988525,2.893568754196167,2.8924801349639893,2.8913137912750244,2.8900012969970703,2.88850998878479,2.886815071105957,2.88494610786438,2.882902145385742,2.880707025527954,2.878323554992676,2.8758456707000732,2.8733160495758057,2.870760679244995,2.8681724071502686,2.8655269145965576,2.862840414047241,2.8602256774902344,2.8578195571899414,2.855712652206421,2.853876829147339,2.8522660732269287,2.8508975505828857,2.849867582321167,2.8492660522460938,2.8491296768188477,2.8494417667388916,2.85018253326416,2.8512933254241943,2.8527135848999023,2.854435682296753,2.8564529418945312,2.8587472438812256,2.8612754344940186,2.8639872074127197,2.8668174743652344,2.8696181774139404,2.8722763061523438,2.8746490478515625,2.876661539077759,2.878230333328247,2.8793039321899414,2.8798930644989014,2.8800346851348877,2.879788637161255,2.8791847229003906,2.8782589435577393,2.8770370483398438,2.875600814819336,2.8739559650421143,2.8721539974212646,2.87019419670105,2.868117094039917,2.865906000137329,2.8635623455047607,2.8610775470733643,2.8585262298583984,2.8559210300445557,2.8532602787017822,2.8505403995513916,2.8477542400360107,2.8449604511260986,2.8421242237091064,2.839279890060425,2.8364009857177734,2.8335530757904053,2.830718994140625,2.8279244899749756,2.8251678943634033,2.8224258422851562,2.81972599029541,2.817018747329712,2.8143856525421143,2.811767578125,9.140000343322754
126,3.2536211013793945,3.2500336170196533,3.2464096546173096,3.242797613143921,3.239211082458496,3.2356185913085938,3.2320096492767334,3.2283823490142822,3.22478985786438,3.2212741374969482,3.2178118228912354,3.2143890857696533,3.211019515991211,3.2077319622039795,3.2045605182647705,3.2014682292938232,3.1984965801239014,3.195626974105835,3.1929256916046143,3.1903884410858154,3.1879985332489014,3.185755968093872,3.183629035949707,3.18159556388855,3.179640054702759,3.1777536869049072,3.1759064197540283,3.1740849018096924,3.1722536087036133,3.170365571975708,3.168309211730957,3.1660423278808594,3.1635005474090576,3.1606690883636475,3.1575698852539062,3.1542484760284424,3.1507368087768555,3.147132635116577,3.143397331237793,3.139615058898926,3.1357500553131104,3.131882429122925,3.128075361251831,3.124375343322754,3.1208536624908447,3.117664098739624,3.1148693561553955,3.11238694190979,3.1101996898651123,3.1084470748901367,3.1072661876678467,3.1066997051239014,3.106717824935913,3.107302665710449,3.108405351638794,3.1099250316619873,3.1117990016937256,3.1139981746673584,3.1165263652801514,3.119367837905884,3.122499465942383,3.1257717609405518,3.1289970874786377,3.132014274597168,3.1347057819366455,3.136927604675293,3.1385819911956787,3.1396398544311523,3.1401405334472656,3.1401195526123047,3.1395416259765625,3.1385107040405273,3.1371212005615234,3.135385274887085,3.1333236694335938,3.130985975265503,3.128480911254883,3.1258013248443604,3.1229026317596436,3.119839668273926,3.116623878479004,3.113316297531128,3.1098897457122803,3.106367826461792,3.1027767658233643,3.0991008281707764,3.095329999923706,3.091478109359741,3.0875751972198486,3.0836379528045654,3.0796632766723633,3.075712203979492,3.0718276500701904,3.0679919719696045,3.0641841888427734,3.0603649616241455,3.0565738677978516,3.0528061389923096,3.049070358276367,3.0454089641571045,9.140000343322754
127,3.194927930831909,3.1912357807159424,3.1874892711639404,3.1837804317474365,3.1801252365112305,3.1764557361602783,3.1728274822235107,3.1692094802856445,3.1656486988067627,3.162177801132202,3.158757448196411,3.1554031372070312,3.1521034240722656,3.1488616466522217,3.145733594894409,3.142759084701538,3.13995099067688,3.137315511703491,3.1348371505737305,3.132460594177246,3.13021183013916,3.1280946731567383,3.126098871231079,3.1242034435272217,3.1223814487457275,3.120650053024292,3.119025230407715,3.1174328327178955,3.115797996520996,3.114034652709961,3.112105369567871,3.109975576400757,3.1075737476348877,3.1049411296844482,3.1020967960357666,3.0990829467773438,3.0958683490753174,3.0924646854400635,3.088954210281372,3.0854594707489014,3.081995964050293,3.078483819961548,3.074871063232422,3.071340799331665,3.068087577819824,3.065260648727417,3.0627777576446533,3.0605580806732178,3.0586655139923096,3.0572516918182373,3.0564095973968506,3.0561444759368896,3.056427240371704,3.0572426319122314,3.058471918106079,3.060105323791504,3.062121629714966,3.0645103454589844,3.0672607421875,3.0703084468841553,3.073575258255005,3.076946496963501,3.080232620239258,3.0833206176757812,3.0860354900360107,3.0883102416992188,3.0900542736053467,3.0912179946899414,3.0917816162109375,3.0917844772338867,3.091313600540161,3.0904128551483154,3.089139223098755,3.0875518321990967,3.0857086181640625,3.0836212635040283,3.0813381671905518,3.0788543224334717,3.076195478439331,3.0733773708343506,3.0704329013824463,3.0673787593841553,3.0642459392547607,3.0610740184783936,3.057813882827759,3.054457664489746,3.0510377883911133,3.0476086139678955,3.0441439151763916,3.040661573410034,3.0372161865234375,3.033787727355957,3.030369997024536,3.0269622802734375,3.0235888957977295,3.0202553272247314,3.0169544219970703,3.0137147903442383,3.0105018615722656,3.0073082447052,9.15999984741211
128,3.0249764919281006,3.0216877460479736,3.018357038497925,3.0149946212768555,3.0116188526153564,3.008228302001953,3.004871368408203,3.001581907272339,2.9983112812042236,2.9951038360595703,2.9919087886810303,2.988758087158203,2.98568058013916,2.9826691150665283,2.979761838912964,2.9769582748413086,2.97424054145813,2.9716551303863525,2.9692089557647705,2.9669017791748047,2.9646995067596436,2.9625771045684814,2.9605541229248047,2.95864200592041,2.9568378925323486,2.955106019973755,2.9534146785736084,2.95172119140625,2.949993133544922,2.948202133178711,2.946293592453003,2.944220781326294,2.9419612884521484,2.9395055770874023,2.936845541000366,2.93398118019104,2.930926561355591,2.9277594089508057,2.924515962600708,2.921283006668091,2.9180564880371094,2.9148054122924805,2.9115161895751953,2.9082610607147217,2.905212640762329,2.902509927749634,2.9001293182373047,2.8979761600494385,2.8960916996002197,2.894610643386841,2.893627882003784,2.893127679824829,2.8930740356445312,2.893475294113159,2.894315719604492,2.895540237426758,2.897104263305664,2.899014472961426,2.901249647140503,2.903738021850586,2.906454086303711,2.909287214279175,2.912139892578125,2.9148223400115967,2.9172422885894775,2.9193003177642822,2.9208896160125732,2.921921968460083,2.9223997592926025,2.9223430156707764,2.921849489212036,2.9209702014923096,2.9197568893432617,2.91825795173645,2.9165074825286865,2.9145514965057373,2.91235613822937,2.9099490642547607,2.9073715209960938,2.9046785831451416,2.9018943309783936,2.8990180492401123,2.8960373401641846,2.8929405212402344,2.8897621631622314,2.8865225315093994,2.883218765258789,2.879911184310913,2.876612663269043,2.873307466506958,2.8699703216552734,2.8666069507598877,2.863234281539917,2.8598759174346924,2.8565847873687744,2.8533689975738525,2.8502209186553955,2.8471059799194336,2.8440096378326416,2.8408701419830322,9.15999984741211
129,2.7352523803710938,2.733177423477173,2.731100082397461,2.7290220260620117,2.7269203662872314,2.7248213291168213,2.7227184772491455,2.7206127643585205,2.718513250350952,2.716423273086548,2.714357376098633,2.71232008934021,2.7103207111358643,2.7083778381347656,2.7064731121063232,2.7046031951904297,2.7027852535247803,2.701068878173828,2.699450731277466,2.6978886127471924,2.6964025497436523,2.6949691772460938,2.6935880184173584,2.6922504901885986,2.6909444332122803,2.6896960735321045,2.688483238220215,2.687281608581543,2.686046838760376,2.684751272201538,2.6833555698394775,2.681844711303711,2.680234909057617,2.6785354614257812,2.6767475605010986,2.674863815307617,2.6728732585906982,2.6708357334136963,2.6688079833984375,2.666785478591919,2.6647346019744873,2.662595510482788,2.660385847091675,2.6582329273223877,2.656299114227295,2.654629707336426,2.6531360149383545,2.651723623275757,2.650444746017456,2.649449586868286,2.648761510848999,2.648383617401123,2.64827036857605,2.648440361022949,2.648876667022705,2.6495373249053955,2.6504199504852295,2.651512384414673,2.652822971343994,2.6543304920196533,2.6559855937957764,2.6577093601226807,2.6593894958496094,2.660959482192993,2.6623566150665283,2.6635186672210693,2.664402961730957,2.6649763584136963,2.6652228832244873,2.6651856899261475,2.664875030517578,2.6643190383911133,2.663553476333618,2.662632465362549,2.6615705490112305,2.6603739261627197,2.6590607166290283,2.6576473712921143,2.656135320663452,2.6545321941375732,2.6528825759887695,2.6511929035186768,2.6494486331939697,2.6476340293884277,2.6457996368408203,2.6439380645751953,2.642025947570801,2.640089273452759,2.6381638050079346,2.6362533569335938,2.6343345642089844,2.63240385055542,2.630493402481079,2.628596305847168,2.626727342605591,2.6248815059661865,2.623056173324585,2.6212399005889893,2.6194164752960205,2.617601156234741,9.15999984741211
130,3.0574846267700195,3.0540339946746826,3.0505895614624023,3.047159194946289,3.0437347888946533,3.0403053760528564,3.036890745162964,3.0334980487823486,3.030174493789673,3.0269157886505127,3.0237019062042236,3.0205259323120117,3.017369508743286,3.0142757892608643,3.011303186416626,3.0084335803985596,3.00567364692688,3.003032922744751,3.000516176223755,2.9981162548065186,2.99585223197937,2.993708610534668,2.9916746616363525,2.989725351333618,2.9878761768341064,2.986126661300659,2.9844400882720947,2.9827892780303955,2.9811315536499023,2.979447603225708,2.9776611328125,2.9757325649261475,2.9736034870147705,2.971259117126465,2.9686965942382812,2.965924024581909,2.962959051132202,2.9598188400268555,2.956557035446167,2.9532926082611084,2.9500186443328857,2.9467599391937256,2.943478584289551,2.94018816947937,2.937028169631958,2.9341137409210205,2.931495428085327,2.9291417598724365,2.9270527362823486,2.9253203868865967,2.9240334033966064,2.9232146739959717,2.9228785037994385,2.923053503036499,2.923701524734497,2.9247636795043945,2.9261770248413086,2.9279305934906006,2.9300785064697266,2.9325850009918213,2.9353818893432617,2.938364028930664,2.941396713256836,2.944387674331665,2.947171449661255,2.9496021270751953,2.9515628814697266,2.952962636947632,2.9537770748138428,2.9540364742279053,2.9537906646728516,2.95312762260437,2.952085494995117,2.9507246017456055,2.949092149734497,2.9471776485443115,2.9449777603149414,2.9425408840179443,2.939943552017212,2.9372522830963135,2.934436559677124,2.9314844608306885,2.928360939025879,2.9251272678375244,2.921837091445923,2.91848087310791,2.915038824081421,2.9115121364593506,2.907963514328003,2.904385805130005,2.9007599353790283,2.8970773220062256,2.893411636352539,2.8897905349731445,2.8862216472625732,2.8827030658721924,2.879223585128784,2.8757998943328857,2.872361421585083,2.8689041137695312,9.15999984741211
131,3.1662204265594482,3.1629292964935303,3.1595699787139893,3.156172037124634,3.15274715423584,3.149319887161255,3.1458780765533447,3.1424312591552734,3.1389710903167725,3.135533571243286,3.132099151611328,3.1287038326263428,3.125354051589966,3.1220338344573975,3.1187775135040283,3.1156187057495117,3.1125667095184326,3.1096322536468506,3.106792449951172,3.10406231880188,3.101452112197876,3.098956823348999,3.096545457839966,3.094236135482788,3.0920088291168213,3.0898373126983643,3.087702512741089,3.085552930831909,3.0833799839019775,3.0811593532562256,3.0788047313690186,3.0762929916381836,3.0735816955566406,3.070657730102539,3.067530632019043,3.0642178058624268,3.0607645511627197,3.057220220565796,3.0535919666290283,3.0499465465545654,3.046306610107422,3.04267954826355,3.039060354232788,3.0354974269866943,3.0320959091186523,3.0289971828460693,3.026224374771118,3.0237045288085938,3.0214593410491943,3.0195658206939697,3.018113136291504,3.0171449184417725,3.016636848449707,3.0165812969207764,3.0169122219085693,3.0175857543945312,3.0185811519622803,3.019886016845703,3.02148699760437,3.0233395099639893,3.025374174118042,3.0275185108184814,3.029649496078491,3.0316717624664307,3.0334064960479736,3.034773588180542,3.0356943607330322,3.03613543510437,3.0360896587371826,3.0355937480926514,3.034712791442871,3.033463716506958,3.031925916671753,3.0301401615142822,3.028127908706665,3.025933265686035,3.023552656173706,3.021017074584961,3.018339157104492,3.0155327320098877,3.0126330852508545,3.009648323059082,3.0065600872039795,3.0034167766571045,3.0001819133758545,2.9968795776367188,2.9935295581817627,2.990154266357422,2.9867544174194336,2.9832897186279297,2.9798171520233154,2.976372480392456,2.972975015640259,2.969590902328491,2.9662349224090576,2.9629151821136475,2.9596328735351562,2.9563779830932617,2.9531161785125732,2.9498767852783203,9.15999984741211
132,3.1177780628204346,3.1150786876678467,3.1123361587524414,3.109577178955078,3.106820821762085,3.104084014892578,3.1013476848602295,3.098592758178711,3.0958621501922607,3.093151092529297,3.0904762744903564,3.0878517627716064,3.08528733253479,3.0827972888946533,3.0803916454315186,3.07806658744812,3.07586932182312,3.073817014694214,3.07187557220459,3.0700771808624268,3.0683581829071045,3.0667521953582764,3.06524920463562,3.0638198852539062,3.0624616146087646,3.0611515045166016,3.059908628463745,3.05871319770813,3.0574862957000732,3.0561363697052,3.05462384223938,3.0529184341430664,3.0509746074676514,3.048818826675415,3.0464298725128174,3.043851613998413,3.0410959720611572,3.0381968021392822,3.03525710105896,3.032247543334961,3.029169797897339,3.0260143280029297,3.0228359699249268,3.0197947025299072,3.017033338546753,3.0145998001098633,3.0124311447143555,3.0104763507843018,3.0088157653808594,3.0075674057006836,3.0068225860595703,3.0066258907318115,3.006945848464966,3.007765769958496,3.0090181827545166,3.01064133644104,3.012601137161255,3.0148704051971436,3.017479181289673,3.0203869342803955,3.0235087871551514,3.0267279148101807,3.029923677444458,3.032947540283203,3.0356757640838623,3.0380046367645264,3.039825201034546,3.0411102771759033,3.041858673095703,3.042099952697754,3.041863203048706,3.041210889816284,3.040203094482422,3.038905143737793,3.0373458862304688,3.0355732440948486,3.0336101055145264,3.0314857959747314,3.029207229614258,3.026759386062622,3.0241644382476807,3.0214579105377197,3.018697738647461,3.015850067138672,3.0129451751708984,3.0099658966064453,3.0069656372070312,3.003917932510376,3.0007994174957275,2.997667074203491,2.9945271015167236,2.9914391040802,2.9883620738983154,2.9853012561798096,2.982243776321411,2.9792118072509766,2.97621750831604,2.9732348918914795,2.970288038253784,2.9673538208007812,9.180000305175781
133,3.133385419845581,3.1304237842559814,3.127382516860962,3.124323606491089,3.121274948120117,3.118232011795044,3.1151764392852783,3.11212420463562,3.109135389328003,3.1061556339263916,3.103205919265747,3.1002790927886963,3.0974156856536865,3.0946223735809326,3.0919132232666016,3.089276075363159,3.0867269039154053,3.084273338317871,3.0819625854492188,3.0797853469848633,3.0777156352996826,3.075747489929199,3.0738677978515625,3.0720455646514893,3.0702903270721436,3.068584442138672,3.0669138431549072,3.0652801990509033,3.063617467880249,3.061877489089966,3.0599753856658936,3.057875633239746,3.055577039718628,3.053067922592163,3.0503549575805664,3.047470808029175,3.044459104537964,3.0413408279418945,3.0381832122802734,3.0349788665771484,3.0317325592041016,3.028491973876953,3.0252630710601807,3.022141456604004,3.019211769104004,3.0165653228759766,3.0142219066619873,3.012148857116699,3.010382652282715,3.0090160369873047,3.0081071853637695,3.0076892375946045,3.007766008377075,3.008315324783325,3.00927734375,3.0105855464935303,3.012221574783325,3.0142107009887695,3.0164918899536133,3.0190298557281494,3.0217678546905518,3.0245988368988037,3.0273959636688232,3.0300281047821045,3.03235125541687,3.034256935119629,3.0356671810150146,3.0365498065948486,3.0369269847869873,3.0368125438690186,3.0362558364868164,3.0352981090545654,3.0340054035186768,3.0324039459228516,3.0305492877960205,3.02850079536438,3.0262444019317627,3.023820161819458,3.021249771118164,3.0185585021972656,3.015758514404297,3.0128209590911865,3.0097944736480713,3.0066936016082764,3.003525495529175,3.000293731689453,2.9970054626464844,2.9936912059783936,2.9903576374053955,2.987031936645508,2.983696699142456,2.980339288711548,2.9769999980926514,2.973689079284668,2.9704368114471436,2.9672324657440186,2.9640932083129883,2.960970163345337,2.9578616619110107,2.9547460079193115,9.180000305175781
134,3.1324994564056396,3.1287729740142822,3.1250343322753906,3.1212799549102783,3.1175615787506104,3.113889694213867,3.110183000564575,3.1065454483032227,3.102971076965332,3.0994770526885986,3.0960042476654053,3.0925865173339844,3.0892436504364014,3.0860328674316406,3.082916259765625,3.0799436569213867,3.0770957469940186,3.074383497238159,3.0718069076538086,3.0693747997283936,3.067068338394165,3.0648975372314453,3.0628774166107178,3.060981512069702,3.0591697692871094,3.0574398040771484,3.055776596069336,3.054168939590454,3.0525004863739014,3.050724744796753,3.0488216876983643,3.0467424392700195,3.044428825378418,3.0418472290039062,3.038982391357422,3.0358798503875732,3.0325539112091064,3.0290629863739014,3.025484323501587,3.021890878677368,3.018303632736206,3.014695167541504,3.0110816955566406,3.007547616958618,3.00421142578125,3.0011861324310303,2.9985077381134033,2.9961578845977783,2.9941585063934326,2.9925899505615234,2.991563081741333,2.991102457046509,2.991236448287964,2.9919307231903076,2.9931647777557373,2.994870185852051,2.996990203857422,2.9995009899139404,3.0023868083953857,3.0056164264678955,3.0091114044189453,3.0128047466278076,3.0165183544158936,3.0200910568237305,3.0233237743377686,3.026043176651001,3.0281498432159424,3.0295798778533936,3.0303618907928467,3.0305471420288086,3.0301902294158936,3.029343605041504,3.02807879447937,3.026448965072632,3.0244884490966797,3.022237777709961,3.0197269916534424,3.016979932785034,3.0140695571899414,3.011002779006958,3.007794141769409,3.0044453144073486,3.0009758472442627,2.9973933696746826,2.993687391281128,2.9899330139160156,2.9861204624176025,2.982269287109375,2.978364944458008,2.9744293689727783,2.97048020362854,2.9665145874023438,2.9625813961029053,2.95866322517395,2.9547932147979736,2.950970411300659,2.947214365005493,2.9435226917266846,2.939878225326538,2.9362399578094482,9.1899995803833
135,2.963090181350708,2.960461378097534,2.9578304290771484,2.9552109241485596,2.9526097774505615,2.9500319957733154,2.947476625442505,2.9449462890625,2.9424612522125244,2.940023183822632,2.937621831893921,2.935295820236206,2.9330365657806396,2.930861711502075,2.928788185119629,2.926811456680298,2.924978017807007,2.9232776165008545,2.921705961227417,2.9202659130096436,2.9189836978912354,2.917821168899536,2.9167699813842773,2.9157841205596924,2.9148778915405273,2.914022445678711,2.91321063041687,2.9124155044555664,2.9115912914276123,2.910642623901367,2.9094998836517334,2.90814208984375,2.9065568447113037,2.90472149848938,2.902630567550659,2.9003193378448486,2.8978042602539062,2.895172119140625,2.8924543857574463,2.889721155166626,2.8869893550872803,2.884176254272461,2.881298303604126,2.8785037994384766,2.8759682178497314,2.8738040924072266,2.8719418048858643,2.870340347290039,2.8690569400787354,2.8682098388671875,2.8678853511810303,2.8680942058563232,2.8688342571258545,2.8701021671295166,2.8718245029449463,2.8739640712738037,2.876466989517212,2.8792951107025146,2.882450819015503,2.8859164714813232,2.8896381855010986,2.893480062484741,2.8972713947296143,2.900876998901367,2.9041645526885986,2.9069974422454834,2.9092533588409424,2.910930633544922,2.912015914916992,2.912576675415039,2.9126579761505127,2.9123096466064453,2.911583185195923,2.9104833602905273,2.909074068069458,2.907419443130493,2.9055557250976562,2.9035065174102783,2.901287794113159,2.8989248275756836,2.896427869796753,2.893798828125,2.891035318374634,2.8881843090057373,2.885270357131958,2.8822851181030273,2.879237413406372,2.8761227130889893,2.872997283935547,2.869826078414917,2.86663818359375,2.8634674549102783,2.8603169918060303,2.8571841716766357,2.8540775775909424,2.851051092147827,2.8480796813964844,2.845092535018921,2.842099905014038,2.8391475677490234,9.199999809265137
136,3.146510124206543,3.1430771350860596,3.1396515369415283,3.136223793029785,3.132814407348633,3.129413604736328,3.1260440349578857,3.12273907661438,3.119455337524414,3.1162235736846924,3.1130552291870117,3.109954833984375,3.1069486141204834,3.103982925415039,3.101133346557617,3.09840989112854,3.0958449840545654,3.093409299850464,3.091104745864868,3.0889580249786377,3.0869414806365967,3.085035562515259,3.0832583904266357,3.0816001892089844,3.080050230026245,3.078571319580078,3.077151298522949,3.0757358074188232,3.0743114948272705,3.072770357131958,3.0710556507110596,3.069134473800659,3.066981077194214,3.0645761489868164,3.061943769454956,3.0590782165527344,3.05603289604187,3.052854537963867,3.0495777130126953,3.046266794204712,3.042935609817505,3.0395524501800537,3.0361461639404297,3.032846450805664,3.0298054218292236,3.0271060466766357,3.024725914001465,3.022648572921753,3.020906448364258,3.019610643386841,3.0188684463500977,3.0187253952026367,3.0191810131073,3.0201375484466553,3.0215985774993896,3.023515462875366,3.0258357524871826,3.028562545776367,3.031662940979004,3.0351152420043945,3.0388152599334717,3.042645215988159,3.046478271484375,3.050126314163208,3.0534403324127197,3.056246519088745,3.0584828853607178,3.060096502304077,3.0610697269439697,3.0614287853240967,3.0612447261810303,3.0606212615966797,3.0595786571502686,3.0581743717193604,3.056471586227417,3.054478883743286,3.052246332168579,3.0497915744781494,3.047170400619507,3.0443811416625977,3.0414326190948486,3.0383808612823486,3.0352160930633545,3.0319502353668213,3.028583526611328,3.0251569747924805,3.0216846466064453,3.018156051635742,3.014582872390747,3.0110228061676025,3.007459878921509,3.003871202468872,3.0002896785736084,2.9967634677886963,2.9933063983917236,2.9898760318756104,2.9864985942840576,2.983170747756958,2.9798686504364014,2.976559638977051,9.220000267028809
137,3.061285972595215,3.05812668800354,3.0549449920654297,3.0517518520355225,3.0485401153564453,3.0453336238861084,3.0421416759490967,3.0390236377716064,3.035902738571167,3.0328052043914795,3.029756784439087,3.0267772674560547,3.0238749980926514,3.021040678024292,3.0182716846466064,3.0156404972076416,3.0131094455718994,3.010704278945923,3.008418083190918,3.0062570571899414,3.0042383670806885,3.0023353099823,3.0005416870117188,2.9988605976104736,2.9972498416900635,2.9957053661346436,2.994210958480835,2.992720365524292,2.991220712661743,2.989610433578491,2.9878408908843994,2.985884428024292,2.9836971759796143,2.9813129901885986,2.9787027835845947,2.975872039794922,2.9728333950042725,2.9696390628814697,2.9663455486297607,2.9630508422851562,2.959779977798462,2.9565441608428955,2.95330548286438,2.950108289718628,2.947080612182617,2.9443931579589844,2.9420502185821533,2.9399824142456055,2.938197135925293,2.9368112087249756,2.935967445373535,2.93567156791687,2.9358911514282227,2.936605453491211,2.937767267227173,2.9393274784088135,2.941267728805542,2.9435460567474365,2.9461381435394287,2.949038505554199,2.952190399169922,2.9554998874664307,2.9588019847869873,2.961928606033325,2.964794397354126,2.9672253131866455,2.969144582748413,2.970456838607788,2.9711925983428955,2.971386671066284,2.9710941314697266,2.970367670059204,2.969265937805176,2.9678332805633545,2.966139793395996,2.9641764163970947,2.961982488632202,2.959573984146118,2.956984519958496,2.954247236251831,2.951374053955078,2.948408842086792,2.9453318119049072,2.942141532897949,2.938854217529297,2.935495376586914,2.932093620300293,2.9286410808563232,2.9251270294189453,2.9215755462646484,2.918026924133301,2.914468765258789,2.9109280109405518,2.9073944091796875,2.9039127826690674,2.9005088806152344,2.897138833999634,2.8938045501708984,2.8904507160186768,2.887134313583374,9.239999771118164
138,3.3436763286590576,3.3397786617279053,3.3358376026153564,3.3318932056427,3.327962875366211,3.324040412902832,3.3201892375946045,3.3164150714874268,3.3126938343048096,3.30899715423584,3.305363893508911,3.3018198013305664,3.298384428024292,3.2950279712677,3.2918035984039307,3.288787603378296,3.2859323024749756,3.283245086669922,3.2807319164276123,3.2783472537994385,3.2761452198028564,3.274087905883789,3.2722082138061523,3.270475387573242,3.268829345703125,3.2672460079193115,3.2657411098480225,3.2642555236816406,3.2627105712890625,3.2610368728637695,3.259188652038574,3.2570836544036865,3.2547123432159424,3.251990556716919,3.248988389968872,3.2457125186920166,3.2422027587890625,3.2384932041168213,3.234651565551758,3.230794668197632,3.2269344329833984,3.223057508468628,3.2191784381866455,3.215390205383301,3.2118608951568604,3.2087554931640625,3.2060587406158447,3.2037570476531982,3.201876401901245,3.2005650997161865,3.1998984813690186,3.199922561645508,3.200608491897583,3.20194149017334,3.2038516998291016,3.2062671184539795,3.209137201309204,3.2124385833740234,3.216140031814575,3.220186233520508,3.2244911193847656,3.22892689704895,3.233297348022461,3.2374379634857178,3.2411892414093018,3.2443840503692627,3.2469100952148438,3.248675584793091,3.249741554260254,3.250105142593384,3.2498557567596436,3.2490813732147217,3.247875928878784,3.246331214904785,3.244403600692749,3.242147445678711,3.2396230697631836,3.236849784851074,3.2338693141937256,3.2306597232818604,3.227344274520874,3.2239294052124023,3.220377206802368,3.2166926860809326,3.2128746509552,3.2090091705322266,3.205045461654663,3.2010529041290283,3.197028398513794,3.1930017471313477,3.1889426708221436,3.184840440750122,3.180798292160034,3.1767752170562744,3.172820806503296,3.1689255237579346,3.1651201248168945,3.1613781452178955,3.1575841903686523,3.1538498401641846,9.239999771118164
139,3.122007131576538,3.118666648864746,3.1153132915496826,3.1119906902313232,3.108710289001465,3.1054389476776123,3.1021859645843506,3.09897780418396,3.0958335399627686,3.0927302837371826,3.0896809101104736,3.0866920948028564,3.083763837814331,3.080928087234497,3.078186273574829,3.075575828552246,3.0730972290039062,3.070732831954956,3.0685205459594727,3.06646728515625,3.064554214477539,3.0627965927124023,3.0611343383789062,3.0595757961273193,3.058107376098633,3.0566952228546143,3.055333375930786,3.0539798736572266,3.0525894165039062,3.051121711730957,3.049506425857544,3.047711133956909,3.0456650257110596,3.043349504470825,3.0407867431640625,3.037973403930664,3.0349643230438232,3.031785011291504,3.028496026992798,3.0252208709716797,3.021942377090454,3.018629789352417,3.0152835845947266,3.0119788646698,3.008929967880249,3.0062286853790283,3.0038669109344482,3.001795768737793,3.000040054321289,2.9987144470214844,2.997932195663452,2.9977500438690186,2.9981563091278076,2.9990835189819336,3.000480890274048,3.002333641052246,3.0046236515045166,3.007293462753296,3.01027512550354,3.013564348220825,3.0171279907226562,3.020862579345703,3.0246095657348633,3.028225898742676,3.0314905643463135,3.0342700481414795,3.0364437103271484,3.038008451461792,3.0389392375946045,3.039238214492798,3.0390214920043945,3.0383694171905518,3.0373382568359375,3.0359256267547607,3.0341761112213135,3.0321414470672607,3.0298635959625244,3.027385711669922,3.02471923828125,3.021879196166992,3.0188801288604736,3.0157792568206787,3.0125792026519775,3.0092990398406982,3.0058841705322266,3.002333879470825,2.9987685680389404,2.9951889514923096,2.991586685180664,2.987903594970703,2.984193801879883,2.9805219173431396,2.976881265640259,2.9732906818389893,2.9697227478027344,2.9661600589752197,2.9626595973968506,2.959261178970337,2.955862045288086,2.9524009227752686,9.239999771118164
140,3.1387479305267334,3.134932279586792,3.1311113834381104,3.1273021697998047,3.123469591140747,3.119654655456543,3.1158835887908936,3.112220048904419,3.1086361408233643,3.105114221572876,3.101638078689575,3.0982141494750977,3.09489369392395,3.0916614532470703,3.0885403156280518,3.085566759109497,3.082756280899048,3.0801126956939697,3.077629804611206,3.0752928256988525,3.0731067657470703,3.0710391998291016,3.069110870361328,3.067326307296753,3.0656445026397705,3.06402325630188,3.0624523162841797,3.060900926589966,3.059328317642212,3.0576295852661133,3.055739164352417,3.053645372390747,3.0513155460357666,3.04872727394104,3.04587459564209,3.042778968811035,3.039472818374634,3.0360167026519775,3.0325050354003906,3.028977155685425,3.0254476070404053,3.021886110305786,3.0182807445526123,3.014772653579712,3.0115432739257812,3.0087287425994873,3.0062878131866455,3.0041332244873047,3.0023326873779297,3.0010249614715576,3.000330686569214,3.0002591609954834,3.000781297683716,3.0018465518951416,3.0033938884735107,3.0054025650024414,3.007817506790161,3.0106213092803955,3.0137875080108643,3.0172674655914307,3.021002769470215,3.024846315383911,3.0286667346954346,3.032273530960083,3.035490036010742,3.038179636001587,3.040276527404785,3.041705369949341,3.0425150394439697,3.042703628540039,3.0423736572265625,3.0415751934051514,3.0403897762298584,3.03885555267334,3.0369927883148193,3.034891128540039,3.03251576423645,3.0299246311187744,3.0271432399749756,3.0242178440093994,3.021167039871216,3.0179901123046875,3.014704942703247,3.0113131999969482,3.0078296661376953,3.004262924194336,3.000675916671753,2.997034788131714,2.993345260620117,2.989635467529297,2.9859459400177,2.982269287109375,2.978581666946411,2.974925994873047,2.9713423252105713,2.967839479446411,2.9643659591674805,2.9609460830688477,2.9575483798980713,2.95412540435791,9.239999771118164
141,2.9607722759246826,2.9580276012420654,2.9552505016326904,2.9524357318878174,2.9496142864227295,2.9467973709106445,2.9439737796783447,2.941185712814331,2.938430070877075,2.935711622238159,2.933018684387207,2.930332899093628,2.927677869796753,2.925081491470337,2.922590970993042,2.9201505184173584,2.9178035259246826,2.9155375957489014,2.913379669189453,2.911329984664917,2.909379243850708,2.9075260162353516,2.905764579772949,2.9040679931640625,2.9024431705474854,2.900867462158203,2.8993453979492188,2.89784836769104,2.8963115215301514,2.8946990966796875,2.8929779529571533,2.8910906314849854,2.88903546333313,2.8867995738983154,2.8843729496002197,2.881800651550293,2.8790853023529053,2.8762781620025635,2.8734121322631836,2.87054705619812,2.867716073989868,2.8648808002471924,2.861997604370117,2.8591156005859375,2.8563902378082275,2.8540079593658447,2.851900100708008,2.8500025272369385,2.848306894302368,2.8469552993774414,2.846050262451172,2.8455591201782227,2.8454885482788086,2.845808744430542,2.8464906215667725,2.847475051879883,2.8487462997436523,2.8503310680389404,2.8521792888641357,2.8542487621307373,2.8565151691436768,2.858886480331421,2.8612396717071533,2.8634424209594727,2.8653767108917236,2.866992950439453,2.868192672729492,2.8689403533935547,2.8692357540130615,2.869114637374878,2.8686001300811768,2.867750406265259,2.866614580154419,2.8652355670928955,2.8636367321014404,2.861832857131958,2.859858751296997,2.8577375411987305,2.8554916381835938,2.853144645690918,2.850698232650757,2.848175287246704,2.8455770015716553,2.8428823947906494,2.8401448726654053,2.8373472690582275,2.8345119953155518,2.8316218852996826,2.828720808029175,2.8258187770843506,2.8228960037231445,2.8199710845947266,2.817046880722046,2.8141415119171143,2.8112566471099854,2.80843448638916,2.8056411743164062,2.8028717041015625,2.800088882446289,2.7973129749298096,9.25
142,2.988825559616089,2.985022783279419,2.98124623298645,2.9775617122650146,2.973918914794922,2.9703304767608643,2.9667670726776123,2.9632084369659424,2.9597079753875732,2.9562740325927734,2.9529383182525635,2.9497146606445312,2.9465558528900146,2.943497657775879,2.9405717849731445,2.937748908996582,2.9350414276123047,2.932487726211548,2.930121660232544,2.927963972091675,2.9259684085845947,2.9241058826446533,2.9223577976226807,2.920713424682617,2.919163942337036,2.9177379608154297,2.916388750076294,2.9151251316070557,2.913846969604492,2.912522315979004,2.911057472229004,2.909357786178589,2.907388687133789,2.9051151275634766,2.902589797973633,2.8998496532440186,2.896878957748413,2.893704652786255,2.890357255935669,2.886934280395508,2.883488893508911,2.880032777786255,2.876565933227539,2.8731162548065186,2.869856595993042,2.86689829826355,2.8642654418945312,2.8619282245635986,2.8599071502685547,2.858330488204956,2.8572986125946045,2.85684871673584,2.8570213317871094,2.8578293323516846,2.8591926097869873,2.861017942428589,2.863246202468872,2.8658828735351562,2.8689424991607666,2.872413396835327,2.876228094100952,2.8802645206451416,2.884368896484375,2.88835072517395,2.8920562267303467,2.8953135013580322,2.8979766368865967,2.8999416828155518,2.9012136459350586,2.9018332958221436,2.9018523693084717,2.901331663131714,2.9003241062164307,2.8989055156707764,2.8971405029296875,2.8950674533843994,2.8927347660064697,2.890188217163086,2.8874142169952393,2.884441375732422,2.8813095092773438,2.8780288696289062,2.874635934829712,2.871126413345337,2.867525815963745,2.863800287246704,2.85996413230896,2.8560380935668945,2.8520631790161133,2.848088502883911,2.8440933227539062,2.8400919437408447,2.836090326309204,2.8321173191070557,2.8281679153442383,2.8242485523223877,2.820363998413086,2.8165645599365234,2.8128573894500732,2.8091800212860107,9.25
143,3.0620405673980713,3.0592458248138428,3.0564486980438232,3.0536928176879883,3.0509414672851562,3.0482027530670166,3.045454740524292,3.0427029132843018,3.0400021076202393,3.0373363494873047,3.0347118377685547,3.032154083251953,3.029682159423828,3.0272817611694336,3.024961233139038,3.022706985473633,3.0205719470977783,3.018552780151367,3.0166356563568115,3.0148446559906006,3.0131988525390625,3.0116710662841797,3.010223388671875,3.008826494216919,3.0075042247772217,3.0062415599823,3.00504207611084,3.00384521484375,3.0026166439056396,3.0013034343719482,2.999840021133423,2.9981963634490967,2.9962680339813232,2.9941177368164062,2.991765260696411,2.9892265796661377,2.986515760421753,2.9836466312408447,2.9807212352752686,2.9777870178222656,2.9748470783233643,2.9718925952911377,2.9688968658447266,2.965977430343628,2.9632511138916016,2.960843086242676,2.9587583541870117,2.95690655708313,2.95531964302063,2.9541215896606445,2.95342755317688,2.9532787799835205,2.953615427017212,2.954420804977417,2.955645799636841,2.957251787185669,2.959197759628296,2.9614810943603516,2.964090347290039,2.967013120651245,2.970167398452759,2.9734413623809814,2.9766929149627686,2.979768753051758,2.982525587081909,2.9848289489746094,2.9866158962249756,2.9878461360931396,2.988511323928833,2.988637924194336,2.9882843494415283,2.9875247478485107,2.986396074295044,2.9849512577056885,2.983231544494629,2.9812545776367188,2.9790544509887695,2.9766571521759033,2.9741013050079346,2.9714157581329346,2.9686033725738525,2.96567702293396,2.9626548290252686,2.9595601558685303,2.9563791751861572,2.9531185626983643,2.949800491333008,2.946443557739258,2.943072557449341,2.939682722091675,2.9362785816192627,2.9328882694244385,2.9295132160186768,2.9261958599090576,2.9228813648223877,2.919602394104004,2.91638445854187,2.913201093673706,2.910069704055786,2.9069416522979736,9.25
144,3.295170783996582,3.291430711746216,3.2876710891723633,3.2838680744171143,3.2800681591033936,3.2762718200683594,3.2725441455841064,3.26885724067688,3.2652223110198975,3.2615978717803955,3.2580435276031494,3.254591703414917,3.2512359619140625,3.247957468032837,3.244771957397461,3.2417314052581787,3.2388417720794678,3.2360727787017822,3.233515739440918,3.2311160564422607,3.2288968563079834,3.22682785987854,3.2248542308807373,3.223020553588867,3.2212917804718018,3.219611167907715,3.2179763317108154,3.21634840965271,3.2146923542022705,3.212930917739868,3.211000442504883,3.208828926086426,3.2063934803009033,3.2036848068237305,3.200698137283325,3.197477102279663,3.1940183639526367,3.190397024154663,3.1866989135742188,3.182985305786133,3.1792562007904053,3.1754751205444336,3.1716878414154053,3.1680290699005127,3.164654493331909,3.1616666316986084,3.159017562866211,3.156700849533081,3.1547725200653076,3.1533498764038086,3.152522087097168,3.1523303985595703,3.1527624130249023,3.1537997722625732,3.1553478240966797,3.1573407649993896,3.1597537994384766,3.1625490188598633,3.1657068729400635,3.1691887378692627,3.1729116439819336,3.176772356033325,3.180579423904419,3.1841907501220703,3.1874678134918213,3.190232515335083,3.192361831665039,3.193821907043457,3.194631576538086,3.1948416233062744,3.194502830505371,3.1936750411987305,3.192445755004883,3.1908490657806396,3.1889209747314453,3.1867377758026123,3.184326171875,3.1817073822021484,3.1788766384124756,3.1758906841278076,3.1727638244628906,3.1695384979248047,3.16618275642395,3.162719488143921,3.15920352935791,3.1555979251861572,3.1519181728363037,3.1481893062591553,3.144453763961792,3.1406917572021484,3.1369030475616455,3.133115530014038,3.1293723583221436,3.12566876411438,3.1220226287841797,3.1184284687042236,3.1148979663848877,3.1114041805267334,3.1079235076904297,3.1044552326202393,9.260000228881836
145,2.948765754699707,2.945842742919922,2.9428939819335938,2.939945936203003,2.9369804859161377,2.9340333938598633,2.9311091899871826,2.928215742111206,2.925346612930298,2.9224939346313477,2.9196836948394775,2.916917085647583,2.9142208099365234,2.911581039428711,2.909027099609375,2.906555414199829,2.904207944869995,2.901975631713867,2.899855852127075,2.897845983505249,2.895949363708496,2.8941738605499268,2.8925182819366455,2.890913963317871,2.8893821239471436,2.8879013061523438,2.886484146118164,2.8851044178009033,2.8837087154388428,2.8822221755981445,2.8805856704711914,2.8787524700164795,2.8767166137695312,2.874481201171875,2.8720340728759766,2.8693835735321045,2.866572618484497,2.863665819168091,2.8606879711151123,2.857672929763794,2.8546268939971924,2.851572036743164,2.84850811958313,2.845510482788086,2.8426971435546875,2.8402020931243896,2.8380181789398193,2.836076498031616,2.8343966007232666,2.8330678939819336,2.832233428955078,2.8318920135498047,2.8320395946502686,2.832648992538452,2.8336684703826904,2.8350448608398438,2.836754560470581,2.838801622390747,2.8411781787872314,2.843848466873169,2.8467600345611572,2.849808692932129,2.8528454303741455,2.8557281494140625,2.8583221435546875,2.860524892807007,2.862230062484741,2.863391160964966,2.86401104927063,2.8641602993011475,2.8638763427734375,2.8631820678710938,2.8621461391448975,2.860809326171875,2.8591926097869873,2.8573310375213623,2.855266571044922,2.8530433177948,2.850666046142578,2.8481605052948,2.845538377761841,2.8428094387054443,2.8399579524993896,2.83701229095459,2.834002733230591,2.8309624195098877,2.8278753757476807,2.824726104736328,2.8215463161468506,2.818345308303833,2.8151464462280273,2.8119497299194336,2.80877685546875,2.8056459426879883,2.802539110183716,2.7994911670684814,2.796487808227539,2.7935075759887695,2.790541648864746,2.7875900268554688,9.270000457763672
146,2.9537956714630127,2.951017379760742,2.948204755783081,2.9453704357147217,2.9425199031829834,2.939643144607544,2.936753273010254,2.933898687362671,2.931077003479004,2.9282987117767334,2.9255237579345703,2.9227724075317383,2.9200947284698486,2.9174633026123047,2.9149110317230225,2.9124233722686768,2.9100124835968018,2.9076969623565674,2.9054746627807617,2.903360366821289,2.9013588428497314,2.8994293212890625,2.8975982666015625,2.895846128463745,2.8941409587860107,2.8924720287323,2.8908309936523438,2.889202117919922,2.8875370025634766,2.8857927322387695,2.8839263916015625,2.881937265396118,2.879786252975464,2.877476453781128,2.8750104904174805,2.8723809719085693,2.869619131088257,2.866779327392578,2.8639190196990967,2.8610970973968506,2.8582611083984375,2.855360746383667,2.852429151535034,2.849579095840454,2.8469574451446533,2.844642400741577,2.842578172683716,2.8407108783721924,2.83905029296875,2.8377420902252197,2.836859941482544,2.8364169597625732,2.836348295211792,2.836651563644409,2.8372962474823,2.838271379470825,2.8395395278930664,2.8410720825195312,2.8428828716278076,2.844926595687866,2.847137212753296,2.8494110107421875,2.851663589477539,2.85379958152771,2.855703592300415,2.857257843017578,2.8584091663360596,2.8590967655181885,2.859327554702759,2.8591537475585938,2.858633041381836,2.857820510864258,2.8567535877227783,2.8554553985595703,2.8539302349090576,2.852208375930786,2.8503103256225586,2.8482658863067627,2.846118927001953,2.8438634872436523,2.8415393829345703,2.839151382446289,2.8367016315460205,2.834193468093872,2.8315913677215576,2.828930616378784,2.8262507915496826,2.823545455932617,2.8208372592926025,2.818110227584839,2.815382719039917,2.81266188621521,2.8099706172943115,2.8073337078094482,2.8047292232513428,2.8021676540374756,2.7996394634246826,2.7971365451812744,2.7945992946624756,2.7920494079589844,9.270000457763672
147,2.818681001663208,2.816265344619751,2.8137969970703125,2.811305284500122,2.8088366985321045,2.8063671588897705,2.803912401199341,2.801457643508911,2.7989864349365234,2.7965376377105713,2.7940962314605713,2.7916624546051025,2.789280891418457,2.7869508266448975,2.784698486328125,2.7824718952178955,2.7802956104278564,2.7781982421875,2.7761993408203125,2.7742834091186523,2.7724616527557373,2.7707197666168213,2.7690608501434326,2.7674429416656494,2.7658567428588867,2.764293670654297,2.7627944946289062,2.761317253112793,2.7598283290863037,2.758277654647827,2.7566335201263428,2.754877805709839,2.752986192703247,2.750941276550293,2.748777389526367,2.746485948562622,2.7441165447235107,2.741692304611206,2.7392406463623047,2.736804962158203,2.734351873397827,2.731853485107422,2.7293150424957275,2.726825475692749,2.724522352218628,2.72247314453125,2.7206544876098633,2.7189877033233643,2.7174901962280273,2.7162468433380127,2.7153265476226807,2.714736223220825,2.7144718170166016,2.714512586593628,2.714855432510376,2.7154502868652344,2.7162697315216064,2.7173140048980713,2.7185630798339844,2.719991683959961,2.7215769290924072,2.7232472896575928,2.7249221801757812,2.72649884223938,2.7278835773468018,2.7290172576904297,2.729825258255005,2.7302916049957275,2.7304039001464844,2.7301928997039795,2.7297182083129883,2.728989601135254,2.7280447483062744,2.7269065380096436,2.725598096847534,2.724144697189331,2.7225379943847656,2.72082257270813,2.7190325260162354,2.7171504497528076,2.7152130603790283,2.7131974697113037,2.7110936641693115,2.70892596244812,2.70672345161438,2.7045164108276367,2.7022812366485596,2.7000091075897217,2.697716474533081,2.695406913757324,2.6930925846099854,2.690786600112915,2.688502073287964,2.686229944229126,2.684001922607422,2.6818039417266846,2.679633378982544,2.6774723529815674,2.675297975540161,2.6731326580047607,9.300000190734863
148,2.978118658065796,2.975243330001831,2.9723823070526123,2.9695403575897217,2.966726541519165,2.9639556407928467,2.961217164993286,2.958514451980591,2.9558217525482178,2.953141450881958,2.950528144836426,2.948016405105591,2.9456450939178467,2.9433605670928955,2.94115948677063,2.9390430450439453,2.9370224475860596,2.9351260662078857,2.9333927631378174,2.931819200515747,2.9304096698760986,2.9291343688964844,2.927967071533203,2.926884412765503,2.92584228515625,2.9248507022857666,2.92392897605896,2.923051118850708,2.9221677780151367,2.9211769104003906,2.9200026988983154,2.9186105728149414,2.9169576168060303,2.9150726795196533,2.912957191467285,2.910626173019409,2.908108949661255,2.9054644107818604,2.902733087539673,2.8999664783477783,2.897146224975586,2.8942432403564453,2.8913259506225586,2.888521194458008,2.885986566543579,2.8837945461273193,2.881911516189575,2.8803186416625977,2.879013776779175,2.878105401992798,2.8776981830596924,2.87786602973938,2.8786087036132812,2.879899024963379,2.8816747665405273,2.8838412761688232,2.886380195617676,2.889244318008423,2.892460584640503,2.896026372909546,2.89984393119812,2.9038143157958984,2.9077656269073486,2.9115841388702393,2.915079116821289,2.9180991649627686,2.9205410480499268,2.9223673343658447,2.923603057861328,2.924281120300293,2.9244563579559326,2.9241514205932617,2.9234378337860107,2.9223482608795166,2.9209632873535156,2.919313430786133,2.917457342147827,2.915424108505249,2.9132206439971924,2.9108269214630127,2.908245086669922,2.9055328369140625,2.9027278423309326,2.8998515605926514,2.8968982696533203,2.8938748836517334,2.8908045291900635,2.8876590728759766,2.8844597339630127,2.8811891078948975,2.877901792526245,2.874661684036255,2.8714592456817627,2.8682873249053955,2.865119218826294,2.8619823455810547,2.858894109725952,2.855849266052246,2.852811098098755,2.8497860431671143,9.319999694824219
149,2.8803513050079346,2.8777730464935303,2.8751747608184814,2.8725473880767822,2.8699119091033936,2.8672962188720703,2.864708662033081,2.8621203899383545,2.8595383167266846,2.856964349746704,2.8544137477874756,2.851938247680664,2.849498748779297,2.8471126556396484,2.844780683517456,2.8425121307373047,2.8403422832489014,2.8382673263549805,2.8362770080566406,2.8344128131866455,2.832639455795288,2.830937623977661,2.829291582107544,2.827707290649414,2.826188325881958,2.824693441390991,2.823237180709839,2.8218066692352295,2.820369005203247,2.8188636302948,2.8172333240509033,2.8154802322387695,2.8135530948638916,2.811473846435547,2.8092472553253174,2.806907892227173,2.804476499557495,2.8019657135009766,2.7994306087493896,2.7968873977661133,2.794313430786133,2.7916910648345947,2.7890281677246094,2.786454200744629,2.7840678691864014,2.781942129135132,2.780069351196289,2.7783596515655518,2.7768657207489014,2.7756643295288086,2.774836778640747,2.774409294128418,2.7743613719940186,2.774676561355591,2.775305986404419,2.776219367980957,2.777395248413086,2.7788422107696533,2.780515670776367,2.7823944091796875,2.784440040588379,2.786597967147827,2.7887191772460938,2.790717363357544,2.79247784614563,2.793952703475952,2.7950408458709717,2.795705795288086,2.7959787845611572,2.795896530151367,2.795501470565796,2.7948038578033447,2.793834924697876,2.7926225662231445,2.7912180423736572,2.7896783351898193,2.7880122661590576,2.7862045764923096,2.7842843532562256,2.782271385192871,2.7801849842071533,2.7780067920684814,2.7757720947265625,2.773465871810913,2.771089553833008,2.7686774730682373,2.766242027282715,2.763807535171509,2.7613346576690674,2.7588469982147217,2.7563412189483643,2.7538564205169678,2.7513954639434814,2.748976469039917,2.7465620040893555,2.7441635131835938,2.7417984008789062,2.7394726276397705,2.737164258956909,2.734833002090454,9.319999694824219
150,3.0514109134674072,3.0485427379608154,3.045644998550415,3.042733907699585,3.0398311614990234,3.0369338989257812,3.0340187549591064,3.0311291217803955,3.0282819271087646,3.0254697799682617,3.02270770072937,3.0199623107910156,3.0172576904296875,3.014641046524048,3.0120952129364014,3.0096495151519775,3.0073015689849854,3.005063056945801,3.0029850006103516,3.0010128021240234,2.999130964279175,2.997349739074707,2.9956531524658203,2.994069814682007,2.9925689697265625,2.9910898208618164,2.9896538257598877,2.988245725631714,2.986793279647827,2.9852793216705322,2.983579635620117,2.981710433959961,2.9796316623687744,2.977330446243286,2.9748194217681885,2.9721124172210693,2.9692418575286865,2.9662673473358154,2.963221788406372,2.9601526260375977,2.9570751190185547,2.953990936279297,2.950880765914917,2.947843551635742,2.9450156688690186,2.9425153732299805,2.940324544906616,2.938391923904419,2.936742067337036,2.935508966445923,2.9347572326660156,2.934499979019165,2.934704542160034,2.9353742599487305,2.9364707469940186,2.93794322013855,2.9397201538085938,2.9418318271636963,2.944232225418091,2.946906328201294,2.9497663974761963,2.9527199268341064,2.9556636810302734,2.958449125289917,2.960902452468872,2.962928533554077,2.9644594192504883,2.965465784072876,2.9659364223480225,2.9658992290496826,2.965447187423706,2.9646174907684326,2.963470220565796,2.962038993835449,2.9603583812713623,2.958430051803589,2.956298589706421,2.954015016555786,2.9515857696533203,2.949047327041626,2.946380615234375,2.943610429763794,2.940718412399292,2.937741994857788,2.9346840381622314,2.931574821472168,2.928419828414917,2.9252395629882812,2.9220266342163086,2.918774366378784,2.915534019470215,2.9122893810272217,2.9090611934661865,2.905851364135742,2.902689218521118,2.899595260620117,2.896550416946411,2.8935015201568604,2.8904573917388916,2.8874149322509766,9.329999923706055
151,3.082500696182251,3.079357147216797,3.076205015182495,3.073033571243286,3.0698840618133545,3.0667572021484375,3.06365704536438,3.060575485229492,3.0575273036956787,3.0545237064361572,3.05157208442688,3.04866886138916,3.0458362102508545,3.0430831909179688,3.040438413619995,3.0378830432891846,3.0354526042938232,3.033161163330078,3.0309956073760986,3.0289909839630127,3.0271084308624268,3.0253403186798096,3.0236704349517822,3.022092819213867,3.0206072330474854,3.019219160079956,3.0178451538085938,3.016491651535034,3.0151164531707764,3.0136470794677734,3.012014389038086,3.0101592540740967,3.0080697536468506,3.005753517150879,3.0032083988189697,3.0004465579986572,2.997481107711792,2.9943597316741943,2.9911670684814453,2.9879376888275146,2.984698534011841,2.9814329147338867,2.978147268295288,2.9749677181243896,2.9720094203948975,2.969390869140625,2.967111349105835,2.965118408203125,2.9634344577789307,2.9621798992156982,2.9614498615264893,2.9612655639648438,2.9616525173187256,2.9625723361968994,2.9639694690704346,2.96575927734375,2.9679033756256104,2.970402479171753,2.9732396602630615,2.976381540298462,2.979759454727173,2.983269691467285,2.986750602722168,2.99006724357605,2.9930484294891357,2.9955337047576904,2.997455596923828,2.9987802505493164,2.9995386600494385,2.9997386932373047,2.99943470954895,2.998673439025879,2.997556686401367,2.9961109161376953,2.99436354637146,2.9923439025878906,2.99010968208313,2.9877216815948486,2.9851303100585938,2.982368230819702,2.9794769287109375,2.9764740467071533,2.9733591079711914,2.970146417617798,2.9668521881103516,2.9634952545166016,2.9600894451141357,2.956636428833008,2.9531219005584717,2.9495677947998047,2.946012496948242,2.942483901977539,2.938967704772949,2.935478925704956,2.9320478439331055,2.928656816482544,2.9252769947052,2.9219019412994385,2.918567657470703,2.915264129638672,9.34000015258789
152,3.0503711700439453,3.0472218990325928,3.044062376022339,3.040911912918091,3.0377893447875977,3.03466796875,3.031557321548462,3.0284690856933594,3.0254108905792236,3.0223982334136963,3.0194385051727295,3.0165488719940186,3.0137135982513428,3.0109446048736572,3.0082786083221436,3.0057144165039062,3.003253221511841,3.0009238719940186,2.998741388320923,2.996703863143921,2.9947826862335205,2.992969512939453,2.991273880004883,2.98968505859375,2.988173246383667,2.986717462539673,2.985304832458496,2.9839179515838623,2.982499122619629,2.980966329574585,2.9792776107788086,2.9774014949798584,2.9753010272979736,2.972959280014038,2.9703786373138428,2.9675819873809814,2.964606523513794,2.9614953994750977,2.95831036567688,2.9550960063934326,2.9518892765045166,2.94867205619812,2.945460557937622,2.9423093795776367,2.9393842220306396,2.9367849826812744,2.934525489807129,2.932520627975464,2.9307968616485596,2.9295036792755127,2.928739547729492,2.9285151958465576,2.9288082122802734,2.9295902252197266,2.930833101272583,2.932471513748169,2.9344489574432373,2.9367570877075195,2.939392328262329,2.942331314086914,2.9454829692840576,2.9487364292144775,2.951934576034546,2.9549338817596436,2.9576170444488525,2.95988392829895,2.9616315364837646,2.9627864360809326,2.963362693786621,2.9634110927581787,2.962986707687378,2.9621613025665283,2.960977554321289,2.9594850540161133,2.957716703414917,2.9557273387908936,2.953531265258789,2.951151132583618,2.948643922805786,2.9459822177886963,2.943201780319214,2.940315008163452,2.9373080730438232,2.934218406677246,2.931025505065918,2.9277734756469727,2.924471616744995,2.921121835708618,2.9177558422088623,2.9143478870391846,2.9109344482421875,2.907517671585083,2.9041059017181396,2.900719404220581,2.897383451461792,2.894101858139038,2.8908567428588867,2.8876264095306396,2.884408950805664,2.8812367916107178,9.34000015258789
153,3.21574330329895,3.2125542163848877,3.2092959880828857,3.20599627494812,3.2027037143707275,3.1993789672851562,3.1960461139678955,3.1927316188812256,3.189418077468872,3.1861629486083984,3.182933807373047,3.179725408554077,3.1765553951263428,3.1734611988067627,3.1704370975494385,3.1675302982330322,3.1647226810455322,3.1620540618896484,3.1595115661621094,3.157092332839966,3.1547791957855225,3.152562379837036,3.1504335403442383,3.148378372192383,3.1463963985443115,3.1445319652557373,3.1427249908447266,3.140899658203125,3.139023542404175,3.1370232105255127,3.134904623031616,3.132601737976074,3.1300792694091797,3.1273863315582275,3.124516725540161,3.1214473247528076,3.118196487426758,3.1148321628570557,3.111393690109253,3.1079111099243164,3.1043717861175537,3.1008331775665283,3.097341299057007,3.0939838886260986,3.090839385986328,3.0879852771759033,3.0854499340057373,3.0831947326660156,3.08125376701355,3.0797367095947266,3.0787012577056885,3.078192710876465,3.078157663345337,3.078620195388794,3.0795068740844727,3.0807647705078125,3.082382917404175,3.084321975708008,3.0865609645843506,3.089062452316284,3.0917727947235107,3.094606399536133,3.0973823070526123,3.0999796390533447,3.1022815704345703,3.1041862964630127,3.1056277751922607,3.1065359115600586,3.1069233417510986,3.106837272644043,3.1063194274902344,3.1054165363311768,3.104151487350464,3.102609395980835,3.100827217102051,3.098846435546875,3.096649169921875,3.0942838191986084,3.0917656421661377,3.0891075134277344,3.0863358974456787,3.0834407806396484,3.080479860305786,3.0774688720703125,3.074413299560547,3.07129168510437,3.068082094192505,3.064859628677368,3.0616254806518555,3.0583698749542236,3.055079221725464,3.0517942905426025,3.0485429763793945,3.045332908630371,3.042140007019043,3.038968324661255,3.035865068435669,3.032773017883301,3.029676675796509,3.0265867710113525,9.350000381469727
154,3.1649322509765625,3.161465883255005,3.157938003540039,3.1543543338775635,3.150804281234741,3.1472835540771484,3.1438159942626953,3.1403610706329346,3.1369354724884033,3.1335556507110596,3.130234956741333,3.126962661743164,3.123751640319824,3.120620012283325,3.1176064014434814,3.114718198776245,3.111966371536255,3.109333038330078,3.106823205947876,3.104480743408203,3.1022651195526123,3.1001780033111572,3.0981693267822266,3.0962722301483154,3.0944442749023438,3.0927047729492188,3.090985059738159,3.0893051624298096,3.0875561237335205,3.085664749145508,3.083599805831909,3.081348419189453,3.0788958072662354,3.0762035846710205,3.0732476711273193,3.0700972080230713,3.0667874813079834,3.0633630752563477,3.0599069595336914,3.0564358234405518,3.052912712097168,3.049328088760376,3.045742988586426,3.042292833328247,3.0391242504119873,3.036299705505371,3.033829927444458,3.0316295623779297,3.0297443866729736,3.0283210277557373,3.027428388595581,3.0270938873291016,3.0272915363311768,3.027977705001831,3.029120683670044,3.030654191970825,3.0325374603271484,3.034764528274536,3.037299394607544,3.0401382446289062,3.0431740283966064,3.0463104248046875,3.049354314804077,3.052186965942383,3.0546436309814453,3.0566389560699463,3.0581295490264893,3.059056520462036,3.059429407119751,3.0593183040618896,3.05875301361084,3.0577757358551025,3.0564279556274414,3.054753065109253,3.0528295040130615,3.0507051944732666,3.048393964767456,3.045905113220215,3.043272018432617,3.0405242443084717,3.0376529693603516,3.034637451171875,3.0315208435058594,3.0283467769622803,3.0251007080078125,3.0217926502227783,3.0184361934661865,3.015000104904175,3.0115387439727783,3.0080554485321045,3.0046005249023438,3.0011844635009766,2.9977874755859375,2.9944260120391846,2.9910728931427,2.9877569675445557,2.984487295150757,2.98126482963562,2.978085517883301,2.974921464920044,9.359999656677246
155,2.815437078475952,2.8131351470947266,2.8108081817626953,2.8085029125213623,2.806215286254883,2.803943395614624,2.801690101623535,2.7994537353515625,2.797243356704712,2.7950477600097656,2.7928667068481445,2.7907278537750244,2.7886550426483154,2.786653518676758,2.7847278118133545,2.782921552658081,2.7812042236328125,2.779555320739746,2.777996778488159,2.776536703109741,2.7751853466033936,2.7739315032958984,2.772754669189453,2.7716732025146484,2.7706499099731445,2.7696409225463867,2.7686538696289062,2.767666816711426,2.766669988632202,2.7656173706054688,2.764444351196289,2.763103485107422,2.761561632156372,2.759845018386841,2.7579753398895264,2.7559750080108643,2.7538459300994873,2.751631021499634,2.7494003772735596,2.747174024581909,2.744919538497925,2.742565393447876,2.740124464035034,2.7377512454986572,2.735637664794922,2.7338578701019287,2.7323410511016846,2.731001853942871,2.729860305786133,2.729045867919922,2.7286441326141357,2.7286665439605713,2.729081392288208,2.729879379272461,2.7310335636138916,2.7325146198272705,2.734287977218628,2.7363319396972656,2.7386398315429688,2.741180419921875,2.743917465209961,2.7467410564422607,2.7495460510253906,2.7522125244140625,2.754633665084839,2.7566864490509033,2.7583019733428955,2.7594566345214844,2.760176658630371,2.7604782581329346,2.7604057788848877,2.760009527206421,2.759320020675659,2.758357048034668,2.75716233253479,2.755768060684204,2.7542073726654053,2.7524964809417725,2.750673532485962,2.7487571239471436,2.746731996536255,2.7445924282073975,2.7423641681671143,2.7400729656219482,2.7377212047576904,2.735337018966675,2.732926368713379,2.730487823486328,2.7280120849609375,2.7255032062530518,2.7229998111724854,2.7205092906951904,2.718022584915161,2.7155561447143555,2.7131433486938477,2.710783004760742,2.7084414958953857,2.7060868740081787,2.703720808029175,2.701364517211914,9.359999656677246
156,3.2813613414764404,3.2770118713378906,3.2726852893829346,3.268380880355835,3.2641093730926514,3.259878158569336,3.255650758743286,3.2514841556549072,3.2474114894866943,3.2434589862823486,3.239595651626587,3.2357969284057617,3.2320947647094727,3.228501081466675,3.2250890731811523,3.2218456268310547,3.2187564373016357,3.215848922729492,3.213136911392212,3.2106497287750244,3.208343744277954,3.2061879634857178,3.204176187515259,3.2022972106933594,3.200563669204712,3.198931932449341,3.1973555088043213,3.1958425045013428,3.1942617893218994,3.192542791366577,3.19061017036438,3.1884241104125977,3.1859703063964844,3.1832282543182373,3.180187225341797,3.1768810749053955,3.1733386516571045,3.169628858566284,3.165851593017578,3.1620500087738037,3.1582205295562744,3.154386520385742,3.1505613327026367,3.1468780040740967,3.1434690952301025,3.1404716968536377,3.137882947921753,3.1356794834136963,3.1338768005371094,3.132614850997925,3.132044553756714,3.1321918964385986,3.1330268383026123,3.134495735168457,3.136552095413208,3.1391124725341797,3.1421356201171875,3.145566940307617,3.1494390964508057,3.1536731719970703,3.1581695079803467,3.16280198097229,3.167372941970825,3.1717424392700195,3.1756839752197266,3.179041862487793,3.181687355041504,3.183581590652466,3.184767723083496,3.185258626937866,3.1851043701171875,3.184415817260742,3.1832616329193115,3.181706428527832,3.1797943115234375,3.1776230335235596,3.17514967918396,3.172429084777832,3.169534683227539,3.166468858718872,3.1632511615753174,3.1598546504974365,3.1563518047332764,3.1527442932128906,3.1489970684051514,3.1451950073242188,3.141336441040039,3.1373977661132812,3.133408546447754,3.1293952465057373,3.125352621078491,3.1213464736938477,3.1173744201660156,3.1134612560272217,3.1095497608184814,3.1057240962982178,3.1020050048828125,3.098316192626953,3.0946385860443115,3.0909509658813477,9.369999885559082
157,3.207256555557251,3.203824996948242,3.2003872394561768,3.196934461593628,3.1935031414031982,3.190108060836792,3.186699628829956,3.183283567428589,3.179924726486206,3.1766197681427,3.1733949184417725,3.1702229976654053,3.1671130657196045,3.164105176925659,3.1611616611480713,3.1583023071289062,3.155574083328247,3.1530227661132812,3.1506118774414062,3.1483535766601562,3.146233558654785,3.1442573070526123,3.14239239692688,3.140625,3.1389505863189697,3.1373603343963623,3.135810136795044,3.1342780590057373,3.13271164894104,3.1309986114501953,3.12912917137146,3.1270296573638916,3.12469220161438,3.1220877170562744,3.119188070297241,3.116071939468384,3.1127853393554688,3.109332799911499,3.105767011642456,3.1021528244018555,3.0985145568847656,3.094907760620117,3.0913002490997314,3.0877926349639893,3.084573984146118,3.0816996097564697,3.0791618824005127,3.0769193172454834,3.075018882751465,3.0736045837402344,3.0727243423461914,3.072443723678589,3.072793960571289,3.073719024658203,3.0751237869262695,3.076932668685913,3.0791139602661133,3.0816471576690674,3.0845119953155518,3.0876834392547607,3.09108829498291,3.094589948654175,3.0980327129364014,3.1012446880340576,3.1040573120117188,3.1063411235809326,3.1080167293548584,3.1090714931488037,3.109560012817383,3.10949444770813,3.1089067459106445,3.1078336238861084,3.106379747390747,3.1045610904693604,3.1024506092071533,3.100128173828125,3.097627639770508,3.0949394702911377,3.0920517444610596,3.089003324508667,3.0858089923858643,3.0824902057647705,3.079072952270508,3.0756008625030518,3.072082281112671,3.068495988845825,3.0648820400238037,3.061244249343872,3.0575506687164307,3.0538148880004883,3.0500547885894775,3.046311140060425,3.0426084995269775,3.0389633178710938,3.035365343093872,3.0318024158477783,3.0282628536224365,3.0247440338134766,3.021251678466797,3.017831563949585,9.380000114440918
158,3.0840938091278076,3.081024169921875,3.077967405319214,3.0748813152313232,3.071770429611206,3.0686800479888916,3.0656373500823975,3.062617063522339,3.0596208572387695,3.0566508769989014,3.0537431240081787,3.050893783569336,3.0480973720550537,3.0453555583953857,3.0426788330078125,3.0401289463043213,3.03774094581604,3.035512685775757,3.033407211303711,3.031376600265503,3.0294406414031982,3.027606248855591,3.025892496109009,3.024285316467285,3.022745370864868,3.021270513534546,3.019826650619507,3.0183961391448975,3.016925811767578,3.015331268310547,3.0135719776153564,3.0116145610809326,3.0094516277313232,3.007089853286743,3.004526376724243,3.0017688274383545,2.9988362789154053,2.9957916736602783,2.9926979541778564,2.989593505859375,2.9864635467529297,2.983266830444336,2.9800822734832764,2.9769935607910156,2.974177598953247,2.971700668334961,2.96950364112854,2.9675872325897217,2.9659483432769775,2.964733839035034,2.9640274047851562,2.9638233184814453,2.9641425609588623,2.9649295806884766,2.9661340713500977,2.9676780700683594,2.969560384750366,2.9717884063720703,2.974337339401245,2.9771575927734375,2.980158567428589,2.9832239151000977,2.9862139225006104,2.9890174865722656,2.9914932250976562,2.993525743484497,2.995051622390747,2.9960525035858154,2.9965312480926514,2.99652361869812,2.9960596561431885,2.9952192306518555,2.9940783977508545,2.992666006088257,2.991022825241089,2.989124298095703,2.987056016921997,2.9848220348358154,2.9824397563934326,2.9799270629882812,2.9773080348968506,2.97461199760437,2.9718151092529297,2.9689347743988037,2.966003179550171,2.9630229473114014,2.9599876403808594,2.956909418106079,2.953794240951538,2.950704574584961,2.94762921333313,2.9445722103118896,2.941528558731079,2.938476324081421,2.935468912124634,2.9325215816497803,2.92965030670166,2.926804780960083,2.9239704608917236,2.9211339950561523,9.399999618530273
159,3.2150707244873047,3.2118685245513916,3.2086069583892822,3.2053191661834717,3.202045440673828,3.1987812519073486,3.1955463886260986,3.1923415660858154,3.1891372203826904,3.1859827041625977,3.182852029800415,3.179793119430542,3.176786184310913,3.1738555431365967,3.171034097671509,3.168339967727661,3.165792465209961,3.1633522510528564,3.1610171794891357,3.1588337421417236,3.1567885875701904,3.1548922061920166,3.1531269550323486,3.1514575481414795,3.1498634815216064,3.1483023166656494,3.146796226501465,3.145312547683716,3.143787384033203,3.1421737670898438,3.1403791904449463,3.1383817195892334,3.1361052989959717,3.1335790157318115,3.1307952404022217,3.1277716159820557,3.124558448791504,3.12123703956604,3.1178386211395264,3.1144113540649414,3.1109304428100586,3.1073923110961914,3.103837728500366,3.1004011631011963,3.097216844558716,3.0943775177001953,3.091911554336548,3.0897552967071533,3.08793568611145,3.0865516662597656,3.0857136249542236,3.085465431213379,3.0857994556427,3.0867042541503906,3.088085174560547,3.0899078845977783,3.0921247005462646,3.0947153568267822,3.097654104232788,3.1008987426757812,3.1043760776519775,3.1080005168914795,3.1115715503692627,3.1149914264678955,3.118088960647583,3.1207475662231445,3.122807741165161,3.1241798400878906,3.1249334812164307,3.12512469291687,3.124818801879883,3.1240570545196533,3.122931480407715,3.1214797496795654,3.119702100753784,3.1176249980926514,3.115304946899414,3.1127912998199463,3.1101131439208984,3.1073238849639893,3.1043927669525146,3.1013081073760986,3.098115921020508,3.094822883605957,3.091479539871216,3.0880463123321533,3.084557294845581,3.0810129642486572,3.077440023422241,3.073859453201294,3.0702829360961914,3.066667318344116,3.0630311965942383,3.0594542026519775,3.05595326423645,3.052539825439453,3.0491340160369873,3.045734405517578,3.042370557785034,3.039029121398926,9.40999984741211
160,2.988703966140747,2.986008405685425,2.983259916305542,2.9804599285125732,2.97762131690979,2.97477650642395,2.9719715118408203,2.9691696166992188,2.9663283824920654,2.9635002613067627,2.960637092590332,2.9578113555908203,2.955054998397827,2.952362060546875,2.949756622314453,2.9472169876098633,2.9447453022003174,2.942371368408203,2.940074920654297,2.9378788471221924,2.9357852935791016,2.9337713718414307,2.931830406188965,2.929943323135376,2.9280879497528076,2.9262733459472656,2.9244956970214844,2.9227294921875,2.9209206104278564,2.9190104007720947,2.9169514179229736,2.9147603511810303,2.912459373474121,2.910034418106079,2.907475471496582,2.9047889709472656,2.901970863342285,2.899127721786499,2.896280288696289,2.893448829650879,2.89062237739563,2.8877153396606445,2.8847687244415283,2.881943941116333,2.8793601989746094,2.877063512802124,2.8749847412109375,2.873067855834961,2.8713786602020264,2.870041608810425,2.8690807819366455,2.868497848510742,2.868248224258423,2.868335723876953,2.868739366531372,2.8694169521331787,2.8703625202178955,2.871579170227051,2.8730313777923584,2.8746726512908936,2.8764429092407227,2.878260850906372,2.8800363540649414,2.8816583156585693,2.883042097091675,2.8841278553009033,2.884854316711426,2.8852176666259766,2.8851983547210693,2.8848559856414795,2.8842031955718994,2.883268356323242,2.882097005844116,2.8807363510131836,2.8792054653167725,2.877519369125366,2.8757011890411377,2.873781442642212,2.87176251411438,2.869647979736328,2.867462396621704,2.8652069568634033,2.8628759384155273,2.8604958057403564,2.858098268508911,2.855670213699341,2.853203058242798,2.8507091999053955,2.848220109939575,2.8457260131835938,2.843226671218872,2.8407390117645264,2.83828067779541,2.835892915725708,2.8335189819335938,2.8311502933502197,2.828808546066284,2.8265018463134766,2.824202537536621,2.8218719959259033,9.40999984741211
161,2.9911530017852783,2.9881765842437744,2.985201597213745,2.9822521209716797,2.9793384075164795,2.976393461227417,2.973435163497925,2.970486640930176,2.9675657749176025,2.9646918773651123,2.9618775844573975,2.9590847492218018,2.9563586711883545,2.9537041187286377,2.9511382579803467,2.9486589431762695,2.946286916732788,2.944012403488159,2.941852569580078,2.939826250076294,2.937901258468628,2.936086416244507,2.93436598777771,2.9326961040496826,2.931119203567505,2.929612398147583,2.9281651973724365,2.9267375469207764,2.9252946376800537,2.9237594604492188,2.9220683574676514,2.920220136642456,2.9182004928588867,2.9160029888153076,2.9136369228363037,2.9110891819000244,2.9084157943725586,2.90563702583313,2.902787446975708,2.899914026260376,2.897019147872925,2.8940792083740234,2.891132116317749,2.888275384902954,2.885624885559082,2.883253812789917,2.8811540603637695,2.8792810440063477,2.8776776790618896,2.876436233520508,2.8756468296051025,2.8753135204315186,2.875434160232544,2.8759896755218506,2.8769664764404297,2.8782894611358643,2.8799448013305664,2.881911039352417,2.8841850757598877,2.8867454528808594,2.8895175457000732,2.8924121856689453,2.895305871963501,2.8980534076690674,2.9005539417266846,2.902682304382324,2.904352903366089,2.9055233001708984,2.906182289123535,2.9063758850097656,2.906162977218628,2.905583143234253,2.904675245285034,2.903479814529419,2.902024030685425,2.900360107421875,2.898514986038208,2.896482467651367,2.8943262100219727,2.892052412033081,2.889659881591797,2.8871688842773438,2.88458251953125,2.8819265365600586,2.879185914993286,2.8763697147369385,2.8735389709472656,2.870680093765259,2.8677616119384766,2.864811658859253,2.861865282058716,2.8589260578155518,2.856008768081665,2.8531062602996826,2.850263833999634,2.847447633743286,2.8446664810180664,2.8418967723846436,2.8391597270965576,2.8364200592041016,9.40999984741211
162,3.066784143447876,3.0639448165893555,3.0610783100128174,3.0582053661346436,3.0553340911865234,3.0524470806121826,3.0495975017547607,3.0468149185180664,3.0440890789031982,3.0414397716522217,3.038832664489746,3.036282777786255,3.0338335037231445,3.0314667224884033,3.0292065143585205,3.0270559787750244,3.0250561237335205,3.023221254348755,3.0215389728546143,3.019969940185547,3.018521547317505,3.0172061920166016,3.016026735305786,3.0149593353271484,3.013970375061035,3.013045072555542,3.0121467113494873,3.011241912841797,3.010263204574585,3.0091826915740967,3.007927179336548,3.0064518451690674,3.004718780517578,3.0027143955230713,3.000458002090454,2.99794864654541,2.995197296142578,2.992314338684082,2.9893639087677,2.9863951206207275,2.9834487438201904,2.98046875,2.977494478225708,2.974607467651367,2.9719431400299072,2.969628095626831,2.967669725418091,2.966027021408081,2.964763641357422,2.9640026092529297,2.9637973308563232,2.964167594909668,2.9651119709014893,2.9666223526000977,2.9686062335968018,2.971024751663208,2.9737977981567383,2.976984739303589,2.98052978515625,2.984389305114746,2.988485336303711,2.9926908016204834,2.996823310852051,3.0007240772247314,3.00422739982605,3.007222890853882,3.0095794200897217,3.011253595352173,3.012289047241211,3.012765884399414,3.0127153396606445,3.0122032165527344,3.0112571716308594,3.0099546909332275,3.008333921432495,3.0064313411712646,3.004305601119995,3.0019466876983643,2.9994404315948486,2.9967896938323975,2.993995428085327,2.991060256958008,2.98799204826355,2.984809637069702,2.9815385341644287,2.9782326221466064,2.9749209880828857,2.9715423583984375,2.968088150024414,2.964592695236206,2.9610955715179443,2.9576175212860107,2.9541752338409424,2.950807571411133,2.947524070739746,2.9442882537841797,2.941070795059204,2.937854528427124,2.9346513748168945,2.9314610958099365,9.430000305175781
163,3.2009658813476562,3.196791887283325,3.192620277404785,3.1884829998016357,3.184354782104492,3.1802968978881836,3.1762754917144775,3.172320604324341,3.1684141159057617,3.16455078125,3.160752534866333,3.157052993774414,3.153437376022339,3.1499812602996826,3.146672487258911,3.1435210704803467,3.1404905319213867,3.1376326084136963,3.134935140609741,3.132451295852661,3.1301634311676025,3.128035306930542,3.126047134399414,3.124171495437622,3.122360944747925,3.120661497116089,3.1190507411956787,3.1174495220184326,3.1158342361450195,3.114090919494629,3.1121625900268555,3.109989881515503,3.107532501220703,3.1047728061676025,3.101727247238159,3.0984046459198,3.094845771789551,3.09112548828125,3.087325096130371,3.0834968090057373,3.0796549320220947,3.07574200630188,3.0717735290527344,3.0679190158843994,3.0643653869628906,3.061281204223633,3.0586049556732178,3.056274175643921,3.0543155670166016,3.0528717041015625,3.052069902420044,3.0519440174102783,3.0524909496307373,3.05371356010437,3.0555145740509033,3.057809829711914,3.0605204105377197,3.063617706298828,3.067084550857544,3.0708987712860107,3.0749473571777344,3.0791561603546143,3.083369255065918,3.0873520374298096,3.0909318923950195,3.093942403793335,3.0963306427001953,3.098003625869751,3.0989599227905273,3.099261522293091,3.099000930786133,3.0982582569122314,3.0970699787139893,3.0954716205596924,3.093517541885376,3.0912997722625732,3.0888471603393555,3.0861542224884033,3.0832622051239014,3.0802009105682373,3.0770041942596436,3.073662519454956,3.0701730251312256,3.0665435791015625,3.0628302097320557,3.059091567993164,3.05531907081604,3.0514633655548096,3.0475528240203857,3.0436198711395264,3.039649724960327,3.035649538040161,3.031702756881714,3.0278422832489014,3.0240352153778076,3.0202476978302,3.0164945125579834,3.0127899646759033,3.0091121196746826,3.0054848194122314,9.460000038146973
164,3.2123260498046875,3.2082509994506836,3.2041633129119873,3.2000818252563477,3.1960437297821045,3.1920278072357178,3.188023805618286,3.1841037273406982,3.1802356243133545,3.1764049530029297,3.1726295948028564,3.1689207553863525,3.1653363704681396,3.1618881225585938,3.1585569381713867,3.155341386795044,3.152284860610962,3.1493747234344482,3.1466243267059326,3.1440589427948,3.1416587829589844,3.139425277709961,3.1373393535614014,3.1353743076324463,3.133500337600708,3.1317031383514404,3.129962682723999,3.1282503604888916,3.126499891281128,3.1246111392974854,3.1225082874298096,3.1201565265655518,3.117540121078491,3.1146605014801025,3.1115124225616455,3.1081125736236572,3.1045072078704834,3.1007721424102783,3.0969693660736084,3.093136787414551,3.0892674922943115,3.0853679180145264,3.0814812183380127,3.0777323246002197,3.0742931365966797,3.071290969848633,3.06866192817688,3.0663721561431885,3.0644447803497314,3.063034772872925,3.062252998352051,3.062098264694214,3.0625648498535156,3.0636494159698486,3.0652408599853516,3.067274332046509,3.069719076156616,3.072554349899292,3.075754165649414,3.0792319774627686,3.0829174518585205,3.0866925716400146,3.090393304824829,3.0938310623168945,3.0968515872955322,3.0993194580078125,3.1011898517608643,3.1024253368377686,3.103025436401367,3.1030263900756836,3.102494955062866,3.101530075073242,3.100179672241211,3.0984554290771484,3.0964133739471436,3.094109296798706,3.091593027114868,3.0888824462890625,3.086024045944214,3.0830395221710205,3.0798768997192383,3.076585054397583,3.0731747150421143,3.0696723461151123,3.06609845161438,3.062437057495117,3.0587358474731445,3.0550031661987305,3.0512630939483643,3.0474917888641357,3.0437145233154297,3.0399370193481445,3.036142349243164,3.0324106216430664,3.028766632080078,3.0251944065093994,3.021599531173706,3.0180346965789795,3.014573335647583,3.01111102104187,9.460000038146973
165,3.0277767181396484,3.0250377655029297,3.022291898727417,3.019547462463379,3.016782760620117,3.0140202045440674,3.0112602710723877,3.0084831714630127,3.0057151317596436,3.002967119216919,3.000276565551758,2.997636556625366,2.9950668811798096,2.9925537109375,2.9900968074798584,2.987712860107422,2.9854419231414795,2.9832944869995117,2.981254816055298,2.9793179035186768,2.9774696826934814,2.9757163524627686,2.974032163619995,2.9724369049072266,2.970913887023926,2.969466209411621,2.968047857284546,2.9666407108306885,2.9651858806610107,2.963623046875,2.9619014263153076,2.9600188732147217,2.957940101623535,2.955678701400757,2.9532251358032227,2.950632333755493,2.9479076862335205,2.9450924396514893,2.942228317260742,2.9393298625946045,2.9363765716552734,2.933384656906128,2.9303836822509766,2.9274818897247314,2.9248087406158447,2.9224472045898438,2.9203808307647705,2.91855788230896,2.916996955871582,2.9157984256744385,2.9150352478027344,2.9147520065307617,2.9149131774902344,2.915498971939087,2.9164798259735107,2.9178085327148438,2.9194600582122803,2.9214236736297607,2.923682451248169,2.926213026046753,2.92891788482666,2.9316883087158203,2.934420585632324,2.9369802474975586,2.939260482788086,2.9411585330963135,2.942601442337036,2.9435479640960693,2.9439964294433594,2.943988561630249,2.9435694217681885,2.942793607711792,2.941701889038086,2.9403340816497803,2.938718795776367,2.936901807785034,2.934917688369751,2.9327805042266846,2.9304990768432617,2.928086996078491,2.9255897998809814,2.922994613647461,2.9202969074249268,2.9175264835357666,2.914689302444458,2.9117963314056396,2.908843755722046,2.9058895111083984,2.902916193008423,2.8999202251434326,2.8969194889068604,2.8939197063446045,2.890920877456665,2.8879432678222656,2.885009765625,2.882128953933716,2.8792946338653564,2.8765013217926025,2.8737375736236572,2.8709638118743896,9.460000038146973
166,3.0050175189971924,3.002197265625,2.999394655227661,2.996610641479492,2.9938437938690186,2.9910926818847656,2.9883487224578857,2.9856374263763428,2.982957601547241,2.980318069458008,2.977710008621216,2.975151777267456,2.972672700881958,2.9702885150909424,2.9679958820343018,2.9657812118530273,2.963674545288086,2.961697578430176,2.9598636627197266,2.958134889602661,2.956533432006836,2.955029249191284,2.9535839557647705,2.9522039890289307,2.9509222507476807,2.949692964553833,2.9484970569610596,2.9472875595092773,2.946057081222534,2.9447460174560547,2.9432766437530518,2.941624402999878,2.93975830078125,2.9376964569091797,2.935453176498413,2.933047294616699,2.9305076599121094,2.927837371826172,2.925122022628784,2.9223976135253906,2.9196503162384033,2.9168548583984375,2.9139997959136963,2.911231279373169,2.908731460571289,2.906564712524414,2.9047024250030518,2.903062582015991,2.901707410812378,2.900747299194336,2.9002678394317627,2.900273561477661,2.9007415771484375,2.9016761779785156,2.903012990951538,2.904690742492676,2.9066898822784424,2.9090099334716797,2.9116389751434326,2.91451096534729,2.917546272277832,2.9206626415252686,2.923731565475464,2.9266068935394287,2.929147720336914,2.9312803745269775,2.9329464435577393,2.934067726135254,2.934687852859497,2.934821128845215,2.934551954269409,2.933945655822754,2.9330108165740967,2.931790351867676,2.9303176403045654,2.9286365509033203,2.9268081188201904,2.9248173236846924,2.9226787090301514,2.920435667037964,2.918100357055664,2.9156646728515625,2.913137435913086,2.9105236530303955,2.9078521728515625,2.9051284790039062,2.9023542404174805,2.89955997467041,2.89675235748291,2.8939123153686523,2.891082763671875,2.8882858753204346,2.8855140209198,2.882777214050293,2.8800554275512695,2.8773927688598633,2.8747551441192627,2.872145652770996,2.8695476055145264,2.8669347763061523,9.460000038146973
167,3.2439119815826416,3.240859270095825,3.237705945968628,3.2345285415649414,3.2313530445098877,3.2281341552734375,3.2248694896698,3.221613883972168,3.2183544635772705,3.2151553630828857,3.2119553089141846,3.208765983581543,3.205599069595337,3.202469825744629,3.1993792057037354,3.196390151977539,3.193490982055664,3.190715789794922,3.188077926635742,3.185551881790161,3.1831157207489014,3.180769920349121,3.1785361766815186,3.176398515701294,3.174327850341797,3.17229962348938,3.1703224182128906,3.1683919429779053,3.166388750076294,3.164262056350708,3.16203236579895,3.159649610519409,3.157078742980957,3.1542580127716064,3.1512110233306885,3.147991180419922,3.1446073055267334,3.1411492824554443,3.137648344039917,3.1341047286987305,3.1304874420166016,3.1268434524536133,3.1233062744140625,3.119927167892456,3.1167430877685547,3.1137936115264893,3.1111152172088623,3.108726739883423,3.106673002243042,3.1050078868865967,3.10381817817688,3.103099822998047,3.1028642654418945,3.103111982345581,3.1037795543670654,3.1048171520233154,3.106152296066284,3.1077842712402344,3.1096904277801514,3.1118433475494385,3.114194869995117,3.1166279315948486,3.1190338134765625,3.12126088142395,3.1232197284698486,3.124809503555298,3.1259257793426514,3.126530408859253,3.126631736755371,3.126304864883423,3.1255738735198975,3.1244773864746094,3.1230430603027344,3.12133526802063,3.119415044784546,3.117316484451294,3.115020990371704,3.1125705242156982,3.1099941730499268,3.107323408126831,3.1045658588409424,3.1016845703125,3.098740339279175,3.0957210063934326,3.0926411151885986,3.0895049571990967,3.086317777633667,3.0830774307250977,3.0797929763793945,3.076497793197632,3.073221206665039,3.0699355602264404,3.066643476486206,3.0634238719940186,3.060232162475586,3.0570621490478516,3.053901433944702,3.050745725631714,3.047616958618164,3.044487714767456,9.470000267028809
168,3.015270233154297,3.011993408203125,3.0086710453033447,3.0053508281707764,3.0020205974578857,2.9987070560455322,2.995403528213501,2.9920833110809326,2.9887945652008057,2.9855449199676514,2.982344388961792,2.979222059249878,2.9761364459991455,2.973137617111206,2.970229387283325,2.9674036502838135,2.9646825790405273,2.9620792865753174,2.959594488143921,2.9572455883026123,2.955012559890747,2.952897071838379,2.950885772705078,2.948972702026367,2.947155714035034,2.945378303527832,2.9436275959014893,2.941901445388794,2.940171003341675,2.9383747577667236,2.936422348022461,2.9342777729034424,2.931919813156128,2.9293346405029297,2.926564931869507,2.9236021041870117,2.9204719066619873,2.9171950817108154,2.9138576984405518,2.9105331897735596,2.9072256088256836,2.9039018154144287,2.9005682468414307,2.8973121643066406,2.894256591796875,2.8915417194366455,2.8891541957855225,2.887036085128784,2.885178565979004,2.8837149143218994,2.882751703262329,2.882312059402466,2.8823745250701904,2.882899284362793,2.8838577270507812,2.8851888179779053,2.886854887008667,2.888853073120117,2.8911380767822266,2.8936636447906494,2.8964078426361084,2.89927077293396,2.902132749557495,2.904817581176758,2.9072062969207764,2.909187078475952,2.910677909851074,2.911639928817749,2.9120800495147705,2.912017822265625,2.911501884460449,2.9105961322784424,2.909370183944702,2.9078547954559326,2.906078338623047,2.904064416885376,2.9018442630767822,2.899441957473755,2.8968772888183594,2.894197463989258,2.8914124965667725,2.8885107040405273,2.885507345199585,2.8824093341827393,2.8792524337768555,2.876047372817993,2.8727827072143555,2.8694980144500732,2.866170883178711,2.8627989292144775,2.859395742416382,2.85600209236145,2.8526525497436523,2.8493101596832275,2.846024751663208,2.842775583267212,2.8395824432373047,2.836404800415039,2.8332321643829346,2.830050230026245,9.479999542236328
169,3.1777095794677734,3.174419403076172,3.171138048171997,3.1678645610809326,3.1646087169647217,3.1613457202911377,3.1581265926361084,3.154916524887085,3.1517250537872314,3.1485841274261475,3.145535469055176,3.142557144165039,3.1396312713623047,3.136756181716919,3.1340084075927734,3.1313741207122803,3.1288578510284424,3.1264495849609375,3.1241819858551025,3.1220788955688477,3.1200950145721436,3.118271827697754,3.116530418395996,3.1148557662963867,3.1132736206054688,3.1117780208587646,3.1103556156158447,3.1089446544647217,3.1074764728546143,3.105937957763672,3.1042442321777344,3.102344512939453,3.1002111434936523,3.0978176593780518,3.095191717147827,3.0923454761505127,3.089320421218872,3.086178779602051,3.08290958404541,3.079590082168579,3.0762569904327393,3.072932481765747,3.0696420669555664,3.066434144973755,3.063473701477051,3.060814142227173,3.058454751968384,3.0563862323760986,3.054644823074341,3.0533607006073,3.052605390548706,3.0524280071258545,3.0528345108032227,3.0537631511688232,3.055154800415039,3.0569381713867188,3.059105157852173,3.0616846084594727,3.0646255016326904,3.0678999423980713,3.0714328289031982,3.075078248977661,3.0787041187286377,3.0821189880371094,3.0851781368255615,3.087775468826294,3.0898358821868896,3.0912609100341797,3.0920944213867188,3.0923750400543213,3.0921335220336914,3.091402053833008,3.090243101119995,3.0887515544891357,3.0870208740234375,3.0850284099578857,3.0828075408935547,3.0803802013397217,3.0777270793914795,3.0748918056488037,3.0719003677368164,3.0688295364379883,3.065681219100952,3.062448263168335,3.059141159057617,3.055771589279175,3.052342653274536,3.048802137374878,3.0451748371124268,3.0415470600128174,3.0379467010498047,3.034393310546875,3.0308713912963867,3.027364730834961,3.023869514465332,3.0203936100006104,3.016963243484497,3.013587236404419,3.010249376296997,3.006962537765503,9.479999542236328
170,3.027439832687378,3.0246522426605225,3.021843671798706,3.0190436840057373,3.0162527561187744,3.0134575366973877,3.010660171508789,3.00789475440979,3.0051441192626953,3.0024406909942627,2.9997737407684326,2.9971559047698975,2.9946022033691406,2.9921305179595947,2.9897329807281494,2.9874181747436523,2.985191583633423,2.9830949306488037,2.9811317920684814,2.979290723800659,2.9775655269622803,2.975942850112915,2.9744014739990234,2.972956418991089,2.971567153930664,2.970219373703003,2.9689090251922607,2.967616319656372,2.9662866592407227,2.964855194091797,2.9632489681243896,2.961467742919922,2.9595234394073486,2.957412004470825,2.9551422595977783,2.9526824951171875,2.9500372409820557,2.9473068714141846,2.9445667266845703,2.941831350326538,2.939007520675659,2.9360768795013428,2.9331419467926025,2.9303665161132812,2.927880048751831,2.9257001876831055,2.923778533935547,2.922067642211914,2.9206202030181885,2.919569730758667,2.9189817905426025,2.918882131576538,2.9192426204681396,2.920037031173706,2.921243906021118,2.922804594039917,2.9246771335601807,2.9268605709075928,2.9293277263641357,2.9320614337921143,2.9349870681762695,2.937983751296997,2.940934181213379,2.943730592727661,2.9462273120880127,2.9483563899993896,2.950007677078247,2.9511640071868896,2.9518115520477295,2.951998472213745,2.9517982006073,2.9512243270874023,2.9503374099731445,2.9491617679595947,2.9477672576904297,2.946176767349243,2.9444143772125244,2.9425013065338135,2.9404518604278564,2.9382991790771484,2.9360358715057373,2.9336764812469482,2.931203603744507,2.928663969039917,2.926074266433716,2.9234561920166016,2.9208126068115234,2.9181079864501953,2.9153881072998047,2.912625312805176,2.909858465194702,2.907099485397339,2.9043586254119873,2.9016692638397217,2.898982048034668,2.8963420391082764,2.893738031387329,2.8911445140838623,2.888544797897339,2.885948896408081,9.489999771118164
171,3.0630366802215576,3.059258222579956,3.0554821491241455,3.0517351627349854,3.0480353832244873,3.0443973541259766,3.0408124923706055,3.0372421741485596,3.033705949783325,3.0302212238311768,3.026824712753296,3.023529052734375,3.020313262939453,3.0172183513641357,3.01424241065979,3.011399507522583,3.00871205329895,3.006148099899292,3.003748655319214,3.001526117324829,2.9994466304779053,2.9974944591522217,2.995673894882202,2.993941068649292,2.9923017024993896,2.990708589553833,2.989185333251953,2.9877195358276367,2.986222982406616,2.9846160411834717,2.982811689376831,2.9807920455932617,2.9785385131835938,2.9760406017303467,2.973308563232422,2.970388650894165,2.9672558307647705,2.9639713764190674,2.960620880126953,2.957296371459961,2.953991651535034,2.950617790222168,2.9471442699432373,2.9437644481658936,2.9406912326812744,2.9380509853363037,2.935783624649048,2.9337761402130127,2.9320602416992188,2.930814743041992,2.9301540851593018,2.930084466934204,2.9305856227874756,2.931612730026245,2.933117628097534,2.9350478649139404,2.9373481273651123,2.94000506401062,2.943011999130249,2.946324586868286,2.9498722553253174,2.9535160064697266,2.95710825920105,2.960487127304077,2.9634735584259033,2.9659507274627686,2.967829942703247,2.969125509262085,2.9698173999786377,2.9699552059173584,2.969571113586426,2.9687767028808594,2.9676125049591064,2.966114044189453,2.9643125534057617,2.9622600078582764,2.9600026607513428,2.957575798034668,2.9549643993377686,2.9521877765655518,2.9493026733398438,2.946335554122925,2.9432690143585205,2.9400529861450195,2.936755418777466,2.9334394931793213,2.9300918579101562,2.9267194271087646,2.923299551010132,2.919877052307129,2.9164345264434814,2.9130027294158936,2.909602165222168,2.9062387943267822,2.9029433727264404,2.8997294902801514,2.896575927734375,2.8934009075164795,2.890240430831909,2.887089490890503,9.489999771118164
172,2.997828245162964,2.9944820404052734,2.991142511367798,2.987844467163086,2.984572649002075,2.9813098907470703,2.97808575630188,2.9749040603637695,2.971759557723999,2.9686803817749023,2.9656550884246826,2.9626951217651367,2.9598114490509033,2.956997871398926,2.9543159008026123,2.95174241065979,2.949291229248047,2.946985960006714,2.9448041915893555,2.942744016647339,2.9408016204833984,2.9389684200286865,2.937274694442749,2.93567156791687,2.934128761291504,2.9326677322387695,2.93127703666687,2.9299252033233643,2.928518295288086,2.9270191192626953,2.9253628253936768,2.9235360622406006,2.9214870929718018,2.9192135334014893,2.9167520999908447,2.9141149520874023,2.911325454711914,2.90840744972229,2.9054152965545654,2.9024009704589844,2.8993923664093018,2.8963582515716553,2.8932876586914062,2.8902485370635986,2.8874218463897705,2.8849680423736572,2.882864236831665,2.8809993267059326,2.8793833255767822,2.8781726360321045,2.877457857131958,2.877284288406372,2.8776156902313232,2.878436803817749,2.8797109127044678,2.881352424621582,2.883342742919922,2.8857061862945557,2.8884260654449463,2.891448974609375,2.894679307937622,2.8980350494384766,2.901371955871582,2.9045345783233643,2.9073638916015625,2.9097392559051514,2.911578893661499,2.9128353595733643,2.913536310195923,2.913700819015503,2.9133923053741455,2.912682294845581,2.911619186401367,2.9102671146392822,2.9086196422576904,2.9067161083221436,2.904616117477417,2.902341842651367,2.8999226093292236,2.8973748683929443,2.8946969509124756,2.891908884048462,2.8890068531036377,2.886023759841919,2.8829891681671143,2.8798859119415283,2.8767318725585938,2.873542070388794,2.870349884033203,2.867152214050293,2.863935708999634,2.8607215881347656,2.8575427532196045,2.8543922901153564,2.8512933254241943,2.8482589721679688,2.8452892303466797,2.8423452377319336,2.83941388130188,2.8364803791046143,9.5
173,2.897035598754883,2.894362211227417,2.891672134399414,2.8889732360839844,2.886294364929199,2.883639335632324,2.880995035171509,2.87838077545166,2.875786066055298,2.873224973678589,2.8706986904144287,2.8682167530059814,2.8658201694488525,2.86346173286438,2.8611857891082764,2.858988046646118,2.8568973541259766,2.8549134731292725,2.853022336959839,2.8512485027313232,2.8495914936065674,2.8479976654052734,2.8464839458465576,2.845031499862671,2.843647003173828,2.8423025608062744,2.8410117626190186,2.8397531509399414,2.8384571075439453,2.8370697498321533,2.8355319499969482,2.8338534832000732,2.8320257663726807,2.830014944076538,2.8278677463531494,2.825566530227661,2.8231499195098877,2.820650815963745,2.818101167678833,2.815541982650757,2.8129708766937256,2.8103418350219727,2.8076515197753906,2.8050434589385986,2.8026793003082275,2.800633430480957,2.798848867416382,2.7972357273101807,2.7958240509033203,2.7947511672973633,2.7941086292266846,2.793907880783081,2.794130325317383,2.794725179672241,2.79569411277771,2.7969932556152344,2.7985992431640625,2.8004767894744873,2.8026039600372314,2.804994583129883,2.807575225830078,2.810243606567383,2.812863349914551,2.81533145904541,2.8175480365753174,2.819411516189575,2.820831060409546,2.821798324584961,2.822321653366089,2.82244610786438,2.8222086429595947,2.8216240406036377,2.820760726928711,2.8196346759796143,2.8182904720306396,2.8167707920074463,2.815082550048828,2.8132598400115967,2.8113107681274414,2.8092715740203857,2.8071517944335938,2.804931402206421,2.802616834640503,2.8002264499664307,2.797778844833374,2.795311689376831,2.7928059101104736,2.7902889251708984,2.7877371311187744,2.7851524353027344,2.782555341720581,2.779954195022583,2.7773964405059814,2.7748806476593018,2.772418975830078,2.7699975967407227,2.7675857543945312,2.7651898860931396,2.762774705886841,2.7603416442871094,9.510000228881836
174,2.910202741622925,2.9073431491851807,2.904474973678589,2.901614189147949,2.8987491130828857,2.895838975906372,2.8928921222686768,2.889930486679077,2.886946439743042,2.883998155593872,2.881084442138672,2.8781979084014893,2.875356912612915,2.8725404739379883,2.8697280883789062,2.866948366165161,2.864245653152466,2.861647844314575,2.85917067527771,2.8567771911621094,2.8544442653656006,2.852191925048828,2.8499679565429688,2.8477885723114014,2.8456642627716064,2.8436100482940674,2.841623306274414,2.8396542072296143,2.8376853466033936,2.835664749145508,2.8335399627685547,2.8312928676605225,2.8289079666137695,2.826418876647949,2.8238461017608643,2.821181535720825,2.8184173107147217,2.815537214279175,2.812579870223999,2.809612274169922,2.806694984436035,2.8038368225097656,2.801009178161621,2.7981700897216797,2.795408248901367,2.7928550243377686,2.7905285358428955,2.7883832454681396,2.786396026611328,2.784677505493164,2.7833173274993896,2.782302141189575,2.781613349914551,2.781217336654663,2.7810685634613037,2.781153917312622,2.7814838886260986,2.782090902328491,2.7829341888427734,2.7839927673339844,2.7852067947387695,2.7864990234375,2.787778615951538,2.7889575958251953,2.7899930477142334,2.7908201217651367,2.791353225708008,2.7915499210357666,2.7913825511932373,2.790851593017578,2.789983034133911,2.788834810256958,2.7874996662139893,2.7860028743743896,2.784329652786255,2.7825028896331787,2.780522108078003,2.7784063816070557,2.7761287689208984,2.773765802383423,2.771348237991333,2.768907308578491,2.766443967819214,2.7638823986053467,2.7612216472625732,2.758460283279419,2.7556660175323486,2.7528765201568604,2.750081777572632,2.7473108768463135,2.7445342540740967,2.741725206375122,2.738886594772339,2.736030340194702,2.733207941055298,2.7304279804229736,2.727710723876953,2.725057601928711,2.722418785095215,2.7197227478027344,9.529999732971191
175,2.6387906074523926,2.6369898319244385,2.6351592540740967,2.6333420276641846,2.6315479278564453,2.6297762393951416,2.6279799938201904,2.6261754035949707,2.6243441104888916,2.6225202083587646,2.6207163333892822,2.618966579437256,2.6172573566436768,2.6155850887298584,2.613950490951538,2.6123621463775635,2.6107921600341797,2.609273910522461,2.6078121662139893,2.606445074081421,2.605175018310547,2.6040055751800537,2.6028950214385986,2.6017982959747314,2.6006689071655273,2.5995399951934814,2.5984606742858887,2.597459077835083,2.5964691638946533,2.595440626144409,2.5942904949188232,2.5930020809173584,2.5915682315826416,2.5900065898895264,2.5883567333221436,2.5866057872772217,2.584782838821411,2.5829179286956787,2.581035852432251,2.579155921936035,2.577237844467163,2.5752623081207275,2.5732593536376953,2.5712780952453613,2.569469690322876,2.567913293838501,2.5665435791015625,2.5652809143066406,2.5641045570373535,2.563136339187622,2.5624797344207764,2.5621447563171387,2.562121629714966,2.562396764755249,2.562932252883911,2.5636608600616455,2.5645389556884766,2.56559157371521,2.5668556690216064,2.568312406539917,2.569944143295288,2.571690082550049,2.573434591293335,2.5750749111175537,2.576481580734253,2.5776195526123047,2.578437089920044,2.5789620876312256,2.5792105197906494,2.579190969467163,2.5789053440093994,2.5783355236053467,2.5775063037872314,2.576502561569214,2.575345039367676,2.5740816593170166,2.5727055072784424,2.5712406635284424,2.569697141647339,2.568058490753174,2.5663254261016846,2.564499616622925,2.5626213550567627,2.560701608657837,2.558773994445801,2.5568277835845947,2.554861307144165,2.5528252124786377,2.550739049911499,2.5486319065093994,2.546534299850464,2.5444681644439697,2.5424273014068604,2.5404269695281982,2.5384390354156494,2.536430597305298,2.534416437149048,2.53240966796875,2.530412435531616,2.528434991836548,9.539999961853027
176,2.861978769302368,2.8595352172851562,2.8570353984832764,2.854480743408203,2.8518753051757812,2.8492448329925537,2.846639394760132,2.8440706729888916,2.841555595397949,2.839055299758911,2.8365142345428467,2.833942174911499,2.831393003463745,2.8288886547088623,2.826479911804199,2.824171304702759,2.82194447517395,2.819767713546753,2.8176167011260986,2.8155288696289062,2.813524007797241,2.811633348464966,2.8098554611206055,2.808175802230835,2.806549072265625,2.8049278259277344,2.803300142288208,2.8016555309295654,2.799989938735962,2.7982828617095947,2.7965307235717773,2.7946949005126953,2.7927112579345703,2.7905209064483643,2.7881381511688232,2.7856109142303467,2.78298282623291,2.7803261280059814,2.777676820755005,2.775052070617676,2.772432565689087,2.769749402999878,2.7669687271118164,2.7642056941986084,2.761606216430664,2.759305715560913,2.7573089599609375,2.7555198669433594,2.7539234161376953,2.752552032470703,2.7514591217041016,2.7507057189941406,2.750300407409668,2.750291109085083,2.750638961791992,2.751297950744629,2.752199172973633,2.75327205657959,2.7545127868652344,2.755938768386841,2.757554054260254,2.7593233585357666,2.7611453533172607,2.762895345687866,2.7644364833831787,2.7656238079071045,2.7664215564727783,2.766840696334839,2.7669296264648438,2.766709566116333,2.766209602355957,2.765470266342163,2.7644565105438232,2.7631595134735107,2.7615997791290283,2.759892225265503,2.7581005096435547,2.7562243938446045,2.7542896270751953,2.752277374267578,2.750142812728882,2.747863531112671,2.7454802989959717,2.7430427074432373,2.7405948638916016,2.7381553649902344,2.7357089519500732,2.7332370281219482,2.7306530475616455,2.7280008792877197,2.7253236770629883,2.722675323486328,2.7201144695281982,2.7176105976104736,2.715134859085083,2.712617874145508,2.7100601196289062,2.7075140476226807,2.704988479614258,2.7024967670440674,9.5600004196167
177,3.097666025161743,3.094529867172241,3.091392755508423,3.0882444381713867,3.0850908756256104,3.0819685459136963,3.078871011734009,3.0758297443389893,3.0728094577789307,3.0698139667510986,3.066894769668579,3.0640342235565186,3.061246871948242,3.0585174560546875,3.055884599685669,3.0533931255340576,3.051015853881836,3.048764228820801,3.04665470123291,3.044654607772827,3.0427799224853516,3.041027069091797,3.0393896102905273,3.0378448963165283,3.0363686084747314,3.0349280834198,3.0335381031036377,3.0321595668792725,3.030738115310669,3.029209852218628,3.027543067932129,3.0256454944610596,3.02351450920105,3.0211620330810547,3.018609046936035,3.015888214111328,3.0129899978637695,3.009955644607544,3.0068767070770264,3.0037763118743896,3.000659942626953,2.9975156784057617,2.9943511486053467,2.9912679195404053,2.9884212017059326,2.9859354496002197,2.9837920665740967,2.9819133281707764,2.980302095413208,2.9791183471679688,2.9784462451934814,2.9783098697662354,2.9786884784698486,2.9795491695404053,2.980865478515625,2.9825661182403564,2.9845941066741943,2.9869906902313232,2.989708662033081,2.992709159851074,2.9959261417388916,2.9992330074310303,3.002500295639038,3.0055809020996094,3.00830340385437,3.010584592819214,3.0123207569122314,3.0134830474853516,3.014089822769165,3.0141782760620117,3.013836145401001,3.013118028640747,3.012037992477417,3.0106499195098877,3.0089826583862305,3.007075548171997,3.004950761795044,3.0026655197143555,3.000253677368164,2.9977056980133057,2.995035409927368,2.9922454357147217,2.9893782138824463,2.9864284992218018,2.9834156036376953,2.9803314208984375,2.9771950244903564,2.9740397930145264,2.9708735942840576,2.9676754474639893,2.9644558429718018,2.9612343311309814,2.9580576419830322,2.9549474716186523,2.9519128799438477,2.9489128589630127,2.945955991744995,2.9430131912231445,2.9400861263275146,2.9371774196624756,9.579999923706055
178,2.7884979248046875,2.7860631942749023,2.783604383468628,2.781134843826294,2.7786710262298584,2.7762205600738525,2.7737905979156494,2.7713587284088135,2.7689571380615234,2.7665865421295166,2.7642524242401123,2.7619426250457764,2.759671926498413,2.7574539184570312,2.7553088665008545,2.753239870071411,2.751269578933716,2.7493972778320312,2.7476205825805664,2.745939254760742,2.7443463802337646,2.7428319454193115,2.74137806892395,2.739980697631836,2.738652467727661,2.73738956451416,2.7361648082733154,2.734935760498047,2.733685255050659,2.73236346244812,2.7309350967407227,2.7293624877929688,2.727647542953491,2.7257912158966064,2.723820686340332,2.721712350845337,2.719470977783203,2.717127561569214,2.7147433757781982,2.712376832962036,2.710031509399414,2.707634687423706,2.705155372619629,2.702697992324829,2.7004435062408447,2.698493242263794,2.6967735290527344,2.69518780708313,2.6937997341156006,2.6927337646484375,2.6920433044433594,2.6917455196380615,2.6917858123779297,2.6921794414520264,2.6928608417510986,2.693833589553833,2.6951074600219727,2.696643114089966,2.6984481811523438,2.7004716396331787,2.702669143676758,2.70495867729187,2.7072160243988037,2.7093753814697266,2.7113654613494873,2.7130753993988037,2.7144508361816406,2.7154061794281006,2.715958595275879,2.71610951423645,2.715904951095581,2.715423583984375,2.7147140502929688,2.7137882709503174,2.712636947631836,2.7112996578216553,2.7097952365875244,2.7081298828125,2.7063424587249756,2.7044689655303955,2.702540636062622,2.7005488872528076,2.6984851360321045,2.6963253021240234,2.6940691471099854,2.6917665004730225,2.6894452571868896,2.6871273517608643,2.684809684753418,2.682469129562378,2.6801154613494873,2.677752733230591,2.6753976345062256,2.6730639934539795,2.6707699298858643,2.668529748916626,2.6663286685943604,2.664128065109253,2.661907196044922,2.6596438884735107,9.59000015258789
179,3.044785499572754,3.0422518253326416,3.039689064025879,3.0370795726776123,3.034467935562134,3.031872034072876,3.0293054580688477,3.026789426803589,3.0242881774902344,3.021808624267578,3.0193278789520264,3.016866445541382,3.0144729614257812,3.0121538639068604,3.0099222660064697,3.0078184604644775,3.005810499191284,3.0039188861846924,3.002126693725586,3.0004348754882812,2.998842477798462,2.997380495071411,2.9960124492645264,2.9947078227996826,2.9934654235839844,2.9922468662261963,2.9910943508148193,2.9899513721466064,2.9887545108795166,2.9874515533447266,2.9859914779663086,2.9843251705169678,2.982431650161743,2.9803082942962646,2.9779834747314453,2.975484609603882,2.972851037979126,2.970132827758789,2.967384099960327,2.9645798206329346,2.961740493774414,2.9588654041290283,2.956005811691284,2.9532434940338135,2.950695753097534,2.9484729766845703,2.9465644359588623,2.9449222087860107,2.9435794353485107,2.942626953125,2.9421586990356445,2.9421777725219727,2.942668914794922,2.943608045578003,2.9449570178985596,2.9466850757598877,2.9487648010253906,2.9511632919311523,2.953850030899048,2.9568262100219727,2.959994316101074,2.96323561668396,2.9664113521575928,2.9694106578826904,2.9720962047576904,2.974376916885376,2.9761574268341064,2.9774367809295654,2.978175163269043,2.9784014225006104,2.9781997203826904,2.977658271789551,2.9767885208129883,2.9756195545196533,2.974186658859253,2.972515106201172,2.970639228820801,2.9685847759246826,2.9664275646209717,2.9641549587249756,2.9617559909820557,2.95924973487854,2.95666241645813,2.9539527893066406,2.9511423110961914,2.9482719898223877,2.9453938007354736,2.942462682723999,2.9394829273223877,2.9365074634552,2.93353271484375,2.930539846420288,2.927525520324707,2.924549102783203,2.921631097793579,2.9187653064727783,2.9159367084503174,2.913130044937134,2.9103145599365234,2.9075307846069336,9.59000015258789
180,3.1030540466308594,3.1000194549560547,3.0969409942626953,3.093839406967163,3.090771436691284,3.0877017974853516,3.084669828414917,3.0816433429718018,3.0786285400390625,3.07562518119812,3.0726406574249268,3.069687604904175,3.066821336746216,3.0640506744384766,3.061340570449829,3.0587158203125,3.0562078952789307,3.0537989139556885,3.051518440246582,3.0493507385253906,3.0473015308380127,3.045393705368042,3.0435879230499268,3.0418548583984375,3.040194272994995,3.03857159614563,3.037001848220825,3.035487413406372,3.0339508056640625,3.0323572158813477,3.0306332111358643,3.028730630874634,3.0266036987304688,3.024264335632324,3.021740674972534,3.0190324783325195,3.016155242919922,3.013167142868042,3.0101089477539062,3.007033348083496,3.003901243209839,3.0007002353668213,2.997485876083374,2.9943599700927734,2.991447687149048,2.9888744354248047,2.986570358276367,2.9845190048217773,2.982743263244629,2.9813392162323,2.980402708053589,2.979909896850586,2.9798991680145264,2.980382204055786,2.9813125133514404,2.982630968093872,2.984271287918091,2.9862146377563477,2.9884607791900635,2.9910049438476562,2.9937751293182373,2.9966564178466797,2.999523878097534,3.0022714138031006,3.0047576427459717,3.006866455078125,3.008509635925293,3.009622573852539,3.010211944580078,3.010334014892578,3.0100440979003906,3.0093510150909424,3.0083000659942627,3.006925344467163,3.0052921772003174,3.003465414047241,3.0014097690582275,2.999183416366577,2.9968225955963135,2.994354248046875,2.991783857345581,2.989053726196289,2.9861974716186523,2.9832570552825928,2.9802370071411133,2.97717022895813,2.974069595336914,2.970939874649048,2.9677581787109375,2.9645330905914307,2.9613027572631836,2.958061933517456,2.9548251628875732,2.9516074657440186,2.948428153991699,2.945298433303833,2.9422223567962646,2.9391634464263916,2.9361038208007812,2.933054208755493,9.59000015258789
181,2.985247850418091,2.9826443195343018,2.980015993118286,2.977351188659668,2.974698305130005,2.972064733505249,2.969453811645508,2.96687388420105,2.964324951171875,2.961801528930664,2.9593076705932617,2.956847906112671,2.9544317722320557,2.952108383178711,2.9499051570892334,2.9477968215942383,2.9458065032958984,2.9438960552215576,2.9421026706695557,2.9404513835906982,2.9389162063598633,2.9374992847442627,2.936175584793091,2.934931516647339,2.9337475299835205,2.932612657546997,2.9315059185028076,2.930419921875,2.9292995929718018,2.9280731678009033,2.926694869995117,2.9251344203948975,2.9233388900756836,2.9213149547576904,2.9190876483917236,2.9166781902313232,2.91410756111145,2.911421537399292,2.9086902141571045,2.905973196029663,2.9032487869262695,2.9004499912261963,2.897573709487915,2.8947641849517822,2.8922135829925537,2.890028715133667,2.8881547451019287,2.8864786624908447,2.88507080078125,2.884079933166504,2.883580207824707,2.8835957050323486,2.884068727493286,2.884986162185669,2.8863255977630615,2.8880462646484375,2.890115976333618,2.8925113677978516,2.8952229022979736,2.89819073677063,2.9013710021972656,2.9046456813812256,2.9079082012176514,2.9110000133514404,2.9137699604034424,2.916112184524536,2.917959213256836,2.919283628463745,2.920074462890625,2.9203479290008545,2.920161008834839,2.919588088989258,2.9186928272247314,2.91747784614563,2.9159975051879883,2.9142704010009766,2.912341356277466,2.910261392593384,2.908050537109375,2.9057226181030273,2.903270721435547,2.9007046222686768,2.898042917251587,2.8952741622924805,2.892437696456909,2.889561891555786,2.88663649559021,2.883662462234497,2.8806610107421875,2.877636671066284,2.8745994567871094,2.8715708255767822,2.8685874938964844,2.8656203746795654,2.8627052307128906,2.859816789627075,2.8569602966308594,2.8541462421417236,2.8513576984405518,2.8485782146453857,9.59000015258789
182,2.99076771736145,2.988039016723633,2.9852983951568604,2.982538938522339,2.9798078536987305,2.977100133895874,2.9743871688842773,2.971691846847534,2.969001054763794,2.9663684368133545,2.9637815952301025,2.9612538814544678,2.958770751953125,2.956334352493286,2.953967332839966,2.951702117919922,2.949549436569214,2.947500228881836,2.9455528259277344,2.9437034130096436,2.9419736862182617,2.940328598022461,2.938764810562134,2.9372828006744385,2.935887098312378,2.9345319271087646,2.9332122802734375,2.9319076538085938,2.9305927753448486,2.929215431213379,2.9277122020721436,2.926025629043579,2.9241437911987305,2.9220497608184814,2.91977858543396,2.917362928390503,2.9148242473602295,2.9121696949005127,2.90942120552063,2.9066600799560547,2.903902769088745,2.901111602783203,2.8982956409454346,2.895524263381958,2.892977476119995,2.890716314315796,2.8887274265289307,2.886962652206421,2.8854238986968994,2.8842334747314453,2.883497476577759,2.8832504749298096,2.883450508117676,2.8840532302856445,2.885016679763794,2.8863232135772705,2.8879644870758057,2.8899080753326416,2.8921353816986084,2.8946170806884766,2.8973045349121094,2.9001195430755615,2.9029083251953125,2.9055569171905518,2.907914400100708,2.9098875522613525,2.911445379257202,2.9125468730926514,2.9131572246551514,2.9132909774780273,2.9129879474639893,2.9123408794403076,2.9113924503326416,2.910137891769409,2.908630132675171,2.906919240951538,2.905043363571167,2.903005838394165,2.9008216857910156,2.8985188007354736,2.896111249923706,2.893611192703247,2.8910350799560547,2.88838791847229,2.8856496810913086,2.8828399181365967,2.879990339279175,2.877105712890625,2.8741815090179443,2.8712387084960938,2.868290901184082,2.8653459548950195,2.8624346256256104,2.8595526218414307,2.8566818237304688,2.853846549987793,2.8510468006134033,2.848309278488159,2.8455848693847656,2.8428382873535156,9.600000381469727
183,2.981668710708618,2.978726387023926,2.9757068157196045,2.9726550579071045,2.9696271419525146,2.966660499572754,2.9637413024902344,2.9608428478240967,2.9579381942749023,2.9550063610076904,2.952066421508789,2.949152946472168,2.9463462829589844,2.943645715713501,2.941051483154297,2.9385290145874023,2.9360568523406982,2.9336655139923096,2.9313762187957764,2.929234743118286,2.9272372722625732,2.9253504276275635,2.923555374145508,2.9218215942382812,2.920138120651245,2.918506622314453,2.9168989658355713,2.9153335094451904,2.913784980773926,2.912182092666626,2.91046404838562,2.9085495471954346,2.9063808917999268,2.904022216796875,2.9014720916748047,2.8987655639648438,2.8959438800811768,2.8930301666259766,2.8900744915008545,2.887073516845703,2.8840277194976807,2.8809468746185303,2.877849578857422,2.874821901321411,2.8719842433929443,2.869474172592163,2.867279052734375,2.8652942180633545,2.8635151386260986,2.8620502948760986,2.8610312938690186,2.860501527786255,2.860452651977539,2.8608601093292236,2.861654043197632,2.8627498149871826,2.8641130924224854,2.865773916244507,2.8677456378936768,2.8700129985809326,2.8725013732910156,2.875143051147461,2.877800703048706,2.8802974224090576,2.8824965953826904,2.8843085765838623,2.885711669921875,2.8866846561431885,2.887209177017212,2.88728928565979,2.8869526386260986,2.8862030506134033,2.885089159011841,2.883697271347046,2.88208270072937,2.880286931991577,2.8783466815948486,2.8762338161468506,2.8739700317382812,2.871526002883911,2.868952989578247,2.866283416748047,2.8635342121124268,2.8607490062713623,2.8579158782958984,2.855041265487671,2.8520801067352295,2.849024772644043,2.845928907394409,2.8428452014923096,2.8397719860076904,2.836728096008301,2.833707094192505,2.8306782245635986,2.827632188796997,2.8245818614959717,2.8215878009796143,2.81866192817688,2.8157825469970703,2.8129446506500244,9.609999656677246
184,3.134648561477661,3.131521224975586,3.1283586025238037,3.1251933574676514,3.122014284133911,3.118816614151001,3.115663528442383,3.1125376224517822,3.10945200920105,3.1064136028289795,3.103395462036133,3.100438117980957,3.097566604614258,3.094766616821289,3.0920963287353516,3.089508056640625,3.0870516300201416,3.084730863571167,3.082545042037964,3.0804779529571533,3.078521728515625,3.0766704082489014,3.0749683380126953,3.0733554363250732,3.0718295574188232,3.0703678131103516,3.068960428237915,3.0675439834594727,3.0660629272460938,3.0644636154174805,3.0627105236053467,3.060753583908081,3.0585734844207764,3.0561599731445312,3.053513765335083,3.050673723220825,3.047650098800659,3.0445358753204346,3.04134202003479,3.0380964279174805,3.0348269939422607,3.031543493270874,3.02829647064209,3.0251667499542236,3.0222556591033936,3.019665002822876,3.0173892974853516,3.015423536300659,3.0137875080108643,3.012582540512085,3.0118789672851562,3.011693239212036,3.0120410919189453,3.012928009033203,3.014286756515503,3.016047239303589,3.018176794052124,3.020625114440918,3.023409128189087,3.0265114307403564,3.0298492908477783,3.033287763595581,3.0366268157958984,3.0397891998291016,3.042628526687622,3.0450384616851807,3.0468928813934326,3.0481154918670654,3.048781394958496,3.0489139556884766,3.0485785007476807,3.047832489013672,3.046727180480957,3.045297384262085,3.0435712337493896,3.0416183471679688,3.039454221725464,3.037123680114746,3.034639358520508,3.032027006149292,3.029301643371582,3.0264501571655273,3.023494005203247,3.0204601287841797,3.0173540115356445,3.014188528060913,3.010979413986206,3.007713556289673,3.0044291019439697,3.001134157180786,2.9978549480438232,2.994568109512329,2.991304636001587,2.988083600997925,2.9849281311035156,2.9818239212036133,2.9787442684173584,2.975698471069336,2.9726781845092773,2.9696731567382812,9.609999656677246
185,2.714909791946411,2.713019609451294,2.7111129760742188,2.70923113822937,2.7073681354522705,2.7055084705352783,2.7036192417144775,2.70171856880188,2.6998279094696045,2.6979682445526123,2.696168899536133,2.694415807723999,2.6926987171173096,2.6910152435302734,2.689363718032837,2.687761068344116,2.6862223148345947,2.684772491455078,2.6834375858306885,2.6822121143341064,2.681060791015625,2.679971694946289,2.6789352893829346,2.677949905395508,2.6770095825195312,2.676116704940796,2.675274133682251,2.674448251724243,2.6735904216766357,2.67265248298645,2.6716067790985107,2.670442819595337,2.6691410541534424,2.667708396911621,2.6661462783813477,2.6644554138183594,2.6626298427581787,2.6606709957122803,2.658656120300293,2.6566555500030518,2.654688835144043,2.6527230739593506,2.6506998538970947,2.6486775875091553,2.6467859745025635,2.6451210975646973,2.6436643600463867,2.6423587799072266,2.6412389278411865,2.6404154300689697,2.639950752258301,2.63983416557312,2.6400420665740967,2.640538215637207,2.6413075923919678,2.642350196838379,2.6436712741851807,2.645249366760254,2.6470720767974854,2.6491000652313232,2.651275873184204,2.653524398803711,2.655766248703003,2.657944440841675,2.65997576713562,2.661755323410034,2.6631925106048584,2.6642496585845947,2.664886236190796,2.6651194095611572,2.665005683898926,2.6646249294281006,2.6640305519104004,2.663254737854004,2.6622812747955322,2.661112070083618,2.6597483158111572,2.6582324504852295,2.6566054821014404,2.6548941135406494,2.6531081199645996,2.65126895904541,2.649352788925171,2.647352457046509,2.645251750946045,2.6430656909942627,2.6408450603485107,2.6386241912841797,2.6364290714263916,2.6342079639434814,2.631945848464966,2.629664659500122,2.627366781234741,2.6250855922698975,2.6228349208831787,2.6206250190734863,2.618462562561035,2.616330862045288,2.614198923110962,2.6119911670684814,9.619999885559082
186,2.9918196201324463,2.9886677265167236,2.985475778579712,2.9822776317596436,2.9791059494018555,2.9759111404418945,2.9727351665496826,2.9695537090301514,2.966419219970703,2.963313102722168,2.960226058959961,2.9571638107299805,2.954205274581909,2.9513018131256104,2.948465347290039,2.945709466934204,2.9430572986602783,2.9405248165130615,2.9380972385406494,2.935774564743042,2.933581590652466,2.9314966201782227,2.929506301879883,2.9276039600372314,2.9257652759552,2.9239864349365234,2.9222567081451416,2.9205687046051025,2.918872594833374,2.917072057723999,2.915135145187378,2.9130446910858154,2.9107959270477295,2.9083385467529297,2.905674695968628,2.9028522968292236,2.899925947189331,2.8968913555145264,2.893770456314087,2.890631914138794,2.887507200241089,2.8843719959259033,2.8812077045440674,2.8780925273895264,2.8751652240753174,2.872537612915039,2.870213747024536,2.8681507110595703,2.8663489818573,2.864880323410034,2.8638508319854736,2.863301992416382,2.863227128982544,2.8636043071746826,2.8643548488616943,2.8654606342315674,2.866861343383789,2.8685691356658936,2.8705718517303467,2.872843027114868,2.8753318786621094,2.8779313564300537,2.8805408477783203,2.8830299377441406,2.8852555751800537,2.8871021270751953,2.8885276317596436,2.8894684314727783,2.889906167984009,2.8898675441741943,2.889437437057495,2.8886516094207764,2.8875274658203125,2.8861083984375,2.8844692707061768,2.8826229572296143,2.880566358566284,2.8783371448516846,2.875997543334961,2.873561143875122,2.8709983825683594,2.868314027786255,2.8655405044555664,2.862701177597046,2.859788656234741,2.856809377670288,2.853792190551758,2.850757598876953,2.8476836681365967,2.844575881958008,2.8414437770843506,2.8383238315582275,2.8352277278900146,2.8321731090545654,2.8291542530059814,2.82615065574646,2.823178291320801,2.820236921310425,2.81732177734375,2.8144168853759766,9.619999885559082
187,2.96069598197937,2.958021879196167,2.955296516418457,2.952559232711792,2.9497995376586914,2.9470560550689697,2.9442825317382812,2.9415483474731445,2.9388160705566406,2.9360783100128174,2.9333436489105225,2.9306647777557373,2.928018569946289,2.9254331588745117,2.9228947162628174,2.9204397201538086,2.9180526733398438,2.915752410888672,2.913548469543457,2.911447763442993,2.9094507694244385,2.907525062561035,2.9056904315948486,2.903935432434082,2.9022443294525146,2.9005777835845947,2.8989484310150146,2.897345781326294,2.895742416381836,2.894033432006836,2.892228126525879,2.8902883529663086,2.8881747722625732,2.885859727859497,2.8833792209625244,2.8807430267333984,2.877980947494507,2.875119209289551,2.8722171783447266,2.8693339824676514,2.8664588928222656,2.8635549545288086,2.8606512546539307,2.857774019241333,2.8550472259521484,2.852571725845337,2.8503639698028564,2.848419189453125,2.8466997146606445,2.8452980518341064,2.844285726547241,2.843684196472168,2.843510389328003,2.843724012374878,2.844287157058716,2.8451802730560303,2.8463475704193115,2.8477699756622314,2.849454879760742,2.8513824939727783,2.8535220623016357,2.855767250061035,2.8579885959625244,2.86008358001709,2.8619344234466553,2.863429307937622,2.8645458221435547,2.8652279376983643,2.8654568195343018,2.865267515182495,2.8647146224975586,2.8638598918914795,2.8627121448516846,2.8612964153289795,2.859663248062134,2.8578360080718994,2.8558385372161865,2.853698492050171,2.8514411449432373,2.849092721939087,2.8466508388519287,2.8441174030303955,2.8414735794067383,2.8387489318847656,2.8359673023223877,2.833129644393921,2.8302366733551025,2.827272415161133,2.8242785930633545,2.8212530612945557,2.8182313442230225,2.815229654312134,2.812241792678833,2.809244155883789,2.8062775135040283,2.8033599853515625,2.800478219985962,2.7975971698760986,2.794696807861328,2.7918195724487305,9.619999885559082
188,2.9431943893432617,2.9397237300872803,2.9362666606903076,2.9328041076660156,2.929372787475586,2.9259605407714844,2.9225845336914062,2.919248580932617,2.915947675704956,2.9126803874969482,2.909470319747925,2.906341552734375,2.903303861618042,2.9003469944000244,2.8974790573120117,2.89469838142395,2.8920390605926514,2.889508008956909,2.887087106704712,2.884807586669922,2.8826472759246826,2.88059139251709,2.8786227703094482,2.876706838607788,2.8748531341552734,2.873070478439331,2.8713414669036865,2.869671583175659,2.867987871170044,2.866199493408203,2.8642749786376953,2.862173080444336,2.8599491119384766,2.8575823307037354,2.8550713062286377,2.852450370788574,2.849699020385742,2.846853256225586,2.8439788818359375,2.841118812561035,2.8382694721221924,2.8353567123413086,2.832365036010742,2.8294382095336914,2.826768636703491,2.8244540691375732,2.822399139404297,2.820546865463257,2.81890869140625,2.8176257610321045,2.816786050796509,2.8164026737213135,2.8164520263671875,2.816908597946167,2.8177058696746826,2.81881046295166,2.820218086242676,2.821941375732422,2.823953866958618,2.8262135982513428,2.828620672225952,2.8311054706573486,2.833559036254883,2.8358542919158936,2.8378772735595703,2.83951735496521,2.8407297134399414,2.8415024280548096,2.8418362140655518,2.8417837619781494,2.8413498401641846,2.840585947036743,2.839540481567383,2.838268280029297,2.8368189334869385,2.835174560546875,2.8333675861358643,2.8314125537872314,2.8293514251708984,2.827181577682495,2.8249263763427734,2.822601318359375,2.8202097415924072,2.8177525997161865,2.815220594406128,2.8126633167266846,2.810107946395874,2.8075454235076904,2.8049566745758057,2.8023579120635986,2.7997782230377197,2.797222852706909,2.794698715209961,2.792229413986206,2.7897987365722656,2.7873897552490234,2.785010576248169,2.782667875289917,2.7803361415863037,2.777972459793091,9.649999618530273
189,2.894651174545288,2.891719102859497,2.8887393474578857,2.8857481479644775,2.8827810287475586,2.8798179626464844,2.876859664916992,2.8739078044891357,2.8709661960601807,2.868051290512085,2.8651468753814697,2.86228084564209,2.8594627380371094,2.8566932678222656,2.853989601135254,2.851377487182617,2.8488452434539795,2.846419095993042,2.844076156616211,2.8418266773223877,2.839681625366211,2.837627410888672,2.8356711864471436,2.8337881565093994,2.831953763961792,2.8301849365234375,2.828465461730957,2.8267481327056885,2.8249988555908203,2.823176145553589,2.821256637573242,2.819216728210449,2.816997528076172,2.8146114349365234,2.812039613723755,2.809340476989746,2.8065013885498047,2.803602457046509,2.8006935119628906,2.797785997390747,2.7948696613311768,2.7918946743011475,2.7888948917388916,2.7859690189361572,2.7832298278808594,2.780769109725952,2.778583288192749,2.776614189147949,2.7749109268188477,2.7735233306884766,2.7725160121917725,2.7719106674194336,2.771702527999878,2.771895170211792,2.772470712661743,2.773381233215332,2.7745749950408936,2.7760236263275146,2.777719497680664,2.77962589263916,2.781707763671875,2.7838897705078125,2.786076307296753,2.788121223449707,2.7898998260498047,2.7913496494293213,2.7923810482025146,2.7929627895355225,2.7930898666381836,2.7928130626678467,2.7921924591064453,2.7912511825561523,2.790032386779785,2.788569211959839,2.786877393722534,2.7849864959716797,2.782947540283203,2.780799150466919,2.7785415649414062,2.776169538497925,2.7736949920654297,2.7711422443389893,2.768512725830078,2.7658073902130127,2.763049840927124,2.760249137878418,2.757394552230835,2.7545278072357178,2.7516324520111084,2.748729944229126,2.7458200454711914,2.742915153503418,2.7400388717651367,2.737166404724121,2.7343273162841797,2.731524705886841,2.7287685871124268,2.726055145263672,2.723339319229126,2.7206342220306396,9.649999618530273
190,2.8115341663360596,2.809180974960327,2.806816816329956,2.80444073677063,2.8021013736724854,2.7998039722442627,2.797513961791992,2.7952537536621094,2.79298996925354,2.7907402515411377,2.7885358333587646,2.7863810062408447,2.7842905521392822,2.7822811603546143,2.7803475856781006,2.778489828109741,2.7767183780670166,2.7750492095947266,2.77351450920105,2.772085189819336,2.770750045776367,2.769486427307129,2.7683184146881104,2.7672007083892822,2.766118288040161,2.76505184173584,2.764033317565918,2.763046979904175,2.762037515640259,2.7609479427337646,2.7597007751464844,2.7582905292510986,2.7567102909088135,2.7549591064453125,2.7530815601348877,2.751063108444214,2.748947858810425,2.7467968463897705,2.7446298599243164,2.742462158203125,2.7402236461639404,2.7378666400909424,2.735440492630005,2.733147621154785,2.731154441833496,2.7294788360595703,2.7280280590057373,2.7267119884490967,2.725599527359009,2.724830389022827,2.724468469619751,2.7245445251464844,2.7250311374664307,2.725898027420044,2.727102041244507,2.7285919189453125,2.730379104614258,2.7324516773223877,2.7347965240478516,2.7373669147491455,2.740114450454712,2.7429561614990234,2.7457525730133057,2.748372793197632,2.7507152557373047,2.7527129650115967,2.7543039321899414,2.755457639694214,2.7561912536621094,2.756549119949341,2.756542921066284,2.7561886310577393,2.755528211593628,2.7546403408050537,2.7535560131073,2.7522945404052734,2.7508809566497803,2.7493584156036377,2.7477102279663086,2.7459707260131836,2.7441203594207764,2.7421786785125732,2.7401561737060547,2.738044023513794,2.7359182834625244,2.7337563037872314,2.7315733432769775,2.729365587234497,2.7271175384521484,2.724853515625,2.722574234008789,2.7203032970428467,2.718076705932617,2.715895414352417,2.713744878768921,2.7116172313690186,2.709515333175659,2.7074434757232666,2.7053439617156982,2.703246831893921,9.65999984741211
191,2.8510665893554688,2.8482778072357178,2.8455026149749756,2.8427278995513916,2.8399455547332764,2.8371708393096924,2.834409713745117,2.831700563430786,2.829024076461792,2.826352119445801,2.8237149715423584,2.821118116378784,2.8185946941375732,2.816145658493042,2.8137738704681396,2.8114795684814453,2.8092825412750244,2.8071718215942383,2.805161714553833,2.803272008895874,2.801497220993042,2.799830675125122,2.7982406616210938,2.796726942062378,2.7952849864959717,2.7939155101776123,2.792585611343384,2.7912628650665283,2.789898633956909,2.7884585857391357,2.7868854999542236,2.785170316696167,2.78326153755188,2.7811973094940186,2.7789647579193115,2.776590347290039,2.7741048336029053,2.771507978439331,2.7688684463500977,2.7662112712860107,2.76352858543396,2.7608144283294678,2.758047103881836,2.7553436756134033,2.7528457641601562,2.750659942626953,2.7487497329711914,2.747044801712036,2.7455646991729736,2.7444159984588623,2.7436885833740234,2.7433993816375732,2.7435224056243896,2.7440643310546875,2.744983434677124,2.7462198734283447,2.747758626937866,2.749570608139038,2.7516653537750244,2.7540013790130615,2.7565250396728516,2.759136199951172,2.7617380619049072,2.7641985416412354,2.766430616378784,2.768303871154785,2.769742727279663,2.7707347869873047,2.7712485790252686,2.7713260650634766,2.7710120677948,2.7703607082366943,2.769404649734497,2.7681868076324463,2.7667386531829834,2.7651216983795166,2.763326406478882,2.7613918781280518,2.7593348026275635,2.7571613788604736,2.7548818588256836,2.7525060176849365,2.750035285949707,2.7474753856658936,2.7448604106903076,2.742213249206543,2.7395565509796143,2.7368526458740234,2.7341229915618896,2.731370687484741,2.7285945415496826,2.7258405685424805,2.7231156826019287,2.7204113006591797,2.717717409133911,2.7150866985321045,2.712505578994751,2.7099483013153076,2.707409620285034,2.704862594604492,9.670000076293945
192,3.277921438217163,3.2743866443634033,3.2708446979522705,3.2673027515411377,3.263789176940918,3.260286569595337,3.2567710876464844,3.2532970905303955,3.249850273132324,3.2464568614959717,3.2431070804595947,3.239823579788208,3.2366111278533936,3.2335264682769775,3.2305543422698975,3.227696657180786,3.2249345779418945,3.2222988605499268,3.219815492630005,3.2175142765045166,3.2153759002685547,3.213395357131958,3.2115285396575928,3.209718704223633,3.2079665660858154,3.2062931060791016,3.204707384109497,3.2031078338623047,3.2014663219451904,3.199734687805176,3.197848081588745,3.1956863403320312,3.1932287216186523,3.1904656887054443,3.187488317489624,3.184264898300171,3.1808300018310547,3.1772797107696533,3.173630475997925,3.169910430908203,3.1661202907562256,3.1623458862304688,3.158602714538574,3.1549599170684814,3.1515471935272217,3.1485347747802734,3.145901918411255,3.1435887813568115,3.1416187286376953,3.1401360034942627,3.139204978942871,3.138859510421753,3.1391384601593018,3.140030860900879,3.1414377689361572,3.1432130336761475,3.14536190032959,3.1478822231292725,3.1507701873779297,3.153953790664673,3.1573541164398193,3.1609039306640625,3.164419174194336,3.167721748352051,3.1706383228302,3.1730568408966064,3.17488694190979,3.1761043071746826,3.1767055988311768,3.176745653152466,3.1762807369232178,3.1753721237182617,3.1740636825561523,3.1723854541778564,3.170410394668579,3.168158531188965,3.1657276153564453,3.163135528564453,3.1603591442108154,3.1574037075042725,3.154287576675415,3.1510517597198486,3.1477081775665283,3.144256591796875,3.1407470703125,3.1371734142303467,3.1335668563842773,3.1298999786376953,3.1261606216430664,3.1223678588867188,3.118548631668091,3.1147725582122803,3.1110117435455322,3.1073086261749268,3.103625535964966,3.1000139713287354,3.096456527709961,3.0929033756256104,3.089366912841797,3.0858631134033203,9.6899995803833
193,2.923546075820923,2.920825719833374,2.918126344680786,2.915395498275757,2.9126555919647217,2.909926176071167,2.907228708267212,2.9045486450195312,2.901902198791504,2.8992669582366943,2.896667242050171,2.8941032886505127,2.8916075229644775,2.8891761302948,2.8868191242218018,2.8845462799072266,2.8823788166046143,2.880314588546753,2.87835431098938,2.8765010833740234,2.8747336864471436,2.873056650161743,2.8714609146118164,2.869966745376587,2.8685290813446045,2.8671200275421143,2.8657443523406982,2.8643882274627686,2.863027811050415,2.861600875854492,2.86004638671875,2.8583409786224365,2.8564627170562744,2.854414701461792,2.8522140979766846,2.849853754043579,2.847355842590332,2.8447628021240234,2.8421542644500732,2.8395462036132812,2.836864471435547,2.834075689315796,2.8312532901763916,2.828550100326538,2.8260700702667236,2.823863983154297,2.821892499923706,2.820136308670044,2.8186187744140625,2.817448616027832,2.8166751861572266,2.8163576126098633,2.8164665699005127,2.8169772624969482,2.8178765773773193,2.819124221801758,2.820680856704712,2.8225209712982178,2.8246374130249023,2.8270254135131836,2.8296382427215576,2.832350015640259,2.8350508213043213,2.8376200199127197,2.8399264812469482,2.8418385982513428,2.8433268070220947,2.8443682193756104,2.8449437618255615,2.8450710773468018,2.844806432723999,2.8442223072052,2.8433406352996826,2.8421852588653564,2.840806007385254,2.839219093322754,2.8374550342559814,2.83554744720459,2.8335113525390625,2.831367254257202,2.829118013381958,2.8267593383789062,2.824320077896118,2.8218133449554443,2.819260358810425,2.8166656494140625,2.8140509128570557,2.8114116191864014,2.808727979660034,2.806015729904175,2.8032896518707275,2.8005943298339844,2.7979278564453125,2.7953007221221924,2.792708396911621,2.790156364440918,2.7876453399658203,2.7851550579071045,2.7826621532440186,2.780137062072754,9.6899995803833
194,3.068636894226074,3.0659286975860596,3.0632293224334717,3.060511827468872,3.0577900409698486,3.055056571960449,3.052305221557617,3.049590826034546,3.0468828678131104,3.044193983078003,3.04156231880188,3.038949728012085,3.036402940750122,3.0339267253875732,3.031484365463257,3.029132604598999,3.0268685817718506,3.0247390270233154,3.02274489402771,3.0208733081817627,3.0191047191619873,3.0174331665039062,3.0158424377441406,3.01430344581604,3.012824296951294,3.0114200115203857,3.010073661804199,3.008732557296753,3.0073606967926025,3.00588321685791,3.004261016845703,3.002467155456543,3.000509262084961,2.99835467338562,2.9960079193115234,2.9934921264648438,2.990830659866333,2.988079071044922,2.9852778911590576,2.9824485778808594,2.9795799255371094,2.9766581058502197,2.973757028579712,2.9709622859954834,2.968367338180542,2.9660465717315674,2.9639647006988525,2.9621169567108154,2.9605300426483154,2.9593212604522705,2.958575487136841,2.9582765102386475,2.958423614501953,2.9590091705322266,2.9599857330322266,2.961301565170288,2.9629390239715576,2.964888334274292,2.967135429382324,2.9696292877197266,2.9723262786865234,2.9751081466674805,2.977884292602539,2.98051381111145,2.9829111099243164,2.9849586486816406,2.9865715503692627,2.9876842498779297,2.9882946014404297,2.988474130630493,2.988248109817505,2.9876697063446045,2.9867923259735107,2.9856491088867188,2.9842803478240967,2.9826743602752686,2.980897903442383,2.9789693355560303,2.9769113063812256,2.9747209548950195,2.9724438190460205,2.970102548599243,2.967664957046509,2.9651076793670654,2.9624674320220947,2.959775686264038,2.957050323486328,2.9543049335479736,2.9515581130981445,2.9487714767456055,2.9459495544433594,2.9431183338165283,2.940297842025757,2.937498092651367,2.9347267150878906,2.932049036026001,2.929440498352051,2.9267985820770264,2.9241254329681396,2.921454429626465,9.699999809265137
195,2.9591140747070312,2.9562275409698486,2.9533169269561768,2.9504001140594482,2.9475014209747314,2.944626808166504,2.941807746887207,2.9390647411346436,2.936345338821411,2.933610677719116,2.9309146404266357,2.9282824993133545,2.9257495403289795,2.9233171939849854,2.9209823608398438,2.9187638759613037,2.91667103767395,2.9146549701690674,2.9127633571624756,2.9110186100006104,2.90942645072937,2.9079668521881104,2.9066240787506104,2.905376672744751,2.904184341430664,2.9030189514160156,2.901890516281128,2.90079402923584,2.8996880054473877,2.8984804153442383,2.8970773220062256,2.8954973220825195,2.893688917160034,2.891634702682495,2.8893301486968994,2.8868095874786377,2.884115219116211,2.8813135623931885,2.87846302986145,2.87561297416687,2.8727571964263916,2.8698203563690186,2.8668458461761475,2.8639461994171143,2.8613226413726807,2.85904860496521,2.8570940494537354,2.8553991317749023,2.854022979736328,2.8530616760253906,2.852593421936035,2.852666139602661,2.8532772064208984,2.854412078857422,2.8559961318969727,2.857980966567993,2.860327959060669,2.8630197048187256,2.8660638332366943,2.8694217205047607,2.872995138168335,2.876690626144409,2.8803741931915283,2.8838865756988525,2.887070417404175,2.889763116836548,2.8919057846069336,2.8934528827667236,2.894376754760742,2.894770860671997,2.8946893215179443,2.894188642501831,2.893275499343872,2.891982316970825,2.8903989791870117,2.8885910511016846,2.886577606201172,2.8843753337860107,2.8820133209228516,2.879518508911133,2.8768889904022217,2.8741350173950195,2.8712551593780518,2.868273973464966,2.8652265071868896,2.862109422683716,2.858928680419922,2.855686902999878,2.852431058883667,2.8491556644439697,2.8458805084228516,2.8426170349121094,2.839369535446167,2.8361408710479736,2.8329617977142334,2.8298728466033936,2.826812505722046,2.8237571716308594,2.82073974609375,2.817744493484497,9.720000267028809
196,3.025225877761841,3.022089719772339,3.0189316272735596,3.0157501697540283,3.012561798095703,3.009396553039551,3.006235122680664,3.0031063556671143,2.9999868869781494,2.9968833923339844,2.99381422996521,2.9908218383789062,2.9878575801849365,2.98494553565979,2.9820897579193115,2.9793508052825928,2.9767112731933594,2.974191427230835,2.971766233444214,2.9694604873657227,2.9672515392303467,2.96513295173645,2.9631001949310303,2.961169958114624,2.959299325942993,2.957500457763672,2.9557387828826904,2.9540278911590576,2.9523086547851562,2.950502395629883,2.948550224304199,2.9464495182037354,2.944157838821411,2.9416439533233643,2.938953161239624,2.9360952377319336,2.933100938796997,2.92999005317688,2.9268102645874023,2.9236133098602295,2.92040753364563,2.917140245437622,2.9138717651367188,2.9106762409210205,2.907679557800293,2.9049580097198486,2.9025156497955322,2.9003143310546875,2.8983700275421143,2.896798849105835,2.895676612854004,2.895010232925415,2.8948161602020264,2.8950717449188232,2.895721673965454,2.89672589302063,2.898064613342285,2.8997504711151123,2.901742935180664,2.903996229171753,2.906468391418457,2.9090678691864014,2.9116744995117188,2.9141435623168945,2.916334867477417,2.918149948120117,2.9194977283477783,2.9203217029571533,2.9206316471099854,2.920478582382202,2.919940948486328,2.9190266132354736,2.917778730392456,2.9162437915802,2.9144680500030518,2.9124934673309326,2.910337448120117,2.9080193042755127,2.9055566787719727,2.9029648303985596,2.900265693664551,2.8974955081939697,2.894622564315796,2.8916633129119873,2.8886306285858154,2.8855724334716797,2.8824641704559326,2.8792946338653564,2.876110792160034,2.872896194458008,2.8696658611297607,2.866419553756714,2.8632030487060547,2.8600356578826904,2.856915235519409,2.853830337524414,2.850768804550171,2.847731590270996,2.844700574874878,2.841670274734497,9.729999542236328
197,3.0840349197387695,3.081068992614746,3.0781266689300537,3.075242042541504,3.0723798274993896,3.0694820880889893,3.0665619373321533,3.0636894702911377,3.060894012451172,3.0581443309783936,3.055476188659668,3.052856683731079,3.0502946376800537,3.0477817058563232,3.0453739166259766,3.043104887008667,3.041003465652466,3.039036512374878,3.037224531173706,3.035565137863159,3.0340235233306885,3.0325965881347656,3.0312576293945312,3.0300204753875732,3.028911590576172,3.027886152267456,3.026918411254883,3.0259621143341064,3.024956464767456,3.02382493019104,3.0224878787994385,3.02091383934021,3.019105911254883,3.017059087753296,3.014746904373169,3.0122032165527344,3.009449005126953,3.006504774093628,3.003453016281128,3.0003957748413086,2.9973433017730713,2.9942867755889893,2.9911911487579346,2.988156318664551,2.985344171524048,2.982839345932007,2.980705499649048,2.978900909423828,2.977454423904419,2.976468086242676,2.976032257080078,2.9761812686920166,2.9768733978271484,2.97808837890625,2.9797894954681396,2.981917142868042,2.9844372272491455,2.9873392581939697,2.9906015396118164,2.994152307510376,2.997901678085327,3.0017597675323486,3.0056278705596924,3.0093610286712646,3.0127620697021484,3.0156805515289307,3.0180060863494873,3.0196850299835205,3.0207202434539795,3.0211408138275146,3.0210800170898438,3.020597219467163,3.0197231769561768,3.018535614013672,3.0169990062713623,3.0151727199554443,3.0130786895751953,3.0108118057250977,3.0084049701690674,3.0058205127716064,3.003122329711914,3.0003082752227783,2.997372627258301,2.994293212890625,2.99108624458313,2.987807512283325,2.9844868183135986,2.9811418056488037,2.9777605533599854,2.9743270874023438,2.970853567123413,2.9673821926116943,2.9639244079589844,2.960496187210083,2.9571409225463867,2.9538705348968506,2.950641393661499,2.9473917484283447,2.9441230297088623,2.9408791065216064,9.739999771118164
198,2.87331223487854,2.8707449436187744,2.868180513381958,2.8656084537506104,2.863018035888672,2.8604252338409424,2.8578503131866455,2.8553178310394287,2.8528292179107666,2.850367784500122,2.847907066345215,2.845468521118164,2.843066930770874,2.8407280445098877,2.838449239730835,2.836254835128784,2.834176778793335,2.8322017192840576,2.830296754837036,2.8284597396850586,2.8266983032226562,2.8250319957733154,2.823462724685669,2.8219757080078125,2.820568799972534,2.819206476211548,2.8178603649139404,2.8165063858032227,2.8151118755340576,2.8136513233184814,2.8120782375335693,2.81037974357605,2.8085269927978516,2.8065388202667236,2.804391622543335,2.8020737171173096,2.799617052078247,2.797084093093872,2.794527053833008,2.7919929027557373,2.789477586746216,2.78692364692688,2.7843239307403564,2.781714677810669,2.7792835235595703,2.7771451473236084,2.775259017944336,2.773566246032715,2.772067070007324,2.770854949951172,2.7700254917144775,2.769566774368286,2.7694718837738037,2.7697370052337646,2.7703163623809814,2.7712080478668213,2.772380828857422,2.773850440979004,2.7755861282348633,2.7775356769561768,2.7796647548675537,2.781897783279419,2.7841598987579346,2.786313056945801,2.788231611251831,2.7898502349853516,2.7910983562469482,2.7919585704803467,2.792393445968628,2.7924253940582275,2.7921180725097656,2.7915093898773193,2.790644407272339,2.789539337158203,2.7882015705108643,2.78668475151062,2.7850048542022705,2.7832143306732178,2.7813119888305664,2.7793004512786865,2.7772090435028076,2.775038003921509,2.7727839946746826,2.7704341411590576,2.768015146255493,2.7655441761016846,2.7630319595336914,2.760483741760254,2.757887125015259,2.755276918411255,2.7526581287384033,2.7500321865081787,2.747415542602539,2.744807243347168,2.742218255996704,2.7396650314331055,2.7371580600738525,2.7346811294555664,2.7321784496307373,2.729658842086792,9.739999771118164
199,2.9583632946014404,2.955564260482788,2.952746629714966,2.9498894214630127,2.9469873905181885,2.944049119949341,2.941150665283203,2.938278913497925,2.935417413711548,2.9325764179229736,2.9297447204589844,2.9269425868988037,2.924199342727661,2.9214956760406494,2.918848991394043,2.9162518978118896,2.9137489795684814,2.9113361835479736,2.909027099609375,2.9068405628204346,2.9047281742095947,2.902711868286133,2.9007701873779297,2.8989150524139404,2.8971173763275146,2.8953514099121094,2.893622636795044,2.8919265270233154,2.89020037651062,2.8884084224700928,2.8864917755126953,2.884432554244995,2.8822295665740967,2.8798530101776123,2.8773210048675537,2.8746426105499268,2.871821641921997,2.868924379348755,2.8659934997558594,2.863060235977173,2.860128402709961,2.857165575027466,2.8541953563690186,2.8512847423553467,2.848569631576538,2.846118927001953,2.8439083099365234,2.84188175201416,2.840087890625,2.8386430740356445,2.8375844955444336,2.8369052410125732,2.836620569229126,2.83673095703125,2.8371856212615967,2.837918519973755,2.8389270305633545,2.8402366638183594,2.8418166637420654,2.843632936477661,2.8456296920776367,2.8477346897125244,2.8498363494873047,2.8518073558807373,2.853524923324585,2.854904890060425,2.8558998107910156,2.8564703464508057,2.856616973876953,2.856348991394043,2.8557164669036865,2.8547780513763428,2.8535633087158203,2.8521158695220947,2.850465774536133,2.8486340045928955,2.8466289043426514,2.8444526195526123,2.842158555984497,2.839792013168335,2.8373210430145264,2.834760904312134,2.8321495056152344,2.8295085430145264,2.8267996311187744,2.8239967823028564,2.8211700916290283,2.818316698074341,2.815453290939331,2.8125505447387695,2.8096559047698975,2.806777000427246,2.803906202316284,2.8010761737823486,2.7982819080352783,2.7955291271209717,2.792813539505005,2.790126085281372,2.7874319553375244,2.784723997116089,9.770000457763672
200,3.088181257247925,3.085210084915161,3.082227945327759,3.079241991043091,3.0762996673583984,3.0733871459960938,3.0705153942108154,3.0676772594451904,3.064847707748413,3.0620365142822266,3.0592544078826904,3.0565109252929688,3.0538628101348877,3.051335573196411,3.0489399433135986,3.046623468399048,3.044403076171875,3.0422980785369873,3.0403521060943604,3.0385429859161377,3.036882162094116,3.0353496074676514,3.033933639526367,3.0326175689697266,3.0313689708709717,3.030149459838867,3.028984308242798,3.0278379917144775,3.026672601699829,3.0253818035125732,3.023916006088257,3.022233247756958,3.0203142166137695,3.018134355545044,3.0156993865966797,3.013051986694336,3.010223388671875,3.0072662830352783,3.0042524337768555,3.00121808052063,2.9981272220611572,2.9949686527252197,2.991741180419922,2.9886186122894287,2.9857795238494873,2.9833357334136963,2.9812347888946533,2.9794061183929443,2.9778566360473633,2.9767415523529053,2.9761440753936768,2.976127862930298,2.9766857624053955,2.9777793884277344,2.9793472290039062,2.981313705444336,2.9836742877960205,2.986382484436035,2.98943829536438,2.9928061962127686,2.9964065551757812,3.0001304149627686,3.0038368701934814,3.007350206375122,3.010514497756958,3.013207197189331,3.0153253078460693,3.0168826580047607,3.0178298950195312,3.018209457397461,3.0180885791778564,3.017529249191284,3.016585111618042,3.0153074264526367,3.0137195587158203,3.011909246444702,3.009899139404297,3.0076844692230225,3.005303144454956,3.0027618408203125,3.0001096725463867,2.9973247051239014,2.994417190551758,2.991401433944702,2.988309621810913,2.985192060470581,2.9820330142974854,2.9788262844085693,2.975576639175415,2.972288131713867,2.9689629077911377,2.9656219482421875,2.962320327758789,2.959087371826172,2.955909013748169,2.9527690410614014,2.949664354324341,2.946563959121704,2.9434680938720703,2.940399408340454,9.779999732971191
201,2.8031508922576904,2.8007431030273438,2.7982900142669678,2.795816421508789,2.7933433055877686,2.790891647338867,2.788459062576294,2.7860372066497803,2.783642053604126,2.7812767028808594,2.7789058685302734,2.7765629291534424,2.7742488384246826,2.771977186203003,2.769785165786743,2.767674684524536,2.7656524181365967,2.7637245655059814,2.7618649005889893,2.7600924968719482,2.758411407470703,2.756808042526245,2.755293846130371,2.753847360610962,2.752459764480591,2.751098871231079,2.7497615814208984,2.748438835144043,2.747121810913086,2.7457382678985596,2.7442667484283447,2.7426488399505615,2.740873098373413,2.7389228343963623,2.7368175983428955,2.734557867050171,2.732177734375,2.7297203540802,2.7272417545318604,2.724778175354004,2.7223117351531982,2.7197980880737305,2.7172539234161377,2.7147319316864014,2.71236515045166,2.710252046585083,2.7083747386932373,2.70672869682312,2.7052974700927734,2.7041609287261963,2.703366279602051,2.702974557876587,2.7029683589935303,2.7033259868621826,2.703986883163452,2.704941987991333,2.706193208694458,2.707707405090332,2.709477186203003,2.7114686965942383,2.7136449813842773,2.715925455093384,2.7182018756866455,2.720395088195801,2.7223682403564453,2.72402286529541,2.7252979278564453,2.7261314392089844,2.7265217304229736,2.72650146484375,2.7261533737182617,2.725520133972168,2.724616289138794,2.7234628200531006,2.7220985889434814,2.7205188274383545,2.7187435626983643,2.7168121337890625,2.714787244796753,2.7126846313476562,2.710489511489868,2.708211898803711,2.7058331966400146,2.703383207321167,2.70086407661438,2.6982860565185547,2.6956636905670166,2.6930007934570312,2.6903164386749268,2.6876134872436523,2.684894323348999,2.682183027267456,2.6794843673706055,2.6768033504486084,2.674123764038086,2.6714820861816406,2.668898582458496,2.666342258453369,2.6637728214263916,2.6611721515655518,9.779999732971191
202,3.2435786724090576,3.2402303218841553,3.2368175983428955,3.233409881591797,3.2300004959106445,3.2266247272491455,3.2232208251953125,3.2198314666748047,3.2164723873138428,3.2131731510162354,3.209933280944824,3.206730604171753,3.2035558223724365,3.200507402420044,3.1975479125976562,3.1947062015533447,3.1919820308685303,3.18937611579895,3.186915636062622,3.184598922729492,3.1824095249176025,3.180318832397461,3.178349494934082,3.176424741744995,3.1745872497558594,3.1728389263153076,3.1711223125457764,3.1694114208221436,3.167617082595825,3.165692090988159,3.163642644882202,3.161372184753418,3.158917188644409,3.156238317489624,3.153348207473755,3.1502926349639893,3.147096633911133,3.1438000202178955,3.1404812335968018,3.1370842456817627,3.1336288452148438,3.13008975982666,3.1265859603881836,3.1233034133911133,3.120317220687866,3.1176509857177734,3.115278482437134,3.1131951808929443,3.1114518642425537,3.1101322174072266,3.109328031539917,3.109079122543335,3.109376907348633,3.1101882457733154,3.111464738845825,3.11313796043396,3.115161895751953,3.117541551589966,3.120267868041992,3.1232869625091553,3.1265013217926025,3.129802703857422,3.1330127716064453,3.1360080242156982,3.138653516769409,3.140850067138672,3.142496347427368,3.143568754196167,3.144129991531372,3.1441574096679688,3.1437225341796875,3.1428918838500977,3.1417524814605713,3.1403162479400635,3.1385953426361084,3.1366894245147705,3.1346018314361572,3.132335662841797,3.129913330078125,3.1273844242095947,3.1247692108154297,3.122036933898926,3.1191928386688232,3.1162843704223633,3.1133596897125244,3.1104049682617188,3.107408285140991,3.1043670177459717,3.101315498352051,3.098261594772339,3.0952231884002686,3.092207908630371,3.089217185974121,3.086236000061035,3.0833404064178467,3.0805041790008545,3.0777206420898438,3.074955940246582,3.072197198867798,3.0694456100463867,9.779999732971191
203,3.0722906589508057,3.0690975189208984,3.0658552646636963,3.0626468658447266,3.059429168701172,3.0561606884002686,3.0528957843780518,3.049645185470581,3.0464236736297607,3.043217658996582,3.040019989013672,3.0368692874908447,3.0337772369384766,3.030728578567505,3.0277607440948486,3.0248939990997314,3.022130012512207,3.0194571018218994,3.01686954498291,3.0143954753875732,3.012033462524414,3.0097885131835938,3.007662773132324,3.0056190490722656,3.003626585006714,3.00166916847229,2.9997541904449463,2.9978933334350586,2.996030807495117,2.9941062927246094,2.9920294284820557,2.989773988723755,2.98732590675354,2.9846999645233154,2.981924057006836,2.9789822101593018,2.9758713245391846,2.972670793533325,2.969397783279419,2.9661169052124023,2.9628188610076904,2.959482431411743,2.9561355113983154,2.9528634548187256,2.9498064517974854,2.9470558166503906,2.9445908069610596,2.9423468112945557,2.9403574466705322,2.938717842102051,2.9375216960906982,2.9367990493774414,2.9365599155426025,2.9367787837982178,2.9373912811279297,2.9383440017700195,2.9396047592163086,2.941176176071167,2.943039655685425,2.9451687335968018,2.9474923610687256,2.949932813644409,2.9523704051971436,2.9546806812286377,2.956732988357544,2.9584333896636963,2.959705352783203,2.9605026245117188,2.9608097076416016,2.960663080215454,2.9601004123687744,2.9591681957244873,2.957916259765625,2.9564075469970703,2.9546778202056885,2.9527275562286377,2.9506022930145264,2.9483063220977783,2.9458982944488525,2.943361282348633,2.940718412399292,2.9379689693450928,2.935152053833008,2.9322898387908936,2.929337501525879,2.9263241291046143,2.923257827758789,2.920175552368164,2.9170618057250977,2.9139060974121094,2.910740613937378,2.9075918197631836,2.9044742584228516,2.9013683795928955,2.8982717990875244,2.89522385597229,2.892226219177246,2.8892157077789307,2.886219024658203,2.8832406997680664,9.789999961853027
204,3.1865580081939697,3.1833629608154297,3.180112600326538,3.1768834590911865,3.173686981201172,3.1705055236816406,3.167356491088867,3.1642417907714844,3.1611595153808594,3.158092737197876,3.1550426483154297,3.152066230773926,3.149188280105591,3.1464157104492188,3.143725633621216,3.1411516666412354,3.138721466064453,3.13642954826355,3.1342689990997314,3.1322810649871826,3.130404233932495,3.1286659240722656,3.127037286758423,3.1254894733428955,3.1240313053131104,3.122650146484375,3.121328592300415,3.120023012161255,3.118662118911743,3.1171715259552,3.115522623062134,3.113642454147339,3.1114866733551025,3.1090729236602783,3.1064164638519287,3.1035194396972656,3.100440740585327,3.09721302986145,3.093905210494995,3.0905487537384033,3.087135076522827,3.08367919921875,3.0802605152130127,3.0769758224487305,3.0739238262176514,3.0712099075317383,3.0688560009002686,3.066838264465332,3.0651662349700928,3.0639426708221436,3.063279151916504,3.063218832015991,3.0637314319610596,3.0648012161254883,3.066343069076538,3.068316698074341,3.0706851482391357,3.073439836502075,3.0765678882598877,3.0800180435180664,3.0836734771728516,3.0874271392822266,3.091141700744629,3.0946712493896484,3.0978434085845947,3.1004860401153564,3.102503538131714,3.1038978099823,3.1046876907348633,3.1049013137817383,3.1045801639556885,3.103837251663208,3.1027185916900635,3.1012485027313232,3.0994625091552734,3.0974204540252686,3.0951602458953857,3.0926826000213623,3.090052366256714,3.087287187576294,3.0843913555145264,3.0813560485839844,3.0782077312469482,3.0749807357788086,3.0716371536254883,3.068234443664551,3.064807176589966,3.0613603591918945,3.0578765869140625,3.054337739944458,3.050801992416382,3.047274351119995,3.0437698364257812,3.0403060913085938,3.036884069442749,3.033503770828247,3.030170440673828,3.0269062519073486,3.0236892700195312,3.0204601287841797,9.789999961853027
205,3.0656745433807373,3.0623722076416016,3.059035539627075,3.0556888580322266,3.05232834815979,3.0489723682403564,3.045612335205078,3.0422327518463135,3.038867235183716,3.0355169773101807,3.0321853160858154,3.0288963317871094,3.0256576538085938,3.0224835872650146,3.0193872451782227,3.0163848400115967,3.0134971141815186,3.010716676712036,3.008007049560547,3.0054080486297607,3.0029172897338867,3.0005743503570557,2.9983088970184326,2.9961116313934326,2.9939515590667725,2.991851806640625,2.9897823333740234,2.987762451171875,2.985743284225464,2.9836585521698,2.981417417526245,2.9790217876434326,2.9764745235443115,2.973792314529419,2.970939874649048,2.967931032180786,2.96480393409729,2.961604356765747,2.9583942890167236,2.9551804065704346,2.9519550800323486,2.9486265182495117,2.945242166519165,2.9419634342193604,2.9389467239379883,2.936272382736206,2.9338340759277344,2.9315974712371826,2.92962384223938,2.9280145168304443,2.9268100261688232,2.9260425567626953,2.925704002380371,2.925781011581421,2.9262173175811768,2.9269793033599854,2.9280357360839844,2.9293861389160156,2.9309825897216797,2.932812452316284,2.9348394870758057,2.936962127685547,2.939093589782715,2.9410974979400635,2.9428813457489014,2.944348096847534,2.945422410964966,2.946028470993042,2.9462006092071533,2.9460017681121826,2.945463180541992,2.9445960521698,2.943449020385742,2.9420604705810547,2.9404640197753906,2.9386870861053467,2.9367740154266357,2.9347002506256104,2.9324951171875,2.930201768875122,2.9278440475463867,2.92541241645813,2.922883987426758,2.9202773571014404,2.917612075805664,2.914907217025757,2.9121828079223633,2.9094183444976807,2.906639337539673,2.9038314819335938,2.901007890701294,2.898221969604492,2.8954877853393555,2.892798662185669,2.890108346939087,2.887441873550415,2.8848228454589844,2.8821675777435303,2.879511594772339,2.876851797103882,9.800000190734863
206,2.7303991317749023,2.7279863357543945,2.725555419921875,2.7231132984161377,2.720684051513672,2.718235731124878,2.7158195972442627,2.7134323120117188,2.711055040359497,2.708683729171753,2.7063076496124268,2.703955888748169,2.701645851135254,2.699388265609741,2.6972110271453857,2.6950948238372803,2.693068742752075,2.6910953521728516,2.689189910888672,2.687387466430664,2.685657501220703,2.6840124130249023,2.682443618774414,2.6809234619140625,2.6794354915618896,2.677980661392212,2.676569700241089,2.6751909255981445,2.6737987995147705,2.672348737716675,2.6707870960235596,2.6691229343414307,2.667311668395996,2.6653733253479004,2.663313627243042,2.6611273288726807,2.6588518619537354,2.6565024852752686,2.654115915298462,2.6517465114593506,2.6493630409240723,2.6469309329986572,2.644442558288574,2.6419904232025146,2.6397159099578857,2.637687921524048,2.635871648788452,2.634185791015625,2.6326630115509033,2.631413221359253,2.6305038928985596,2.629953384399414,2.6297056674957275,2.6297709941864014,2.630127191543579,2.6307475566864014,2.631621837615967,2.632746696472168,2.634119987487793,2.6357102394104004,2.6374824047088623,2.6393449306488037,2.641218900680542,2.6429526805877686,2.6444785594940186,2.645749092102051,2.646716356277466,2.647329568862915,2.647554636001587,2.6474363803863525,2.6470229625701904,2.6463375091552734,2.645402193069458,2.6442453861236572,2.642906427383423,2.641432762145996,2.6398375034332275,2.638120651245117,2.636286973953247,2.6343531608581543,2.6323578357696533,2.6303091049194336,2.6282007694244385,2.626016139984131,2.6237871646881104,2.621511220932007,2.6191978454589844,2.616847276687622,2.614492654800415,2.6121480464935303,2.6097910404205322,2.6074576377868652,2.6051483154296875,2.602851629257202,2.6005449295043945,2.5982682704925537,2.596052885055542,2.5938730239868164,2.591698408126831,2.589505434036255,9.800000190734863
207,3.0620956420898438,3.059183359146118,3.056277275085449,3.053391456604004,3.0505282878875732,3.0477030277252197,3.0448834896087646,3.0421111583709717,3.039395570755005,3.036722183227539,3.034102201461792,3.0315582752227783,3.0290966033935547,3.0267601013183594,3.024540901184082,3.022414207458496,3.020435094833374,3.0186023712158203,3.01690673828125,3.015363931655884,3.0139503479003906,3.01265811920166,3.01149845123291,3.0104267597198486,3.009443521499634,3.0085108280181885,3.0076186656951904,3.0067298412323,3.0057899951934814,3.0047409534454346,3.003509759902954,3.002039670944214,3.0003232955932617,2.998333215713501,2.9961130619049072,2.9936749935150146,2.991013526916504,2.988220453262329,2.98534893989563,2.9824559688568115,2.9795148372650146,2.9765217304229736,2.9734907150268555,2.970547914505005,2.9678761959075928,2.965593099594116,2.9636881351470947,2.962071180343628,2.9607784748077393,2.9599781036376953,2.959744453430176,2.960087537765503,2.961003065109253,2.9624788761138916,2.9644596576690674,2.9668471813201904,2.969618558883667,2.972799062728882,2.9763314723968506,2.980153799057007,2.984210968017578,2.9883716106414795,2.992499589920044,2.996384620666504,2.9998652935028076,3.0028457641601562,3.005204916000366,3.0068962574005127,3.0079402923583984,3.0084116458892822,3.008397340774536,3.007905960083008,3.007006883621216,3.0057623386383057,3.004209518432617,3.002385377883911,3.000307083129883,2.998047113418579,2.9956276416778564,2.99303936958313,2.9903175830841064,2.987462282180786,2.9845101833343506,2.9814453125,2.9782800674438477,2.9750425815582275,2.971773862838745,2.9684994220733643,2.9652130603790283,2.9618799686431885,2.958528518676758,2.9551827907562256,2.951873779296875,2.94860577583313,2.945383071899414,2.942246675491333,2.9391517639160156,2.9360885620117188,2.9330317974090576,2.9300224781036377,9.800000190734863
208,3.101275682449341,3.0985898971557617,3.095890760421753,3.0931622982025146,3.090416669845581,3.0876948833465576,3.0849711894989014,3.082289457321167,3.0795915126800537,3.0769081115722656,3.074300527572632,3.0717461109161377,3.0692574977874756,3.0668373107910156,3.064486265182495,3.062246561050415,3.060133218765259,3.0581295490264893,3.056253671646118,3.054476499557495,3.052824020385742,3.0513057708740234,3.0498878955841064,3.0485610961914062,3.047309637069702,3.046118974685669,3.0449769496917725,3.043839693069458,3.0426549911499023,3.041407823562622,3.03999400138855,3.0383739471435547,3.0365378856658936,3.0344865322113037,3.032219648361206,3.0297296047210693,3.0270802974700928,3.0243330001831055,3.021514892578125,3.018690347671509,3.01580810546875,3.0128393173217773,3.009852647781372,3.0069854259490967,3.004378080368042,3.002089738845825,3.0000686645507812,2.998316526412964,2.9968574047088623,2.9958255290985107,2.995281219482422,2.9952304363250732,2.9956820011138916,2.9966208934783936,2.9980275630950928,2.999795913696289,3.0019333362579346,3.0044164657592773,3.007235288619995,3.0103275775909424,3.0136172771453857,3.0170705318450928,3.020526885986328,3.02384877204895,3.026850938796997,3.029432535171509,3.031550407409668,3.0331146717071533,3.0341203212738037,3.0345876216888428,3.034595251083374,3.034195899963379,3.0334129333496094,3.032297134399414,3.0309200286865234,3.029310941696167,3.0274887084960938,3.025482177734375,3.0233097076416016,3.0210187435150146,3.018599271774292,3.0160586833953857,3.0134143829345703,3.010650873184204,3.0078094005584717,3.0048987865448,3.00195574760437,2.9989750385284424,2.9959545135498047,2.992886543273926,2.98980450630188,2.9867422580718994,2.983682870864868,2.9806411266326904,2.977630615234375,2.9746925830841064,2.9718010425567627,2.968918561935425,2.965996742248535,2.9630329608917236,9.8100004196167
209,3.1101768016815186,3.106952428817749,3.1037111282348633,3.1003997325897217,3.097055673599243,3.093735933303833,3.090461492538452,3.087247848510742,3.084078550338745,3.0809152126312256,3.0777904987335205,3.0747082233428955,3.0717198848724365,3.068812131881714,3.066012382507324,3.063307046890259,3.060722589492798,3.0582714080810547,3.0559704303741455,3.0537919998168945,3.0517680644989014,3.049854278564453,3.0481035709381104,3.0464839935302734,3.044957160949707,3.0434958934783936,3.042043447494507,3.040618658065796,3.0391733646392822,3.0376062393188477,3.035891532897949,3.0339832305908203,3.031827211380005,3.029397964477539,3.0267064571380615,3.023786783218384,3.020657777786255,3.0173451900482178,3.0139400959014893,3.010514974594116,3.007100820541382,3.003657579421997,3.0002005100250244,2.996821641921997,2.9936892986297607,2.990882635116577,2.988421678543091,2.9862658977508545,2.984466314315796,2.9830825328826904,2.982233762741089,2.981961250305176,2.9822680950164795,2.983137369155884,2.984513521194458,2.9863674640655518,2.98864483833313,2.9912965297698975,2.994283676147461,2.9975650310516357,3.001122236251831,3.004849672317505,3.008587598800659,3.012162923812866,3.015448808670044,3.0183029174804688,3.0205602645874023,3.0221235752105713,3.0230214595794678,3.023339033126831,3.023099184036255,3.022390365600586,3.0212552547454834,3.0197699069976807,3.0179436206817627,3.0158252716064453,3.0134737491607666,3.0109071731567383,3.008141279220581,3.0052101612091064,3.0021438598632812,2.9989497661590576,2.9956371784210205,2.9921586513519287,2.988595962524414,2.9849891662597656,2.981311798095703,2.977550745010376,2.9737236499786377,2.9698917865753174,2.9660444259643555,2.962188720703125,2.9583327770233154,2.9545087814331055,2.9507274627685547,2.9469940662384033,2.943338394165039,2.939716339111328,2.9361202716827393,2.932553291320801,9.8100004196167
210,2.83813214302063,2.8355863094329834,2.8330013751983643,2.830402135848999,2.827817916870117,2.8252413272857666,2.8226864337921143,2.820127487182617,2.8175792694091797,2.815046548843384,2.8125228881835938,2.8100204467773438,2.8075857162475586,2.8052098751068115,2.802928924560547,2.8007030487060547,2.798541307449341,2.796455144882202,2.794469118118286,2.792587995529175,2.79082989692688,2.789147138595581,2.787525177001953,2.7859561443328857,2.784435510635376,2.782973051071167,2.78153920173645,2.780118703842163,2.778665542602539,2.777120590209961,2.7754688262939453,2.773672342300415,2.7717220783233643,2.7696073055267334,2.7673444747924805,2.7649497985839844,2.762467622756958,2.75992488861084,2.7573630809783936,2.754789352416992,2.7521743774414062,2.7495086193084717,2.7468254566192627,2.744220495223999,2.741814374923706,2.7396857738494873,2.737821340560913,2.736159324645996,2.734706163406372,2.7335426807403564,2.7327489852905273,2.7323505878448486,2.7323153018951416,2.7326323986053467,2.7332725524902344,2.7342166900634766,2.735450029373169,2.7369463443756104,2.738679885864258,2.7406303882598877,2.7427351474761963,2.7449448108673096,2.74714732170105,2.749230146408081,2.7510592937469482,2.7525603771209717,2.7536680698394775,2.7543869018554688,2.7547073364257812,2.7546608448028564,2.7542684078216553,2.753584861755371,2.752647638320923,2.7514846324920654,2.750112295150757,2.7485640048980713,2.7468719482421875,2.7450573444366455,2.7431490421295166,2.7411391735076904,2.739065170288086,2.736887216567993,2.7346293926239014,2.732297658920288,2.729905366897583,2.727487325668335,2.7250423431396484,2.722612142562866,2.7201545238494873,2.71767520904541,2.715172529220581,2.7126643657684326,2.71018123626709,2.7077085971832275,2.705282211303711,2.7029178142547607,2.7005960941314697,2.698270797729492,2.695920944213867,2.6935718059539795,9.8100004196167
211,2.967737913131714,2.965184450149536,2.9626238346099854,2.960097551345825,2.957571268081665,2.9550278186798096,2.952517509460449,2.9500386714935303,2.947589159011841,2.945162773132324,2.9427478313446045,2.940403938293457,2.9381191730499268,2.935900926589966,2.9337685108184814,2.9317359924316406,2.9298107624053955,2.9280245304107666,2.92635178565979,2.924778699874878,2.9232749938964844,2.9218828678131104,2.920597791671753,2.9194095134735107,2.91827130317688,2.917170286178589,2.9161007404327393,2.9150421619415283,2.9139251708984375,2.9127044677734375,2.9113175868988037,2.9097206592559814,2.907940149307251,2.9059808254241943,2.903844118118286,2.9015331268310547,2.899064064025879,2.8965232372283936,2.8939602375030518,2.8913686275482178,2.888734817504883,2.8860390186309814,2.8833351135253906,2.8807077407836914,2.8783299922943115,2.876302480697632,2.874575614929199,2.8730742931365967,2.871805191040039,2.870944023132324,2.870590925216675,2.87070369720459,2.8712241649627686,2.87217116355896,2.873523473739624,2.8752353191375732,2.8772268295288086,2.8794965744018555,2.882078170776367,2.8849093914031982,2.8879051208496094,2.89099383354187,2.894030809402466,2.896874189376831,2.899394989013672,2.9015228748321533,2.9031898975372314,2.9043376445770264,2.9049484729766846,2.9051311016082764,2.9049320220947266,2.9043643474578857,2.9034831523895264,2.902326822280884,2.9009430408477783,2.899358034133911,2.897596597671509,2.8956949710845947,2.8936595916748047,2.891512632369995,2.8892695903778076,2.886925458908081,2.884493589401245,2.8819501399993896,2.8793563842773438,2.8767194747924805,2.8740618228912354,2.8713464736938477,2.8685998916625977,2.865863561630249,2.8631134033203125,2.860382080078125,2.8576667308807373,2.854999542236328,2.8523643016815186,2.849768877029419,2.847222328186035,2.844677686691284,2.8421401977539062,2.8396055698394775,9.8100004196167
212,2.8291304111480713,2.82647442817688,2.8237907886505127,2.82110333442688,2.8184080123901367,2.8157265186309814,2.813075065612793,2.8104419708251953,2.8078315258026123,2.8052613735198975,2.8027241230010986,2.8002216815948486,2.797750473022461,2.7953288555145264,2.7929904460906982,2.79075026512146,2.788609504699707,2.786593198776245,2.784677743911743,2.7828447818756104,2.781095504760742,2.779439926147461,2.7778618335723877,2.776353597640991,2.7748992443084717,2.7735071182250977,2.7721469402313232,2.770782709121704,2.7693769931793213,2.7678892612457275,2.7662971019744873,2.7645504474639893,2.7626678943634033,2.7606499195098877,2.7584803104400635,2.7561769485473633,2.7537295818328857,2.7512314319610596,2.7487268447875977,2.746234893798828,2.7437336444854736,2.7411623001098633,2.7385246753692627,2.7359707355499268,2.733647584915161,2.7316226959228516,2.7298355102539062,2.728238821029663,2.7268755435943604,2.7258431911468506,2.7251968383789062,2.724940061569214,2.7250454425811768,2.7255163192749023,2.7263119220733643,2.7274248600006104,2.728825330734253,2.7305047512054443,2.7324092388153076,2.734513282775879,2.7367870807647705,2.739142656326294,2.741466522216797,2.743675947189331,2.745659828186035,2.747328996658325,2.7486274242401123,2.7494895458221436,2.749955415725708,2.750030517578125,2.749746322631836,2.749160051345825,2.7483136653900146,2.7472617626190186,2.746016263961792,2.7445766925811768,2.742999315261841,2.7412803173065186,2.739461660385132,2.7375423908233643,2.7355406284332275,2.733475685119629,2.7313129901885986,2.7290914058685303,2.7267844676971436,2.724430799484253,2.7220630645751953,2.719676971435547,2.7172863483428955,2.7148659229278564,2.712451219558716,2.71003794670105,2.707622528076172,2.7052409648895264,2.7028839588165283,2.7005815505981445,2.6983134746551514,2.6960561275482178,2.693777084350586,2.6915054321289062,9.829999923706055
213,3.0283031463623047,3.0254809856414795,3.0226078033447266,3.0197036266326904,3.016770601272583,3.0138232707977295,3.0108890533447266,3.0079574584960938,3.0050361156463623,3.002117872238159,2.99920392036438,2.9963550567626953,2.9935595989227295,2.990772008895874,2.988032579421997,2.985358238220215,2.982790946960449,2.9803402423858643,2.9779930114746094,2.9757320880889893,2.973595380783081,2.971550703048706,2.969611167907715,2.9677181243896484,2.9658725261688232,2.964083671569824,2.962359666824341,2.9606873989105225,2.958996057510376,2.9572067260742188,2.9552814960479736,2.9531726837158203,2.950873613357544,2.9484329223632812,2.945815324783325,2.94303035736084,2.940080404281616,2.937004804611206,2.9338722229003906,2.930711030960083,2.927539587020874,2.9243743419647217,2.921234130859375,2.9181699752807617,2.9152936935424805,2.912658929824829,2.9102728366851807,2.9081153869628906,2.9062278270721436,2.904695510864258,2.9035778045654297,2.9028937816619873,2.902646780014038,2.902857780456543,2.903446912765503,2.904343843460083,2.9055144786834717,2.9069645404815674,2.9086945056915283,2.910665512084961,2.9128198623657227,2.9150807857513428,2.9173476696014404,2.919481039047241,2.921359062194824,2.922884702682495,2.923985242843628,2.9246294498443604,2.9248123168945312,2.9245872497558594,2.92395281791687,2.9229745864868164,2.9216997623443604,2.920173406600952,2.918452501296997,2.9165046215057373,2.9143946170806885,2.9121406078338623,2.909771203994751,2.9073164463043213,2.9047367572784424,2.9020633697509766,2.8993046283721924,2.896503210067749,2.893660306930542,2.8907477855682373,2.8877763748168945,2.88474178314209,2.881688356399536,2.8785998821258545,2.8754940032958984,2.872401475906372,2.869342088699341,2.8663156032562256,2.863284111022949,2.8602635860443115,2.857304334640503,2.8543879985809326,2.8515090942382812,2.8485965728759766,9.829999923706055
214,2.7812063694000244,2.7791740894317627,2.777113199234009,2.775031328201294,2.7729177474975586,2.770801544189453,2.768712282180786,2.7666714191436768,2.7646780014038086,2.762697219848633,2.7606992721557617,2.7586991786956787,2.756749153137207,2.754868507385254,2.7530860900878906,2.751398801803589,2.7498080730438232,2.748286247253418,2.746839761734009,2.745464324951172,2.744171142578125,2.7429721355438232,2.7418596744537354,2.7408440113067627,2.7398998737335205,2.7389633655548096,2.738030195236206,2.737079620361328,2.736104726791382,2.7350614070892334,2.733905553817749,2.7326176166534424,2.731194257736206,2.7295939922332764,2.727818727493286,2.7258856296539307,2.7238481044769287,2.721747636795044,2.719619035720825,2.7175137996673584,2.7153875827789307,2.7131946086883545,2.7109296321868896,2.708707809448242,2.7066986560821533,2.7049856185913086,2.7035233974456787,2.702256202697754,2.701183557510376,2.7003822326660156,2.6999330520629883,2.6998729705810547,2.7001965045928955,2.700902223587036,2.701958656311035,2.7033097743988037,2.704937696456909,2.7067975997924805,2.708869695663452,2.7111759185791016,2.713671922683716,2.7162816524505615,2.71887469291687,2.721345901489258,2.7236063480377197,2.725548028945923,2.7270877361297607,2.728207588195801,2.7289035320281982,2.729196548461914,2.7291533946990967,2.728801727294922,2.728182554244995,2.7272987365722656,2.72619891166687,2.724935293197632,2.723513603210449,2.721970319747925,2.7202892303466797,2.718505620956421,2.7166309356689453,2.7146542072296143,2.712613105773926,2.710484504699707,2.708298683166504,2.7060539722442627,2.7037813663482666,2.701502799987793,2.6991631984710693,2.696791648864746,2.6944096088409424,2.6920509338378906,2.6897056102752686,2.687371253967285,2.685063600540161,2.6827781200408936,2.680527448654175,2.678286552429199,2.6760432720184326,2.673802614212036,9.84000015258789
215,2.9187049865722656,2.9156720638275146,2.912635087966919,2.909571409225464,2.90651798248291,2.903456687927246,2.9004058837890625,2.897397994995117,2.8944079875946045,2.8914644718170166,2.8885364532470703,2.8856289386749268,2.882769823074341,2.879958152770996,2.8772172927856445,2.874555826187134,2.871955156326294,2.8694686889648438,2.8671092987060547,2.864851236343384,2.8626835346221924,2.8605878353118896,2.858574628829956,2.8566513061523438,2.8547613620758057,2.8529319763183594,2.851177215576172,2.8494393825531006,2.847677230834961,2.845850706100464,2.843920946121216,2.841867685317993,2.8396453857421875,2.8372364044189453,2.8346989154815674,2.832029104232788,2.829214096069336,2.826317548751831,2.823377847671509,2.8204681873321533,2.817570686340332,2.814620018005371,2.811669111251831,2.8087451457977295,2.805979013442993,2.803490400314331,2.801248788833618,2.799205780029297,2.7973384857177734,2.795794725418091,2.7946431636810303,2.7938854694366455,2.793505907058716,2.793485641479492,2.7938315868377686,2.7944839000701904,2.7954084873199463,2.7966110706329346,2.7980682849884033,2.799774169921875,2.80169415473938,2.8037235736846924,2.80576491355896,2.807666063308716,2.8093454837799072,2.8107290267944336,2.811739206314087,2.81231689453125,2.812462568283081,2.8122098445892334,2.8115971088409424,2.8106892108917236,2.8094828128814697,2.808039903640747,2.806380033493042,2.8045499324798584,2.8025684356689453,2.800433397293091,2.7981693744659424,2.795799493789673,2.793349027633667,2.7908096313476562,2.7881863117218018,2.7855026721954346,2.782756805419922,2.779942750930786,2.777076005935669,2.774174451828003,2.7712833881378174,2.7683849334716797,2.7654781341552734,2.7625491619110107,2.759610414505005,2.7567026615142822,2.7538254261016846,2.7509965896606445,2.7482173442840576,2.745480537414551,2.742744207382202,2.7400100231170654,9.84000015258789
216,3.0481507778167725,3.045536994934082,3.042936325073242,3.0403354167938232,3.0377283096313477,3.035123586654663,3.0325329303741455,3.029953718185425,3.0273988246917725,3.0248823165893555,3.0224106311798096,3.019989013671875,3.017632246017456,3.0153706073760986,3.0131702423095703,3.011072874069214,3.009105920791626,3.0072526931762695,3.0055179595947266,3.0038859844207764,3.0023624897003174,3.0009663105010986,2.999650716781616,2.9984045028686523,2.997235059738159,2.9961040019989014,2.995006799697876,2.9939239025115967,2.9927940368652344,2.9915456771850586,2.9901254177093506,2.988511323928833,2.986717939376831,2.984734296798706,2.982538938522339,2.980173349380493,2.977665662765503,2.975079298019409,2.972468614578247,2.9698333740234375,2.9671623706817627,2.9644153118133545,2.96162486076355,2.958933115005493,2.9565467834472656,2.954535722732544,2.9527902603149414,2.9512646198272705,2.95000958442688,2.9491729736328125,2.9488258361816406,2.9489805698394775,2.949613571166992,2.9506912231445312,2.95214581489563,2.9539668560028076,2.95613956451416,2.9586257934570312,2.9613983631134033,2.964400053024292,2.9675886631011963,2.97088623046875,2.974132776260376,2.977163553237915,2.979841947555542,2.982086420059204,2.9838626384735107,2.9850919246673584,2.985811471939087,2.986069679260254,2.985891580581665,2.9853603839874268,2.984532117843628,2.983417272567749,2.982052803039551,2.9804630279541016,2.978703498840332,2.976801872253418,2.974778413772583,2.972637176513672,2.970383644104004,2.9680216312408447,2.9655771255493164,2.9630584716796875,2.9604644775390625,2.957836151123047,2.955177068710327,2.952496290206909,2.9497902393341064,2.9470722675323486,2.944352865219116,2.941652536392212,2.938990592956543,2.93635630607605,2.9337804317474365,2.9312543869018555,2.928746461868286,2.9262588024139404,2.9237611293792725,2.9212448596954346,9.84000015258789
217,2.6456289291381836,2.6435234546661377,2.641418218612671,2.6393165588378906,2.6372158527374268,2.6350643634796143,2.63289737701416,2.630763292312622,2.6286556720733643,2.626558780670166,2.6244876384735107,2.622429847717285,2.620380163192749,2.6183621883392334,2.6163547039031982,2.6144158840179443,2.612565040588379,2.6107912063598633,2.609097719192505,2.607464075088501,2.605877161026001,2.6043453216552734,2.6028757095336914,2.601473808288574,2.6001031398773193,2.5987722873687744,2.5974740982055664,2.59617280960083,2.5948984622955322,2.5935611724853516,2.592139959335327,2.590606451034546,2.5889408588409424,2.587183952331543,2.585331439971924,2.5833873748779297,2.5813379287719727,2.579200506210327,2.5770349502563477,2.5748660564422607,2.572741746902466,2.5706088542938232,2.5684423446655273,2.566234827041626,2.5641109943389893,2.5622189044952393,2.560561418533325,2.5590431690216064,2.557664155960083,2.5564863681793213,2.5556299686431885,2.5551085472106934,2.5548596382141113,2.5548641681671143,2.555095911026001,2.5555710792541504,2.5562636852264404,2.557161569595337,2.5582618713378906,2.5595405101776123,2.5609629154205322,2.5624656677246094,2.563969373703003,2.565394639968872,2.5666697025299072,2.5676984786987305,2.5684545040130615,2.5688984394073486,2.5690205097198486,2.5688374042510986,2.5683467388153076,2.5676097869873047,2.566663980484009,2.5655722618103027,2.5643317699432373,2.562927007675171,2.56136417388916,2.559680223464966,2.5579025745391846,2.5560462474823,2.5541293621063232,2.552152633666992,2.5501201152801514,2.548016309738159,2.5458574295043945,2.543647527694702,2.541383981704712,2.5390844345092773,2.5367825031280518,2.534482717514038,2.5321648120880127,2.529857635498047,2.527545690536499,2.525235176086426,2.5229251384735107,2.5206663608551025,2.51847243309021,2.516291618347168,2.5140511989593506,2.5117764472961426,9.850000381469727
218,2.7016799449920654,2.699465036392212,2.6972599029541016,2.6950531005859375,2.692835807800293,2.6906192302703857,2.688420057296753,2.6862547397613525,2.6841237545013428,2.681978940963745,2.6798603534698486,2.6777713298797607,2.6757290363311768,2.6737442016601562,2.6718006134033203,2.669919729232788,2.6681101322174072,2.6663882732391357,2.6647398471832275,2.6631805896759033,2.6616945266723633,2.6603012084960938,2.6589784622192383,2.6576969623565674,2.656435966491699,2.6552164554595947,2.6540353298187256,2.652879476547241,2.651723861694336,2.650512456893921,2.649200201034546,2.6477553844451904,2.6461598873138428,2.644449234008789,2.642622232437134,2.6406848430633545,2.6386561393737793,2.6365725994110107,2.6344778537750244,2.632387399673462,2.6302738189697266,2.6281020641326904,2.6258704662323,2.6236650943756104,2.621626138687134,2.6198697090148926,2.6183273792266846,2.616938829421997,2.6156961917877197,2.6146907806396484,2.6140048503875732,2.613654851913452,2.6136274337768555,2.6139259338378906,2.614495277404785,2.615299940109253,2.616307020187378,2.6175148487091064,2.618948221206665,2.6205873489379883,2.622390031814575,2.624291181564331,2.626173734664917,2.6279523372650146,2.629530191421509,2.6308279037475586,2.6318278312683105,2.632478952407837,2.6327998638153076,2.6328165531158447,2.632545232772827,2.632004499435425,2.6312243938446045,2.6302108764648438,2.6290266513824463,2.6276962757110596,2.626267194747925,2.624730348587036,2.623093366622925,2.6213605403900146,2.61954665184021,2.6176435947418213,2.615663528442383,2.6136162281036377,2.6115400791168213,2.6094553470611572,2.607328176498413,2.605168104171753,2.6029555797576904,2.6007306575775146,2.5985095500946045,2.5962905883789062,2.594095230102539,2.5919196605682373,2.589761972427368,2.5876293182373047,2.5855014324188232,2.5833635330200195,2.5812385082244873,2.5791220664978027,9.869999885559082
219,3.12359619140625,3.12030291557312,3.116990804672241,3.1136579513549805,3.1103274822235107,3.1070263385772705,3.1037232875823975,3.1004364490509033,3.0971853733062744,3.093950033187866,3.0907461643218994,3.0875747203826904,3.084454298019409,3.0814244747161865,3.0784661769866943,3.075589895248413,3.0728180408477783,3.070148468017578,3.067601203918457,3.0651943683624268,3.0628774166107178,3.0606727600097656,3.0585641860961914,3.056542158126831,3.0546042919158936,3.0527238845825195,3.05090594291687,3.0491247177124023,3.0473289489746094,3.045433282852173,3.0433943271636963,3.041187286376953,3.0387871265411377,3.0361812114715576,3.033367872238159,3.030384063720703,3.0272634029388428,3.0240299701690674,3.0207087993621826,3.0173709392547607,3.014004945755005,3.0106236934661865,3.0072238445281982,3.0039100646972656,3.0008230209350586,2.9980523586273193,2.9955742359161377,2.9933383464813232,2.991353988647461,2.989760160446167,2.988642692565918,2.988020658493042,2.9878642559051514,2.988164186477661,2.9888980388641357,2.9900100231170654,2.991443634033203,2.993192672729492,2.9952316284179688,2.997573137283325,3.0001306533813477,3.002847909927368,3.0055370330810547,3.0080530643463135,3.0102803707122803,3.012113571166992,3.013491630554199,3.0143680572509766,3.014730453491211,3.014618158340454,3.0140769481658936,3.01313853263855,3.0119009017944336,3.0103695392608643,3.0086019039154053,3.006624221801758,3.0044679641723633,3.002155065536499,2.999692678451538,2.997100591659546,2.994396209716797,2.991605758666992,2.9887256622314453,2.9857699871063232,2.982738733291626,2.979652166366577,2.9765079021453857,2.973322868347168,2.9701035022735596,2.966870069503784,2.963637113571167,2.9604034423828125,2.9571850299835205,2.9539756774902344,2.9507949352264404,2.947657823562622,2.9445979595184326,2.9415671825408936,2.9385387897491455,2.9354827404022217,9.869999885559082
220,3.112079620361328,3.1090927124023438,3.106055498123169,3.102985382080078,3.099900484085083,3.0968029499053955,3.0937557220458984,3.09076189994812,3.0877654552459717,3.084794282913208,3.08182430267334,3.0788848400115967,3.0760011672973633,3.073179244995117,3.0704500675201416,3.0678207874298096,3.06528639793396,3.0628530979156494,3.060561418533325,3.058377981185913,3.056307077407837,3.054348945617676,3.0524885654449463,3.0507142543792725,3.049009084701538,3.047333002090454,3.045726776123047,3.044145345687866,3.0425615310668945,3.0409061908721924,3.0391151905059814,3.037128210067749,3.0349433422088623,3.032550573348999,3.0299508571624756,3.0271053314208984,3.0241291522979736,3.0210378170013428,3.0179176330566406,3.0147788524627686,3.0115976333618164,3.0083796977996826,3.005138397216797,3.001955986022949,2.9989840984344482,2.996295213699341,2.9939279556274414,2.991832733154297,2.990036725997925,2.98865008354187,2.9877264499664307,2.9872920513153076,2.98730206489563,2.9878060817718506,2.9887428283691406,2.9900290966033936,2.9916725158691406,2.9936459064483643,2.9959452152252197,2.998483657836914,3.0011932849884033,3.0040340423583984,3.0068485736846924,3.009537696838379,3.0119550228118896,3.01397705078125,3.0155270099639893,3.0165317058563232,3.0170228481292725,3.017019033432007,3.016554832458496,3.0157344341278076,3.0145835876464844,3.0131378173828125,3.0114095211029053,3.0094292163848877,3.007275342941284,3.004932165145874,3.0024564266204834,2.9998779296875,2.9972102642059326,2.994450569152832,2.9915707111358643,2.9886176586151123,2.9855823516845703,2.9824583530426025,2.9792938232421875,2.976106882095337,2.972918748855591,2.969714879989624,2.9664831161499023,2.9632484912872314,2.9600143432617188,2.956801414489746,2.9536564350128174,2.950550079345703,2.9474945068359375,2.9444503784179688,2.9413843154907227,2.938304901123047,9.890000343322754
221,3.1318790912628174,3.128673553466797,3.1253764629364014,3.1220829486846924,3.1187705993652344,3.115483522415161,3.1122472286224365,3.1090621948242188,3.1058948040008545,3.102773427963257,3.099639892578125,3.096562385559082,3.0935680866241455,3.0906760692596436,3.0879058837890625,3.085249662399292,3.08272647857666,3.080352783203125,3.0780832767486572,3.07592511177063,3.0739240646362305,3.0720818042755127,3.0703964233398438,3.068796157836914,3.067250967025757,3.065763473510742,3.0642917156219482,3.0628416538238525,3.0613510608673096,3.059758424758911,3.058011770248413,3.056065320968628,3.053879976272583,3.051438570022583,3.048707962036133,3.0457513332366943,3.0426180362701416,3.039393186569214,3.0361108779907227,3.032799005508423,3.029452085494995,3.0260629653930664,3.0226354598999023,3.0192830562591553,3.016209363937378,3.0135204792022705,3.0111982822418213,3.009172201156616,3.007464647293091,3.006190538406372,3.0054433345794678,3.0052688121795654,3.005657911300659,3.006598711013794,3.0080296993255615,3.009873628616333,3.0121028423309326,3.014678955078125,3.017550468444824,3.020723581314087,3.0241291522979736,3.0276854038238525,3.0312201976776123,3.0345585346221924,3.037567377090454,3.040069818496704,3.041997194290161,3.0432865619659424,3.0439956188201904,3.044178009033203,3.0438811779022217,3.0431509017944336,3.042052984237671,3.0406103134155273,3.038822889328003,3.036746025085449,3.03446888923645,3.032062530517578,3.0295181274414062,3.0268077850341797,3.023981809616089,3.020988702774048,3.0178489685058594,3.014568567276001,3.0112457275390625,3.007924795150757,3.0045368671417236,3.0010910034179688,2.9975783824920654,2.9940383434295654,2.9904253482818604,2.9868032932281494,2.9832351207733154,2.979754686355591,2.9763545989990234,2.9729557037353516,2.969564199447632,2.9661865234375,2.9628164768218994,2.959493637084961,9.899999618530273
222,3.0685577392578125,3.064976930618286,3.0614006519317627,3.0578482151031494,3.0543365478515625,3.0508623123168945,3.047431230545044,3.0440175533294678,3.040663480758667,3.037372589111328,3.0341379642486572,3.0309536457061768,3.027844190597534,3.0248076915740967,3.0218894481658936,3.019113540649414,3.0164954662323,3.014002561569214,3.0116519927978516,3.0094308853149414,3.007366895675659,3.0054590702056885,3.003678560256958,3.0019874572753906,3.0003960132598877,2.998847723007202,2.997391939163208,2.9959659576416016,2.994508981704712,2.9929487705230713,2.9912140369415283,2.9892594814300537,2.9870872497558594,2.984670877456665,2.9820239543914795,2.979158401489258,2.9761245250701904,2.9729721546173096,2.969740629196167,2.966496229171753,2.96323561668396,2.9599668979644775,2.9566543102264404,2.9533774852752686,2.950340986251831,2.9476699829101562,2.945392608642578,2.94339919090271,2.941699981689453,2.9404070377349854,2.9396278858184814,2.939382791519165,2.9396495819091797,2.9404513835906982,2.941739320755005,2.943452835083008,2.9455337524414062,2.9479427337646484,2.9506871700286865,2.9537296295166016,2.9570095539093018,2.96041202545166,2.96382212638855,2.9670801162719727,2.970043182373047,2.9725544452667236,2.974519729614258,2.9758899211883545,2.9766921997070312,2.9769554138183594,2.976759195327759,2.9761440753936768,2.9751522541046143,2.973811388015747,2.9721736907958984,2.9702889919281006,2.968165636062622,2.9658725261688232,2.9634265899658203,2.9608585834503174,2.958163261413574,2.955341100692749,2.9523820877075195,2.9492924213409424,2.9460983276367188,2.94284725189209,2.939580202102661,2.936302900314331,2.9329757690429688,2.929600477218628,2.926185369491577,2.922771453857422,2.9193785190582275,2.9160311222076416,2.9127378463745117,2.909496307373047,2.9063212871551514,2.903162717819214,2.9000110626220703,2.8968353271484375,9.920000076293945
223,2.842196464538574,2.8397951126098633,2.8373584747314453,2.834907293319702,2.832475423812866,2.830085039138794,2.827702760696411,2.82534122467041,2.8229873180389404,2.8206498622894287,2.8183281421661377,2.816056489944458,2.813831329345703,2.8116767406463623,2.809565544128418,2.807551145553589,2.805614709854126,2.803762435913086,2.802008867263794,2.800351142883301,2.79879093170166,2.7973201274871826,2.7958996295928955,2.794541120529175,2.793238639831543,2.7919790744781494,2.7907638549804688,2.7895491123199463,2.7882936000823975,2.786964178085327,2.7855093479156494,2.7839343547821045,2.7822115421295166,2.780322313308716,2.778278350830078,2.7761218547821045,2.7738466262817383,2.771505355834961,2.7691361904144287,2.76676869392395,2.7643978595733643,2.7619478702545166,2.7594356536865234,2.7570159435272217,2.7548162937164307,2.75290584564209,2.7512247562408447,2.7497177124023438,2.748427152633667,2.747429132461548,2.746798276901245,2.746567487716675,2.7466936111450195,2.7471868991851807,2.7479865550994873,2.749089479446411,2.750471830368042,2.75209903717041,2.7539968490600586,2.7561168670654297,2.7584056854248047,2.7607786655426025,2.76312518119812,2.76534104347229,2.7673065662384033,2.768941640853882,2.7702109813690186,2.771066665649414,2.771509885787964,2.7715647220611572,2.771278142929077,2.7707183361053467,2.7698974609375,2.768850326538086,2.7675940990448,2.7661755084991455,2.7646028995513916,2.7628958225250244,2.7610857486724854,2.7592036724090576,2.7572548389434814,2.7552144527435303,2.753089666366577,2.7509005069732666,2.748655319213867,2.746365547180176,2.74404239654541,2.741718053817749,2.7393877506256104,2.7370243072509766,2.734665632247925,2.7323009967803955,2.729966163635254,2.727663278579712,2.725409507751465,2.723186731338501,2.7209584712982178,2.7187585830688477,2.7165584564208984,2.714350461959839,9.920000076293945
224,2.91847825050354,2.915555238723755,2.9125900268554688,2.9096052646636963,2.9066085815429688,2.9036033153533936,2.900621175765991,2.897662878036499,2.8947203159332275,2.891826629638672,2.8889541625976562,2.8860957622528076,2.8832733631134033,2.880507230758667,2.8778183460235596,2.875199556350708,2.8726727962493896,2.8702552318573,2.86798095703125,2.865793228149414,2.863680124282837,2.8616440296173096,2.8597118854522705,2.857886552810669,2.856159210205078,2.854494094848633,2.8528900146484375,2.8513171672821045,2.849756956100464,2.8481428623199463,2.8464345932006836,2.8445727825164795,2.8425378799438477,2.840320348739624,2.8379175662994385,2.835343599319458,2.832597017288208,2.8296926021575928,2.8267180919647217,2.8237380981445312,2.8207597732543945,2.8177802562713623,2.8147666454315186,2.8117592334747314,2.808868646621704,2.806225538253784,2.8038530349731445,2.8017032146453857,2.7997846603393555,2.7981739044189453,2.7969467639923096,2.7961366176605225,2.7957565784454346,2.7958383560180664,2.7963359355926514,2.797177314758301,2.7983338832855225,2.799778699874878,2.801523447036743,2.8035709857940674,2.805900812149048,2.8084166049957275,2.8110036849975586,2.813540458679199,2.815861940383911,2.8178625106811523,2.8194220066070557,2.820509195327759,2.8211050033569336,2.821244239807129,2.8209781646728516,2.8203375339508057,2.819319486618042,2.8180058002471924,2.8164119720458984,2.814560651779175,2.8125133514404297,2.8103110790252686,2.8079893589019775,2.8055293560028076,2.802947759628296,2.8002395629882812,2.7974026203155518,2.7944600582122803,2.7914373874664307,2.788363456726074,2.78521728515625,2.7820165157318115,2.77876353263855,2.7754411697387695,2.772089719772339,2.768711805343628,2.7653629779815674,2.762040853500366,2.75875186920166,2.7554943561553955,2.7522380352020264,2.7490041255950928,2.7457773685455322,2.7425765991210938,9.9399995803833
225,2.8432817459106445,2.840681791305542,2.8380491733551025,2.8354299068450928,2.8328349590301514,2.830298662185669,2.827796220779419,2.8253066539764404,2.822813034057617,2.820344924926758,2.8179244995117188,2.8155667781829834,2.813261032104492,2.8110225200653076,2.8088836669921875,2.8068504333496094,2.804879903793335,2.8029935359954834,2.801213502883911,2.799563407897949,2.7980453968048096,2.7966082096099854,2.7952663898468018,2.7939960956573486,2.7927520275115967,2.791559934616089,2.79040789604187,2.7893073558807373,2.788182020187378,2.7869770526885986,2.7856552600860596,2.784144401550293,2.782428026199341,2.780531644821167,2.7784783840179443,2.7762975692749023,2.7739832401275635,2.7715790271759033,2.7691195011138916,2.76664137840271,2.7641351222991943,2.7615997791290283,2.759028673171997,2.7565155029296875,2.7542264461517334,2.752244234085083,2.750518560409546,2.7489840984344482,2.7476508617401123,2.746659517288208,2.7460994720458984,2.7459793090820312,2.7462966442108154,2.7470388412475586,2.7481534481048584,2.7495877742767334,2.7513198852539062,2.7533557415008545,2.755687952041626,2.7582919597625732,2.7611091136932373,2.7640628814697266,2.7669944763183594,2.7697761058807373,2.772291421890259,2.774439573287964,2.7761423587799072,2.7773544788360596,2.7780914306640625,2.7783854007720947,2.7782411575317383,2.777714490890503,2.7768852710723877,2.775812864303589,2.7744929790496826,2.772935152053833,2.7712230682373047,2.769367218017578,2.7673733234405518,2.7652320861816406,2.762993574142456,2.760660171508789,2.758225679397583,2.755725860595703,2.7531869411468506,2.750584840774536,2.747907876968384,2.7451887130737305,2.7424516677856445,2.739703416824341,2.7369496822357178,2.7342042922973633,2.7314770221710205,2.7287628650665283,2.7260828018188477,2.723442792892456,2.72086501121521,2.718322515487671,2.715780019760132,2.7132279872894287,9.9399995803833
226,2.8439743518829346,2.841538667678833,2.8391082286834717,2.836663007736206,2.8341948986053467,2.8317177295684814,2.8292429447174072,2.826802968978882,2.824369192123413,2.8219501972198486,2.8195579051971436,2.817204713821411,2.8148746490478516,2.812593698501587,2.810408592224121,2.808297872543335,2.8062455654144287,2.8042714595794678,2.8023784160614014,2.800601005554199,2.798919677734375,2.7973034381866455,2.795774459838867,2.794332504272461,2.792952537536621,2.7916126251220703,2.790299654006958,2.7889888286590576,2.787672996520996,2.786285638809204,2.7847907543182373,2.7831528186798096,2.7813196182250977,2.779317855834961,2.7771456241607666,2.774825096130371,2.7723777294158936,2.769818067550659,2.7672176361083984,2.7645978927612305,2.761996269226074,2.7594051361083984,2.7568016052246094,2.754221200942993,2.751771926879883,2.7495861053466797,2.747673273086548,2.745985984802246,2.7445266246795654,2.743389129638672,2.742650270462036,2.7423183917999268,2.742380142211914,2.7428226470947266,2.743603467941284,2.7446868419647217,2.746039628982544,2.747692823410034,2.749626874923706,2.7517993450164795,2.7541236877441406,2.756528854370117,2.758939027786255,2.7612292766571045,2.7632834911346436,2.764986038208008,2.7662880420684814,2.7671337127685547,2.7675304412841797,2.7675132751464844,2.7671117782592773,2.7663791179656982,2.765342950820923,2.764064073562622,2.7625763416290283,2.76088547706604,2.759038209915161,2.7570295333862305,2.7548818588256836,2.752614974975586,2.7502529621124268,2.747837781906128,2.7453508377075195,2.7427947521209717,2.740138292312622,2.7374019622802734,2.7346127033233643,2.7317991256713867,2.7289535999298096,2.7261159420013428,2.723297119140625,2.7204673290252686,2.7176170349121094,2.7147815227508545,2.7120091915130615,2.709284543991089,2.7065975666046143,2.7039482593536377,2.7013261318206787,2.698690414428711,9.9399995803833
227,3.0949156284332275,3.092482566833496,3.090014696121216,3.087533950805664,3.0850775241851807,3.0826151371002197,3.0801517963409424,3.0776970386505127,3.0752618312835693,3.0728533267974854,3.070483922958374,3.0681402683258057,3.065887212753296,3.06374454498291,3.061711549758911,3.059762716293335,3.0578925609588623,3.056133508682251,3.054525375366211,3.053044080734253,3.0516974925994873,3.050475835800171,3.049332618713379,3.0482513904571533,3.0472042560577393,3.046212911605835,3.0452795028686523,3.0443341732025146,3.0433690547943115,3.04231333732605,3.041090250015259,3.0396745204925537,3.0380563735961914,3.036219835281372,3.0341761112213135,3.0319137573242188,3.0295259952545166,3.0270538330078125,3.024583101272583,3.022069215774536,3.0194437503814697,3.016644239425659,3.0138156414031982,3.0111846923828125,3.0089027881622314,3.0069591999053955,3.005275011062622,3.0037715435028076,3.0025622844696045,3.0017948150634766,3.001551866531372,3.001810073852539,3.0025594234466553,3.0037949085235596,3.005488634109497,3.0075464248657227,3.0099191665649414,3.0126240253448486,3.0156192779541016,3.0188770294189453,3.0223138332366943,3.025860071182251,3.029378652572632,3.032733201980591,3.0357553958892822,3.03835391998291,3.040459394454956,3.0420138835906982,3.0430610179901123,3.0436127185821533,3.0437538623809814,3.04353404045105,3.0429811477661133,3.042146921157837,3.0410430431365967,3.039716958999634,3.0381968021392822,3.036529541015625,3.0347421169281006,3.03283953666687,3.030827760696411,3.028736114501953,3.026540517807007,3.024235486984253,3.0218498706817627,3.019439935684204,3.0170230865478516,3.01454758644104,3.01203989982605,3.0095102787017822,3.0069713592529297,3.0044546127319336,3.0019428730010986,2.9994890689849854,2.9970762729644775,2.994709014892578,2.9923648834228516,2.9899890422821045,2.9875996112823486,2.985149621963501,9.949999809265137
228,2.9384028911590576,2.935391664505005,2.9323599338531494,2.9293200969696045,2.926319122314453,2.923326253890991,2.9203379154205322,2.9173431396484375,2.914369583129883,2.9114301204681396,2.9085209369659424,2.9056408405303955,2.9028472900390625,2.900125741958618,2.897494316101074,2.8949272632598877,2.892441987991333,2.890087366104126,2.8878328800201416,2.88570237159729,2.8836772441864014,2.8817367553710938,2.8798818588256836,2.878100633621216,2.8763787746429443,2.8747007846832275,2.8730556964874268,2.8714239597320557,2.869781494140625,2.8680598735809326,2.8662021160125732,2.8641955852508545,2.8620309829711914,2.8597030639648438,2.8572275638580322,2.8546104431152344,2.8518905639648438,2.8491203784942627,2.8463337421417236,2.8435323238372803,2.8406732082366943,2.837722063064575,2.8347346782684326,2.8318538665771484,2.829251289367676,2.8269948959350586,2.824976682662964,2.8231420516967773,2.821536064147949,2.820270299911499,2.819425582885742,2.819004774093628,2.8189871311187744,2.819387197494507,2.8201348781585693,2.8212194442749023,2.8225810527801514,2.824230194091797,2.8261563777923584,2.8283302783966064,2.830699920654297,2.833162307739258,2.835622787475586,2.837926149368286,2.8399505615234375,2.84163761138916,2.8429272174835205,2.8437650203704834,2.844146966934204,2.8441269397735596,2.8437774181365967,2.8430964946746826,2.842132568359375,2.8408946990966797,2.8394601345062256,2.8378350734710693,2.8360815048217773,2.834221601486206,2.832242727279663,2.83016300201416,2.8279855251312256,2.82570743560791,2.823326826095581,2.820873975753784,2.818382501602173,2.8158867359161377,2.813375473022461,2.810847520828247,2.8082568645477295,2.8056373596191406,2.803018569946289,2.800419569015503,2.797863721847534,2.7953317165374756,2.792837381362915,2.7903900146484375,2.7879703044891357,2.7855303287506104,2.7830543518066406,2.780571222305298,9.949999809265137
229,2.852505683898926,2.8503682613372803,2.848198890686035,2.8460264205932617,2.8438491821289062,2.8416812419891357,2.839495897293091,2.8373348712921143,2.835190534591675,2.8330800533294678,2.8309755325317383,2.828921318054199,2.8269059658050537,2.8249616622924805,2.823073625564575,2.8212692737579346,2.8195323944091797,2.8179023265838623,2.8163459300994873,2.814915418624878,2.813582181930542,2.81234073638916,2.81118106842041,2.810081720352173,2.8090155124664307,2.807992696762085,2.806981325149536,2.8059895038604736,2.8049685955047607,2.8038721084594727,2.8026602268218994,2.8012962341308594,2.7997372150421143,2.797990083694458,2.796074628829956,2.794010877609253,2.7918121814727783,2.7895095348358154,2.787149667739868,2.7848193645477295,2.7824738025665283,2.7800750732421875,2.7775981426239014,2.7751572132110596,2.7729294300079346,2.7710068225860596,2.769357681274414,2.7679126262664795,2.766667604446411,2.765733003616333,2.76520037651062,2.765108823776245,2.765439987182617,2.766162872314453,2.7672367095947266,2.768644332885742,2.7703235149383545,2.7722465991973877,2.7744131088256836,2.776824951171875,2.7794113159179688,2.782093048095703,2.7847564220428467,2.7873172760009766,2.7896223068237305,2.7915632724761963,2.7930781841278076,2.794137716293335,2.794740676879883,2.794910430908203,2.7947120666503906,2.7941818237304688,2.793379068374634,2.7923190593719482,2.7910373210906982,2.7895421981811523,2.787879705429077,2.786079168319702,2.784163475036621,2.78214955329895,2.7800283432006836,2.777787923812866,2.775465965270996,2.7730705738067627,2.770597457885742,2.768052339553833,2.7654998302459717,2.762939453125,2.7603209018707275,2.7576606273651123,2.7549822330474854,2.7523086071014404,2.749647378921509,2.7470123767852783,2.7444393634796143,2.7419044971466064,2.7393949031829834,2.7369041442871094,2.7344160079956055,2.7318994998931885,9.949999809265137
230,3.1553332805633545,3.1523277759552,3.1492786407470703,3.1461830139160156,3.143040657043457,3.139862298965454,3.1366593837738037,3.133429527282715,3.1301934719085693,3.1269893646240234,3.1238033771514893,3.1206600666046143,3.1175012588500977,3.1143863201141357,3.1113083362579346,3.108274459838867,3.105274200439453,3.1023635864257812,3.099557876586914,3.096855401992798,3.094226837158203,3.091703176498413,3.089276075363159,3.086942672729492,3.0846431255340576,3.0823981761932373,3.080176591873169,3.078003168106079,3.0758044719696045,3.0735456943511963,3.071202278137207,3.0687179565429688,3.0660507678985596,3.063206672668457,3.0601985454559326,3.0570526123046875,3.0537526607513428,3.050304651260376,3.046781539916992,3.043247938156128,3.0397355556488037,3.0362555980682373,3.032813310623169,3.029444456100464,3.0261762142181396,3.023117780685425,3.020311117172241,3.0177295207977295,3.015397787094116,3.013380765914917,3.011763334274292,3.010568618774414,3.0098025798797607,3.0094518661499023,3.0094821453094482,3.0098326206207275,3.010455369949341,3.0113518238067627,3.0124988555908203,3.013887643814087,3.015498399734497,3.0172464847564697,3.0189907550811768,3.0206105709075928,3.0220108032226562,3.023113250732422,3.0238254070281982,3.024057626724243,3.0238544940948486,3.023228883743286,3.022197723388672,3.020811080932617,3.019152879714966,3.0172812938690186,3.0151727199554443,3.012861967086792,3.0103981494903564,3.0078065395355225,3.0050601959228516,3.0021870136260986,2.9992377758026123,2.9962196350097656,2.9931366443634033,2.9899797439575195,2.9867637157440186,2.9835121631622314,2.980201005935669,2.9768459796905518,2.973451614379883,2.9700403213500977,2.9666240215301514,2.963214635848999,2.9598305225372314,2.9564342498779297,2.953061819076538,2.949721097946167,2.9464633464813232,2.9432430267333984,2.94002628326416,2.9368038177490234,9.949999809265137
231,3.102712631225586,3.0991318225860596,3.095566749572754,3.0920116901397705,3.088441848754883,3.084914207458496,3.081378936767578,3.077925682067871,3.0745160579681396,3.071129560470581,3.0677902698516846,3.0645313262939453,3.061363935470581,3.058295249938965,3.055330276489258,3.052490472793579,3.049785614013672,3.047192335128784,3.04475474357605,3.0424880981445312,3.040360450744629,3.038365602493286,3.0365066528320312,3.034733533859253,3.0330584049224854,3.031454086303711,3.0298948287963867,3.028365135192871,3.026813507080078,3.025174379348755,3.0233681201934814,3.021339178085327,3.019040107727051,3.016510009765625,3.01373553276062,3.010730504989624,3.0075438022613525,3.00420880317688,3.0007903575897217,2.997345209121704,2.9938805103302,2.9903831481933594,2.9869048595428467,2.9835288524627686,2.9803874492645264,2.977585792541504,2.975109338760376,2.972933530807495,2.971111297607422,2.9697513580322266,2.9689550399780273,2.968729019165039,2.9690606594085693,2.9699764251708984,2.97141170501709,2.9732742309570312,2.975517988204956,2.9781315326690674,2.9811220169067383,2.9844443798065186,2.9879963397979736,2.9916908740997314,2.995380401611328,2.998911142349243,3.002089738845825,3.004774808883667,3.0068695545196533,3.0083343982696533,3.0092031955718994,3.009490966796875,3.009222984313965,3.008502960205078,3.00736403465271,3.005885362625122,3.004092216491699,3.0020179748535156,2.999757766723633,2.9972870349884033,2.9946367740631104,2.9918174743652344,2.9888734817504883,2.9858148097991943,2.982616662979126,2.979292631149292,2.9758968353271484,2.9724676609039307,2.9689762592315674,2.9654102325439453,2.96174693107605,2.958043098449707,2.9543521404266357,2.9506866931915283,2.9470512866973877,2.943420648574829,2.939829111099243,2.936302900314331,2.9328393936157227,2.9294211864471436,2.9260098934173584,2.9226043224334717,9.960000038146973
232,2.997974157333374,2.995056390762329,2.9920990467071533,2.989135980606079,2.9861791133880615,2.9831931591033936,2.9802181720733643,2.977231740951538,2.9742681980133057,2.9713332653045654,2.9684126377105713,2.9655227661132812,2.9627161026000977,2.9599506855010986,2.9572458267211914,2.9546279907226562,2.9521121978759766,2.9496772289276123,2.9473259449005127,2.9450995922088623,2.9429757595062256,2.940915107727051,2.9388856887817383,2.9369277954101562,2.935065269470215,2.9332473278045654,2.931438446044922,2.929637908935547,2.927802801132202,2.925889015197754,2.923826217651367,2.9216487407684326,2.919330358505249,2.9168689250946045,2.9142818450927734,2.9115893840789795,2.9088077545166016,2.9059629440307617,2.903061628341675,2.900163412094116,2.897247314453125,2.894301652908325,2.8913257122039795,2.888456106185913,2.8858187198638916,2.883439064025879,2.881298065185547,2.879328727722168,2.877577781677246,2.876161813735962,2.875145673751831,2.874513626098633,2.874248743057251,2.874307632446289,2.874688148498535,2.8753585815429688,2.8763067722320557,2.877558469772339,2.879084825515747,2.8808300495147705,2.8827219009399414,2.8846676349639893,2.8865678310394287,2.888321876525879,2.889848470687866,2.8910510540008545,2.8918750286102295,2.8923118114471436,2.8923661708831787,2.89202880859375,2.891366958618164,2.8904247283935547,2.8892784118652344,2.8879354000091553,2.886411666870117,2.8847503662109375,2.8829376697540283,2.8809902667999268,2.878948211669922,2.876831293106079,2.8746402263641357,2.8723952770233154,2.8700931072235107,2.867731809616089,2.8652961254119873,2.8628122806549072,2.860335350036621,2.857869863510132,2.855351686477661,2.8528363704681396,2.850346326828003,2.847886800765991,2.845430374145508,2.8429744243621826,2.8405416011810303,2.8381471633911133,2.8358304500579834,2.833544969558716,2.8312180042266846,2.8288471698760986,9.960000038146973
233,3.0015344619750977,2.9988362789154053,2.9961278438568115,2.993410110473633,2.990675687789917,2.987945556640625,2.9852263927459717,2.982524871826172,2.9798269271850586,2.9771230220794678,2.9744536876678467,2.9718427658081055,2.969273805618286,2.9667813777923584,2.964344024658203,2.961989641189575,2.9597585201263428,2.957599639892578,2.955556869506836,2.953629732131958,2.9517955780029297,2.9500601291656494,2.9483911991119385,2.9468069076538086,2.9453065395355225,2.943829298019409,2.9423828125,2.9409334659576416,2.939476728439331,2.937946081161499,2.9362757205963135,2.9344465732574463,2.932415246963501,2.9302022457122803,2.927792549133301,2.9252312183380127,2.9225614070892334,2.919776201248169,2.916961908340454,2.9141273498535156,2.911266326904297,2.9083454608917236,2.905388593673706,2.9025256633758545,2.899890899658203,2.8975532054901123,2.8954994678497314,2.8936662673950195,2.8920586109161377,2.8907968997955322,2.889967679977417,2.88959002494812,2.8896408081054688,2.8901045322418213,2.890965700149536,2.8921868801116943,2.8937015533447266,2.895496368408203,2.8975636959075928,2.8999030590057373,2.9024369716644287,2.905085802078247,2.9077060222625732,2.910149335861206,2.9123029708862305,2.9140853881835938,2.9154365062713623,2.916290044784546,2.9166622161865234,2.9166011810302734,2.9161899089813232,2.9154415130615234,2.9143571853637695,2.9130008220672607,2.9114112854003906,2.9096434116363525,2.907700300216675,2.9056079387664795,2.9034061431884766,2.9010865688323975,2.898679733276367,2.8961703777313232,2.8935887813568115,2.890920877456665,2.888178586959839,2.8854124546051025,2.88259220123291,2.8797426223754883,2.876861810684204,2.873983144760132,2.8710830211639404,2.8681657314300537,2.865285873413086,2.862454652786255,2.8596508502960205,2.8568661212921143,2.854142427444458,2.8514559268951416,2.8487789630889893,2.846076726913452,9.960000038146973
234,2.9636402130126953,2.960313081741333,2.956963300704956,2.9536054134368896,2.950246810913086,2.9469242095947266,2.9436213970184326,2.9403278827667236,2.9370803833007812,2.933870315551758,2.930673837661743,2.9275214672088623,2.924402952194214,2.92138934135437,2.918455123901367,2.9156150817871094,2.912874221801758,2.910247564315796,2.9077348709106445,2.9053356647491455,2.903059244155884,2.9009017944335938,2.8988125324249268,2.8968112468719482,2.8948934078216553,2.8930559158325195,2.8912546634674072,2.8894593715667725,2.887648820877075,2.885800361633301,2.8838462829589844,2.8817272186279297,2.879401206970215,2.8768844604492188,2.874171018600464,2.8713085651397705,2.868303060531616,2.865186929702759,2.8620331287384033,2.858874559402466,2.8556833267211914,2.8524582386016846,2.849194288253784,2.846003293991089,2.843017339706421,2.840319871902466,2.8378937244415283,2.8357350826263428,2.833829879760742,2.8323090076446533,2.831225633621216,2.830587148666382,2.8303868770599365,2.830632209777832,2.831287384033203,2.832298517227173,2.833624839782715,2.835261106491089,2.837190866470337,2.8393986225128174,2.8418304920196533,2.8443832397460938,2.846933603286743,2.8493518829345703,2.8515303134918213,2.8533620834350586,2.8547630310058594,2.8556621074676514,2.856032371520996,2.8559253215789795,2.8554298877716064,2.854578733444214,2.8534231185913086,2.851980447769165,2.850255250930786,2.8483011722564697,2.8461685180664062,2.8438961505889893,2.8414852619171143,2.8389556407928467,2.8363420963287354,2.8336341381073,2.8308095932006836,2.827887773513794,2.8249075412750244,2.8218746185302734,2.818776845932007,2.815643548965454,2.812488317489624,2.8093087673187256,2.8061325550079346,2.802960157394409,2.799802780151367,2.7966301441192627,2.7934906482696533,2.7904109954833984,2.787379503250122,2.784367561340332,2.7813446521759033,2.778332471847534,9.970000267028809
235,3.065934181213379,3.0629055500030518,3.059847116470337,3.0567753314971924,3.053701162338257,3.050584077835083,3.0474672317504883,3.044361114501953,3.0412349700927734,3.0381433963775635,3.0350868701934814,3.032057523727417,3.029047727584839,3.0260989665985107,3.023221969604492,3.02044939994812,3.0177228450775146,3.0150883197784424,3.0125904083251953,3.01021409034729,3.0079307556152344,3.005720376968384,3.003586769104004,3.001549005508423,2.999546766281128,2.997591257095337,2.995677947998047,2.9937756061553955,2.9918718338012695,2.9898741245269775,2.9877700805664062,2.985513925552368,2.9830806255340576,2.980513334274292,2.9778079986572266,2.9749629497528076,2.9719762802124023,2.9689064025878906,2.965829610824585,2.9627723693847656,2.9596855640411377,2.956526517868042,2.953381299972534,2.9503486156463623,2.947526693344116,2.9449832439422607,2.94270396232605,2.9406356811523438,2.938804864883423,2.937299966812134,2.936220407485962,2.9355716705322266,2.9353249073028564,2.935471773147583,2.935964584350586,2.9367685317993164,2.937873125076294,2.939249038696289,2.940885305404663,2.9427249431610107,2.9447453022003174,2.9468677043914795,2.948967218399048,2.950956344604492,2.9527037143707275,2.9541308879852295,2.955167531967163,2.955756187438965,2.9559295177459717,2.9556972980499268,2.9551212787628174,2.9542388916015625,2.9530506134033203,2.9516618251800537,2.9500696659088135,2.9483025074005127,2.946361541748047,2.944284200668335,2.9421260356903076,2.939866065979004,2.9375107288360596,2.9350712299346924,2.932554244995117,2.929987668991089,2.92732834815979,2.92463755607605,2.921915054321289,2.919161796569824,2.9163825511932373,2.913585901260376,2.9108078479766846,2.9080352783203125,2.9052963256835938,2.9025802612304688,2.8998851776123047,2.897218704223633,2.8946077823638916,2.892035484313965,2.889453887939453,2.8868606090545654,9.970000267028809
236,2.8262510299682617,2.8237931728363037,2.821307420730591,2.8188278675079346,2.816361665725708,2.813908338546753,2.8114664554595947,2.8090450763702393,2.8066368103027344,2.8042538166046143,2.8019096851348877,2.7996044158935547,2.79736590385437,2.795175790786743,2.79306960105896,2.7910401821136475,2.7890961170196533,2.7872474193573,2.7855021953582764,2.7838802337646484,2.7823610305786133,2.7809436321258545,2.7795956134796143,2.778287172317505,2.7770512104034424,2.7758686542510986,2.774735450744629,2.7736213207244873,2.7724573612213135,2.771221876144409,2.7698428630828857,2.7682979106903076,2.7665855884552,2.7647082805633545,2.762676239013672,2.7604856491088867,2.758167266845703,2.755769968032837,2.7533340454101562,2.7508790493011475,2.7484166622161865,2.745899200439453,2.7433547973632812,2.740906000137329,2.7386696338653564,2.736722946166992,2.7349984645843506,2.733445405960083,2.732142210006714,2.731212854385376,2.7307004928588867,2.730626106262207,2.7309703826904297,2.7317192554473877,2.7328269481658936,2.7342309951782227,2.7359321117401123,2.737926483154297,2.740204095840454,2.742725372314453,2.7454261779785156,2.748215675354004,2.750959634780884,2.7535617351531982,2.7559213638305664,2.7579352855682373,2.7595231533050537,2.7606422901153564,2.761296510696411,2.7615139484405518,2.7613308429718018,2.7608048915863037,2.759983777999878,2.75891375541687,2.7576181888580322,2.7561309337615967,2.754478693008423,2.7526772022247314,2.7507381439208984,2.7486941814422607,2.746565580368042,2.7443416118621826,2.7420365810394287,2.739647626876831,2.7371985912323,2.7346904277801514,2.732130289077759,2.729541778564453,2.726912260055542,2.7242813110351562,2.7216455936431885,2.7190353870391846,2.7164394855499268,2.7138566970825195,2.711322784423828,2.708828926086426,2.7063820362091064,2.7039520740509033,2.701551675796509,2.699159622192383,9.970000267028809
237,3.089541435241699,3.0868301391601562,3.0840978622436523,3.0812978744506836,3.078477621078491,3.075629472732544,3.0727951526641846,3.070016860961914,3.067250967025757,3.064523935317993,3.0618321895599365,3.0591392517089844,3.0564839839935303,3.0538711547851562,3.051356554031372,3.048957586288452,3.046671152114868,3.044478178024292,3.042377471923828,3.040379285812378,3.038484573364258,3.0367050170898438,3.035027265548706,3.0334370136260986,3.031935691833496,3.0304653644561768,3.0290043354034424,3.0275535583496094,3.0260517597198486,3.0244929790496826,3.02282452583313,3.0209693908691406,3.0188989639282227,3.016597032546997,3.014082670211792,3.0113818645477295,3.0085010528564453,3.0055320262908936,3.002530336380005,2.9995129108428955,2.9964659214019775,2.9933536052703857,2.9902446269989014,2.987224578857422,2.9843921661376953,2.981847047805786,2.9796104431152344,2.9776718616485596,2.9760005474090576,2.974696159362793,2.9738426208496094,2.9734785556793213,2.9735825061798096,2.9741427898406982,2.975102663040161,2.976451873779297,2.978152275085449,2.9801692962646484,2.9824817180633545,2.985039472579956,2.987813949584961,2.9907100200653076,2.9935805797576904,2.9963219165802,2.9988090991973877,3.0009076595306396,3.002530813217163,3.0036182403564453,3.0041656494140625,3.0042126178741455,3.00384521484375,3.00311279296875,3.0020763874053955,3.0007219314575195,2.999086380004883,2.997220277786255,2.9951257705688477,2.9928677082061768,2.9904489517211914,2.9879353046417236,2.9853315353393555,2.9826104640960693,2.9797842502593994,2.9768543243408203,2.9738476276397705,2.9707565307617188,2.967625617980957,2.964456558227539,2.9612808227539062,2.9580771923065186,2.954850196838379,2.951625108718872,2.948401689529419,2.9452064037323,2.942068338394165,2.9389946460723877,2.9359896183013916,2.9329593181610107,2.9299395084381104,2.9269344806671143,9.979999542236328
238,3.0963847637176514,3.093769073486328,3.0910890102386475,3.088391065597534,3.0856759548187256,3.082998514175415,3.0803043842315674,3.077601671218872,3.0748813152313232,3.0721724033355713,3.0694897174835205,3.0668323040008545,3.064228057861328,3.061730146408081,3.0593316555023193,3.057037115097046,3.0548083782196045,3.052645444869995,3.050591468811035,3.048670530319214,3.046849489212036,3.04514479637146,3.043510675430298,3.0419743061065674,3.0404975414276123,3.039038896560669,3.037612199783325,3.0361955165863037,3.0347483158111572,3.0332014560699463,3.0314857959747314,3.0295956134796143,3.0275468826293945,3.0253047943115234,3.022930860519409,3.020421266555786,3.0177907943725586,3.0150883197784424,3.0123937129974365,3.009652853012085,3.006812334060669,3.003828763961792,3.000814437866211,2.9980180263519287,2.995575189590454,2.9934794902801514,2.991605043411255,2.9898881912231445,2.988417863845825,2.9873123168945312,2.9866676330566406,2.9864797592163086,2.986743927001953,2.987452268600464,2.9885387420654297,2.989973783493042,2.9916975498199463,2.9937124252319336,2.9959990978240967,2.9985294342041016,3.0012264251708984,3.0040066242218018,3.0067527294158936,3.009341239929199,3.0116453170776367,3.013564109802246,3.0150718688964844,3.0161101818084717,3.016711473464966,3.016897201538086,3.0167179107666016,3.0161941051483154,3.0153684616088867,3.0143139362335205,3.0130434036254883,3.0115957260131836,3.0099823474884033,3.0082476139068604,3.006420850753784,3.0044944286346436,3.0024373531341553,3.0003116130828857,2.9980955123901367,2.9957993030548096,2.993433713912964,2.9910457134246826,2.988662004470825,2.9862420558929443,2.9837863445281982,2.9813148975372314,2.9788177013397217,2.9763545989990234,2.9739315509796143,2.9715254306793213,2.9691498279571533,2.966799020767212,2.964512586593628,2.9621903896331787,2.959838628768921,2.9574878215789795,9.979999542236328
239,3.100275993347168,3.0970757007598877,3.093862533569336,3.090670585632324,3.087529182434082,3.0844314098358154,3.0813801288604736,3.0783653259277344,3.075376510620117,3.0724658966064453,3.0696020126342773,3.066838026046753,3.0642073154449463,3.0616862773895264,3.059260368347168,3.056932210922241,3.0547497272491455,3.052760362625122,3.0509450435638428,3.049280881881714,3.047785520553589,3.04644513130188,3.0452451705932617,3.044149398803711,3.0431034564971924,3.0421228408813477,3.0412302017211914,3.0403387546539307,3.039415121078491,3.038365125656128,3.0371015071868896,3.0355618000030518,3.0337073802948,3.031555414199829,3.0291545391082764,3.0264892578125,3.0235977172851562,3.020522356033325,3.017314910888672,3.014042854309082,3.010740280151367,3.007434606552124,3.004169464111328,3.0009853839874268,2.9980437755584717,2.9954757690429688,2.9933135509490967,2.991473436355591,2.9899768829345703,2.9890029430389404,2.988642692565918,2.9889400005340576,2.989885091781616,2.991473436355591,2.9936187267303467,2.9961929321289062,2.999178647994995,3.0026111602783203,3.006448745727539,3.010650634765625,3.0151121616363525,3.0197370052337646,3.0243189334869385,3.0286953449249268,3.0326805114746094,3.036090612411499,3.0388126373291016,3.040764808654785,3.0419883728027344,3.042553663253784,3.042546033859253,3.042027473449707,3.0410118103027344,3.039569139480591,3.037790060043335,3.0357284545898438,3.033414840698242,3.030860662460327,3.0281155109405518,3.0251855850219727,3.022094964981079,3.0188472270965576,3.01546311378479,3.011967897415161,3.008373260498047,3.0047035217285156,3.000964879989624,2.9971656799316406,2.9933197498321533,2.9894139766693115,2.9854938983917236,2.9815807342529297,2.9776947498321533,2.973884344100952,2.970123052597046,2.9664180278778076,2.9627630710601807,2.959139823913574,2.9555323123931885,2.951939821243286,9.979999542236328
240,2.994215726852417,2.991353750228882,2.9884798526763916,2.985581636428833,2.982661247253418,2.979750633239746,2.9768455028533936,2.9739818572998047,2.971125841140747,2.968287706375122,2.9654743671417236,2.962705612182617,2.959988594055176,2.9573171138763428,2.954702138900757,2.9521868228912354,2.9497830867767334,2.94751238822937,2.945344924926758,2.9432566165924072,2.9412765502929688,2.9393985271453857,2.9376060962677,2.9359025955200195,2.9342641830444336,2.932689666748047,2.9311649799346924,2.9296295642852783,2.9280433654785156,2.9263885021209717,2.9246184825897217,2.922696113586426,2.9205801486968994,2.918276071548462,2.915790557861328,2.9131247997283936,2.910329818725586,2.90743350982666,2.9044933319091797,2.9015309810638428,2.8985483646392822,2.895538330078125,2.8925254344940186,2.889580488204956,2.8868491649627686,2.88439679145813,2.882227659225464,2.8803014755249023,2.878626585006714,2.8773391246795654,2.876483678817749,2.8760852813720703,2.876136064529419,2.876603364944458,2.877466917037964,2.878673791885376,2.8802196979522705,2.882092237472534,2.8842618465423584,2.8866796493530273,2.8892738819122314,2.8919684886932373,2.894658327102661,2.8971951007843018,2.899465322494507,2.9013640880584717,2.9028003215789795,2.9037580490112305,2.90421199798584,2.9042060375213623,2.903768539428711,2.9029884338378906,2.9019269943237305,2.9005889892578125,2.899014711380005,2.8972244262695312,2.8952443599700928,2.8930835723876953,2.8907949924468994,2.8884029388427734,2.8859031200408936,2.8832976818084717,2.8806025981903076,2.8778293132781982,2.8749771118164062,2.8720877170562744,2.8691608905792236,2.8662097454071045,2.8632185459136963,2.8602030277252197,2.8571808338165283,2.85414719581604,2.8511343002319336,2.8481366634368896,2.8451998233795166,2.842339277267456,2.839494466781616,2.8366596698760986,2.83381724357605,2.830975294113159,9.979999542236328
241,3.0447044372558594,3.0417861938476562,3.0388412475585938,3.035874128341675,3.0329132080078125,3.0299932956695557,3.0271403789520264,3.024322271347046,3.0215370655059814,3.018779993057251,3.0160903930664062,3.0134716033935547,3.010936975479126,3.0084753036499023,3.006135940551758,3.003916025161743,3.0018365383148193,2.9998843669891357,2.9980742931365967,2.9964046478271484,2.994861364364624,2.993436813354492,2.992150068283081,2.9909448623657227,2.9898111820220947,2.9887285232543945,2.9876880645751953,2.986692428588867,2.9856269359588623,2.9844284057617188,2.9830408096313477,2.981419324874878,2.9795987606048584,2.977527618408203,2.9752137660980225,2.972656488418579,2.9699270725250244,2.9670722484588623,2.9641685485839844,2.9612245559692383,2.9582653045654297,2.955268144607544,2.9522571563720703,2.949336051940918,2.946658134460449,2.944334030151367,2.942347288131714,2.9406538009643555,2.939279317855835,2.9383487701416016,2.937955141067505,2.9381120204925537,2.9388105869293213,2.9400370121002197,2.941765069961548,2.9439315795898438,2.9464616775512695,2.9493725299835205,2.9526302814483643,2.9561989307403564,2.9599907398223877,2.963892936706543,2.967768907546997,2.971442937850952,2.974738836288452,2.977537155151367,2.979738235473633,2.9812965393066406,2.9822399616241455,2.9826138019561768,2.982490301132202,2.9819180965423584,2.9809532165527344,2.979649543762207,2.9780285358428955,2.9761569499969482,2.97408127784729,2.9718196392059326,2.969398260116577,2.966825485229492,2.964120864868164,2.961296796798706,2.9583489894866943,2.9553239345550537,2.9522056579589844,2.9490060806274414,2.945758819580078,2.9424705505371094,2.939178705215454,2.9358785152435303,2.932548761367798,2.929211378097534,2.925903081893921,2.922645330429077,2.919440269470215,2.9162797927856445,2.9131782054901123,2.9101037979125977,2.907047986984253,2.9040002822875977,9.979999542236328
242,2.801485776901245,2.7990453243255615,2.7966034412384033,2.794171094894409,2.7917613983154297,2.7893574237823486,2.7869861125946045,2.7846529483795166,2.78231143951416,2.7799880504608154,2.777695655822754,2.7754504680633545,2.7732746601104736,2.7711925506591797,2.769181966781616,2.767268419265747,2.7654407024383545,2.76373553276062,2.7621405124664307,2.7606441974639893,2.7592251300811768,2.757908821105957,2.7566871643066406,2.755558729171753,2.754479169845581,2.753460168838501,2.7524921894073486,2.751553773880005,2.7505710124969482,2.749493360519409,2.748270273208618,2.7468793392181396,2.7452900409698486,2.7435245513916016,2.741584539413452,2.7395031452178955,2.737306833267212,2.734992742538452,2.7326176166534424,2.730224609375,2.727837562561035,2.7253901958465576,2.7228643894195557,2.7203807830810547,2.7181389331817627,2.716243028640747,2.7146224975585938,2.7131850719451904,2.711951494216919,2.711078643798828,2.7106239795684814,2.7106001377105713,2.7110021114349365,2.7118120193481445,2.7130115032196045,2.7145450115203857,2.7163913249969482,2.7185451984405518,2.720989465713501,2.7236859798431396,2.726581335067749,2.729581117630005,2.732584238052368,2.735463857650757,2.7380988597869873,2.7403628826141357,2.742173194885254,2.7434825897216797,2.744310140609741,2.744692087173462,2.7446835041046143,2.7443056106567383,2.7436206340789795,2.7426750659942627,2.741495370864868,2.7400872707366943,2.73848032951355,2.736737012863159,2.734851837158203,2.732854127883911,2.730736494064331,2.728543281555176,2.726249933242798,2.7238457202911377,2.7213962078094482,2.7188808917999268,2.7163496017456055,2.7137584686279297,2.7111587524414062,2.708536386489868,2.7058942317962646,2.703237533569336,2.7005975246429443,2.697983741760254,2.6953933238983154,2.6928484439849854,2.69035267829895,2.6879234313964844,2.6854679584503174,2.682985305786133,10.0
243,2.8918521404266357,2.8892762660980225,2.8866641521453857,2.8840172290802,2.8813693523406982,2.878741979598999,2.8761188983917236,2.8735172748565674,2.870933771133423,2.868380308151245,2.865826368331909,2.863313674926758,2.860860586166382,2.8584635257720947,2.856137990951538,2.8538944721221924,2.851724863052368,2.849658966064453,2.8476791381835938,2.8458003997802734,2.844040632247925,2.842400312423706,2.8408565521240234,2.839374542236328,2.8379390239715576,2.8365447521209717,2.8351891040802,2.833833932876587,2.832444906234741,2.8309853076934814,2.829406499862671,2.827688217163086,2.825787305831909,2.8237133026123047,2.821449041366577,2.81901478767395,2.8164587020874023,2.8138084411621094,2.8111226558685303,2.808429002761841,2.8057289123535156,2.8029658794403076,2.8001339435577393,2.797363519668579,2.7948005199432373,2.792553186416626,2.790595054626465,2.7888472080230713,2.7872941493988037,2.786058187484741,2.785214424133301,2.7848103046417236,2.7848260402679443,2.7852566242218018,2.786086082458496,2.7872507572174072,2.788719415664673,2.790473222732544,2.792483329772949,2.794750213623047,2.7972323894500732,2.7998478412628174,2.802475929260254,2.8049933910369873,2.8072702884674072,2.809187650680542,2.8106753826141357,2.811662435531616,2.8122012615203857,2.812302589416504,2.8120276927948,2.811408758163452,2.8104772567749023,2.8092949390411377,2.807866096496582,2.806220054626465,2.804374933242798,2.802382230758667,2.800262451171875,2.798044204711914,2.795731782913208,2.79333758354187,2.7908172607421875,2.78818416595459,2.7854833602905273,2.782735824584961,2.7799644470214844,2.7771599292755127,2.7743453979492188,2.7715046405792236,2.768648147583008,2.765782356262207,2.7629082202911377,2.7600667476654053,2.7572708129882812,2.7545173168182373,2.751800537109375,2.7490930557250977,2.7463810443878174,2.7436485290527344,10.0
244,3.024653434753418,3.021794080734253,3.0189075469970703,3.016016721725464,3.0130889415740967,3.0101425647735596,3.0072124004364014,3.0042896270751953,3.001371145248413,2.998461961746216,2.9955806732177734,2.9927327632904053,2.98992919921875,2.9871513843536377,2.9844419956207275,2.981797456741333,2.9792473316192627,2.9767637252807617,2.9743759632110596,2.972123146057129,2.9699668884277344,2.967902898788452,2.965895414352417,2.9639365673065186,2.962050199508667,2.9601733684539795,2.9583206176757812,2.95649790763855,2.9546926021575928,2.952843427658081,2.9508659839630127,2.9487526416778564,2.94647479057312,2.9440414905548096,2.941467523574829,2.938762664794922,2.935967206954956,2.9331204891204834,2.9302384853363037,2.9273712635040283,2.92446231842041,2.9214766025543213,2.918461799621582,2.9155519008636475,2.912858247756958,2.910451889038086,2.908278226852417,2.9062929153442383,2.9044907093048096,2.9029672145843506,2.9018020629882812,2.9010677337646484,2.9007606506347656,2.900822877883911,2.9012248516082764,2.9018733501434326,2.9027843475341797,2.9039623737335205,2.9053914546966553,2.9070494174957275,2.9088821411132812,2.9108009338378906,2.9127063751220703,2.914497137069702,2.9160823822021484,2.9173638820648193,2.918271780014038,2.9187657833099365,2.918868064880371,2.918591260910034,2.9179928302764893,2.9171063899993896,2.915982246398926,2.914630651473999,2.913057327270508,2.9113407135009766,2.90946888923645,2.9074628353118896,2.9053409099578857,2.903118848800659,2.900831937789917,2.8984158039093018,2.8959457874298096,2.893451452255249,2.890904426574707,2.8882932662963867,2.885666608810425,2.883025884628296,2.8803672790527344,2.8776581287384033,2.874917984008789,2.8721978664398193,2.869488000869751,2.8668320178985596,2.8642046451568604,2.8616132736206055,2.859048843383789,2.8564891815185547,2.853907823562622,2.8513095378875732,10.0
245,2.889549493789673,2.8865807056427,2.883608102798462,2.880625009536743,2.8776333332061768,2.874610662460327,2.8716347217559814,2.8686904907226562,2.8657848834991455,2.8628990650177,2.860020875930786,2.8571736812591553,2.8543765544891357,2.851623296737671,2.848950147628784,2.8463714122772217,2.843909502029419,2.8415544033050537,2.839276075363159,2.837092161178589,2.835015296936035,2.8330459594726562,2.8311607837677,2.829326868057251,2.8275606632232666,2.82588267326355,2.824253797531128,2.8226521015167236,2.8210175037384033,2.819312334060669,2.81750750541687,2.815546989440918,2.813397169113159,2.8110873699188232,2.808591842651367,2.8059444427490234,2.8031694889068604,2.800309419631958,2.797410726547241,2.79449725151062,2.791560411453247,2.7886056900024414,2.7856130599975586,2.7826693058013916,2.7799055576324463,2.7774105072021484,2.7751948833465576,2.773200273513794,2.771442174911499,2.77004075050354,2.7690422534942627,2.7684662342071533,2.768308401107788,2.768548011779785,2.7691590785980225,2.770090341567993,2.7713205814361572,2.772850275039673,2.774667978286743,2.7767317295074463,2.778975486755371,2.781327962875366,2.7836754322052,2.785900831222534,2.7878904342651367,2.7895348072052,2.790773391723633,2.7915585041046143,2.791895627975464,2.7918145656585693,2.79133677482605,2.7905161380767822,2.7893762588500977,2.7879810333251953,2.786364793777466,2.784557580947876,2.7825777530670166,2.7804348468780518,2.778153419494629,2.7757740020751953,2.7732994556427,2.7707417011260986,2.768082857131958,2.7653465270996094,2.7625529766082764,2.759690523147583,2.7567739486694336,2.753830671310425,2.7508623600006104,2.7478761672973633,2.7448959350585938,2.7419207096099854,2.738957643508911,2.736006021499634,2.733097791671753,2.7302258014678955,2.7273855209350586,2.724576950073242,2.721792459487915,2.719020128250122,10.0
246,2.983552932739258,2.9806032180786133,2.9776523113250732,2.9747111797332764,2.971775770187378,2.9688684940338135,2.9659833908081055,2.96309494972229,2.9602537155151367,2.957486391067505,2.954756021499634,2.9520790576934814,2.9494504928588867,2.946903944015503,2.944474220275879,2.942113161087036,2.939856767654419,2.937721014022827,2.935750722885132,2.9339234828948975,2.93221378326416,2.930600166320801,2.929079055786133,2.927644968032837,2.9262897968292236,2.924997568130493,2.923769235610962,2.9225637912750244,2.921314239501953,2.919957399368286,2.9184253215789795,2.9166829586029053,2.9146945476531982,2.9124977588653564,2.910116195678711,2.9075558185577393,2.904803514480591,2.901897668838501,2.8989059925079346,2.8958988189697266,2.8928749561309814,2.889824867248535,2.886765718460083,2.883795976638794,2.88104248046875,2.8786051273345947,2.8764865398406982,2.8746135234832764,2.8730309009552,2.8718557357788086,2.871201753616333,2.8711090087890625,2.8715314865112305,2.8724348545074463,2.8737430572509766,2.8754336833953857,2.8774712085723877,2.879838228225708,2.8825340270996094,2.885517120361328,2.888728380203247,2.892056703567505,2.89536452293396,2.898483991622925,2.901275396347046,2.9035987854003906,2.905421018600464,2.9066946506500244,2.907407522201538,2.9075825214385986,2.907273530960083,2.9065561294555664,2.9054787158966064,2.9040887355804443,2.902423858642578,2.9005203247070312,2.8984296321868896,2.8961524963378906,2.8937206268310547,2.8911659717559814,2.888474464416504,2.8856914043426514,2.8827953338623047,2.879831314086914,2.876784324645996,2.8736579418182373,2.8704640865325928,2.8672025203704834,2.8639156818389893,2.8606131076812744,2.8573319911956787,2.8540401458740234,2.850757360458374,2.847491502761841,2.8442869186401367,2.8411073684692383,2.8379504680633545,2.834834337234497,2.8317453861236572,2.82867431640625,10.0
247,2.952148199081421,2.9495906829833984,2.947036027908325,2.9444711208343506,2.9418869018554688,2.9393222332000732,2.9367759227752686,2.93424916267395,2.9317591190338135,2.929293632507324,2.926835298538208,2.924396514892578,2.921999931335449,2.9196956157684326,2.9174811840057373,2.9153263568878174,2.9132354259490967,2.9112446308135986,2.909388303756714,2.907637357711792,2.905979871749878,2.9043967723846436,2.902886390686035,2.901435136795044,2.9000465869903564,2.898674249649048,2.8973405361175537,2.896026611328125,2.894702672958374,2.893294095993042,2.891730308532715,2.890026092529297,2.8881728649139404,2.8861494064331055,2.883957624435425,2.881641149520874,2.8792126178741455,2.876696825027466,2.8741462230682373,2.871591567993164,2.869016408920288,2.8663718700408936,2.863676071166992,2.861058235168457,2.8586790561676025,2.856590509414673,2.854731798171997,2.853027582168579,2.851527452468872,2.8503494262695312,2.8495712280273438,2.8491897583007812,2.8492002487182617,2.8495919704437256,2.850327253341675,2.851390838623047,2.8527469635009766,2.854372978210449,2.856257200241089,2.858386993408203,2.8607137203216553,2.863152265548706,2.8655612468719482,2.8678359985351562,2.869858980178833,2.8715226650238037,2.8728034496307373,2.8736486434936523,2.8740694522857666,2.874074697494507,2.8737170696258545,2.8730533123016357,2.8720991611480713,2.870906114578247,2.8695147037506104,2.8679568767547607,2.8662631511688232,2.8644237518310547,2.862462043762207,2.8603832721710205,2.858205795288086,2.855936050415039,2.853588342666626,2.8511781692504883,2.8487119674682617,2.8462116718292236,2.8436734676361084,2.8411176204681396,2.8385255336761475,2.835909843444824,2.833319664001465,2.830735921859741,2.828162431716919,2.8256094455718994,2.8231287002563477,2.8206703662872314,2.8181917667388916,2.815749168395996,2.8133182525634766,2.8108768463134766,10.0
248,2.883314371109009,2.8807132244110107,2.8780834674835205,2.875471353530884,2.8728580474853516,2.870227575302124,2.86759090423584,2.8649539947509766,2.862358331680298,2.8598124980926514,2.857279062271118,2.8547868728637695,2.852353811264038,2.8499755859375,2.8476645946502686,2.845417022705078,2.8432843685150146,2.8412578105926514,2.8393285274505615,2.837514877319336,2.8357927799224854,2.834156036376953,2.832597494125366,2.831085205078125,2.8296499252319336,2.8282787799835205,2.826951265335083,2.8256304264068604,2.8242719173431396,2.8228378295898438,2.8212623596191406,2.819517135620117,2.817586898803711,2.8155128955841064,2.813288927078247,2.810918092727661,2.808420181274414,2.805816650390625,2.803163766860962,2.8004961013793945,2.797823905944824,2.7951533794403076,2.792454481124878,2.7898290157318115,2.7873926162719727,2.785222053527832,2.7833073139190674,2.7816035747528076,2.780127763748169,2.779001235961914,2.7783000469207764,2.7780380249023438,2.778179407119751,2.7786998748779297,2.779569625854492,2.780763864517212,2.782277822494507,2.7840797901153564,2.786158323287964,2.7884862422943115,2.791001081466675,2.7936131954193115,2.796194076538086,2.79862117767334,2.8007943630218506,2.8026134967803955,2.8040153980255127,2.804981231689453,2.8054637908935547,2.8055036067962646,2.805147886276245,2.8044795989990234,2.8035404682159424,2.8023500442504883,2.8009231090545654,2.799290895462036,2.7975006103515625,2.7955715656280518,2.793513059616089,2.79133677482605,2.789057970046997,2.7867088317871094,2.7842824459075928,2.7817745208740234,2.7791945934295654,2.776559591293335,2.7738819122314453,2.771164894104004,2.7684295177459717,2.765704393386841,2.7629778385162354,2.7602615356445312,2.7575416564941406,2.7548582553863525,2.752204656600952,2.7495944499969482,2.74703311920166,2.744508981704712,2.7420246601104736,2.739513397216797,10.0
249,3.099114179611206,3.096195936203003,3.0932657718658447,3.090327262878418,3.08740234375,3.0844669342041016,3.0815179347991943,3.078587770462036,3.075667142868042,3.07275390625,3.0698816776275635,3.0670154094696045,3.064225912094116,3.0615177154541016,3.058892250061035,3.056356430053711,3.0538711547851562,3.0514793395996094,3.0492286682128906,3.04711651802063,3.0451202392578125,3.0432074069976807,3.0413739681243896,3.039663314819336,3.0380442142486572,3.036484956741333,3.034935235977173,3.033395767211914,3.0318195819854736,3.030179977416992,3.0284039974212646,3.0264501571655273,3.0242726802825928,3.0218505859375,3.0192062854766846,3.0163519382476807,3.0133063793182373,3.0101511478424072,3.006892442703247,3.003584623336792,3.000229835510254,2.9968879222869873,2.9936141967773438,2.9904158115386963,2.9873530864715576,2.984556198120117,2.9820644855499268,2.9798660278320312,2.977954864501953,2.976419448852539,2.9753849506378174,2.9748475551605225,2.974802017211914,2.9752414226531982,2.976128578186035,2.977442979812622,2.9791126251220703,2.981098175048828,2.983412027359009,2.986016035079956,2.9888877868652344,2.9918997287750244,2.994906187057495,2.997767448425293,3.0003674030303955,3.002535581588745,3.0041821002960205,3.0052478313446045,3.005749464035034,3.0057356357574463,3.0052688121795654,3.0044243335723877,3.0031862258911133,3.0016183853149414,2.999753713607788,2.9976389408111572,2.9953057765960693,2.9927730560302734,2.990077018737793,2.9872376918792725,2.984283685684204,2.981231689453125,2.9780547618865967,2.974752426147461,2.971405029296875,2.9680001735687256,2.964509963989258,2.960970163345337,2.9574146270751953,2.9538486003875732,2.9502487182617188,2.9466168880462646,2.9429855346679688,2.9393978118896484,2.9358627796173096,2.9323623180389404,2.9289252758026123,2.9255104064941406,2.922116279602051,2.918736696243286,10.0
250,3.137248992919922,3.1340396404266357,3.130840301513672,3.1276493072509766,3.124457597732544,3.121309280395508,3.1181600093841553,3.115051031112671,3.1119778156280518,3.1089751720428467,3.1060636043548584,3.1032278537750244,3.100431203842163,3.097700834274292,3.0950634479522705,3.0925796031951904,3.0902557373046875,3.0881025791168213,3.086106538772583,3.0842771530151367,3.0825812816619873,3.0810394287109375,3.0796139240264893,3.0782737731933594,3.0770158767700195,3.0758016109466553,3.0746681690216064,3.07358455657959,3.0724334716796875,3.0711536407470703,3.0696604251861572,3.067906141281128,3.065929651260376,3.063666582107544,3.061129331588745,3.0583574771881104,3.0553767681121826,3.0522396564483643,3.048992395401001,3.0456838607788086,3.042353391647339,3.038989305496216,3.035628080368042,3.0323665142059326,3.029378652572632,3.0267398357391357,3.0244367122650146,3.0224647521972656,3.020840644836426,3.0196845531463623,3.0191049575805664,3.019160270690918,3.0198261737823486,3.021069288253784,3.0228004455566406,3.024977445602417,3.027580976486206,3.0305678844451904,3.0339412689208984,3.0376288890838623,3.0415687561035156,3.04565167427063,3.0496819019317627,3.0535380840301514,3.057039976119995,3.0600364208221436,3.0624287128448486,3.0641679763793945,3.0652847290039062,3.0657501220703125,3.0656535625457764,3.065075635910034,3.0640933513641357,3.062744379043579,3.0610485076904297,3.0590858459472656,3.0568971633911133,3.054478645324707,3.0518789291381836,3.0491275787353516,3.046243906021118,3.043231964111328,3.040066719055176,3.0368101596832275,3.0334854125976562,3.0300509929656982,3.026540756225586,3.0229671001434326,3.019397497177124,3.0157978534698486,3.0121490955352783,3.0085229873657227,3.004896879196167,3.0013177394866943,2.997783899307251,2.9943161010742188,2.9908816814422607,2.9874703884124756,2.9840850830078125,2.980731248855591,10.100000381469727
251,3.027982711791992,3.0250558853149414,3.0220768451690674,3.0191125869750977,3.0161876678466797,3.0132570266723633,3.0103378295898438,3.0074188709259033,3.0045182704925537,3.001629590988159,2.9987590312957764,2.995948553085327,2.9931976795196533,2.9905197620391846,2.987916946411133,2.985398054122925,2.982968330383301,2.980631113052368,2.978400230407715,2.9762985706329346,2.9743406772613525,2.9724931716918945,2.97074818611145,2.9690663814544678,2.9674441814422607,2.9658844470977783,2.9643747806549072,2.962874412536621,2.961331367492676,2.9596965312957764,2.9578962326049805,2.9559154510498047,2.9537503719329834,2.9513614177703857,2.9487931728363037,2.9460346698760986,2.9431259632110596,2.9401156902313232,2.937032461166382,2.933931350708008,2.930800199508667,2.9276046752929688,2.9243977069854736,2.92130970954895,2.918473482131958,2.915956497192383,2.91369366645813,2.9116618633270264,2.909902811050415,2.9085514545440674,2.9076805114746094,2.907304525375366,2.9074299335479736,2.90802001953125,2.909022569656372,2.910383462905884,2.912071466445923,2.9140732288360596,2.916375160217285,2.918938398361206,2.921712875366211,2.9245903491973877,2.9274661540985107,2.9302005767822266,2.932640314102173,2.9346554279327393,2.936176300048828,2.937204599380493,2.937739372253418,2.9377918243408203,2.937398910522461,2.9366159439086914,2.9354937076568604,2.9340832233428955,2.9324190616607666,2.9305553436279297,2.928504705429077,2.926302194595337,2.923964500427246,2.92151141166687,2.918935537338257,2.916257619857788,2.913487434387207,2.91060733795166,2.9076626300811768,2.904658079147339,2.9016246795654297,2.898527145385742,2.89538836479187,2.8922336101531982,2.889047861099243,2.8858554363250732,2.8826968669891357,2.879589080810547,2.876506805419922,2.8734264373779297,2.870374917984009,2.8673717975616455,2.864370346069336,2.861358404159546,10.100000381469727
252,2.9747869968414307,2.971719980239868,2.9686412811279297,2.9655561447143555,2.9624805450439453,2.9594600200653076,2.956465482711792,2.9534738063812256,2.950526475906372,2.9475886821746826,2.9447014331817627,2.941869020462036,2.9391109943389893,2.9364538192749023,2.9338912963867188,2.93144154548645,2.9291045665740967,2.9268624782562256,2.9247395992279053,2.922753095626831,2.9209163188934326,2.9192047119140625,2.9176015853881836,2.916093111038208,2.9146690368652344,2.913274049758911,2.9119157791137695,2.910576105117798,2.909222364425659,2.907780885696411,2.9062092304229736,2.9044477939605713,2.9024436473846436,2.9002084732055664,2.8977766036987305,2.8951680660247803,2.892406463623047,2.889533281326294,2.886622190475464,2.8837029933929443,2.8807268142700195,2.8776683807373047,2.8745431900024414,2.871549606323242,2.8688294887542725,2.866469383239746,2.8643991947174072,2.862583875656128,2.8610458374023438,2.859916925430298,2.859264373779297,2.8591296672821045,2.8595035076141357,2.8603765964508057,2.8617069721221924,2.863405227661133,2.865475654602051,2.867891311645508,2.870619058609009,2.873617172241211,2.876836061477661,2.880202054977417,2.883559226989746,2.88675856590271,2.8896684646606445,2.8921539783477783,2.8941192626953125,2.8955190181732178,2.8963863849639893,2.8967316150665283,2.8966197967529297,2.8961164951324463,2.8952770233154297,2.894105911254883,2.8926374912261963,2.890939712524414,2.889037847518921,2.8869845867156982,2.8847949504852295,2.882473945617676,2.8800065517425537,2.877410888671875,2.874706268310547,2.8719193935394287,2.8690426349639893,2.8661117553710938,2.8631274700164795,2.8601186275482178,2.8570873737335205,2.854011297225952,2.850923538208008,2.8478291034698486,2.8447582721710205,2.841719627380371,2.8387138843536377,2.8357722759246826,2.8328778743743896,2.8299973011016846,2.8271067142486572,2.8242199420928955,10.100000381469727
253,2.7195184230804443,2.7173588275909424,2.715193510055542,2.713035821914673,2.710876226425171,2.7087278366088867,2.706584930419922,2.7044403553009033,2.7022864818573,2.700144052505493,2.6980221271514893,2.6959476470947266,2.6939351558685303,2.691960573196411,2.6900393962860107,2.6881484985351562,2.686305046081543,2.6845414638519287,2.6828768253326416,2.6813104152679443,2.679833173751831,2.6784255504608154,2.67706561088562,2.6757423877716064,2.674449920654297,2.6731832027435303,2.6719601154327393,2.6707658767700195,2.6695613861083984,2.6682989597320557,2.6669130325317383,2.6654043197631836,2.6637747287750244,2.6620147228240967,2.660128593444824,2.658137083053589,2.6560471057891846,2.653911590576172,2.651743173599243,2.6495859622955322,2.647406816482544,2.6451780796051025,2.642902135848999,2.640679121017456,2.6386337280273438,2.6368408203125,2.6352450847625732,2.6337740421295166,2.632453680038452,2.63140606880188,2.630683660507202,2.630303144454956,2.63024640083313,2.630500555038452,2.6310436725616455,2.6318156719207764,2.6328125,2.6340224742889404,2.6354379653930664,2.63706374168396,2.638859272003174,2.6407527923583984,2.6426141262054443,2.644362688064575,2.6459004878997803,2.64717698097229,2.6481332778930664,2.648739814758301,2.649007797241211,2.6489553451538086,2.6486117839813232,2.6479859352111816,2.6471152305603027,2.646040201187134,2.6447927951812744,2.643406867980957,2.641913414001465,2.640315055847168,2.6386139392852783,2.636826753616333,2.634941816329956,2.63297438621521,2.630923271179199,2.62882137298584,2.626678466796875,2.624497652053833,2.6222941875457764,2.6200554370880127,2.6177799701690674,2.6154634952545166,2.613133668899536,2.610811948776245,2.608520269393921,2.606254816055298,2.6040031909942627,2.6017849445343018,2.5995941162109375,2.597398281097412,2.595194101333618,2.592998504638672,10.100000381469727
254,2.919085741043091,2.9164628982543945,2.913804292678833,2.911127805709839,2.9084551334381104,2.9058010578155518,2.903169631958008,2.900531768798828,2.8979110717773438,2.8953189849853516,2.892763137817383,2.890242338180542,2.887779951095581,2.8853657245635986,2.8830177783966064,2.8807411193847656,2.8785789012908936,2.8765182495117188,2.874575614929199,2.8727200031280518,2.8709793090820312,2.869319200515747,2.8677356243133545,2.8662197589874268,2.864755630493164,2.8633556365966797,2.861999750137329,2.860656976699829,2.859273910522461,2.857795476913452,2.8561851978302,2.85444712638855,2.852545738220215,2.8504533767700195,2.848175287246704,2.8457584381103516,2.843226671218872,2.8406238555908203,2.837970018386841,2.8352978229522705,2.8326122760772705,2.829875946044922,2.827115774154663,2.824465751647949,2.822031259536743,2.8198959827423096,2.817974328994751,2.8162434101104736,2.814771890640259,2.813664197921753,2.812962532043457,2.812700033187866,2.812851667404175,2.813413619995117,2.8143110275268555,2.8155031204223633,2.8169825077056885,2.8187637329101562,2.8208141326904297,2.8230903148651123,2.825556516647339,2.8281161785125732,2.8306453227996826,2.833007574081421,2.835116147994995,2.8368890285491943,2.838249444961548,2.8391473293304443,2.8395931720733643,2.8396224975585938,2.8392703533172607,2.838592767715454,2.8376407623291016,2.836432695388794,2.8350179195404053,2.8334295749664307,2.8316848278045654,2.829789876937866,2.8277785778045654,2.8256685733795166,2.8234760761260986,2.8211843967437744,2.8188259601593018,2.8164193630218506,2.813958168029785,2.811436891555786,2.808842420578003,2.806234121322632,2.8036153316497803,2.8009891510009766,2.7983386516571045,2.795715570449829,2.793135643005371,2.790555953979492,2.7880032062530518,2.7854673862457275,2.7829911708831787,2.780512809753418,2.778057098388672,2.775621175765991,10.100000381469727
255,3.1465377807617188,3.1434004306793213,3.140207529067993,3.137011766433716,3.1338233947753906,3.1306164264678955,3.1274068355560303,3.1242167949676514,3.121093988418579,3.1180057525634766,3.1148948669433594,3.1118462085723877,3.10886287689209,3.10593318939209,3.1030807495117188,3.100294828414917,3.0976288318634033,3.0950615406036377,3.092590570449829,3.0902764797210693,3.088088035583496,3.0859692096710205,3.0839626789093018,3.0820438861846924,3.080235719680786,3.078462600708008,3.076695203781128,3.0749728679656982,3.0732319355010986,3.071416139602661,3.069425582885742,3.067262649536133,3.0648934841156006,3.0622918605804443,3.0594723224639893,3.0564839839935303,3.0533411502838135,3.0500595569610596,3.0466556549072266,3.043210029602051,3.039799451828003,3.0363857746124268,3.0329971313476562,3.0296571254730225,3.026470184326172,3.023609161376953,3.021026611328125,3.018728017807007,3.0167036056518555,3.0150363445281982,3.0138661861419678,3.0131819248199463,3.012995719909668,3.013289213180542,3.013990640640259,3.015083074569702,3.016530752182007,3.018320083618164,3.0204389095306396,3.0228302478790283,3.0254299640655518,3.0281715393066406,3.0309202671051025,3.0335323810577393,3.0358574390411377,3.037750244140625,3.0391695499420166,3.0400731563568115,3.0404293537139893,3.040243148803711,3.039583444595337,3.038538694381714,3.03716778755188,3.0354745388031006,3.0335190296173096,3.031344175338745,3.0289268493652344,3.026336908340454,3.023585557937622,3.020702600479126,3.01769757270813,3.0145537853240967,3.0113322734832764,3.0080463886260986,3.004685163497925,3.0012292861938477,2.9976871013641357,2.9941155910491943,2.9905097484588623,2.986884355545044,2.9832680225372314,2.979656219482422,2.9760591983795166,2.9724528789520264,2.968902826309204,2.965399980545044,2.9619696140289307,2.9585952758789062,2.9552383422851562,2.951890707015991,10.100000381469727
256,2.7584803104400635,2.756399393081665,2.754293441772461,2.752178430557251,2.750041961669922,2.7478973865509033,2.745762825012207,2.743657350540161,2.741575002670288,2.739501714706421,2.737441062927246,2.735410690307617,2.733428716659546,2.731506586074829,2.7296504974365234,2.727856397628784,2.7261219024658203,2.724473237991333,2.7229220867156982,2.721446990966797,2.720059633255005,2.7187530994415283,2.7175066471099854,2.7163240909576416,2.715198516845703,2.714116334915161,2.7130558490753174,2.7119977474212646,2.71091365814209,2.7097549438476562,2.7084763050079346,2.707064628601074,2.705495834350586,2.7038023471832275,2.70194149017334,2.6999595165252686,2.6978635787963867,2.695685625076294,2.6934635639190674,2.691232442855835,2.688990354537964,2.6867077350616455,2.6843841075897217,2.6820926666259766,2.6799938678741455,2.678159713745117,2.6765530109405518,2.6751203536987305,2.6738741397857666,2.6729137897491455,2.672316789627075,2.672090530395508,2.672215700149536,2.6726760864257812,2.673438310623169,2.674483060836792,2.6757919788360596,2.6773617267608643,2.679164171218872,2.6811797618865967,2.6833572387695312,2.68562388420105,2.6878750324249268,2.6900036334991455,2.691906213760376,2.6935150623321533,2.6947739124298096,2.6956310272216797,2.6960792541503906,2.6961421966552734,2.6958835124969482,2.6953470706939697,2.6945419311523438,2.6935150623321533,2.692304849624634,2.690932512283325,2.689401388168335,2.687729597091675,2.6859474182128906,2.684065580368042,2.6821184158325195,2.680095911026001,2.6779956817626953,2.6758203506469727,2.673585891723633,2.671283721923828,2.6689374446868896,2.6665821075439453,2.664215326309204,2.6618356704711914,2.659440517425537,2.6570608615875244,2.654693841934204,2.6523427963256836,2.6500155925750732,2.6477129459381104,2.6454546451568604,2.6432268619537354,2.6410129070281982,2.638767957687378,10.100000381469727
257,2.831026315689087,2.8286304473876953,2.826230764389038,2.8238093852996826,2.8213627338409424,2.8189125061035156,2.816467523574829,2.8140594959259033,2.811682939529419,2.8093128204345703,2.806950330734253,2.8046228885650635,2.8023288249969482,2.8001086711883545,2.7979421615600586,2.7958385944366455,2.793821096420288,2.7919065952301025,2.7900960445404053,2.7883756160736084,2.7867109775543213,2.78511643409729,2.7836201190948486,2.7822134494781494,2.7808685302734375,2.7795512676239014,2.7782609462738037,2.7769715785980225,2.775644540786743,2.774245500564575,2.7727394104003906,2.7711048126220703,2.769291877746582,2.767305374145508,2.765165328979492,2.7628841400146484,2.760481834411621,2.758007049560547,2.7554919719696045,2.7529706954956055,2.7504351139068604,2.747897148132324,2.7453384399414062,2.7428157329559326,2.740464925765991,2.7383787631988525,2.7365314960479736,2.734877347946167,2.7334439754486084,2.732318162918091,2.7315762042999268,2.731205940246582,2.7312119007110596,2.731583595275879,2.7323005199432373,2.733323335647583,2.734624147415161,2.736189126968384,2.7380173206329346,2.7400715351104736,2.7423226833343506,2.7446506023406982,2.7469587326049805,2.7491323947906494,2.751093626022339,2.7527599334716797,2.7540109157562256,2.754818916320801,2.7551841735839844,2.7551536560058594,2.7547779083251953,2.754087209701538,2.753138542175293,2.7519588470458984,2.750575065612793,2.748992919921875,2.7472431659698486,2.745366096496582,2.7433547973632812,2.741253614425659,2.7390613555908203,2.7367894649505615,2.7344353199005127,2.7319910526275635,2.729482412338257,2.726923942565918,2.7243435382843018,2.721734046936035,2.719106912612915,2.716463327407837,2.7137956619262695,2.7111034393310547,2.7084286212921143,2.7058022022247314,2.7032077312469482,2.700640916824341,2.698105573654175,2.6956071853637695,2.6931161880493164,2.6906089782714844,10.100000381469727
258,2.883268356323242,2.8806610107421875,2.878028631210327,2.8753976821899414,2.872779130935669,2.8701446056365967,2.8675146102905273,2.86490535736084,2.862319231033325,2.859764814376831,2.857224702835083,2.854720115661621,2.8522884845733643,2.84989857673645,2.8475635051727295,2.8453071117401123,2.843151330947876,2.8410847187042236,2.8391001224517822,2.8372161388397217,2.8354244232177734,2.8337152004241943,2.832097053527832,2.8305466175079346,2.829035520553589,2.8275821208953857,2.8261525630950928,2.8247506618499756,2.8233041763305664,2.8217601776123047,2.8200857639312744,2.8182907104492188,2.81636643409729,2.81430721282959,2.8120803833007812,2.809697389602661,2.807223081588745,2.8046875,2.8021395206451416,2.799581527709961,2.7969799041748047,2.7943115234375,2.7916297912597656,2.789036512374878,2.786661386489868,2.7845306396484375,2.7826249599456787,2.780911445617676,2.7794063091278076,2.7781918048858643,2.777350664138794,2.7768948078155518,2.7768213748931885,2.777087450027466,2.777683973312378,2.778580665588379,2.779775381088257,2.781240224838257,2.782952070236206,2.7849130630493164,2.7870585918426514,2.789297103881836,2.7914979457855225,2.79357647895813,2.7954323291778564,2.7969772815704346,2.7981297969818115,2.7988767623901367,2.7992255687713623,2.799179792404175,2.7987892627716064,2.79809308052063,2.7971675395965576,2.7959978580474854,2.794623613357544,2.793081521987915,2.7914106845855713,2.7896230220794678,2.7877109050750732,2.7856967449188232,2.7835991382598877,2.781428337097168,2.7791996002197266,2.7768948078155518,2.7745120525360107,2.7720861434936523,2.7696335315704346,2.767165184020996,2.7646596431732178,2.7621335983276367,2.7596194744110107,2.7571074962615967,2.7545878887176514,2.752093553543091,2.7496516704559326,2.747267961502075,2.744903802871704,2.7425336837768555,2.740168571472168,2.7377796173095703,10.100000381469727
259,2.868999481201172,2.866647958755493,2.8642899990081787,2.8619377613067627,2.859584093093872,2.8572499752044678,2.8549296855926514,2.8526227474212646,2.850339889526367,2.848072052001953,2.845820426940918,2.8435983657836914,2.841447114944458,2.8393847942352295,2.837390184402466,2.8354625701904297,2.833622694015503,2.8319027423858643,2.8302793502807617,2.8287429809570312,2.827284574508667,2.8259365558624268,2.824655532836914,2.82344126701355,2.822256088256836,2.8211114406585693,2.8200032711029053,2.818905830383301,2.81777024269104,2.8165369033813477,2.815171241760254,2.8136672973632812,2.8120100498199463,2.8101794719696045,2.8081963062286377,2.8060646057128906,2.8038206100463867,2.8015201091766357,2.799213409423828,2.7968928813934326,2.794527053833008,2.7920753955841064,2.7895920276641846,2.787195920944214,2.7850277423858643,2.7831618785858154,2.78155255317688,2.780118942260742,2.7789008617401123,2.778020143508911,2.7775380611419678,2.777468681335449,2.7777678966522217,2.7784385681152344,2.7794511318206787,2.780782699584961,2.7824008464813232,2.784311294555664,2.7864830493927,2.788869857788086,2.79142165184021,2.7940447330474854,2.7966365814208984,2.799070358276367,2.801243782043457,2.8030853271484375,2.8045175075531006,2.805509328842163,2.806065320968628,2.80623722076416,2.8060576915740967,2.8055620193481445,2.8048055171966553,2.803814649581909,2.8026256561279297,2.8012454509735107,2.7997024059295654,2.7980306148529053,2.796250581741333,2.7943990230560303,2.7924435138702393,2.790386199951172,2.7882394790649414,2.7860183715820312,2.783766746520996,2.7814862728118896,2.7791659832000732,2.7768194675445557,2.7744476795196533,2.772075653076172,2.769688844680786,2.767293930053711,2.76493763923645,2.762622117996216,2.7603204250335693,2.758061647415161,2.7558488845825195,2.7536613941192627,2.7514545917510986,2.7492058277130127,10.100000381469727
260,2.833052635192871,2.8307933807373047,2.8285017013549805,2.8261687755584717,2.8237781524658203,2.8213846683502197,2.8190553188323975,2.816798448562622,2.814612627029419,2.8124656677246094,2.810300827026367,2.808147668838501,2.806006669998169,2.8039143085479736,2.8019542694091797,2.80013370513916,2.798447608947754,2.79687237739563,2.7953712940216064,2.7939321994781494,2.792555570602417,2.7912635803222656,2.790086507797241,2.789032220840454,2.788067579269409,2.7871665954589844,2.786271333694458,2.78533673286438,2.7843058109283447,2.7831828594207764,2.781947374343872,2.780606985092163,2.7790915966033936,2.7773807048797607,2.775481939315796,2.7733781337738037,2.771106004714966,2.768728017807007,2.7663347721099854,2.7639753818511963,2.7616240978240967,2.7592341899871826,2.7567923069000244,2.754384994506836,2.752166748046875,2.750239133834839,2.7485926151275635,2.747211456298828,2.746112108230591,2.745392084121704,2.7450666427612305,2.745142698287964,2.7456142902374268,2.7465102672576904,2.7478110790252686,2.7494630813598633,2.751432180404663,2.7537167072296143,2.7562968730926514,2.75909161567688,2.762018918991089,2.7650458812713623,2.7680485248565674,2.770914077758789,2.7735157012939453,2.7757375240325928,2.777531623840332,2.7788076400756836,2.7795791625976562,2.7798759937286377,2.7797470092773438,2.7792749404907227,2.778507947921753,2.777480363845825,2.776221990585327,2.7747366428375244,2.7730462551116943,2.7711970806121826,2.7692222595214844,2.7671477794647217,2.7649734020233154,2.7627391815185547,2.7604281902313232,2.7580039501190186,2.755455255508423,2.752840995788574,2.7501909732818604,2.747545003890991,2.7448980808258057,2.742248296737671,2.739583969116211,2.736889600753784,2.7342140674591064,2.7315585613250732,2.7289459705352783,2.726404905319214,2.723940849304199,2.7215311527252197,2.7191102504730225,2.7166426181793213,10.100000381469727
261,2.713571548461914,2.711663246154785,2.7097184658050537,2.7077372074127197,2.705775022506714,2.703834295272827,2.701911211013794,2.70001220703125,2.6981136798858643,2.6962273120880127,2.694352388381958,2.692483901977539,2.690666913986206,2.6888930797576904,2.6871893405914307,2.685563802719116,2.684011459350586,2.682523727416992,2.6811068058013916,2.679776191711426,2.678541898727417,2.677396774291992,2.6763134002685547,2.675311326980591,2.674365758895874,2.673459053039551,2.6725680828094482,2.671673536300659,2.6707656383514404,2.6698057651519775,2.6687357425689697,2.66752552986145,2.6661531925201416,2.6646087169647217,2.662886381149292,2.6610355377197266,2.6590425968170166,2.656965970993042,2.6548469066619873,2.6527435779571533,2.650655508041382,2.6485369205474854,2.646352529525757,2.644155263900757,2.642102003097534,2.6403191089630127,2.6388096809387207,2.63747501373291,2.636294364929199,2.63537335395813,2.6347849369049072,2.6345627307891846,2.6347057819366455,2.635195016860962,2.636021614074707,2.637131690979004,2.638495445251465,2.6400861740112305,2.641887903213501,2.6439146995544434,2.646132469177246,2.6484732627868652,2.65083909034729,2.6531176567077637,2.655210018157959,2.6570098400115967,2.658430337905884,2.659433603286743,2.6600375175476074,2.6602516174316406,2.66011118888855,2.6596648693084717,2.6589434146881104,2.657979726791382,2.6567797660827637,2.6553876399993896,2.6538336277008057,2.6521503925323486,2.6503632068634033,2.648473024368286,2.646484375,2.6443865299224854,2.6421823501586914,2.6399192810058594,2.637600898742676,2.6352169513702393,2.632770299911499,2.630298614501953,2.6278076171875,2.6252763271331787,2.6227169036865234,2.6201541423797607,2.6176068782806396,2.6150739192962646,2.612583875656128,2.610140562057495,2.607720136642456,2.605295181274414,2.6028711795806885,2.6004533767700195,10.199999809265137
262,3.0426571369171143,3.039581537246704,3.036471128463745,3.0333645343780518,3.030268907546997,3.0271732807159424,3.0240914821624756,3.0210554599761963,3.0180606842041016,3.0150983333587646,3.0121800899505615,3.00927734375,3.0064375400543213,3.003695487976074,3.00103759765625,2.998502492904663,2.996068000793457,2.993745803833008,2.9915637969970703,2.9894936084747314,2.9875335693359375,2.9856748580932617,2.983921766281128,2.982274293899536,2.9807002544403076,2.9791781902313232,2.9776928424835205,2.976240396499634,2.9747610092163086,2.973174810409546,2.9714372158050537,2.969506025314331,2.967349052429199,2.9649925231933594,2.9624478816986084,2.9597275257110596,2.956840753555298,2.953831672668457,2.95074200630188,2.9476375579833984,2.9445102214813232,2.941373825073242,2.9382169246673584,2.935116767883301,2.9322261810302734,2.9296703338623047,2.9274375438690186,2.925481081008911,2.923828125,2.9225761890411377,2.9217987060546875,2.9215385913848877,2.9217636585235596,2.922447443008423,2.923550605773926,2.9250199794769287,2.9268524646759033,2.929015874862671,2.931490659713745,2.93422794342041,2.937152862548828,2.9401912689208984,2.9432060718536377,2.9460456371307373,2.948580026626587,2.9507224559783936,2.952390670776367,2.953507423400879,2.9540798664093018,2.9541690349578857,2.9538354873657227,2.953105926513672,2.9520444869995117,2.95068359375,2.949068307876587,2.9472410678863525,2.945202589035034,2.943021059036255,2.9406769275665283,2.9382174015045166,2.935659408569336,2.9329707622528076,2.9301769733428955,2.927281379699707,2.9243364334106445,2.921339273452759,2.9182746410369873,2.9151432514190674,2.911973714828491,2.9087955951690674,2.9056408405303955,2.9024670124053955,2.8993070125579834,2.896165132522583,2.8930671215057373,2.890005111694336,2.8869714736938477,2.8839948177337646,2.880995750427246,2.878016233444214,10.199999809265137
263,3.0071773529052734,3.0044233798980713,3.0016133785247803,2.998814582824707,2.9960193634033203,2.993234634399414,2.9904286861419678,2.987616777420044,2.9848153591156006,2.982041597366333,2.9792797565460205,2.976572036743164,2.9739296436309814,2.9713566303253174,2.9688498973846436,2.966418504714966,2.964088201522827,2.961881637573242,2.9597856998443604,2.9577620029449463,2.955853223800659,2.9540555477142334,2.9523723125457764,2.950774908065796,2.9492275714874268,2.9477365016937256,2.9462835788726807,2.9448354244232178,2.9433491230010986,2.9417591094970703,2.940013885498047,2.938072443008423,2.9359331130981445,2.933619737625122,2.9311583042144775,2.9285476207733154,2.925793409347534,2.9229230880737305,2.919990301132202,2.9170429706573486,2.9140655994415283,2.9110400676727295,2.908020257949829,2.905125617980957,2.9024741649627686,2.900120735168457,2.898008108139038,2.8961102962493896,2.8944756984710693,2.893226385116577,2.892435073852539,2.892099380493164,2.8922011852264404,2.892728090286255,2.893648147583008,2.8949062824249268,2.896470785140991,2.898329973220825,2.900482177734375,2.9029009342193604,2.905527353286743,2.9082183837890625,2.9108569622039795,2.9133377075195312,2.9155771732330322,2.9174652099609375,2.9189319610595703,2.919922113418579,2.9204037189483643,2.9204483032226562,2.920072317123413,2.9193451404571533,2.9183146953582764,2.9169929027557373,2.9154624938964844,2.91373348236084,2.9118359088897705,2.9098079204559326,2.9076287746429443,2.905308961868286,2.9028923511505127,2.9004180431365967,2.8978536128997803,2.8951635360717773,2.892383337020874,2.889577865600586,2.8867151737213135,2.8838088512420654,2.8808631896972656,2.8779027462005615,2.8749334812164307,2.8719680309295654,2.869025230407715,2.8660695552825928,2.8631303310394287,2.86022686958313,2.8574044704437256,2.8546149730682373,2.8517935276031494,2.8489749431610107,10.199999809265137
264,2.9659159183502197,2.963366746902466,2.9608020782470703,2.9582080841064453,2.9556262493133545,2.9530723094940186,2.9505202770233154,2.948014497756958,2.945514440536499,2.9430391788482666,2.9406001567840576,2.9382216930389404,2.935901403427124,2.933661699295044,2.931497573852539,2.929431200027466,2.927462339401245,2.925596237182617,2.9238414764404297,2.9222099781036377,2.9207029342651367,2.9193105697631836,2.9180164337158203,2.9167890548706055,2.9156062602996826,2.9144890308380127,2.9134349822998047,2.912391424179077,2.9113070964813232,2.9101314544677734,2.908823251724243,2.907322645187378,2.905594825744629,2.903665542602539,2.901552438735962,2.8992557525634766,2.8967971801757812,2.8942220211029053,2.891598701477051,2.888964891433716,2.886291742324829,2.883573532104492,2.8807876110076904,2.8780786991119385,2.875608444213867,2.8734681606292725,2.8716208934783936,2.8699989318847656,2.8686416149139404,2.867687940597534,2.8671796321868896,2.8671398162841797,2.8675806522369385,2.868497848510742,2.8698513507843018,2.8715617656707764,2.873572587966919,2.8758859634399414,2.8784968852996826,2.8813724517822266,2.884450912475586,2.8876535892486572,2.890840530395508,2.89387583732605,2.896618604660034,2.8989763259887695,2.900846481323242,2.902183771133423,2.9030001163482666,2.903352975845337,2.903289556503296,2.902827501296997,2.902024984359741,2.900904893875122,2.8995161056518555,2.89791202545166,2.896122932434082,2.894174575805664,2.8921003341674805,2.889902353286743,2.8875815868377686,2.885143995285034,2.8825957775115967,2.8799564838409424,2.877208948135376,2.8744137287139893,2.8715906143188477,2.8687362670898438,2.865839958190918,2.862898588180542,2.8599483966827393,2.85699200630188,2.854038953781128,2.8511250019073486,2.8482666015625,2.8454525470733643,2.8426411151885986,2.8398406505584717,2.8370580673217773,2.834265947341919,10.199999809265137
265,2.963010787963867,2.9601733684539795,2.9573328495025635,2.9545133113861084,2.951704740524292,2.948925733566284,2.946171998977661,2.943444013595581,2.940760850906372,2.938133955001831,2.9355838298797607,2.933086633682251,2.930631637573242,2.9282608032226562,2.925999879837036,2.923856735229492,2.9218549728393555,2.9199914932250977,2.9182674884796143,2.9166858196258545,2.915240526199341,2.9139063358306885,2.912705183029175,2.9115898609161377,2.910536527633667,2.909552812576294,2.9086291790008545,2.907714605331421,2.9067611694335938,2.905679941177368,2.904420852661133,2.9029436111450195,2.9011943340301514,2.8991775512695312,2.8969345092773438,2.8944590091705322,2.8918230533599854,2.889057159423828,2.886202096939087,2.8833370208740234,2.8804237842559814,2.877485990524292,2.8745343685150146,2.8716659545898438,2.8690531253814697,2.8667895793914795,2.8648529052734375,2.8631954193115234,2.861853837966919,2.860960006713867,2.8606176376342773,2.8608243465423584,2.861598253250122,2.8629119396209717,2.864696741104126,2.8669021129608154,2.8694944381713867,2.872452735900879,2.875763177871704,2.879401445388794,2.8832991123199463,2.8873379230499268,2.89135479927063,2.8951778411865234,2.8986549377441406,2.9016494750976562,2.904062509536743,2.9058377742767334,2.9069888591766357,2.9075660705566406,2.9076244831085205,2.907202959060669,2.9063568115234375,2.905146360397339,2.903636932373047,2.9018638134002686,2.8998634815216064,2.8976516723632812,2.8952560424804688,2.892714738845825,2.8900487422943115,2.887256622314453,2.884314775466919,2.8812782764434814,2.8781492710113525,2.874953031539917,2.8716859817504883,2.868351936340332,2.864985704421997,2.8615922927856445,2.8581907749176025,2.8547801971435547,2.851400375366211,2.848064422607422,2.844752550125122,2.8415305614471436,2.838359832763672,2.835209608078003,2.8320512771606445,2.828911542892456,10.199999809265137
266,2.892359972000122,2.8895246982574463,2.8866608142852783,2.883784055709839,2.8809003829956055,2.8780343532562256,2.8751754760742188,2.8723256587982178,2.8694956302642822,2.86669921875,2.8639538288116455,2.8612568378448486,2.8586204051971436,2.8560307025909424,2.8535079956054688,2.8510501384735107,2.848667860031128,2.8463916778564453,2.8442373275756836,2.842207670211792,2.8402843475341797,2.8384616374969482,2.8367207050323486,2.8350579738616943,2.833441734313965,2.831857442855835,2.830310583114624,2.8287789821624756,2.8272361755371094,2.825643539428711,2.8239200115203857,2.8220341205596924,2.81998348236084,2.8177614212036133,2.8153984546661377,2.812885046005249,2.810239791870117,2.807523012161255,2.8047688007354736,2.8020429611206055,2.7992734909057617,2.796452760696411,2.7935972213745117,2.7908437252044678,2.788309097290039,2.786066770553589,2.7840633392333984,2.7822160720825195,2.780576705932617,2.77927565574646,2.7783749103546143,2.777886390686035,2.7778103351593018,2.7781505584716797,2.7788569927215576,2.7798538208007812,2.7811291217803955,2.782670021057129,2.784480094909668,2.7865521907806396,2.7888200283050537,2.791193723678589,2.793569803237915,2.7958431243896484,2.7979166507720947,2.7996580600738525,2.800982713699341,2.80184268951416,2.802252769470215,2.8022549152374268,2.8018887042999268,2.80118465423584,2.8002054691314697,2.7989814281463623,2.797550916671753,2.7959349155426025,2.7941577434539795,2.792210817337036,2.790147066116333,2.7879703044891357,2.785712242126465,2.7833540439605713,2.7808876037597656,2.778350830078125,2.7757530212402344,2.7731170654296875,2.7704238891601562,2.7676804065704346,2.764897584915161,2.7621066570281982,2.759302854537964,2.7564895153045654,2.753695249557495,2.750948190689087,2.748255968093872,2.745590925216675,2.7429544925689697,2.740323781967163,2.7376811504364014,2.7350289821624756,10.199999809265137
267,3.037961959838867,3.034956216812134,3.0319597721099854,3.0289363861083984,3.0258829593658447,3.0228259563446045,3.0197668075561523,3.0167362689971924,3.013745069503784,3.010767698287964,3.0078489780426025,3.004969358444214,3.002150774002075,2.999377489089966,2.9966800212860107,2.9941046237945557,2.991668939590454,2.9893405437469482,2.987109422683716,2.984970808029175,2.9829375743865967,2.9810407161712646,2.979234457015991,2.977494478225708,2.975848436355591,2.9742681980133057,2.972731828689575,2.971177339553833,2.9695780277252197,2.9678850173950195,2.9660394191741943,2.9639856815338135,2.961742401123047,2.959329605102539,2.9567148685455322,2.95390248298645,2.9509267807006836,2.9478604793548584,2.9447429180145264,2.941577196121216,2.938387155532837,2.935197591781616,2.9320247173309326,2.9289233684539795,2.9260406494140625,2.923431158065796,2.9211323261260986,2.9190967082977295,2.917351007461548,2.916002035140991,2.915114402770996,2.91471004486084,2.9147958755493164,2.9153079986572266,2.916206121444702,2.9174492359161377,2.91902756690979,2.920948028564453,2.923161745071411,2.925595998764038,2.9282243251800537,2.9309370517730713,2.9336013793945312,2.9360904693603516,2.938290596008301,2.9400994777679443,2.94144344329834,2.942253828048706,2.942575454711914,2.9424331188201904,2.9418630599975586,2.9409339427948,2.9396984577178955,2.9382104873657227,2.9364755153656006,2.934516191482544,2.9323813915252686,2.9300734996795654,2.9276440143585205,2.9250986576080322,2.922454833984375,2.9197113513946533,2.9168717861175537,2.91394305229187,2.910936117172241,2.9078617095947266,2.90476131439209,2.9016339778900146,2.898481607437134,2.8953170776367188,2.892139434814453,2.8889644145965576,2.88577938079834,2.8826396465301514,2.87957763671875,2.876558542251587,2.873573064804077,2.8705673217773438,2.867589235305786,2.8646438121795654,10.199999809265137
268,2.732133626937866,2.730208396911621,2.7282493114471436,2.726231336593628,2.724177598953247,2.7221200466156006,2.7201030254364014,2.718136787414551,2.716198682785034,2.714262008666992,2.71232533454895,2.710392951965332,2.7084877490997314,2.706634521484375,2.704859972000122,2.7031915187835693,2.701624631881714,2.700115919113159,2.698667287826538,2.697277784347534,2.6959526538848877,2.6947202682495117,2.6935646533966064,2.6924984455108643,2.6914775371551514,2.690483331680298,2.6894843578338623,2.6884634494781494,2.687396287918091,2.6862728595733643,2.685060739517212,2.683734178543091,2.6822547912597656,2.6806442737579346,2.678895950317383,2.6770145893096924,2.675029993057251,2.6729743480682373,2.6709182262420654,2.668896436691284,2.666834831237793,2.664686918258667,2.662473678588867,2.6603047847747803,2.6583611965179443,2.656695604324341,2.6552770137786865,2.654015302658081,2.652920961380005,2.652099847793579,2.651634454727173,2.6515214443206787,2.6517298221588135,2.652264356613159,2.6531200408935547,2.6542623043060303,2.655649185180664,2.657268762588501,2.659087896347046,2.6610918045043945,2.6632373332977295,2.6654744148254395,2.6676876544952393,2.6697614192962646,2.671619415283203,2.673198699951172,2.6744253635406494,2.675246477127075,2.675677537918091,2.675776720046997,2.6755902767181396,2.6751537322998047,2.674480676651001,2.6735918521881104,2.6725103855133057,2.671250343322754,2.669865846633911,2.6683921813964844,2.666828155517578,2.6651926040649414,2.6634769439697266,2.661703586578369,2.6598312854766846,2.657869338989258,2.6558516025543213,2.653803825378418,2.651747703552246,2.649696111679077,2.6476383209228516,2.6455509662628174,2.6434195041656494,2.641301393508911,2.6392295360565186,2.637178659439087,2.6351592540740967,2.6331589221954346,2.631206512451172,2.6292543411254883,2.627286195755005,2.625284433364868,10.199999809265137
269,2.8534634113311768,2.8508870601654053,2.8483011722564697,2.8457138538360596,2.8431103229522705,2.8405487537384033,2.8380212783813477,2.83551287651062,2.8330237865448,2.8305509090423584,2.828083038330078,2.8256702423095703,2.8232975006103516,2.821014642715454,2.8188209533691406,2.81670880317688,2.8146798610687256,2.8127458095550537,2.810898542404175,2.8091659545898438,2.807528257369995,2.805997848510742,2.8045594692230225,2.803185224533081,2.8018627166748047,2.8005664348602295,2.7993037700653076,2.7980754375457764,2.7968180179595947,2.795480728149414,2.794004440307617,2.7923710346221924,2.79058837890625,2.7886364459991455,2.786526918411255,2.7842540740966797,2.7818706035614014,2.779417037963867,2.776916742324829,2.7743985652923584,2.771868944168091,2.7693212032318115,2.7667465209960938,2.7642128467559814,2.7618911266326904,2.759871482849121,2.7581112384796143,2.7565371990203857,2.755185127258301,2.754171371459961,2.753553628921509,2.753350257873535,2.753545045852661,2.754145860671997,2.7550907135009766,2.7563350200653076,2.7578792572021484,2.759702682495117,2.7618114948272705,2.7641570568084717,2.76667857170105,2.7692883014678955,2.771864652633667,2.7742879390716553,2.7764732837677,2.7783234119415283,2.7797558307647705,2.7807323932647705,2.7812602519989014,2.7813918590545654,2.7811434268951416,2.780548095703125,2.779644727706909,2.7784852981567383,2.7771129608154297,2.7755661010742188,2.773883104324341,2.772052764892578,2.770085096359253,2.7679951190948486,2.7658145427703857,2.763543128967285,2.761198043823242,2.758784055709839,2.7563111782073975,2.75378155708313,2.7512054443359375,2.7486021518707275,2.7459726333618164,2.7433388233184814,2.7407009601593018,2.7380800247192383,2.7354965209960938,2.732940673828125,2.7304141521453857,2.7279281616210938,2.7254953384399414,2.723078727722168,2.720674514770508,2.7182769775390625,10.199999809265137
270,3.0095889568328857,3.0065367221832275,3.0034408569335938,3.0003325939178467,2.997215986251831,2.994096517562866,2.9909799098968506,2.9879348278045654,2.984935998916626,2.9819681644439697,2.9789934158325195,2.9760239124298096,2.973111152648926,2.9702978134155273,2.967576265335083,2.964933395385742,2.962392807006836,2.959988832473755,2.9576923847198486,2.955486297607422,2.9533960819244385,2.951432943344116,2.9495856761932373,2.947798728942871,2.946080446243286,2.9444591999053955,2.942896604537964,2.941319704055786,2.939695358276367,2.938004493713379,2.936199426651001,2.934216260910034,2.93200421333313,2.9295599460601807,2.9269142150878906,2.92407488822937,2.9210662841796875,2.917942762374878,2.914752960205078,2.9115636348724365,2.9083712100982666,2.9051570892333984,2.9019174575805664,2.8987512588500977,2.895775556564331,2.8930957317352295,2.890714645385742,2.8885858058929443,2.8867170810699463,2.885239839553833,2.8842036724090576,2.883666753768921,2.8835813999176025,2.883960008621216,2.8847904205322266,2.885979652404785,2.8875255584716797,2.889423131942749,2.8916451930999756,2.8941667079925537,2.8969008922576904,2.8998019695281982,2.9027297496795654,2.90552020072937,2.908025026321411,2.9101336002349854,2.91176700592041,2.9128494262695312,2.913388967514038,2.9134299755096436,2.9130184650421143,2.9122297763824463,2.9110822677612305,2.9096286296844482,2.907874345779419,2.905858278274536,2.9036407470703125,2.901238203048706,2.898695707321167,2.8960342407226562,2.89326548576355,2.890399932861328,2.88740611076355,2.88429856300354,2.8810930252075195,2.87780499458313,2.874485731124878,2.8711233139038086,2.867729902267456,2.864299774169922,2.86083722114563,2.857386350631714,2.853954553604126,2.850581169128418,2.8472373485565186,2.8439252376556396,2.84065318107605,2.8374063968658447,2.8341691493988037,2.8309271335601807,10.270000457763672
271,2.7121822834014893,2.710007429122925,2.7078053951263428,2.705577850341797,2.7033588886260986,2.701131820678711,2.69891095161438,2.6967155933380127,2.6945512294769287,2.6923954486846924,2.6902687549591064,2.688156843185425,2.6860930919647217,2.6840896606445312,2.6821415424346924,2.6802546977996826,2.678438425064087,2.6766884326934814,2.675037384033203,2.6734602451324463,2.6719772815704346,2.6705901622772217,2.669281244277954,2.6680171489715576,2.6667792797088623,2.6655843257904053,2.664440155029297,2.6633036136627197,2.6621615886688232,2.6609771251678467,2.6596875190734863,2.658252000808716,2.656653642654419,2.6549153327941895,2.6530377864837646,2.6510446071624756,2.6489429473876953,2.6467607021331787,2.6445376873016357,2.642301321029663,2.6400885581970215,2.6378743648529053,2.6356048583984375,2.633312940597534,2.6311545372009277,2.629255533218384,2.627614736557007,2.6261463165283203,2.624833822250366,2.6237943172454834,2.6230902671813965,2.6227428913116455,2.622743606567383,2.6230828762054443,2.623731851577759,2.624638319015503,2.6257851123809814,2.6271610260009766,2.6287596225738525,2.630570411682129,2.6325490474700928,2.634641408920288,2.636744737625122,2.6387526988983154,2.640559673309326,2.642085313796997,2.643261671066284,2.64404034614563,2.6444215774536133,2.6444456577301025,2.6441667079925537,2.6436140537261963,2.6427977085113525,2.6417391300201416,2.640488862991333,2.6390628814697266,2.6374828815460205,2.635774850845337,2.633955955505371,2.6320621967315674,2.630072593688965,2.6280081272125244,2.625847578048706,2.623612403869629,2.6213159561157227,2.61898136138916,2.6166093349456787,2.614194631576538,2.6117467880249023,2.6092703342437744,2.6067867279052734,2.6042940616607666,2.601818799972534,2.5993597507476807,2.5969440937042236,2.5945558547973633,2.5921823978424072,2.5898196697235107,2.587437391281128,2.5850677490234375,10.300000190734863
272,2.8156239986419678,2.8131637573242188,2.8106839656829834,2.808173894882202,2.805675506591797,2.803187370300293,2.80071759223938,2.798292398452759,2.795896530151367,2.7935287952423096,2.7911815643310547,2.7888576984405518,2.786614418029785,2.7844181060791016,2.782280683517456,2.780223846435547,2.778261184692383,2.77642822265625,2.774700164794922,2.7730712890625,2.7715377807617188,2.7700979709625244,2.7687575817108154,2.767476797103882,2.766249656677246,2.7650668621063232,2.763917922973633,2.762784242630005,2.76162052154541,2.76037335395813,2.7590255737304688,2.7574949264526367,2.7557876110076904,2.7538979053497314,2.7518510818481445,2.7496554851531982,2.747323751449585,2.744900703430176,2.7424325942993164,2.739956855773926,2.7374746799468994,2.73496150970459,2.732417345046997,2.729912519454956,2.7276058197021484,2.7255916595458984,2.7238521575927734,2.7223188877105713,2.7209980487823486,2.7200124263763428,2.719433546066284,2.7193050384521484,2.7195892333984375,2.720271348953247,2.721308708190918,2.7226600646972656,2.724294424057007,2.7262086868286133,2.7283694744110107,2.7307703495025635,2.7333719730377197,2.7360737323760986,2.738753080368042,2.741299867630005,2.7435882091522217,2.7455313205718994,2.7470510005950928,2.748105049133301,2.7487199306488037,2.748891592025757,2.748680830001831,2.748122215270996,2.7472712993621826,2.746155023574829,2.744807004928589,2.7432701587677,2.7415733337402344,2.739715337753296,2.7377145290374756,2.7356185913085938,2.733426809310913,2.7311315536499023,2.7287397384643555,2.726257562637329,2.7237167358398438,2.721130609512329,2.7184860706329346,2.715810775756836,2.713099241256714,2.710380792617798,2.707662582397461,2.7049381732940674,2.702216386795044,2.6994855403900146,2.69679856300354,2.6941661834716797,2.691577196121216,2.6890039443969727,2.6864402294158936,2.683871269226074,10.300000190734863
273,2.8192360401153564,2.8166587352752686,2.8140642642974854,2.8114802837371826,2.808896780014038,2.8062961101531982,2.8037006855010986,2.8011138439178467,2.7985470294952393,2.796032190322876,2.7935283184051514,2.7910659313201904,2.788642168045044,2.7862656116485596,2.7839672565460205,2.7817459106445312,2.7796099185943604,2.77754282951355,2.775541067123413,2.7736549377441406,2.7718687057495117,2.770188570022583,2.768580675125122,2.7670443058013916,2.7655632495880127,2.7641103267669678,2.7626724243164062,2.7612483501434326,2.759812593460083,2.758319139480591,2.756720781326294,2.754967451095581,2.753063917160034,2.7510159015655518,2.748830795288086,2.746516466140747,2.744077444076538,2.741560697555542,2.739018201828003,2.7364680767059326,2.733901262283325,2.731282949447632,2.728626012802124,2.7260448932647705,2.723677635192871,2.721580743789673,2.719707727432251,2.717999219894409,2.716475248336792,2.715270757675171,2.7144505977630615,2.7140095233917236,2.7139265537261963,2.714198112487793,2.7148191928863525,2.7157413959503174,2.7169129848480225,2.7183263301849365,2.7199888229370117,2.7218894958496094,2.7239789962768555,2.7261412143707275,2.7282731533050537,2.730276107788086,2.7320919036865234,2.7336254119873047,2.734783887863159,2.7355329990386963,2.7358779907226562,2.7358293533325195,2.7354238033294678,2.7347214221954346,2.7337770462036133,2.732586145401001,2.7311935424804688,2.7296340465545654,2.727954864501953,2.7261483669281006,2.7242002487182617,2.7221527099609375,2.7200205326080322,2.7177982330322266,2.71549391746521,2.7131245136260986,2.710705041885376,2.7082369327545166,2.705718994140625,2.7031867504119873,2.7006168365478516,2.698016881942749,2.695405960083008,2.6928024291992188,2.6902167797088623,2.6876442432403564,2.6851003170013428,2.6825978755950928,2.680126905441284,2.677668809890747,2.6752119064331055,2.672734022140503,10.300000190734863
274,2.8286819458007812,2.826139450073242,2.823592185974121,2.8210341930389404,2.8184831142425537,2.8159453868865967,2.8134052753448486,2.8108978271484375,2.808401107788086,2.805925130844116,2.803452253341675,2.8010149002075195,2.798625946044922,2.7963027954101562,2.794059991836548,2.7918777465820312,2.7897822856903076,2.787780523300171,2.7858619689941406,2.784025192260742,2.7822654247283936,2.7806003093719482,2.7790355682373047,2.7775516510009766,2.776113510131836,2.7747161388397217,2.7733335494995117,2.771960496902466,2.770557403564453,2.769099235534668,2.7675487995147705,2.7658767700195312,2.7640457153320312,2.762049913406372,2.7598812580108643,2.7575721740722656,2.755145311355591,2.7526609897613525,2.7501556873321533,2.7476940155029297,2.745229721069336,2.7427148818969727,2.7401254177093506,2.7375600337982178,2.735175132751465,2.7330844402313232,2.7312533855438232,2.7296173572540283,2.7281627655029297,2.7270052433013916,2.7261972427368164,2.7257461547851562,2.725661516189575,2.7259368896484375,2.7265512943267822,2.727457284927368,2.728639602661133,2.7300922870635986,2.7317583560943604,2.7336041927337646,2.735638380050659,2.737776517868042,2.739929437637329,2.7419416904449463,2.7437283992767334,2.7452402114868164,2.746368169784546,2.74706768989563,2.7473466396331787,2.7472546100616455,2.746854782104492,2.7461795806884766,2.745253324508667,2.7441017627716064,2.7427330017089844,2.741189956665039,2.7394821643829346,2.7376468181610107,2.735722303390503,2.733738899230957,2.731691598892212,2.7295467853546143,2.7273075580596924,2.724985122680664,2.722590684890747,2.720125198364258,2.7176249027252197,2.7151172161102295,2.7126009464263916,2.710066080093384,2.70751690864563,2.7049686908721924,2.7024214267730713,2.6998727321624756,2.697370767593384,2.694934129714966,2.6925275325775146,2.690122365951538,2.687697172164917,2.685277223587036,10.300000190734863
275,2.803514242172241,2.8011720180511475,2.798784017562866,2.7963790893554688,2.793975830078125,2.7915761470794678,2.7891809940338135,2.786790132522583,2.7844226360321045,2.782078742980957,2.779733419418335,2.777409553527832,2.7751266956329346,2.772902250289917,2.7707464694976807,2.7686469554901123,2.766634702682495,2.76470947265625,2.76285457611084,2.7610929012298584,2.7594072818756104,2.757794141769409,2.756268262863159,2.7548129558563232,2.7533962726593018,2.752012014389038,2.750638961791992,2.749284505844116,2.7479209899902344,2.746485471725464,2.7449333667755127,2.743271589279175,2.7414638996124268,2.739518404006958,2.737442970275879,2.7352514266967773,2.7329814434051514,2.730649948120117,2.7282888889312744,2.7259538173675537,2.7235844135284424,2.7211434841156006,2.718656539916992,2.716231107711792,2.7140302658081055,2.71209454536438,2.7103793621063232,2.7088191509246826,2.7074429988861084,2.7063376903533936,2.705568313598633,2.705148458480835,2.705077886581421,2.705341100692749,2.7059013843536377,2.7067291736602783,2.707807779312134,2.709118127822876,2.7106454372406006,2.712362289428711,2.7142293453216553,2.7161877155303955,2.7181313037872314,2.7199716567993164,2.72160267829895,2.72296142578125,2.7239973545074463,2.724665880203247,2.724965810775757,2.72491192817688,2.724561929702759,2.7239625453948975,2.7231342792510986,2.7220985889434814,2.7208783626556396,2.719515562057495,2.718022346496582,2.7164154052734375,2.714729070663452,2.7129580974578857,2.7111082077026367,2.7091829776763916,2.707180976867676,2.7051217555999756,2.7029993534088135,2.700845718383789,2.6986711025238037,2.6964921951293945,2.694275140762329,2.692033052444458,2.689763069152832,2.6875083446502686,2.68527889251709,2.683077096939087,2.680921792984009,2.6787891387939453,2.6766746044158936,2.67458176612854,2.672487258911133,2.670377016067505,10.300000190734863
276,2.817535161972046,2.8154690265655518,2.8133955001831055,2.811290979385376,2.8091955184936523,2.807091474533081,2.8050146102905273,2.8029544353485107,2.800895929336548,2.79885196685791,2.796811819076538,2.7947957515716553,2.792823076248169,2.7909138202667236,2.7890546321868896,2.7872724533081055,2.7855913639068604,2.783996820449829,2.7824761867523193,2.781026840209961,2.779672622680664,2.7784149646759033,2.777204751968384,2.7760515213012695,2.7749440670013428,2.773874521255493,2.7728271484375,2.7717723846435547,2.7706758975982666,2.76949405670166,2.7681968212127686,2.766780138015747,2.7652034759521484,2.763465166091919,2.7615699768066406,2.759540319442749,2.7574093341827393,2.7552216053009033,2.753023862838745,2.750838041305542,2.748636245727539,2.7463862895965576,2.7440595626831055,2.7417733669281006,2.7396934032440186,2.7379252910614014,2.736421823501587,2.735065221786499,2.733912467956543,2.733057737350464,2.7325570583343506,2.732403516769409,2.7325994968414307,2.733154296875,2.7340409755706787,2.735184907913208,2.7365705966949463,2.738201856613159,2.740062713623047,2.742131233215332,2.744339942932129,2.7466306686401367,2.748877763748169,2.7509899139404297,2.7528889179229736,2.75447940826416,2.7556896209716797,2.7564878463745117,2.7568910121917725,2.7569427490234375,2.7566795349121094,2.7561562061309814,2.755397081375122,2.75443434715271,2.753270387649536,2.7519302368164062,2.7504594326019287,2.748891592025757,2.7472331523895264,2.7454874515533447,2.7436752319335938,2.741785764694214,2.7398061752319336,2.7377350330352783,2.7356059551239014,2.733443021774292,2.731252670288086,2.7290666103363037,2.7268600463867188,2.724628448486328,2.7223470211029053,2.720088243484497,2.7178795337677,2.715688705444336,2.713534116744995,2.7114219665527344,2.7093570232391357,2.7072722911834717,2.7051658630371094,2.7030467987060547,10.300000190734863
277,2.916043519973755,2.9134833812713623,2.9109230041503906,2.908367395401001,2.9057998657226562,2.903153657913208,2.9004878997802734,2.897843599319458,2.895235300064087,2.892669439315796,2.8901326656341553,2.8876380920410156,2.885181427001953,2.88275408744812,2.8803634643554688,2.8780429363250732,2.875825881958008,2.8737480640411377,2.8718082904815674,2.869957685470581,2.8681647777557373,2.8664398193359375,2.864800453186035,2.8632564544677734,2.861768960952759,2.8603477478027344,2.858985185623169,2.8576440811157227,2.85625958442688,2.8547744750976562,2.8531360626220703,2.851334571838379,2.8493759632110596,2.8472986221313477,2.845109224319458,2.842783212661743,2.840315818786621,2.83776593208313,2.8351619243621826,2.83255672454834,2.8299484252929688,2.827285051345825,2.824570894241333,2.8219289779663086,2.81952166557312,2.8174333572387695,2.815593719482422,2.8138930797576904,2.8123741149902344,2.8111839294433594,2.810420036315918,2.810098648071289,2.8101844787597656,2.8106534481048584,2.811441421508789,2.8124945163726807,2.813831090927124,2.815464735031128,2.8173797130584717,2.8195431232452393,2.8219196796417236,2.824413299560547,2.8268978595733643,2.8292152881622314,2.8312978744506836,2.8330819606781006,2.834515333175659,2.835512161254883,2.8360917568206787,2.8362486362457275,2.8360278606414795,2.8354485034942627,2.834594964981079,2.833519220352173,2.83223819732666,2.8307905197143555,2.8291943073272705,2.827479362487793,2.825636625289917,2.8236687183380127,2.8216092586517334,2.8194503784179688,2.8172147274017334,2.8149054050445557,2.8125293254852295,2.81010365486145,2.8076374530792236,2.8051395416259766,2.8026199340820312,2.800079584121704,2.797530174255371,2.7949883937835693,2.792462110519409,2.789963722229004,2.7874596118927,2.7849886417388916,2.7825496196746826,2.780139923095703,2.777761220932007,2.77536940574646,10.359999656677246
278,2.8964529037475586,2.8935811519622803,2.8906748294830322,2.8877413272857666,2.8848235607147217,2.8819634914398193,2.879187822341919,2.876448392868042,2.8736984729766846,2.8709468841552734,2.8682069778442383,2.8655242919921875,2.8629190921783447,2.860407590866089,2.8580121994018555,2.8557069301605225,2.8534810543060303,2.8513479232788086,2.8493099212646484,2.847399950027466,2.845618963241577,2.843977212905884,2.8424510955810547,2.840961217880249,2.8394927978515625,2.838047742843628,2.8366546630859375,2.8353283405303955,2.83400559425354,2.8326196670532227,2.831097364425659,2.8293848037719727,2.827467203140259,2.8253564834594727,2.823068618774414,2.8206539154052734,2.8181393146514893,2.8155715465545654,2.812962293624878,2.8103227615356445,2.8076324462890625,2.8048458099365234,2.8019816875457764,2.7992255687713623,2.7967395782470703,2.7946226596832275,2.7927799224853516,2.7910988330841064,2.789607048034668,2.7884323596954346,2.787686347961426,2.7874202728271484,2.787606954574585,2.7882239818573,2.789196729660034,2.7904961109161377,2.7920773029327393,2.7939224243164062,2.7960450649261475,2.7984180450439453,2.8010387420654297,2.803799629211426,2.80655574798584,2.80914306640625,2.811415910720825,2.81331467628479,2.8148040771484375,2.815863609313965,2.816495180130005,2.816732406616211,2.8165647983551025,2.816035509109497,2.8151769638061523,2.814039468765259,2.812645673751831,2.811060667037964,2.8093605041503906,2.8075578212738037,2.805626153945923,2.8035526275634766,2.801342725753784,2.79902720451355,2.796612024307251,2.794123888015747,2.791607141494751,2.7890684604644775,2.7865240573883057,2.7838993072509766,2.7812013626098633,2.778456926345825,2.775721311569214,2.773052453994751,2.770434617996216,2.7678534984588623,2.7652673721313477,2.7627079486846924,2.7601451873779297,2.757577657699585,2.7550432682037354,2.7525596618652344,10.399999618530273
279,2.8129656314849854,2.8106086254119873,2.8082234859466553,2.805821418762207,2.8034183979034424,2.801025152206421,2.798650026321411,2.796309232711792,2.793994188308716,2.7917089462280273,2.789422035217285,2.7871758937835693,2.784968614578247,2.782829999923706,2.780768632888794,2.7787840366363525,2.7768914699554443,2.7750985622406006,2.773383378982544,2.7717714309692383,2.7702529430389404,2.7688331604003906,2.7675087451934814,2.7662408351898193,2.7650468349456787,2.763904333114624,2.7627837657928467,2.761671304702759,2.7605173587799072,2.7593066692352295,2.7579967975616455,2.7565300464630127,2.754884958267212,2.7530510425567627,2.7510557174682617,2.748893976211548,2.7465991973876953,2.7441978454589844,2.7417590618133545,2.739328384399414,2.736891508102417,2.73442006111145,2.731898307800293,2.729414939880371,2.727105140686035,2.725069046020508,2.723299741744995,2.7217319011688232,2.7203867435455322,2.7193567752838135,2.7187306880950928,2.718505859375,2.718684196472168,2.7192680835723877,2.7201995849609375,2.7214488983154297,2.722975015640259,2.72476863861084,2.7268340587615967,2.729130744934082,2.7316267490386963,2.7342169284820557,2.7368123531341553,2.739295721054077,2.7415683269500732,2.743511199951172,2.745041608810425,2.7461166381835938,2.7467215061187744,2.7469093799591064,2.746725082397461,2.7462053298950195,2.7453906536102295,2.744319200515747,2.7430145740509033,2.7415199279785156,2.739840269088745,2.738022565841675,2.7360713481903076,2.734022855758667,2.7318782806396484,2.7296457290649414,2.727309226989746,2.7248828411102295,2.7223854064941406,2.7198073863983154,2.71716570854187,2.7144839763641357,2.7117693424224854,2.7090256214141846,2.706266403198242,2.703509569168091,2.700770139694214,2.6980249881744385,2.6953113079071045,2.6926372051239014,2.6899986267089844,2.687387228012085,2.6847732067108154,2.6821463108062744,10.399999618530273
280,2.915889024734497,2.913341522216797,2.9107449054718018,2.90812611579895,2.905482053756714,2.902838706970215,2.9002113342285156,2.897630453109741,2.8950557708740234,2.892505407333374,2.889953374862671,2.8874244689941406,2.8849411010742188,2.8825066089630127,2.880141019821167,2.8778774738311768,2.875701665878296,2.8736274242401123,2.8716366291046143,2.8697280883789062,2.8679046630859375,2.8661844730377197,2.8645455837249756,2.8629817962646484,2.861459493637085,2.8599836826324463,2.858538866043091,2.8571109771728516,2.8556149005889893,2.854046106338501,2.8523647785186768,2.850555419921875,2.8485920429229736,2.846433401107788,2.8441200256347656,2.841651201248169,2.8390567302703857,2.836374282836914,2.833660840988159,2.830963134765625,2.8282411098480225,2.8254451751708984,2.8226089477539062,2.819847345352173,2.817303419113159,2.815021514892578,2.8129794597625732,2.8111486434936523,2.809577703475952,2.80835223197937,2.8075153827667236,2.807072877883911,2.807002305984497,2.807291269302368,2.8079090118408203,2.808842897415161,2.8100879192352295,2.811629056930542,2.813432455062866,2.8154313564300537,2.817596435546875,2.81982684135437,2.8220412731170654,2.8241493701934814,2.8260304927825928,2.827608346939087,2.828777551651001,2.829521417617798,2.8298356533050537,2.829716444015503,2.829239845275879,2.8284623622894287,2.8274285793304443,2.82617449760437,2.8247320652008057,2.823122978210449,2.821364402770996,2.819429636001587,2.817371368408203,2.815234899520874,2.813053846359253,2.8108174800872803,2.8084747791290283,2.806051015853882,2.8035402297973633,2.800938844680786,2.798286199569702,2.7956345081329346,2.792980194091797,2.7903106212615967,2.7876369953155518,2.7849719524383545,2.782302141189575,2.7796475887298584,2.777017831802368,2.7744014263153076,2.771821975708008,2.7692739963531494,2.7667665481567383,2.7642171382904053,10.399999618530273
281,3.133495569229126,3.1303939819335938,3.1272857189178467,3.1241607666015625,3.121021270751953,3.1178836822509766,3.1147801876068115,3.1116626262664795,3.10856556892395,3.1054677963256836,3.102384567260742,3.0993783473968506,3.0964534282684326,3.0935914516448975,3.0908114910125732,3.0880565643310547,3.0854132175445557,3.082862138748169,3.0804355144500732,3.0781304836273193,3.0759639739990234,3.0738685131073,3.0718605518341064,3.0699310302734375,3.0680630207061768,3.0662641525268555,3.0645382404327393,3.062824249267578,3.061089277267456,3.0592496395111084,3.0572755336761475,3.055158853530884,3.052858591079712,3.0503408908843994,3.0476465225219727,3.0447657108306885,3.0417556762695312,3.0386598110198975,3.035510301589966,3.032327651977539,3.029092788696289,3.0258350372314453,3.0225515365600586,3.01940655708313,3.016467332839966,3.0138330459594727,3.0114777088165283,3.009338617324829,3.0074641704559326,3.0059967041015625,3.004972457885742,3.0044047832489014,3.0042800903320312,3.004621744155884,3.005430221557617,3.0065739154815674,3.008013963699341,3.009758949279785,3.01179575920105,3.0140981674194336,3.016611337661743,3.0192372798919678,3.0218722820281982,3.0243728160858154,3.0266056060791016,3.0284461975097656,3.029804229736328,3.0306739807128906,3.031048536300659,3.0309693813323975,3.0304858684539795,3.029637098312378,3.0284745693206787,3.027027130126953,3.0253283977508545,3.0234158039093018,3.021310567855835,3.019047498703003,3.0166757106781006,3.0141732692718506,3.011589765548706,3.0089006423950195,3.006101369857788,3.003199577331543,3.000230073928833,2.9972217082977295,2.9941768646240234,2.991072654724121,2.987933397293091,2.9847898483276367,2.981645345687866,2.9784772396087646,2.9753024578094482,2.972153663635254,2.9690635204315186,2.966031074523926,2.9630420207977295,2.960050582885742,2.957054853439331,2.9540798664093018,10.399999618530273
282,2.763540267944336,2.761216163635254,2.758880615234375,2.75653076171875,2.754182815551758,2.7518444061279297,2.7495288848876953,2.7472293376922607,2.744938850402832,2.742638349533081,2.740353584289551,2.7380895614624023,2.7358973026275635,2.7337646484375,2.731686592102051,2.729649543762207,2.7276782989501953,2.7257964611053467,2.7240207195281982,2.7223074436187744,2.720690965652466,2.719156265258789,2.717679262161255,2.7162606716156006,2.714881181716919,2.713531255722046,2.7122087478637695,2.710911750793457,2.7096147537231445,2.7082607746124268,2.7067906856536865,2.7051477432250977,2.7033698558807373,2.7014589309692383,2.699453592300415,2.697342872619629,2.695129156112671,2.6928470134735107,2.690533399581909,2.688204526901245,2.6858561038970947,2.683474540710449,2.681077241897583,2.6787407398223877,2.67659068107605,2.674682378768921,2.6730010509490967,2.6714627742767334,2.670092821121216,2.6689794063568115,2.668198823928833,2.66776442527771,2.667681932449341,2.667926549911499,2.668471336364746,2.6692655086517334,2.6703195571899414,2.671619176864624,2.6731491088867188,2.674893379211426,2.6768224239349365,2.6788413524627686,2.6808254718780518,2.6826717853546143,2.6843268871307373,2.685713529586792,2.686750650405884,2.687410593032837,2.6877079010009766,2.6876659393310547,2.687305450439453,2.6866471767425537,2.685744524002075,2.684633255004883,2.683356523513794,2.6819324493408203,2.6803767681121826,2.6786906719207764,2.676884412765503,2.674976110458374,2.6730031967163086,2.6709582805633545,2.6688473224639893,2.6666946411132812,2.6644794940948486,2.6622090339660645,2.6599009037017822,2.65757155418396,2.6552345752716064,2.6528751850128174,2.650514841079712,2.6481783390045166,2.6458418369293213,2.6435201168060303,2.6412038803100586,2.6389403343200684,2.636707305908203,2.634504556655884,2.6323139667510986,2.630098581314087,10.399999618530273
283,2.7169578075408936,2.71513295173645,2.713273048400879,2.7114107608795166,2.7095401287078857,2.707684278488159,2.7058541774749756,2.7040326595306396,2.7022151947021484,2.700394630432129,2.6985981464385986,2.696828842163086,2.6950931549072266,2.693401575088501,2.6917877197265625,2.6902599334716797,2.6888134479522705,2.687429428100586,2.6861162185668945,2.684891939163208,2.6837432384490967,2.682663917541504,2.6816513538360596,2.6806907653808594,2.679762840270996,2.6788723468780518,2.678004026412964,2.677124261856079,2.6762030124664307,2.6752102375030518,2.674124002456665,2.6728904247283936,2.6714963912963867,2.66996169090271,2.6683101654052734,2.6665539741516113,2.664684534072876,2.66275691986084,2.660823106765747,2.6588850021362305,2.6568973064422607,2.6548261642456055,2.6526927947998047,2.6506268978118896,2.6487863063812256,2.647235631942749,2.6459152698516846,2.644732713699341,2.6437036991119385,2.6429507732391357,2.6425673961639404,2.642552375793457,2.64288330078125,2.6435348987579346,2.6444790363311768,2.645684003829956,2.6471118927001953,2.6487693786621094,2.650641679763794,2.65271258354187,2.6549346446990967,2.657221555709839,2.659471273422241,2.6615827083587646,2.66345477104187,2.665041923522949,2.666287422180176,2.6671478748321533,2.6676323413848877,2.6677627563476562,2.6675937175750732,2.667149782180786,2.6664717197418213,2.665605068206787,2.6645586490631104,2.6633427143096924,2.662005662918091,2.6605656147003174,2.659039258956909,2.6574208736419678,2.6557295322418213,2.6539804935455322,2.652151346206665,2.6502373218536377,2.64825177192688,2.646249771118164,2.6442372798919678,2.6422042846679688,2.6401431560516357,2.6380558013916016,2.6359751224517822,2.633903741836548,2.631847620010376,2.6298038959503174,2.627795457839966,2.625844717025757,2.62392258644104,2.6219940185546875,2.620037078857422,2.6180648803710938,10.399999618530273
284,3.037433385848999,3.0344104766845703,3.0313689708709717,3.0283515453338623,3.0253822803497314,3.0224573612213135,3.0195693969726562,3.0166943073272705,3.013849973678589,3.0110418796539307,3.008286237716675,3.005594491958618,3.003011465072632,3.000576972961426,2.9982354640960693,2.995962381362915,2.9938175678253174,2.9917666912078857,2.989888906478882,2.988168954849243,2.986586570739746,2.9851810932159424,2.9839107990264893,2.982715606689453,2.9815921783447266,2.980483293533325,2.9794254302978516,2.978409767150879,2.9773919582366943,2.976299524307251,2.9750499725341797,2.9735584259033203,2.9718017578125,2.9697630405426025,2.9674904346466064,2.9650280475616455,2.9623889923095703,2.959604024887085,2.9567325115203857,2.953814744949341,2.9508559703826904,2.9478418827056885,2.9448134899139404,2.9419076442718506,2.9392471313476562,2.9369325637817383,2.934922456741333,2.933181047439575,2.9317562580108643,2.9307591915130615,2.9302995204925537,2.9304072856903076,2.93109130859375,2.9323408603668213,2.9340856075286865,2.9362242221832275,2.9387423992156982,2.9416208267211914,2.9448490142822266,2.9483890533447266,2.9522244930267334,2.9562671184539795,2.9603137969970703,2.9641780853271484,2.9676990509033203,2.970776319503784,2.9732959270477295,2.975201368331909,2.9765005111694336,2.9772140979766846,2.977386236190796,2.9770796298980713,2.97635817527771,2.975304365158081,2.9739246368408203,2.972275972366333,2.97040057182312,2.968337059020996,2.9660589694976807,2.9635937213897705,2.961010694503784,2.9583041667938232,2.9555044174194336,2.952575445175171,2.949563980102539,2.946458101272583,2.94325852394104,2.939999580383301,2.9366934299468994,2.9333651065826416,2.9300239086151123,2.9266889095306396,2.9233648777008057,2.920060873031616,2.916775703430176,2.913538932800293,2.9103596210479736,2.9072265625,2.9041216373443604,2.9010040760040283,10.5
285,3.112640619277954,3.1096811294555664,3.106707811355591,3.103774309158325,3.1008174419403076,3.0978105068206787,3.0947649478912354,3.091724395751953,3.0887324810028076,3.0858399868011475,3.0829594135284424,3.080089569091797,3.077254056930542,3.0744705200195312,3.07177734375,3.0691072940826416,3.066495895385742,3.0640408992767334,3.061793088912964,3.059664011001587,3.0576131343841553,3.0555551052093506,3.053560256958008,3.051687479019165,3.0498969554901123,3.0481574535369873,3.046419143676758,3.0447235107421875,3.043060541152954,3.041325807571411,3.039384126663208,3.0372378826141357,3.0348927974700928,3.032442808151245,3.0298712253570557,3.027144193649292,3.024235486984253,3.0212180614471436,3.0181751251220703,3.015174150466919,3.012110471725464,3.0089733600616455,3.0058205127716064,3.0027835369110107,2.9999735355377197,2.997465133666992,2.995185613632202,2.993121385574341,2.991325616836548,2.9899158477783203,2.988982915878296,2.9884798526763916,2.9883697032928467,2.9886696338653564,2.9893500804901123,2.9903860092163086,2.991652727127075,2.9931766986846924,2.994988441467285,2.9971134662628174,2.99946665763855,3.0018539428710938,3.0041706562042236,3.0063116550445557,3.0082595348358154,3.009915351867676,3.0111217498779297,3.011845588684082,3.0120773315429688,3.011939287185669,3.0114872455596924,3.010680913925171,3.0095205307006836,3.0080718994140625,3.0064754486083984,3.0047836303710938,3.002896547317505,3.000782012939453,2.998490333557129,2.9961416721343994,2.9937877655029297,2.9913482666015625,2.988802194595337,2.986156702041626,2.98343563079834,2.9807021617889404,2.9779231548309326,2.975069046020508,2.9721574783325195,2.9692516326904297,2.966428756713867,2.9636335372924805,2.9607927799224854,2.957887649536133,2.955033540725708,2.9523115158081055,2.9496519565582275,2.9469430446624756,2.9441936016082764,2.9414732456207275,10.5
286,2.8305511474609375,2.828127145767212,2.82568097114563,2.8232357501983643,2.8207919597625732,2.8183467388153076,2.815919876098633,2.813532829284668,2.811171293258667,2.8087990283966064,2.806424140930176,2.804088592529297,2.801815986633301,2.7996158599853516,2.797475576400757,2.7953996658325195,2.7934157848358154,2.7915332317352295,2.789764165878296,2.7880756855010986,2.786468267440796,2.7849416732788086,2.7834994792938232,2.7821333408355713,2.780827522277832,2.779564619064331,2.7783219814300537,2.7770700454711914,2.7757880687713623,2.7744343280792236,2.772954225540161,2.7713420391082764,2.769566774368286,2.7676303386688232,2.7655344009399414,2.7632882595062256,2.7609264850616455,2.758500337600708,2.756037473678589,2.753577947616577,2.7511160373687744,2.748603582382202,2.746040105819702,2.7435104846954346,2.741194725036621,2.739187240600586,2.737450361251831,2.735891342163086,2.7345163822174072,2.73345685005188,2.732792615890503,2.7325382232666016,2.7326571941375732,2.7331342697143555,2.7339298725128174,2.735044479370117,2.736442804336548,2.73811411857605,2.740020751953125,2.742133378982544,2.744412422180176,2.74676513671875,2.749091386795044,2.751295328140259,2.753281831741333,2.7549712657928467,2.7562551498413086,2.7571065425872803,2.7575366497039795,2.7575674057006836,2.757249116897583,2.75663685798645,2.7557790279388428,2.754685640335083,2.7533810138702393,2.7518951892852783,2.7502574920654297,2.7484772205352783,2.7465972900390625,2.74462628364563,2.742586135864258,2.7404632568359375,2.7382469177246094,2.7359378337860107,2.733567237854004,2.731168746948242,2.7287471294403076,2.726294755935669,2.7238025665283203,2.721270799636841,2.718724250793457,2.7161738872528076,2.713650941848755,2.711158514022827,2.7087042331695557,2.7062816619873047,2.703894853591919,2.7015326023101807,2.6991279125213623,2.6966991424560547,10.5
287,2.9547643661499023,2.95180344581604,2.948821783065796,2.9458208084106445,2.9427967071533203,2.939781427383423,2.9367706775665283,2.9337854385375977,2.9308249950408936,2.927882432937622,2.924971342086792,2.922100782394409,2.9192581176757812,2.9164822101593018,2.913769483566284,2.9111385345458984,2.908615827560425,2.906183958053589,2.903857469558716,2.901639223098755,2.8995330333709717,2.8975226879119873,2.8955886363983154,2.893728256225586,2.8919382095336914,2.890167236328125,2.8884437084198,2.886728525161743,2.8850088119506836,2.883225679397583,2.881326675415039,2.87927508354187,2.8770554065704346,2.8746497631073,2.872077226638794,2.8693573474884033,2.8665153980255127,2.863595962524414,2.860630750656128,2.857668876647949,2.8546695709228516,2.8516228199005127,2.848541259765625,2.845529556274414,2.842715263366699,2.8401920795440674,2.837925672531128,2.8358917236328125,2.8340797424316406,2.832613229751587,2.8315622806549072,2.8309412002563477,2.830742597579956,2.8309412002563477,2.831500291824341,2.8323867321014404,2.833543539047241,2.83499813079834,2.8367183208465576,2.8386943340301514,2.8408689498901367,2.8431503772735596,2.8454244136810303,2.847576141357422,2.849482297897339,2.8510544300079346,2.8522253036499023,2.8529529571533203,2.85324764251709,2.8530986309051514,2.8525702953338623,2.85172176361084,2.850602388381958,2.8492324352264404,2.8476316928863525,2.8458423614501953,2.8438756465911865,2.8417532444000244,2.839507818222046,2.837161064147949,2.83475661277771,2.832268476486206,2.829705238342285,2.827058792114258,2.8243160247802734,2.821523666381836,2.818678617477417,2.815810441970825,2.812922716140747,2.810025453567505,2.8071372509002686,2.80423641204834,2.8013484477996826,2.7984848022460938,2.7956669330596924,2.7928597927093506,2.7900960445404053,2.787342071533203,2.784593343734741,2.781888008117676,10.5
288,2.7181918621063232,2.716233015060425,2.7142467498779297,2.712239980697632,2.7102291584014893,2.7082080841064453,2.706179618835449,2.7041690349578857,2.702176332473755,2.7002012729644775,2.6982343196868896,2.696276903152466,2.6943600177764893,2.6924712657928467,2.690619707107544,2.688831090927124,2.6871225833892822,2.6854898929595947,2.6839487552642822,2.6825008392333984,2.6811273097991943,2.6797971725463867,2.6785171031951904,2.677290678024292,2.6761162281036377,2.674964189529419,2.673832893371582,2.6727187633514404,2.6716015338897705,2.6703999042510986,2.6690845489501953,2.667628288269043,2.6660540103912354,2.6643311977386475,2.662475347518921,2.6605069637298584,2.6584606170654297,2.6563589572906494,2.654224157333374,2.6520798206329346,2.6499319076538086,2.647733211517334,2.645484209060669,2.6432788372039795,2.641249656677246,2.639493227005005,2.6379425525665283,2.6365299224853516,2.635277032852173,2.6342849731445312,2.633650541305542,2.633354425430298,2.6333792209625244,2.6336967945098877,2.634295701980591,2.6351430416107178,2.6362264156341553,2.6375319957733154,2.639059066772461,2.640793561935425,2.6426846981048584,2.644641399383545,2.646578073501587,2.6484053134918213,2.6500561237335205,2.651418685913086,2.6524345874786377,2.653090238571167,2.653397798538208,2.6533915996551514,2.6530866622924805,2.6525213718414307,2.6517248153686523,2.6507110595703125,2.649510145187378,2.648167371749878,2.646695852279663,2.645104169845581,2.6434154510498047,2.6416549682617188,2.6398258209228516,2.6379315853118896,2.635930299758911,2.63386869430542,2.6317384243011475,2.629575490951538,2.627396583557129,2.625199556350708,2.622983932495117,2.6207306385040283,2.618464231491089,2.6161937713623047,2.6139347553253174,2.611710548400879,2.6095223426818848,2.607356309890747,2.605203866958618,2.603055238723755,2.6008846759796143,2.598702907562256,10.5
289,3.123440980911255,3.1203432083129883,3.1172187328338623,3.1140687465667725,3.1108973026275635,3.1077334880828857,3.1045830249786377,3.1014318466186523,3.098325490951538,3.095277786254883,3.0922813415527344,3.089324951171875,3.0863916873931885,3.083512544631958,3.0807039737701416,3.077993392944336,3.075439214706421,3.073014497756958,3.070753812789917,3.0686066150665283,3.066555976867676,3.0646355152130127,3.062824249267578,3.061112642288208,3.0594940185546875,3.057926893234253,3.0564451217651367,3.0549795627593994,3.05346417427063,3.0518667697906494,3.050104856491089,3.0481605529785156,3.0460026264190674,3.043612241744995,3.0409810543060303,3.038165330886841,3.0351741313934326,3.032014846801758,3.0287744998931885,3.0255050659179688,3.0222156047821045,3.018906593322754,3.015599012374878,3.012388229370117,3.0093939304351807,3.0066978931427,3.0043060779571533,3.00219464302063,3.0003726482391357,2.9989635944366455,2.9980885982513428,2.9977595806121826,2.9979608058929443,2.9986660480499268,2.9998362064361572,3.001418352127075,3.0033700466156006,3.0056772232055664,3.0083305835723877,3.0112743377685547,3.014463424682617,3.017789602279663,3.0211191177368164,3.024315595626831,3.027233839035034,3.0297305583953857,3.0317323207855225,3.0331380367279053,3.0339553356170654,3.034205198287964,3.033947229385376,3.033291816711426,3.032243490219116,3.030871629714966,3.0292091369628906,3.0273044109344482,3.025153398513794,3.022785186767578,3.0202882289886475,3.0176303386688232,3.0148327350616455,3.011918306350708,3.0089004039764404,3.005779981613159,3.002551794052124,2.9992473125457764,2.9958934783935547,2.9924652576446533,2.9889934062957764,2.9855167865753174,2.9820175170898438,2.978482484817505,2.974949598312378,2.9714784622192383,2.9680633544921875,2.9646613597869873,2.9612903594970703,2.957982301712036,2.954688310623169,2.9513986110687256,10.5
290,2.8631441593170166,2.86035418510437,2.8575565814971924,2.854754686355591,2.8519885540008545,2.849247932434082,2.8465278148651123,2.8438215255737305,2.8411343097686768,2.8384664058685303,2.8358356952667236,2.8332479000091553,2.8307158946990967,2.8282711505889893,2.825908660888672,2.8236377239227295,2.821455955505371,2.819338798522949,2.81732439994812,2.8154163360595703,2.8136396408081055,2.8119637966156006,2.810378313064575,2.808854103088379,2.8073718547821045,2.805917501449585,2.8045101165771484,2.8031184673309326,2.8017117977142334,2.800236701965332,2.798642873764038,2.7969112396240234,2.7950069904327393,2.7929210662841797,2.790701150894165,2.788341760635376,2.7858686447143555,2.783344030380249,2.7807958126068115,2.778249740600586,2.7756574153900146,2.7729740142822266,2.770244598388672,2.7676124572753906,2.7652223110198975,2.7631492614746094,2.7613255977630615,2.759697198867798,2.7582662105560303,2.757167100906372,2.75647234916687,2.756192207336426,2.7563247680664062,2.7568395137786865,2.7577104568481445,2.758885145187378,2.76033616065979,2.762058973312378,2.764019012451172,2.766221046447754,2.7686240673065186,2.771141767501831,2.773622751235962,2.7759463787078857,2.7780096530914307,2.7797346115112305,2.781036615371704,2.7819106578826904,2.7823679447174072,2.7824289798736572,2.782144546508789,2.7815334796905518,2.7806761264801025,2.7795755863189697,2.7782459259033203,2.77671217918396,2.7750260829925537,2.7732431888580322,2.771345853805542,2.7693498134613037,2.7672455310821533,2.7650434970855713,2.762767791748047,2.7604243755340576,2.758037805557251,2.75561785697937,2.7531681060791016,2.7506911754608154,2.748150587081909,2.745600461959839,2.743051290512085,2.7405147552490234,2.738003730773926,2.73553204536438,2.73310923576355,2.7306900024414062,2.7283103466033936,2.7259552478790283,2.7235794067382812,2.7211501598358154,10.5
291,2.991931676864624,2.989151954650879,2.9863836765289307,2.9835808277130127,2.980768918991089,2.9779834747314453,2.975191354751587,2.9724314212799072,2.969703435897827,2.967041015625,2.9644343852996826,2.961854934692383,2.9593422412872314,2.9569272994995117,2.9545905590057373,2.9523391723632812,2.950186014175415,2.9481656551361084,2.9462921619415283,2.9445431232452393,2.9429147243499756,2.941411256790161,2.939997434616089,2.938671350479126,2.9374148845672607,2.9362003803253174,2.9350407123565674,2.933908462524414,2.9327266216278076,2.9314329624176025,2.9299490451812744,2.928285837173462,2.926410675048828,2.9243171215057373,2.922013282775879,2.9194886684417725,2.916797637939453,2.9139769077301025,2.911107063293457,2.908203125,2.905256986618042,2.9022958278656006,2.899338722229004,2.896463394165039,2.8938064575195312,2.8914520740509033,2.889434814453125,2.8876960277557373,2.886232376098633,2.8851630687713623,2.8845770359039307,2.8844892978668213,2.8849518299102783,2.885906934738159,2.8873112201690674,2.8890769481658936,2.8911924362182617,2.8936588764190674,2.896454095840454,2.89953875541687,2.9028379917144775,2.906259536743164,2.9096546173095703,2.912877321243286,2.9157962799072266,2.918280601501465,2.9202396869659424,2.921635866165161,2.9224557876586914,2.922762632369995,2.9225997924804688,2.922020673751831,2.9210824966430664,2.9197967052459717,2.9182307720184326,2.916433572769165,2.914445161819458,2.912282705307007,2.9099302291870117,2.907470703125,2.904888868331909,2.902184247970581,2.8993606567382812,2.896428346633911,2.89343523979187,2.890366554260254,2.8872406482696533,2.884068250656128,2.8808670043945312,2.8776562213897705,2.8744218349456787,2.8711578845977783,2.867907762527466,2.8647143840789795,2.861599922180176,2.858536720275879,2.8554890155792236,2.8524763584136963,2.8494718074798584,2.8464527130126953,10.5
292,2.787649393081665,2.7851245403289795,2.782580614089966,2.7800285816192627,2.7774899005889893,2.774946928024292,2.7723934650421143,2.7698352336883545,2.767282485961914,2.7647762298583984,2.762287139892578,2.759841203689575,2.7574431896209717,2.7550857067108154,2.752786636352539,2.7505319118499756,2.7483692169189453,2.7462799549102783,2.7442855834960938,2.7424049377441406,2.7406222820281982,2.7389230728149414,2.737285852432251,2.7357044219970703,2.7341644763946533,2.732672691345215,2.7312324047088623,2.7298104763031006,2.728381395339966,2.7268755435943604,2.7252378463745117,2.7234742641448975,2.721552848815918,2.7194769382476807,2.717280626296997,2.714980125427246,2.7125816345214844,2.7100989818573,2.707561492919922,2.70503306388855,2.7024872303009033,2.699892044067383,2.697284698486328,2.694761276245117,2.6924450397491455,2.6903676986694336,2.688504219055176,2.686797857284546,2.685283660888672,2.6840639114379883,2.6832170486450195,2.682755470275879,2.6826725006103516,2.6829278469085693,2.6835079193115234,2.684366464614868,2.6854753494262695,2.6868343353271484,2.6884357929229736,2.6902778148651123,2.6922988891601562,2.6944217681884766,2.6965572834014893,2.6985762119293213,2.700352907180786,2.7018229961395264,2.702946662902832,2.7036826610565186,2.704005002975464,2.7039449214935303,2.703566551208496,2.7028844356536865,2.701923131942749,2.700730085372925,2.699343681335449,2.6977956295013428,2.6961162090301514,2.694326400756836,2.6924240589141846,2.690406084060669,2.6882808208465576,2.6860761642456055,2.683809995651245,2.6814701557159424,2.6790783405303955,2.6766507625579834,2.674192428588867,2.671706438064575,2.6691720485687256,2.666611909866333,2.6640450954437256,2.661482572555542,2.658942222595215,2.6564271450042725,2.65395450592041,2.651507616043091,2.649089813232422,2.646679639816284,2.644263505935669,2.641840934753418,10.5
293,2.8432693481445312,2.840608596801758,2.837907075881958,2.835221529006958,2.8325421810150146,2.829850912094116,2.8271639347076416,2.8245551586151123,2.82199764251709,2.81948184967041,2.8169801235198975,2.8145179748535156,2.8121073246002197,2.8097572326660156,2.807490348815918,2.805325746536255,2.803306818008423,2.801414728164673,2.799626111984253,2.7979495525360107,2.7963836193084717,2.7949202060699463,2.793584108352661,2.79231858253479,2.791114568710327,2.7899789810180664,2.78889536857605,2.7878410816192627,2.786750078201294,2.7855634689331055,2.7842509746551514,2.7827556133270264,2.7810490131378174,2.7791216373443604,2.7769782543182373,2.774646759033203,2.772141456604004,2.7695181369781494,2.766839027404785,2.764155149459839,2.7614786624908447,2.7587738037109375,2.755998373031616,2.753267288208008,2.750715970993042,2.748474359512329,2.7465150356292725,2.744797945022583,2.7433454990386963,2.7422752380371094,2.741663694381714,2.7415244579315186,2.741849899291992,2.742624282836914,2.743814706802368,2.745377540588379,2.747279167175293,2.7495062351226807,2.7520201206207275,2.7548105716705322,2.7578442096710205,2.76102614402771,2.7642314434051514,2.767329454421997,2.7701528072357178,2.772592782974243,2.7745609283447266,2.7760026454925537,2.7768819332122803,2.7772433757781982,2.7771623134613037,2.776714563369751,2.775916337966919,2.774799346923828,2.7734146118164062,2.7717857360839844,2.769956588745117,2.7679481506347656,2.7657976150512695,2.7635295391082764,2.761129379272461,2.758626937866211,2.75603985786438,2.7533533573150635,2.7505552768707275,2.7476723194122314,2.7447292804718018,2.7417144775390625,2.7386474609375,2.7355592250823975,2.73248553276062,2.729416608810425,2.7263333797454834,2.7232601642608643,2.720216751098633,2.7172281742095947,2.7142727375030518,2.7113513946533203,2.708422899246216,2.7055065631866455,10.600000381469727
294,2.9673194885253906,2.9641761779785156,2.961082696914673,2.958000421524048,2.9549083709716797,2.9517600536346436,2.948603391647339,2.945490598678589,2.9424362182617188,2.9394872188568115,2.9365932941436768,2.9337456226348877,2.9309301376342773,2.9281539916992188,2.925457239151001,2.9228508472442627,2.9203710556030273,2.91803240776062,2.9158732891082764,2.913816452026367,2.9118592739105225,2.90998911857605,2.908214569091797,2.9065475463867188,2.9049899578094482,2.903496026992798,2.9020748138427734,2.900651216506958,2.899207353591919,2.8976590633392334,2.8959262371063232,2.8940069675445557,2.891904830932617,2.8896255493164062,2.8871734142303467,2.8845138549804688,2.8816606998443604,2.8786680698394775,2.875600814819336,2.8725452423095703,2.8694839477539062,2.8664257526397705,2.863380193710327,2.8603830337524414,2.8575632572174072,2.8550198078155518,2.8527705669403076,2.850787401199341,2.8490679264068604,2.8477420806884766,2.8469009399414062,2.846540689468384,2.8466548919677734,2.8472301959991455,2.8482296466827393,2.8496272563934326,2.851351499557495,2.853414535522461,2.855787992477417,2.858431577682495,2.8613033294677734,2.864320993423462,2.8673553466796875,2.8702805042266846,2.8729324340820312,2.8751935958862305,2.8769686222076416,2.8781955242156982,2.8788692951202393,2.879047393798828,2.878763437271118,2.87807559967041,2.877030611038208,2.8756754398345947,2.874052047729492,2.872164487838745,2.8700811862945557,2.8678314685821533,2.86541748046875,2.862861394882202,2.8601932525634766,2.857435941696167,2.854569673538208,2.8515708446502686,2.8484764099121094,2.845303535461426,2.8420817852020264,2.8388020992279053,2.835460662841797,2.832099199295044,2.828733444213867,2.82537841796875,2.822049379348755,2.818725824356079,2.8154170513153076,2.8121345043182373,2.808936357498169,2.8058059215545654,2.8026931285858154,2.79956316947937,10.600000381469727
295,2.8214969635009766,2.81923508644104,2.8169353008270264,2.81463885307312,2.8123390674591064,2.8100473880767822,2.8077704906463623,2.8055031299591064,2.8032543659210205,2.8010146617889404,2.7987709045410156,2.796564817428589,2.794424057006836,2.792344808578491,2.790327787399292,2.788360595703125,2.7864818572998047,2.7846853733062744,2.782987356185913,2.7814033031463623,2.7799155712127686,2.778507947921753,2.777157783508301,2.7758543491363525,2.77459454536438,2.773380994796753,2.7722129821777344,2.771068572998047,2.769890785217285,2.768617630004883,2.767199754714966,2.765648126602173,2.763925552368164,2.762054443359375,2.760035753250122,2.75788950920105,2.7556304931640625,2.7532870769500732,2.7508907318115234,2.748485803604126,2.7460858821868896,2.743671178817749,2.741238594055176,2.7388556003570557,2.736670732498169,2.7347629070281982,2.733105421066284,2.7316253185272217,2.730343818664551,2.7293789386749268,2.72879695892334,2.7286198139190674,2.7288334369659424,2.729393720626831,2.730267286300659,2.7314188480377197,2.7328579425811768,2.734560966491699,2.736504316329956,2.7386810779571533,2.7410199642181396,2.7434310913085938,2.745812177658081,2.748059034347534,2.750061273574829,2.751725196838379,2.753021240234375,2.7539093494415283,2.754370927810669,2.7544329166412354,2.7541344165802,2.7535362243652344,2.7526628971099854,2.7515671253204346,2.7502787113189697,2.7487986087799072,2.7471706867218018,2.745410203933716,2.743548631668091,2.7415931224823,2.739544153213501,2.73742413520813,2.7352259159088135,2.732957124710083,2.730632781982422,2.7282180786132812,2.725748062133789,2.7232468128204346,2.720745801925659,2.71823787689209,2.715712785720825,2.7131917476654053,2.7106778621673584,2.7081801891326904,2.7057151794433594,2.703284978866577,2.700899839401245,2.6985371112823486,2.696185350418091,2.6938419342041016,10.600000381469727
296,2.892852783203125,2.890246629714966,2.8876240253448486,2.885004758834839,2.8824031352996826,2.879807233810425,2.877243757247925,2.87467885017395,2.8721256256103516,2.8695907592773438,2.867084503173828,2.8646256923675537,2.8622238636016846,2.8598546981811523,2.8575546741485596,2.8553340435028076,2.8532159328460693,2.8511955738067627,2.849266290664673,2.8474464416503906,2.8457229137420654,2.8440799713134766,2.8425073623657227,2.841001272201538,2.8395612239837646,2.8381760120391846,2.8368167877197266,2.835458517074585,2.8340728282928467,2.832630157470703,2.8310482501983643,2.829307794570923,2.8273773193359375,2.825310468673706,2.8230950832366943,2.820741653442383,2.8182754516601562,2.8157217502593994,2.8131065368652344,2.810497999191284,2.807873487472534,2.805232286453247,2.802562713623047,2.799938917160034,2.7975099086761475,2.79536509513855,2.7934703826904297,2.7917654514312744,2.790281295776367,2.789149045944214,2.7883899211883545,2.7880303859710693,2.788081407546997,2.788522720336914,2.789287805557251,2.790344476699829,2.79168438911438,2.7933290004730225,2.795248031616211,2.797396659851074,2.799722671508789,2.802147150039673,2.8045437335968018,2.806791067123413,2.808793306350708,2.8104517459869385,2.811722993850708,2.8125617504119873,2.8129823207855225,2.813001871109009,2.812636375427246,2.8119351863861084,2.8109676837921143,2.809781312942505,2.8083879947662354,2.8068058490753174,2.8050811290740967,2.803208589553833,2.801234483718872,2.7991464138031006,2.7969722747802734,2.794720411300659,2.7923755645751953,2.789985418319702,2.787510871887207,2.784994125366211,2.7824156284332275,2.779806137084961,2.777165174484253,2.774510383605957,2.771886110305786,2.769259214401245,2.7666642665863037,2.7640631198883057,2.7615134716033936,2.7590134143829346,2.7565367221832275,2.7541043758392334,2.751673460006714,2.7492434978485107,10.600000381469727
297,3.0071773529052734,3.00417160987854,3.001145601272583,2.998112916946411,2.9950857162475586,2.992094039916992,2.989124059677124,2.98614239692688,2.983205556869507,2.980257749557495,2.977351188659668,2.9745168685913086,2.971738815307617,2.96901535987854,2.966350555419922,2.963777542114258,2.961318254470825,2.958979845046997,2.9567477703094482,2.9546616077423096,2.952683210372925,2.950786590576172,2.9489781856536865,2.947246789932251,2.945584297180176,2.943985939025879,2.942434549331665,2.9409265518188477,2.939356565475464,2.937680244445801,2.9358837604522705,2.93392276763916,2.9317855834960938,2.929461717605591,2.9269607067108154,2.924295425415039,2.921466588973999,2.9185190200805664,2.9155399799346924,2.9125587940216064,2.9095470905303955,2.9064903259277344,2.9034173488616943,2.9004318714141846,2.8976643085479736,2.895160436630249,2.892923355102539,2.8909027576446533,2.8891429901123047,2.8877742290496826,2.8868370056152344,2.886337995529175,2.88629150390625,2.8866634368896484,2.887464761734009,2.888603925704956,2.89007568359375,2.891875982284546,2.893949508666992,2.8962795734405518,2.8988170623779297,2.9014670848846436,2.9041354656219482,2.9066412448883057,2.908881425857544,2.910748243331909,2.912144422531128,2.913048028945923,2.9134228229522705,2.9133529663085938,2.9128963947296143,2.9120845794677734,2.9109537601470947,2.9095516204833984,2.90791392326355,2.90606689453125,2.904062271118164,2.901926040649414,2.89965558052063,2.8972651958465576,2.8947925567626953,2.892244577407837,2.88958740234375,2.886826515197754,2.88399600982666,2.8811140060424805,2.8781869411468506,2.875237226486206,2.8722712993621826,2.869293451309204,2.866299867630005,2.8632822036743164,2.8602821826934814,2.857292890548706,2.8543550968170166,2.851470708847046,2.848614454269409,2.8457682132720947,2.8429157733917236,2.8400557041168213,10.600000381469727
298,2.981901168823242,2.9791009426116943,2.9762814044952393,2.9734981060028076,2.9707210063934326,2.9679508209228516,2.9652023315429688,2.9624593257904053,2.9597327709198,2.957019805908203,2.9543581008911133,2.9517629146575928,2.949214220046997,2.946739912033081,2.9443435668945312,2.9420411586761475,2.9398629665374756,2.9377899169921875,2.9358456134796143,2.9340410232543945,2.9323647022247314,2.930778741836548,2.929292917251587,2.9278571605682373,2.9265053272247314,2.9252216815948486,2.9239814281463623,2.9227678775787354,2.921501874923706,2.920147657394409,2.9186556339263916,2.916956901550293,2.9150257110595703,2.9128665924072266,2.910496711730957,2.9079437255859375,2.9052274227142334,2.9024364948272705,2.8995869159698486,2.896681547164917,2.89369797706604,2.8906776905059814,2.887683629989624,2.8847827911376953,2.8820953369140625,2.8797285556793213,2.8776626586914062,2.8758461475372314,2.8743197917938232,2.8731815814971924,2.8725411891937256,2.8724212646484375,2.872809410095215,2.873689651489258,2.874985933303833,2.876629114151001,2.878606081008911,2.8809096813201904,2.8835465908050537,2.886462450027466,2.889601469039917,2.892864942550659,2.896110773086548,2.899176597595215,2.9019320011138916,2.904269218444824,2.906108856201172,2.9073970317840576,2.90814471244812,2.9083659648895264,2.908140182495117,2.907498359680176,2.9065093994140625,2.905200719833374,2.90360164642334,2.9017975330352783,2.8998095989227295,2.8976762294769287,2.895372152328491,2.892913818359375,2.890327215194702,2.8876428604125977,2.8848602771759033,2.881983995437622,2.8790340423583984,2.876004934310913,2.8729183673858643,2.8697993755340576,2.8666393756866455,2.863428831100464,2.860211133956909,2.857029914855957,2.8538990020751953,2.8507680892944336,2.8476722240448,2.8446273803710938,2.841627836227417,2.8386447429656982,2.8356807231903076,2.8327529430389404,10.600000381469727
299,2.9629688262939453,2.9600512981414795,2.957132577896118,2.9542109966278076,2.951308012008667,2.948420286178589,2.945552110671997,2.9426867961883545,2.939823865890503,2.9370319843292236,2.934279203414917,2.931572675704956,2.92891001701355,2.926276922225952,2.9237358570098877,2.9212963581085205,2.9189651012420654,2.916741371154785,2.9146268367767334,2.912625551223755,2.910735845565796,2.908946990966797,2.907240867614746,2.905585527420044,2.903985023498535,2.902461290359497,2.901001214981079,2.899564743041992,2.8980987071990967,2.8965556621551514,2.8948915004730225,2.893033266067505,2.8910000324249268,2.8888113498687744,2.8864500522613525,2.8839454650878906,2.8812921047210693,2.87856388092041,2.875786066055298,2.8729934692382812,2.870204210281372,2.867384910583496,2.864520311355591,2.8616819381713867,2.859053373336792,2.8567521572113037,2.8547251224517822,2.8528873920440674,2.851243734359741,2.8499412536621094,2.849062204360962,2.8486320972442627,2.8486328125,2.8490371704101562,2.8497791290283203,2.8508222103118896,2.852177381515503,2.8538262844085693,2.855761766433716,2.8579397201538086,2.8603298664093018,2.862849473953247,2.8653557300567627,2.8677327632904053,2.869860887527466,2.871645927429199,2.8730316162109375,2.8739688396453857,2.874462127685547,2.874561071395874,2.8742752075195312,2.8736400604248047,2.8726847171783447,2.8714561462402344,2.870004892349243,2.8683650493621826,2.8665857315063477,2.8646762371063232,2.862607717514038,2.8604061603546143,2.8581228256225586,2.8557567596435547,2.853316307067871,2.8507797718048096,2.848179578781128,2.8455302715301514,2.8428280353546143,2.840094804763794,2.837322473526001,2.834528684616089,2.8317344188690186,2.828958511352539,2.8261938095092773,2.8234336376190186,2.8206846714019775,2.8179798126220703,2.815319299697876,2.812687635421753,2.8100922107696533,2.8074944019317627,10.699999809265137
300,2.9879817962646484,2.985017776489258,2.9820568561553955,2.9791362285614014,2.9762372970581055,2.9733400344848633,2.9704482555389404,2.9675543308258057,2.9647152423858643,2.9618921279907227,2.959106683731079,2.9563682079315186,2.9536850452423096,2.951084852218628,2.948561668395996,2.946112632751465,2.943775177001953,2.9415385723114014,2.9394371509552,2.9374492168426514,2.9355857372283936,2.9338111877441406,2.932109832763672,2.930483818054199,2.92891788482666,2.9273977279663086,2.9259402751922607,2.9244918823242188,2.9230432510375977,2.921495199203491,2.9197890758514404,2.917898178100586,2.91581654548645,2.913557767868042,2.9111413955688477,2.908576250076294,2.905867338180542,2.9030683040618896,2.9002389907836914,2.897409200668335,2.894536256790161,2.8915812969207764,2.8885905742645264,2.8857038021087646,2.8830606937408447,2.8807308673858643,2.8786697387695312,2.876793146133423,2.875175714492798,2.873952627182007,2.873182535171509,2.8728725910186768,2.872986078262329,2.8735315799713135,2.874471664428711,2.8757336139678955,2.8773021697998047,2.8791515827178955,2.88128662109375,2.8836734294891357,2.886260986328125,2.888969659805298,2.8916447162628174,2.8941457271575928,2.896369218826294,2.898242712020874,2.899672269821167,2.9006385803222656,2.9011337757110596,2.901189088821411,2.9008452892303467,2.9001400470733643,2.899139404296875,2.8978679180145264,2.896378755569458,2.8946874141693115,2.892810583114624,2.890793800354004,2.8886711597442627,2.8864431381225586,2.8841049671173096,2.8816916942596436,2.8791706562042236,2.876561403274536,2.873877763748169,2.8711540699005127,2.868393898010254,2.8655853271484375,2.862731695175171,2.8598549365997314,2.8569653034210205,2.8540937900543213,2.851250410079956,2.848447561264038,2.845672845840454,2.842902898788452,2.8401596546173096,2.8374338150024414,2.834733009338379,2.8320276737213135,10.699999809265137
301,2.976297616958618,2.9737415313720703,2.97115421295166,2.968519926071167,2.9658966064453125,2.9632627964019775,2.96061635017395,2.9579875469207764,2.955376386642456,2.952805757522583,2.9502696990966797,2.947770833969116,2.945288896560669,2.9428584575653076,2.940526008605957,2.9382705688476562,2.9361178874969482,2.934062957763672,2.932117462158203,2.9302845001220703,2.9285504817962646,2.9269237518310547,2.9253921508789062,2.923910140991211,2.9224565029144287,2.9210596084594727,2.919717788696289,2.918358564376831,2.9169464111328125,2.9154446125030518,2.9138128757476807,2.912010431289673,2.9100024700164795,2.90781569480896,2.9054737091064453,2.9029695987701416,2.9003512859344482,2.89766001701355,2.8949573040008545,2.8922436237335205,2.8894519805908203,2.8865725994110107,2.8836748600006104,2.8809330463409424,2.8784573078155518,2.8762800693511963,2.874342918395996,2.8726284503936768,2.8711860179901123,2.8701159954071045,2.8694732189178467,2.8692944049835205,2.869567632675171,2.8702640533447266,2.87131667137146,2.8726871013641357,2.87436842918396,2.876371383666992,2.878636598587036,2.8811299800872803,2.883803129196167,2.8865509033203125,2.8892757892608643,2.8918297290802,2.8941116333007812,2.895994186401367,2.8974268436431885,2.8983852863311768,2.8988864421844482,2.898963212966919,2.8986423015594482,2.8979969024658203,2.8970563411712646,2.8958637714385986,2.8944385051727295,2.8928232192993164,2.8910436630249023,2.889143228530884,2.8871371746063232,2.8850085735321045,2.88277268409729,2.88043475151062,2.8780250549316406,2.875535011291504,2.8729896545410156,2.87041974067688,2.867816925048828,2.865157127380371,2.8624610900878906,2.85973858833313,2.857020378112793,2.8543012142181396,2.8516016006469727,2.848965883255005,2.8463566303253174,2.8437938690185547,2.8412349224090576,2.838702917098999,2.8361377716064453,2.8335702419281006,10.699999809265137
302,3.0406086444854736,3.0376789569854736,3.034722089767456,3.031755208969116,3.028759241104126,3.0257835388183594,3.0228354930877686,3.0199148654937744,3.0170323848724365,3.014185667037964,3.0113799571990967,3.0086138248443604,3.0059289932250977,3.0033092498779297,3.0007684230804443,2.998337984085083,2.9960556030273438,2.9939301013946533,2.991931200027466,2.990037679672241,2.9882748126983643,2.986628770828247,2.985081911087036,2.9836275577545166,2.9822349548339844,2.9809277057647705,2.9796831607818604,2.978442907333374,2.977146863937378,2.9757039546966553,2.9740917682647705,2.9722518920898438,2.9701786041259766,2.9678573608398438,2.9653446674346924,2.9626519680023193,2.959794759750366,2.9568088054656982,2.9537456035614014,2.9506618976593018,2.947568893432617,2.9444475173950195,2.9413321018218994,2.9383461475372314,2.9356212615966797,2.93323016166687,2.9311444759368896,2.9293317794799805,2.9278433322906494,2.926793336868286,2.9262752532958984,2.9262959957122803,2.926835060119629,2.927881956100464,2.929375410079956,2.931281805038452,2.9335453510284424,2.936176061630249,2.939135789871216,2.942373037338257,2.945833206176758,2.9493961334228516,2.952894449234009,2.956216812133789,2.9592058658599854,2.9617621898651123,2.963752031326294,2.9651577472686768,2.965986490249634,2.966275453567505,2.966080904006958,2.9654617309570312,2.9644815921783447,2.9631574153900146,2.9615249633789062,2.959646224975586,2.9575579166412354,2.955327272415161,2.9529409408569336,2.9504270553588867,2.947791814804077,2.9450159072875977,2.942119598388672,2.939115524291992,2.936044692993164,2.932915449142456,2.929722547531128,2.9264819622039795,2.92318058013916,2.9198503494262695,2.916536569595337,2.91322922706604,2.909963846206665,2.906715154647827,2.9034969806671143,2.9003286361694336,2.897170066833496,2.8940627574920654,2.8909835815429688,2.887937307357788,10.699999809265137
303,2.919607400894165,2.9166507720947266,2.9136857986450195,2.910717248916626,2.907740592956543,2.9047954082489014,2.9018657207489014,2.8989527225494385,2.896059274673462,2.893191337585449,2.890348434448242,2.8875672817230225,2.884826421737671,2.8821523189544678,2.8795416355133057,2.877021551132202,2.8746025562286377,2.8722639083862305,2.8700027465820312,2.86781907081604,2.8657572269439697,2.863825559616089,2.8619492053985596,2.8601512908935547,2.858422040939331,2.8567264080047607,2.8550808429718018,2.853461503982544,2.8518216609954834,2.850120782852173,2.8482844829559326,2.84631609916687,2.844205856323242,2.8418991565704346,2.8394358158111572,2.83685564994812,2.834164619445801,2.8313777446746826,2.8285391330718994,2.825701951980591,2.8228652477264404,2.8199901580810547,2.817077398300171,2.8142263889312744,2.811558485031128,2.809159517288208,2.8070085048675537,2.8050472736358643,2.8032896518707275,2.801833391189575,2.8007450103759766,2.800044298171997,2.799746513366699,2.7998416423797607,2.800302505493164,2.801060438156128,2.802100419998169,2.8034379482269287,2.805026054382324,2.806852102279663,2.808880567550659,2.811047315597534,2.8132247924804688,2.8152999877929688,2.817167043685913,2.8186981678009033,2.8198325634002686,2.8205299377441406,2.8207809925079346,2.8206512928009033,2.8201515674591064,2.819349527359009,2.81823992729187,2.8168489933013916,2.815263509750366,2.813497543334961,2.8115856647491455,2.809509038925171,2.807321786880493,2.8050405979156494,2.802661180496216,2.8001720905303955,2.7975921630859375,2.7949612140655518,2.7922773361206055,2.7895336151123047,2.786747694015503,2.783940315246582,2.7810938358306885,2.7782087326049805,2.7753026485443115,2.7723896503448486,2.769505262374878,2.7666702270507812,2.763890504837036,2.7611210346221924,2.7583653926849365,2.755648374557495,2.7529513835906982,2.7502365112304688,10.699999809265137
304,2.717736005783081,2.7155635356903076,2.7133867740631104,2.711216688156128,2.709038019180298,2.706857442855835,2.7046773433685303,2.7024974822998047,2.7003345489501953,2.698198080062866,2.696087598800659,2.6939876079559326,2.691913604736328,2.6898937225341797,2.687939405441284,2.6860437393188477,2.684208631515503,2.6824467182159424,2.680771827697754,2.679176092147827,2.6776673793792725,2.676234483718872,2.6748745441436768,2.6735477447509766,2.672264814376831,2.6710205078125,2.6698286533355713,2.668656587600708,2.6674537658691406,2.6661815643310547,2.6647961139678955,2.6632964611053467,2.661661148071289,2.659902811050415,2.6579954624176025,2.6559858322143555,2.6538803577423096,2.65171217918396,2.649501323699951,2.6472761631011963,2.645029306411743,2.6427509784698486,2.640413522720337,2.6381232738494873,2.636002779006958,2.634132146835327,2.632467031478882,2.6309404373168945,2.629577398300171,2.6284782886505127,2.6277081966400146,2.627284288406372,2.627185106277466,2.627408027648926,2.6279098987579346,2.628675699234009,2.62967586517334,2.6309194564819336,2.6323959827423096,2.6340818405151367,2.635925054550171,2.637866973876953,2.639794111251831,2.6416332721710205,2.643280029296875,2.644655466079712,2.6457083225250244,2.6464059352874756,2.6467554569244385,2.6467692852020264,2.6464638710021973,2.6458773612976074,2.6450366973876953,2.6439669132232666,2.6427061557769775,2.6413276195526123,2.639826774597168,2.6382083892822266,2.636479616165161,2.6346638202667236,2.6327688694000244,2.6307756900787354,2.628704786300659,2.6265738010406494,2.624387741088867,2.622184991836548,2.6199512481689453,2.6176891326904297,2.615386724472046,2.613057851791382,2.610724687576294,2.608369827270508,2.6060101985931396,2.6036922931671143,2.6014130115509033,2.5991547107696533,2.596895217895508,2.5946381092071533,2.5924108028411865,2.5901718139648438,10.699999809265137
305,2.909449815750122,2.9067251682281494,2.903961420059204,2.9011924266815186,2.8984158039093018,2.895650625228882,2.8928985595703125,2.8901822566986084,2.887477159500122,2.8847732543945312,2.8821041584014893,2.8795089721679688,2.8769729137420654,2.874474287033081,2.872030258178711,2.869652509689331,2.867367744445801,2.865177869796753,2.8631021976470947,2.8611533641815186,2.859297513961792,2.857530355453491,2.8558690547943115,2.8542935848236084,2.852785110473633,2.8512985706329346,2.8498427867889404,2.8484420776367188,2.8470332622528076,2.8455283641815186,2.843879461288452,2.842043161392212,2.840038537979126,2.8378560543060303,2.8354861736297607,2.832951545715332,2.830296754837036,2.8275299072265625,2.8247077465057373,2.821854591369629,2.8190300464630127,2.8162031173706055,2.813352346420288,2.810542106628418,2.807908296585083,2.8055496215820312,2.803483724594116,2.8016510009765625,2.8000333309173584,2.7987287044525146,2.7978389263153076,2.797409772872925,2.797422409057617,2.797846794128418,2.7986395359039307,2.7997560501098633,2.801158905029297,2.802833318710327,2.8047914505004883,2.8070037364959717,2.8094241619110107,2.811955451965332,2.814485549926758,2.816899538040161,2.8190650939941406,2.8208608627319336,2.8221919536590576,2.8230526447296143,2.82344913482666,2.8234078884124756,2.8229503631591797,2.8221466541290283,2.8210256099700928,2.819624185562134,2.8179798126220703,2.8161442279815674,2.8141486644744873,2.812006950378418,2.8097076416015625,2.8072948455810547,2.8047866821289062,2.8021767139434814,2.7994778156280518,2.7966864109039307,2.7938454151153564,2.7909326553344727,2.787963628768921,2.7849369049072266,2.7818992137908936,2.7788305282592773,2.775753974914551,2.7726821899414062,2.7696313858032227,2.766615152359009,2.763612985610962,2.760643720626831,2.757697820663452,2.754793882369995,2.7519302368164062,2.7491095066070557,10.699999809265137
306,2.8064677715301514,2.8040783405303955,2.801722764968872,2.799372673034668,2.797011613845825,2.794611692428589,2.79217791557312,2.789745330810547,2.7873401641845703,2.785017967224121,2.782768964767456,2.7805585861206055,2.778357744216919,2.7761542797088623,2.773958921432495,2.771831512451172,2.769817590713501,2.767949342727661,2.7661983966827393,2.7645254135131836,2.762892723083496,2.7612924575805664,2.759709596633911,2.7581756114959717,2.7567358016967773,2.7554142475128174,2.754197359085083,2.7529842853546143,2.751689910888672,2.7502517700195312,2.748655319213867,2.7469236850738525,2.745096206665039,2.7432100772857666,2.7412850856781006,2.7392520904541016,2.7370564937591553,2.7346909046173096,2.7322208881378174,2.729750871658325,2.727334976196289,2.7249691486358643,2.7226247787475586,2.72033429145813,2.7181880474090576,2.7162435054779053,2.7144429683685303,2.712754487991333,2.7112467288970947,2.71005916595459,2.709294319152832,2.7089157104492188,2.70885968208313,2.7090485095977783,2.709449052810669,2.7100934982299805,2.710993528366089,2.712193250656128,2.7136971950531006,2.7154617309570312,2.717409133911133,2.71940541267395,2.7213258743286133,2.7230708599090576,2.7246055603027344,2.725909471511841,2.7269513607025146,2.7276840209960938,2.7280569076538086,2.728038787841797,2.7276289463043213,2.7268714904785156,2.725872039794922,2.724733591079712,2.723499298095703,2.7221872806549072,2.720756769180298,2.7191388607025146,2.7173068523406982,2.715291976928711,2.7132012844085693,2.711127996444702,2.7091057300567627,2.707106828689575,2.705045700073242,2.702852249145508,2.700512647628784,2.698084592819214,2.695652723312378,2.6932952404022217,2.691027879714966,2.6888294219970703,2.6866331100463867,2.6843557357788086,2.681978225708008,2.679593324661255,2.6772892475128174,2.6751201152801514,2.6730594635009766,2.6710140705108643,10.699999809265137
307,2.8223350048065186,2.820063591003418,2.8178017139434814,2.8155391216278076,2.813283920288086,2.811052083969116,2.808823585510254,2.806586265563965,2.8043811321258545,2.802185297012329,2.8000431060791016,2.7979466915130615,2.7958967685699463,2.7938878536224365,2.791921615600586,2.790043592453003,2.788243055343628,2.7865426540374756,2.7849483489990234,2.783461332321167,2.782090425491333,2.780773878097534,2.7795207500457764,2.77834415435791,2.7772159576416016,2.7761390209198,2.7750918865203857,2.7740681171417236,2.7730391025543213,2.771916151046753,2.7706470489501953,2.769216775894165,2.7676098346710205,2.7658398151397705,2.7639245986938477,2.761868715286255,2.759683847427368,2.757398843765259,2.755032777786255,2.7526752948760986,2.7503280639648438,2.7479565143585205,2.7455501556396484,2.7431538105010986,2.7409303188323975,2.738987684249878,2.7373135089874268,2.735825300216675,2.734511375427246,2.733501672744751,2.73290753364563,2.732736587524414,2.7329418659210205,2.733492851257324,2.734365701675415,2.735555410385132,2.7370128631591797,2.7387266159057617,2.7407023906707764,2.742945671081543,2.7453973293304443,2.747941255569458,2.7504723072052,2.7528839111328125,2.755078077316284,2.7569541931152344,2.758465051651001,2.7595674991607666,2.760239601135254,2.7604732513427734,2.7603371143341064,2.759859085083008,2.759086847305298,2.7580692768096924,2.7568607330322266,2.755486249923706,2.7539150714874268,2.7521913051605225,2.750342607498169,2.748378038406372,2.746291399002075,2.7441442012786865,2.741941213607788,2.7396442890167236,2.737230062484741,2.734762191772461,2.732250213623047,2.72967791557312,2.727076530456543,2.7244746685028076,2.7218801975250244,2.719254493713379,2.7166454792022705,2.7140510082244873,2.7114641666412354,2.7088897228240967,2.706383466720581,2.7039153575897217,2.701434373855591,2.6989409923553467,10.800000190734863
308,2.8025360107421875,2.799821615219116,2.797085762023926,2.7943413257598877,2.791592836380005,2.788865327835083,2.78617000579834,2.7834889888763428,2.780836820602417,2.7782304286956787,2.7756664752960205,2.773134231567383,2.7706191539764404,2.7681503295898438,2.7657625675201416,2.76346755027771,2.7612686157226562,2.7591712474823,2.7571723461151123,2.7552616596221924,2.7534358501434326,2.7516984939575195,2.750054121017456,2.7485129833221436,2.7470147609710693,2.7455551624298096,2.744119882583618,2.742729902267456,2.7413136959075928,2.739837646484375,2.738253593444824,2.7365360260009766,2.7346694469451904,2.7326557636260986,2.730485200881958,2.7281808853149414,2.7257299423217773,2.723193407058716,2.720658302307129,2.718127489089966,2.7156009674072266,2.7130279541015625,2.7104005813598633,2.707807779312134,2.705389976501465,2.7032594680786133,2.70139479637146,2.6997101306915283,2.698195219039917,2.696965456008911,2.696117401123047,2.695659875869751,2.6955859661102295,2.695889711380005,2.696542501449585,2.697481870651245,2.698681592941284,2.700143814086914,2.701846122741699,2.703768014907837,2.7058675289154053,2.708071708679199,2.710283041000366,2.7124078273773193,2.714345693588257,2.715991973876953,2.7172563076019287,2.718090295791626,2.718522310256958,2.7185487747192383,2.7182390689849854,2.7176246643066406,2.716754198074341,2.7156543731689453,2.7143375873565674,2.7128381729125977,2.7111892700195312,2.7093899250030518,2.707460403442383,2.7054402828216553,2.7033557891845703,2.7012062072753906,2.6989622116088867,2.696629285812378,2.69421648979187,2.6917455196380615,2.689242124557495,2.686723470687866,2.684161424636841,2.6815500259399414,2.6789181232452393,2.676304817199707,2.673717498779297,2.6711409091949463,2.6685619354248047,2.6660256385803223,2.663538694381714,2.6610684394836426,2.658590793609619,2.6560909748077393,10.800000190734863
309,2.7020132541656494,2.6999568939208984,2.6978957653045654,2.695816993713379,2.6937310695648193,2.6916561126708984,2.689580202102661,2.6875102519989014,2.6854658126831055,2.6834468841552734,2.68144154548645,2.679469347000122,2.6775147914886475,2.675603151321411,2.6737148761749268,2.671889066696167,2.6701488494873047,2.66849684715271,2.6669254302978516,2.665440559387207,2.6640055179595947,2.662632703781128,2.661299705505371,2.6600217819213867,2.6587936878204346,2.6576170921325684,2.656468629837036,2.655341148376465,2.654202699661255,2.6530025005340576,2.6517035961151123,2.650285005569458,2.6487457752227783,2.6471176147460938,2.6453847885131836,2.6435577869415283,2.6416382789611816,2.639643907546997,2.637629270553589,2.6356618404388428,2.6337194442749023,2.631730079650879,2.629645347595215,2.627562999725342,2.625645875930786,2.6239993572235107,2.6225593090057373,2.621236801147461,2.6200520992279053,2.6191141605377197,2.6184921264648438,2.6181814670562744,2.618156671524048,2.6183865070343018,2.6188533306121826,2.6195318698883057,2.620426893234253,2.621534585952759,2.6228482723236084,2.6243534088134766,2.625993490219116,2.627694845199585,2.6293723583221436,2.6309521198272705,2.6323704719543457,2.6335508823394775,2.6344597339630127,2.635063886642456,2.6353540420532227,2.635345220565796,2.635066270828247,2.63456130027771,2.6338584423065186,2.63297438621521,2.631932020187378,2.630751371383667,2.62945294380188,2.6280486583709717,2.6265506744384766,2.624979019165039,2.62335467338562,2.6216840744018555,2.61995530128479,2.6181628704071045,2.6163129806518555,2.6144163608551025,2.6124789714813232,2.6105127334594727,2.608530282974243,2.6065499782562256,2.6045758724212646,2.6026012897491455,2.6006410121917725,2.598686456680298,2.5967624187469482,2.594844341278076,2.592958688735962,2.5910959243774414,2.5892367362976074,2.5873444080352783,10.800000190734863
310,2.9442625045776367,2.941666841506958,2.939026117324829,2.9363839626312256,2.9337100982666016,2.931072235107422,2.9284508228302,2.9258759021759033,2.92333722114563,2.9208357334136963,2.918351888656616,2.9158856868743896,2.9134461879730225,2.911106824874878,2.9088687896728516,2.906721353530884,2.904674768447876,2.902745485305786,2.9009335041046143,2.8992197513580322,2.8975884914398193,2.896082878112793,2.8946893215179443,2.893394708633423,2.8921871185302734,2.8910038471221924,2.8898448944091797,2.8886642456054688,2.8874728679656982,2.8862287998199463,2.8848655223846436,2.8832857608795166,2.881488084793091,2.879488229751587,2.877293825149536,2.8748996257781982,2.8723278045654297,2.869630813598633,2.8668935298919678,2.864140748977661,2.8613650798797607,2.85857892036438,2.855755567550659,2.852968215942383,2.8503808975219727,2.8481197357177734,2.846146821975708,2.844388008117676,2.842888116836548,2.8417911529541016,2.84118390083313,2.841041326522827,2.84133243560791,2.8420770168304443,2.8432490825653076,2.844806671142578,2.846684217453003,2.8488929271698,2.8514044284820557,2.85417103767395,2.8571383953094482,2.8602373600006104,2.8633506298065186,2.8663265705108643,2.8690288066864014,2.871368169784546,2.873257637023926,2.8746042251586914,2.8753950595855713,2.8756754398345947,2.875516891479492,2.874995470046997,2.8741302490234375,2.872960329055786,2.8715038299560547,2.8698177337646484,2.867936372756958,2.8658950328826904,2.863696336746216,2.8613593578338623,2.8589251041412354,2.856400489807129,2.8537566661834717,2.8509750366210938,2.848113775253296,2.8451898097991943,2.842207908630371,2.8391799926757812,2.8361129760742188,2.833051919937134,2.8299596309661865,2.826859474182129,2.8237621784210205,2.820686101913452,2.817638397216797,2.814610242843628,2.811680555343628,2.808793783187866,2.8059051036834717,2.8029978275299072,10.800000190734863
311,2.872570037841797,2.870109796524048,2.8676507472991943,2.8651750087738037,2.8626797199249268,2.8601856231689453,2.857684373855591,2.855210304260254,2.8527672290802,2.850370407104492,2.8480098247528076,2.845669984817505,2.843378782272339,2.8411552906036377,2.839014768600464,2.836958169937134,2.834972381591797,2.8330812454223633,2.8313148021698,2.829655647277832,2.828110933303833,2.8266494274139404,2.82527232170105,2.823963165283203,2.8227312564849854,2.8215367794036865,2.820382833480835,2.8192129135131836,2.818002462387085,2.81673526763916,2.8153536319732666,2.8137903213500977,2.812018632888794,2.810075044631958,2.8079702854156494,2.805696487426758,2.8032684326171875,2.8007423877716064,2.7981808185577393,2.7956173419952393,2.7930428981781006,2.7904281616210938,2.7877767086029053,2.7851717472076416,2.7827675342559814,2.7806708812713623,2.7788288593292236,2.777181386947632,2.775742292404175,2.7746174335479736,2.773932695388794,2.773691177368164,2.7738654613494873,2.7744476795196533,2.775397539138794,2.77666974067688,2.7782392501831055,2.7800838947296143,2.7822113037109375,2.7845754623413086,2.7871580123901367,2.7898552417755127,2.7925634384155273,2.795130968093872,2.7974469661712646,2.799431562423706,2.800982713699341,2.8020784854888916,2.802708625793457,2.8029162883758545,2.802724599838257,2.802175283432007,2.8013105392456055,2.8001677989959717,2.7987916469573975,2.797203779220581,2.7954723834991455,2.7935945987701416,2.7915756702423096,2.789440393447876,2.787177801132202,2.784834623336792,2.7823855876922607,2.779829978942871,2.777207136154175,2.7745211124420166,2.7717936038970947,2.7690203189849854,2.766193389892578,2.7633488178253174,2.7604684829711914,2.757582902908325,2.754725217819214,2.75189208984375,2.74908709526062,2.7463035583496094,2.7435646057128906,2.7408554553985596,2.73813533782959,2.735422134399414,10.800000190734863
312,2.9678852558135986,2.9652411937713623,2.9625561237335205,2.959822416305542,2.9571049213409424,2.954427480697632,2.951789140701294,2.9491336345672607,2.9465010166168213,2.9438750743865967,2.9412882328033447,2.938735008239746,2.9362306594848633,2.933837890625,2.9315426349639893,2.9293320178985596,2.927213668823242,2.925182342529297,2.9232702255249023,2.921457290649414,2.919753313064575,2.9181594848632812,2.9166641235351562,2.9152510166168213,2.9139010906219482,2.912583112716675,2.911301851272583,2.910010576248169,2.908708333969116,2.9072988033294678,2.9057376384735107,2.904003381729126,2.902056932449341,2.899915933609009,2.897623300552368,2.895160436630249,2.892561674118042,2.8898589611053467,2.887129545211792,2.884408712387085,2.8816769123077393,2.8788814544677734,2.8760690689086914,2.8733489513397217,2.8708419799804688,2.868664503097534,2.866772413253784,2.865102529525757,2.8636882305145264,2.8626372814178467,2.8620364665985107,2.8619000911712646,2.8622047901153564,2.862945556640625,2.8640682697296143,2.86553692817688,2.867330551147461,2.8694164752960205,2.8717739582061768,2.87435245513916,2.8771393299102783,2.880028486251831,2.8829052448272705,2.8856213092803955,2.8880226612091064,2.890061378479004,2.89164662361145,2.8927345275878906,2.893296480178833,2.893401861190796,2.8931219577789307,2.8925015926361084,2.891580820083618,2.890392303466797,2.8889732360839844,2.8873493671417236,2.885551691055298,2.8836135864257812,2.881538152694702,2.879340171813965,2.8770453929901123,2.874675750732422,2.872224807739258,2.8696930408477783,2.8670780658721924,2.864412307739258,2.8616931438446045,2.858922243118286,2.8561160564422607,2.8532755374908447,2.8504669666290283,2.847702980041504,2.8449649810791016,2.8422586917877197,2.8395423889160156,2.8368570804595947,2.8342196941375732,2.8316166400909424,2.8290417194366455,2.826462984085083,10.800000190734863
313,2.782031297683716,2.7796871662139893,2.777338743209839,2.775003433227539,2.772674560546875,2.7703473567962646,2.7679996490478516,2.7656564712524414,2.7633230686187744,2.76100754737854,2.758737802505493,2.7565088272094727,2.754318952560425,2.7521514892578125,2.7500219345092773,2.7479498386383057,2.745962381362915,2.744065523147583,2.7422568798065186,2.7405383586883545,2.7388784885406494,2.7372982501983643,2.7357749938964844,2.734309434890747,2.7328760623931885,2.731480360031128,2.7301323413848877,2.7288057804107666,2.727458953857422,2.7260494232177734,2.7245376110076904,2.72290301322937,2.7211220264434814,2.7192211151123047,2.717211961746216,2.715108871459961,2.7129037380218506,2.710606575012207,2.7083046436309814,2.7060375213623047,2.703770875930786,2.701449394226074,2.699073553085327,2.69671893119812,2.694554567337036,2.6926069259643555,2.690882921218872,2.6893036365509033,2.6878821849823,2.6866953372955322,2.6858291625976562,2.685291290283203,2.685070753097534,2.6851587295532227,2.6855239868164062,2.6861441135406494,2.6869964599609375,2.6880722045898438,2.6893818378448486,2.6908814907073975,2.692540407180786,2.69429087638855,2.6960277557373047,2.6976606845855713,2.69912052154541,2.7003355026245117,2.7012293338775635,2.7017834186553955,2.701979398727417,2.7018625736236572,2.701441764831543,2.700773239135742,2.699875831604004,2.69877552986145,2.697519302368164,2.6961052417755127,2.6945598125457764,2.692883253097534,2.691131591796875,2.689310073852539,2.687413454055786,2.6854465007781982,2.683417320251465,2.6813220977783203,2.6791343688964844,2.6768929958343506,2.6746418476104736,2.672391176223755,2.6701033115386963,2.6677839756011963,2.6654715538024902,2.6631546020507812,2.6608402729034424,2.6585302352905273,2.656262159347534,2.654026985168457,2.6518328189849854,2.6496670246124268,2.647481679916382,2.6452672481536865,10.800000190734863
314,2.7924461364746094,2.7898900508880615,2.7873356342315674,2.7847862243652344,2.7822322845458984,2.7796812057495117,2.777137041091919,2.774611234664917,2.77213454246521,2.7696845531463623,2.7672579288482666,2.764868974685669,2.76251220703125,2.7602245807647705,2.757993698120117,2.7558372020721436,2.7537853717803955,2.751837968826294,2.7499828338623047,2.748225450515747,2.746535301208496,2.7449254989624023,2.7433812618255615,2.741901397705078,2.7404868602752686,2.739122152328491,2.7378005981445312,2.7365102767944336,2.7351791858673096,2.733757972717285,2.732213020324707,2.7305405139923096,2.7287375926971436,2.7267932891845703,2.724703550338745,2.7224934101104736,2.7201709747314453,2.71777606010437,2.7153568267822266,2.7129697799682617,2.710545778274536,2.7080485820770264,2.7055013179779053,2.703028440475464,2.700758695602417,2.698737859725952,2.6969516277313232,2.6953389644622803,2.693932294845581,2.6928298473358154,2.692110776901245,2.691772222518921,2.6917800903320312,2.692121744155884,2.6927759647369385,2.6937358379364014,2.6949808597564697,2.6964874267578125,2.6982414722442627,2.7002298831939697,2.7023751735687256,2.7045962810516357,2.706782341003418,2.708876371383667,2.7107675075531006,2.7123515605926514,2.7135579586029053,2.7143638134002686,2.714770555496216,2.714780569076538,2.714456558227539,2.7138569355010986,2.7130165100097656,2.7119362354278564,2.7106714248657227,2.7092554569244385,2.707707643508911,2.7060139179229736,2.7042064666748047,2.702324867248535,2.700371026992798,2.698345422744751,2.696230173110962,2.6940479278564453,2.6918084621429443,2.6895411014556885,2.687229871749878,2.6848719120025635,2.682497024536133,2.680103063583374,2.6777122020721436,2.675325393676758,2.672955274581909,2.670614242553711,2.6682894229888916,2.665996789932251,2.663740634918213,2.661511182785034,2.6592795848846436,2.6570003032684326,10.800000190734863
315,2.9651565551757812,2.9621264934539795,2.9591119289398193,2.9560859203338623,2.95306658744812,2.9500715732574463,2.947089433670044,2.9441864490509033,2.941330909729004,2.9385149478912354,2.9357500076293945,2.933046340942383,2.9304001331329346,2.927821397781372,2.9253368377685547,2.922985315322876,2.920761823654175,2.9186646938323975,2.916700601577759,2.914884567260742,2.913189649581909,2.9115960597991943,2.910127639770508,2.9087727069854736,2.907517194747925,2.9063034057617188,2.905155897140503,2.904031991958618,2.9028608798980713,2.9015700817108154,2.9001071453094482,2.898481607437134,2.8966445922851562,2.894582748413086,2.89229416847229,2.889810800552368,2.887136459350586,2.8843157291412354,2.881394386291504,2.878472328186035,2.875537157058716,2.872593641281128,2.8696298599243164,2.8667125701904297,2.864018678665161,2.8616626262664795,2.8596248626708984,2.857844352722168,2.8563454151153564,2.855255126953125,2.8546860218048096,2.854656219482422,2.855140447616577,2.856100082397461,2.8575198650360107,2.859333038330078,2.8615121841430664,2.864074468612671,2.8669910430908203,2.870229482650757,2.873694658279419,2.8772754669189453,2.8808677196502686,2.8843212127685547,2.8874900341033936,2.8902270793914795,2.892444610595703,2.8941028118133545,2.8951685428619385,2.895655393600464,2.895613431930542,2.895127058029175,2.8942759037017822,2.8930957317352295,2.8916380405426025,2.889932870864868,2.8879849910736084,2.8858470916748047,2.8835365772247314,2.8810741901397705,2.878464460372925,2.875746488571167,2.872938394546509,2.8700387477874756,2.8670337200164795,2.863926649093628,2.8607254028320312,2.8574771881103516,2.854199171066284,2.8509294986724854,2.847642183303833,2.844345808029175,2.8410513401031494,2.837747573852539,2.8344924449920654,2.8313095569610596,2.828221082687378,2.825157880783081,2.82208514213562,2.8190109729766846,10.899999618530273
316,3.0980918407440186,3.0950183868408203,3.0919086933135986,3.088777542114258,3.0856094360351562,3.0824222564697266,3.079272508621216,3.076129674911499,3.073002576828003,3.0699145793914795,3.0668373107910156,3.0637950897216797,3.0608036518096924,3.057854413986206,3.0550079345703125,3.0522565841674805,3.049586296081543,3.047020673751831,3.0445668697357178,3.0422279834747314,3.040010690689087,3.03790545463562,3.0359067916870117,3.0339975357055664,3.0321295261383057,3.0302889347076416,3.028512716293335,3.026747703552246,3.0249509811401367,3.0230703353881836,3.021064043045044,3.018857002258301,3.016474723815918,3.013902425765991,3.011129140853882,3.008161783218384,3.005033254623413,3.001847982406616,2.998643159866333,2.995419502258301,2.992147207260132,2.988835334777832,2.9855291843414307,2.9823169708251953,2.9793167114257812,2.976633071899414,2.974247694015503,2.9721181392669678,2.970257043838501,2.9687492847442627,2.9676809310913086,2.9670674800872803,2.966902494430542,2.967198610305786,2.967930555343628,2.9690160751342773,2.9704058170318604,2.9720981121063232,2.9740381240844727,2.976217269897461,2.978567361831665,2.9810473918914795,2.9835550785064697,2.9859447479248047,2.98809552192688,2.989870309829712,2.991164207458496,2.9919350147247314,2.9922068119049072,2.992067337036133,2.991553544998169,2.9906797409057617,2.989516258239746,2.9880666732788086,2.986384391784668,2.9844436645507812,2.98232364654541,2.9800479412078857,2.9776852130889893,2.9752395153045654,2.9727230072021484,2.9700939655303955,2.967318296432495,2.9644088745117188,2.961430311203003,2.958451986312866,2.955427885055542,2.952373504638672,2.9492828845977783,2.9461829662323,2.943056344985962,2.9399020671844482,2.9367427825927734,2.933612108230591,2.9305524826049805,2.927577018737793,2.9246327877044678,2.9216578006744385,2.918661117553711,2.915644407272339,10.899999618530273
317,3.000138282775879,2.9973275661468506,2.9944913387298584,2.991652488708496,2.988805055618286,2.9859373569488525,2.9830715656280518,2.980255126953125,2.9774577617645264,2.9747142791748047,2.9720020294189453,2.9693126678466797,2.966695785522461,2.9641330242156982,2.9616458415985107,2.959233283996582,2.9569263458251953,2.9547595977783203,2.9527242183685303,2.9508230686187744,2.9490299224853516,2.947338819503784,2.9457714557647705,2.944288969039917,2.9428770542144775,2.941514730453491,2.9401886463165283,2.938887357711792,2.937567710876465,2.9361484050750732,2.934579849243164,2.932807207107544,2.93080997467041,2.928574323654175,2.9261372089385986,2.923513650894165,2.920719861984253,2.9177844524383545,2.9147777557373047,2.911745071411133,2.9086873531341553,2.905580520629883,2.9024412631988525,2.8993873596191406,2.8965423107147217,2.8940229415893555,2.891796112060547,2.889838457107544,2.8881568908691406,2.886848211288452,2.8860366344451904,2.8857243061065674,2.8859119415283203,2.886577606201172,2.8876867294311523,2.889209032058716,2.8910627365112305,2.8932273387908936,2.895704507827759,2.8984711170196533,2.9014623165130615,2.9045979976654053,2.9077444076538086,2.910745859146118,2.9134809970855713,2.915807008743286,2.91766357421875,2.9189443588256836,2.919672966003418,2.91989803314209,2.919656753540039,2.9190168380737305,2.918027877807617,2.916701316833496,2.9151089191436768,2.9132893085479736,2.911269426345825,2.909078598022461,2.9067161083221436,2.9042422771453857,2.90164852142334,2.898949384689331,2.8961238861083984,2.893183708190918,2.89011287689209,2.887009382247925,2.883878707885742,2.8806867599487305,2.8774337768554688,2.874112129211426,2.8708112239837646,2.8674774169921875,2.864154815673828,2.8608360290527344,2.857553243637085,2.8543195724487305,2.8511321544647217,2.847978353500366,2.844820737838745,2.841668128967285,10.899999618530273
318,2.872480630874634,2.8698976039886475,2.8673207759857178,2.8647232055664062,2.862133026123047,2.8595502376556396,2.856975555419922,2.8544044494628906,2.8518598079681396,2.849346160888672,2.846869468688965,2.844431161880493,2.842031478881836,2.8396971225738525,2.837465286254883,2.835317611694336,2.8332560062408447,2.8312828540802,2.829421281814575,2.8276774883270264,2.826037645339966,2.8244845867156982,2.823004961013794,2.8216075897216797,2.820280075073242,2.8190181255340576,2.8178088665008545,2.8165805339813232,2.815309524536133,2.813931465148926,2.8124256134033203,2.8107569217681885,2.8089005947113037,2.806877851486206,2.804698944091797,2.8023784160614014,2.799921751022339,2.79736590385437,2.794771194458008,2.7921650409698486,2.7895286083221436,2.7868239879608154,2.7840702533721924,2.781435012817383,2.779033899307251,2.7769315242767334,2.775087356567383,2.773442268371582,2.772047758102417,2.7709999084472656,2.770360231399536,2.7701776027679443,2.770430564880371,2.7710907459259033,2.7721192836761475,2.7734591960906982,2.77510142326355,2.777053117752075,2.7792978286743164,2.7817866802215576,2.784447431564331,2.787214994430542,2.789973258972168,2.7925775051116943,2.7949254512786865,2.796907424926758,2.7984750270843506,2.799583673477173,2.80022931098938,2.800440788269043,2.800246238708496,2.7997028827667236,2.7988433837890625,2.797722578048706,2.7963898181915283,2.7948615550994873,2.793163299560547,2.79132080078125,2.789372205734253,2.7873010635375977,2.785120725631714,2.782853126525879,2.780484437942505,2.778024673461914,2.7754948139190674,2.7729148864746094,2.770291328430176,2.767589569091797,2.764850378036499,2.7620983123779297,2.759355306625366,2.7566311359405518,2.753918409347534,2.7512266635894775,2.748552083969116,2.7458903789520264,2.743269681930542,2.7406723499298096,2.7380664348602295,2.735494375228882,10.899999618530273
319,2.909398078918457,2.9069087505340576,2.904383659362793,2.901834487915039,2.8992841243743896,2.8967552185058594,2.894254684448242,2.8917720317840576,2.8892650604248047,2.886761426925659,2.884286880493164,2.8818461894989014,2.879465103149414,2.877169370651245,2.874948740005493,2.8728301525115967,2.8707759380340576,2.8688061237335205,2.866941213607788,2.8651816844940186,2.863539457321167,2.8620145320892334,2.8605639934539795,2.8591725826263428,2.857823610305786,2.856520891189575,2.855269432067871,2.8540172576904297,2.8527536392211914,2.8514182567596436,2.8499629497528076,2.848318099975586,2.8464765548706055,2.8444368839263916,2.8422393798828125,2.8398654460906982,2.8373756408691406,2.834808111190796,2.832195997238159,2.829568862915039,2.8269031047821045,2.8241474628448486,2.8213577270507812,2.8186376094818115,2.8161556720733643,2.8139874935150146,2.812086343765259,2.810399055480957,2.8089396953582764,2.8078153133392334,2.8071250915527344,2.80688214302063,2.807058572769165,2.8076698780059814,2.808656692504883,2.809954881668091,2.8115556240081787,2.813452959060669,2.815631866455078,2.818065881729126,2.820690870285034,2.8234245777130127,2.8261425495147705,2.8287248611450195,2.8310508728027344,2.8330204486846924,2.834556818008423,2.835622787475586,2.836228370666504,2.8364012241363525,2.836196184158325,2.835651397705078,2.834796905517578,2.8336665630340576,2.832289457321167,2.8307220935821533,2.8289973735809326,2.8271408081054688,2.8251616954803467,2.8230972290039062,2.8209362030029297,2.8186721801757812,2.816288948059082,2.8138160705566406,2.811277389526367,2.8086957931518555,2.8060922622680664,2.803447961807251,2.800764799118042,2.7980587482452393,2.7953402996063232,2.7926104068756104,2.789910316467285,2.787242889404297,2.7846155166625977,2.7820136547088623,2.779431104660034,2.776869773864746,2.7743072509765625,2.7717678546905518,10.899999618530273
320,2.90556263923645,2.9031383991241455,2.9006903171539307,2.8982276916503906,2.895756483078003,2.893303155899048,2.890883207321167,2.8884646892547607,2.8861024379730225,2.8837616443634033,2.881434679031372,2.8791415691375732,2.8769047260284424,2.8747365474700928,2.8726539611816406,2.8706352710723877,2.8687002658843994,2.8668735027313232,2.8651485443115234,2.8635365962982178,2.8620307445526123,2.8606481552124023,2.8593623638153076,2.8581254482269287,2.8569419384002686,2.8557748794555664,2.854628801345825,2.853501558303833,2.8523457050323486,2.8511407375335693,2.8498222827911377,2.8483095169067383,2.846590757369995,2.844682455062866,2.842613458633423,2.840379476547241,2.837991952896118,2.835517168045044,2.8330190181732178,2.83052659034729,2.8279895782470703,2.8254048824310303,2.8227882385253906,2.820232629776001,2.817869186401367,2.8158071041107178,2.8140363693237305,2.8124773502349854,2.8111422061920166,2.810124158859253,2.8095245361328125,2.8093535900115967,2.8096139430999756,2.8102922439575195,2.811365842819214,2.812767744064331,2.8144614696502686,2.816426992416382,2.818662643432617,2.8211491107940674,2.823828935623169,2.826615571975708,2.8294260501861572,2.832104444503784,2.8345296382904053,2.8365697860717773,2.8381729125976562,2.839306116104126,2.83994460105896,2.840163230895996,2.8400087356567383,2.8395042419433594,2.8386800289154053,2.837554693222046,2.836200475692749,2.83463454246521,2.8328802585601807,2.830979108810425,2.8289639949798584,2.8268566131591797,2.824660062789917,2.822361946105957,2.8199336528778076,2.817397117614746,2.814791440963745,2.812119722366333,2.809406042098999,2.806674003601074,2.8039138317108154,2.801124334335327,2.798274040222168,2.795426607131958,2.7926082611083984,2.789804458618164,2.7870559692382812,2.7843551635742188,2.781694173812866,2.7790143489837646,2.776324510574341,2.773648500442505,10.899999618530273
321,2.9135963916778564,2.9108030796051025,2.9079840183258057,2.905144453048706,2.902306318283081,2.899461030960083,2.8966357707977295,2.893824577331543,2.8910467624664307,2.8883216381073,2.885617971420288,2.8829538822174072,2.8803093433380127,2.8777246475219727,2.875209093093872,2.872776746749878,2.870422124862671,2.8681640625,2.865999937057495,2.863940477371216,2.861971616744995,2.8601138591766357,2.858342409133911,2.856656312942505,2.8550312519073486,2.8534677028656006,2.851947784423828,2.850442886352539,2.8489062786102295,2.847306489944458,2.8455889225006104,2.843740463256836,2.8417413234710693,2.8395659923553467,2.8372223377227783,2.834728240966797,2.8320958614349365,2.82936692237854,2.82660174369812,2.823841094970703,2.8210837841033936,2.818311929702759,2.815504312515259,2.812741279602051,2.81014347076416,2.8078136444091797,2.805748224258423,2.8039066791534424,2.802309036254883,2.801011323928833,2.800100564956665,2.799574613571167,2.7994706630706787,2.7997753620147705,2.8004276752471924,2.8014049530029297,2.802668809890747,2.8042068481445312,2.8059747219085693,2.807945489883423,2.8100969791412354,2.8123667240142822,2.814659833908081,2.8168745040893555,2.818887948989868,2.820573091506958,2.8218371868133545,2.822655439376831,2.823024034500122,2.8229963779449463,2.8226146697998047,2.8219220638275146,2.8209524154663086,2.819749593734741,2.8183257579803467,2.8166866302490234,2.8148810863494873,2.8129374980926514,2.810896635055542,2.8087730407714844,2.8065316677093506,2.804180145263672,2.801743745803833,2.7992334365844727,2.796680450439453,2.794048309326172,2.7913730144500732,2.788668394088745,2.7859413623809814,2.7831780910491943,2.780388832092285,2.777606248855591,2.77484393119812,2.772130250930786,2.7694475650787354,2.7667934894561768,2.764155626296997,2.761528253555298,2.758931875228882,2.7563321590423584,11.0
322,2.8623573780059814,2.859386444091797,2.856394052505493,2.853431463241577,2.8504886627197266,2.8475582599639893,2.844635009765625,2.841717004776001,2.8387959003448486,2.8358871936798096,2.8329851627349854,2.8301172256469727,2.8273112773895264,2.824570655822754,2.8218834400177,2.819274663925171,2.816728353500366,2.8142740726470947,2.81191349029541,2.8096206188201904,2.8074376583099365,2.8053390979766846,2.803309202194214,2.8013458251953125,2.7994182109832764,2.7975263595581055,2.7956838607788086,2.7938601970672607,2.7920749187469482,2.7902228832244873,2.7882680892944336,2.7861850261688232,2.7839744091033936,2.78165340423584,2.779207229614258,2.7766644954681396,2.774043321609497,2.7713871002197266,2.7687225341796875,2.766071081161499,2.763394594192505,2.760645627975464,2.757849931716919,2.7551097869873047,2.752570390701294,2.750307083129883,2.7482612133026123,2.746365547180176,2.744641065597534,2.7431800365448,2.7420666217803955,2.741295576095581,2.740856885910034,2.7407238483428955,2.74090313911438,2.7413322925567627,2.741992235183716,2.7428977489471436,2.7440176010131836,2.7453572750091553,2.746870279312134,2.7484524250030518,2.7500293254852295,2.751490354537964,2.752793550491333,2.7538528442382812,2.75459361076355,2.7549915313720703,2.7550573348999023,2.754800796508789,2.7542526721954346,2.753437042236328,2.752401351928711,2.75115966796875,2.7497475147247314,2.748178720474243,2.7464897632598877,2.7446882724761963,2.7428081035614014,2.7408599853515625,2.7388477325439453,2.736760139465332,2.734576463699341,2.732323408126831,2.730030059814453,2.7277109622955322,2.725334882736206,2.72294020652771,2.7205307483673096,2.7181122303009033,2.715674638748169,2.7132434844970703,2.710840940475464,2.7084341049194336,2.7060458660125732,2.703690528869629,2.701390027999878,2.69909405708313,2.6967809200286865,2.694455146789551,11.0
323,2.8203952312469482,2.8177850246429443,2.8151843547821045,2.812589645385742,2.809988260269165,2.8073785305023193,2.8047726154327393,2.8022022247314453,2.799647092819214,2.797109603881836,2.794591188430786,2.792114019393921,2.789689064025879,2.787327527999878,2.7850189208984375,2.782773017883301,2.7806167602539062,2.778566360473633,2.7766411304473877,2.774815797805786,2.773078203201294,2.7714121341705322,2.769817590713501,2.76830792427063,2.766866683959961,2.765483856201172,2.7641236782073975,2.7627789974212646,2.7614176273345947,2.75997257232666,2.7584011554718018,2.756664514541626,2.7547786235809326,2.752746343612671,2.7505581378936768,2.7482502460479736,2.745807409286499,2.7432851791381836,2.740738868713379,2.738177537918091,2.7355949878692627,2.732975959777832,2.7303121089935303,2.7277109622955322,2.725313186645508,2.723212242126465,2.7213478088378906,2.7196645736694336,2.7181758880615234,2.717020273208618,2.7162749767303467,2.715916395187378,2.7159242630004883,2.716289520263672,2.7170190811157227,2.7180559635162354,2.7193620204925537,2.720933675765991,2.722766160964966,2.7248430252075195,2.727102518081665,2.7294387817382812,2.731771230697632,2.7339837551116943,2.735994577407837,2.7377090454101562,2.739056348800659,2.7399699687957764,2.740434408187866,2.7404987812042236,2.740192413330078,2.7395687103271484,2.73866868019104,2.7375400066375732,2.7362098693847656,2.7346842288970947,2.733016014099121,2.731210470199585,2.7292823791503906,2.727243185043335,2.725109815597534,2.722909927368164,2.7206265926361084,2.7182483673095703,2.7157790660858154,2.713250160217285,2.710684061050415,2.70808482170105,2.7054576873779297,2.702814817428589,2.7001638412475586,2.6975295543670654,2.694878339767456,2.6922433376312256,2.6896133422851562,2.687006711959839,2.684467315673828,2.6819474697113037,2.679448366165161,2.6769301891326904,11.0
324,2.746751070022583,2.744368553161621,2.741999864578247,2.7396552562713623,2.7373151779174805,2.7349531650543213,2.732598066329956,2.7302587032318115,2.727933168411255,2.725640296936035,2.7233726978302,2.7211475372314453,2.718982458114624,2.7168591022491455,2.714775800704956,2.712754487991333,2.7107975482940674,2.7089357376098633,2.707165479660034,2.705453872680664,2.703829765319824,2.7023041248321533,2.700880765914917,2.6995022296905518,2.6981399059295654,2.696803331375122,2.6955089569091797,2.694239377975464,2.6929543018341064,2.6916067600250244,2.6901538372039795,2.688577890396118,2.6868896484375,2.6851158142089844,2.683232069015503,2.6812355518341064,2.67912220954895,2.6769473552703857,2.674776077270508,2.672614097595215,2.6704413890838623,2.668198585510254,2.665895462036133,2.663654088973999,2.6616017818450928,2.659813165664673,2.658219814300537,2.656757354736328,2.655435800552368,2.6543781757354736,2.6536366939544678,2.6532318592071533,2.6531431674957275,2.6533584594726562,2.6538615226745605,2.654609441757202,2.655559539794922,2.6567275524139404,2.658094644546509,2.659665822982788,2.661395311355591,2.6631858348846436,2.664992332458496,2.666715383529663,2.6682651042938232,2.6695611476898193,2.6705322265625,2.671172857284546,2.6714630126953125,2.671443223953247,2.671151876449585,2.6706016063690186,2.6698200702667236,2.6688435077667236,2.6677112579345703,2.66644287109375,2.665029764175415,2.6635024547576904,2.661885976791382,2.660205125808716,2.658449649810791,2.65661883354187,2.654714822769165,2.652728796005249,2.6506898403167725,2.648627996444702,2.6465466022491455,2.6444246768951416,2.6422669887542725,2.640080690383911,2.637889862060547,2.6357076168060303,2.6335179805755615,2.631350040435791,2.629218816757202,2.627113103866577,2.625030755996704,2.6229360103607178,2.620847225189209,2.618727684020996,11.0
325,2.800022840499878,2.797825574874878,2.7956149578094482,2.793402671813965,2.791179656982422,2.7889556884765625,2.7867298126220703,2.784536361694336,2.782355308532715,2.7802016735076904,2.7780649662017822,2.775956392288208,2.773881196975708,2.7718522548675537,2.7698822021484375,2.76798939704895,2.7661664485931396,2.764430046081543,2.7627718448638916,2.761207342147827,2.759737730026245,2.7583534717559814,2.757039785385132,2.7557713985443115,2.754545211791992,2.7533721923828125,2.7522478103637695,2.751145601272583,2.750019073486328,2.7488043308258057,2.7474782466888428,2.746034860610962,2.7444515228271484,2.7427196502685547,2.7408249378204346,2.7387943267822266,2.7366695404052734,2.734487771987915,2.732248544692993,2.729994535446167,2.7277262210845947,2.725426435470581,2.7230565547943115,2.7207231521606445,2.718567132949829,2.7166872024536133,2.715024948120117,2.713515043258667,2.712172269821167,2.7111198902130127,2.7104265689849854,2.710082769393921,2.7100942134857178,2.710442304611206,2.711106538772583,2.712040662765503,2.713233232498169,2.714686632156372,2.716387987136841,2.7182981967926025,2.72037672996521,2.7225723266601562,2.72477650642395,2.7268784046173096,2.728787660598755,2.730438232421875,2.7317402362823486,2.732642412185669,2.7331578731536865,2.733314275741577,2.7331485748291016,2.732691526412964,2.731985330581665,2.7310593128204346,2.7299137115478516,2.7285642623901367,2.7270781993865967,2.725478410720825,2.723771095275879,2.7219648361206055,2.720082998275757,2.718126058578491,2.716069221496582,2.713944673538208,2.711749792098999,2.7095110416412354,2.7072155475616455,2.7048885822296143,2.7025506496429443,2.7002041339874268,2.6978390216827393,2.6954352855682373,2.693037748336792,2.690657377243042,2.6883106231689453,2.685999870300293,2.6837093830108643,2.681443929672241,2.6791725158691406,2.67688250541687,11.0
326,3.015700101852417,3.012880325317383,3.010047197341919,3.0072057247161865,3.0043694972991943,3.0015296936035156,2.9986989498138428,2.995899200439453,2.9931557178497314,2.9904890060424805,2.987842559814453,2.9852075576782227,2.982619047164917,2.9800796508789062,2.9776437282562256,2.975308656692505,2.9730911254882812,2.9710094928741455,2.9690611362457275,2.9672224521636963,2.9654712677001953,2.9637811183929443,2.962190628051758,2.9607150554656982,2.9593346118927,2.9580183029174805,2.9567348957061768,2.9554355144500732,2.95407772064209,2.952599287033081,2.9509899616241455,2.949244260787964,2.9473044872283936,2.945159912109375,2.942824125289917,2.9402997493743896,2.937608003616333,2.9347774982452393,2.9319026470184326,2.9290523529052734,2.926196336746216,2.9233129024505615,2.920393705368042,2.9175291061401367,2.914858818054199,2.9124832153320312,2.9103896617889404,2.9085400104522705,2.9069786071777344,2.90580677986145,2.905087471008301,2.9048244953155518,2.904974937438965,2.9055306911468506,2.9065093994140625,2.907884359359741,2.909637689590454,2.911708116531372,2.9140732288360596,2.9166982173919678,2.9195117950439453,2.9223947525024414,2.9252536296844482,2.927994728088379,2.930511474609375,2.9326553344726562,2.934314727783203,2.9354047775268555,2.935932159423828,2.9359471797943115,2.9355573654174805,2.934843063354492,2.933837652206421,2.9325506687164307,2.9309985637664795,2.9292171001434326,2.927210807800293,2.9250094890594482,2.922684669494629,2.920315742492676,2.9178736209869385,2.915327787399292,2.9126698970794678,2.9098780155181885,2.9069652557373047,2.9039289951324463,2.9008913040161133,2.897895097732544,2.894890546798706,2.891876459121704,2.888821840286255,2.885751485824585,2.882662773132324,2.8795716762542725,2.876551866531372,2.873626708984375,2.8707845211029053,2.867968797683716,2.8650925159454346,2.862168550491333,11.0
327,2.8233108520507812,2.8209073543548584,2.818485975265503,2.8160438537597656,2.8135907649993896,2.811150312423706,2.808732032775879,2.806328773498535,2.803934335708618,2.8015193939208984,2.799143075942993,2.7968273162841797,2.794545888900757,2.79231333732605,2.7901346683502197,2.7880208492279053,2.7860119342803955,2.7840802669525146,2.782242774963379,2.780493974685669,2.778829574584961,2.7772762775421143,2.7758214473724365,2.774395704269409,2.7729969024658203,2.7716434001922607,2.7703330516815186,2.769029378890991,2.767700433731079,2.7663028240203857,2.7647926807403564,2.7631359100341797,2.761293411254883,2.7592875957489014,2.757141351699829,2.7548704147338867,2.7525055408477783,2.7500698566436768,2.747612237930298,2.7451283931732178,2.742607831954956,2.7400131225585938,2.737407684326172,2.7348928451538086,2.7325870990753174,2.7305469512939453,2.7287425994873047,2.727126359939575,2.7257120609283447,2.7245895862579346,2.723828077316284,2.7234714031219482,2.723500967025757,2.7238852977752686,2.7245981693267822,2.725602388381958,2.7268683910369873,2.7284042835235596,2.7301864624023438,2.7321908473968506,2.734379529953003,2.7366724014282227,2.7389700412750244,2.7411434650421143,2.743067741394043,2.7446606159210205,2.7458629608154297,2.746662139892578,2.747065782546997,2.747079849243164,2.746751070022583,2.7461249828338623,2.7452261447906494,2.7440757751464844,2.742704153060913,2.7411859035491943,2.7395193576812744,2.7377350330352783,2.7358319759368896,2.733839988708496,2.7317354679107666,2.7295358180999756,2.727266550064087,2.7249252796173096,2.7225141525268555,2.7200734615325928,2.7176272869110107,2.7151405811309814,2.7125940322875977,2.7100210189819336,2.707458734512329,2.7049148082733154,2.702401876449585,2.699915647506714,2.6974923610687256,2.695068359375,2.6926679611206055,2.6902477741241455,2.687849998474121,2.685476541519165,11.0
328,2.7576801776885986,2.7554702758789062,2.753236770629883,2.750986099243164,2.7487294673919678,2.7465016841888428,2.744267225265503,2.742037534713745,2.7397854328155518,2.7375543117523193,2.7353880405426025,2.733274221420288,2.7311830520629883,2.7291324138641357,2.7271382808685303,2.725205421447754,2.723332643508911,2.7215394973754883,2.7198638916015625,2.7183120250701904,2.7168538570404053,2.715465784072876,2.7141401767730713,2.712860107421875,2.7116425037384033,2.710468053817749,2.709326982498169,2.708216667175293,2.707080602645874,2.705876350402832,2.7045440673828125,2.7030484676361084,2.701390266418457,2.6995747089385986,2.6975936889648438,2.69547963142395,2.6932544708251953,2.690922498703003,2.6885297298431396,2.6861019134521484,2.6836559772491455,2.68121600151062,2.6787750720977783,2.676379919052124,2.6741411685943604,2.672154426574707,2.6704094409942627,2.6688435077667236,2.6674845218658447,2.6664369106292725,2.665776014328003,2.665515422821045,2.6656572818756104,2.6661746501922607,2.6670072078704834,2.668100118637085,2.669462203979492,2.671086311340332,2.672959566116333,2.67505145072937,2.677319288253784,2.6796915531158447,2.6820459365844727,2.684257745742798,2.6862480640411377,2.68792986869812,2.6892502307891846,2.690148115158081,2.6906063556671143,2.690666913986206,2.6903560161590576,2.689729928970337,2.6888267993927,2.687697649002075,2.6863651275634766,2.6848506927490234,2.6831958293914795,2.6814019680023193,2.6794681549072266,2.677421808242798,2.6752889156341553,2.673110008239746,2.670844316482544,2.668482542037964,2.666036605834961,2.6635096073150635,2.660944700241089,2.6583430767059326,2.6557209491729736,2.6530838012695312,2.650426149368286,2.6477506160736084,2.645078420639038,2.6424243450164795,2.6397879123687744,2.637193441390991,2.634655714035034,2.632143259048462,2.629620313644409,2.627077102661133,11.0
329,2.8598334789276123,2.8573837280273438,2.8549282550811768,2.8524692058563232,2.8500449657440186,2.847618341445923,2.845195770263672,2.842773199081421,2.840372323989868,2.8379766941070557,2.8356335163116455,2.8333137035369873,2.8310468196868896,2.8288280963897705,2.826671600341797,2.8245842456817627,2.8225772380828857,2.8206560611724854,2.8188445568084717,2.8171374797821045,2.8155252933502197,2.8139877319335938,2.8125219345092773,2.8111140727996826,2.809743881225586,2.808405637741089,2.807098627090454,2.805807113647461,2.8044745922088623,2.8030755519866943,2.801553726196289,2.7998790740966797,2.7980499267578125,2.7960383892059326,2.7939014434814453,2.791644334793091,2.7892818450927734,2.7868564128875732,2.7844173908233643,2.7819652557373047,2.7794811725616455,2.7769181728363037,2.774333953857422,2.7718517780303955,2.7696075439453125,2.7676479816436768,2.7659168243408203,2.7643260955810547,2.762936592102051,2.761859655380249,2.7611606121063232,2.76086163520813,2.7609481811523438,2.7614126205444336,2.7621872425079346,2.763221502304077,2.7645339965820312,2.7661073207855225,2.7679202556610107,2.769958734512329,2.772172689437866,2.7744815349578857,2.776745557785034,2.778825521469116,2.7806451320648193,2.782155752182007,2.7832858562469482,2.784008741378784,2.784318685531616,2.784266233444214,2.783888101577759,2.78320050239563,2.782238006591797,2.7810373306274414,2.7796571254730225,2.778141736984253,2.7765159606933594,2.774770736694336,2.772897958755493,2.770907163619995,2.768842935562134,2.7667112350463867,2.7645151615142822,2.762247323989868,2.75992488861084,2.757556915283203,2.75516414642334,2.7527456283569336,2.7502880096435547,2.747817039489746,2.74533748626709,2.742887258529663,2.74044132232666,2.7380120754241943,2.7356185913085938,2.733264207839966,2.7309560775756836,2.728658437728882,2.726364850997925,2.7240426540374756,11.029999732971191
330,3.0770263671875,3.0739402770996094,3.070871114730835,3.067800283432007,3.064764976501465,3.06172776222229,3.058697462081909,3.0557098388671875,3.0527327060699463,3.049802780151367,3.0469398498535156,3.044133424758911,3.041400194168091,3.0387532711029053,3.03619122505188,3.0337648391723633,3.0314464569091797,3.0292279720306396,3.027147054672241,3.025236129760742,3.023467779159546,3.0218162536621094,3.020254373550415,3.018794059753418,3.0174190998077393,3.016097068786621,3.014822006225586,3.0135765075683594,3.0122978687286377,3.010923147201538,3.0093700885772705,3.007598638534546,3.0055835247039795,3.0033490657806396,3.0008935928344727,2.9982388019561768,2.9954097270965576,2.992471694946289,2.9894816875457764,2.986452341079712,2.983369827270508,2.980238914489746,2.977112054824829,2.9741032123565674,2.97135066986084,2.9689226150512695,2.9668025970458984,2.9649505615234375,2.963409423828125,2.962296724319458,2.961726427078247,2.9616758823394775,2.962175130844116,2.963209390640259,2.9646809101104736,2.9665305614471436,2.9687249660491943,2.9712820053100586,2.9742043018341064,2.9774246215820312,2.9808619022369385,2.984421730041504,2.9879772663116455,2.991392135620117,2.9944732189178467,2.9971091747283936,2.99922776222229,3.0007896423339844,3.00179386138916,3.0022494792938232,3.00223445892334,3.0017688274383545,3.0009357929229736,2.9997622966766357,2.9983131885528564,2.996666193008423,2.994823694229126,2.9927775859832764,2.990521192550659,2.988142728805542,2.985661268234253,2.983060121536255,2.9803388118743896,2.9775326251983643,2.974660873413086,2.971694231033325,2.9686439037323,2.96551775932312,2.962329149246216,2.9591286182403564,2.9559519290924072,2.9527995586395264,2.9496700763702393,2.9465513229370117,2.9434404373168945,2.940356969833374,2.9373137950897217,2.934328317642212,2.93135666847229,2.928385019302368,11.100000381469727
331,2.7198591232299805,2.7178852558135986,2.7159202098846436,2.7139437198638916,2.711944580078125,2.7099125385284424,2.7078657150268555,2.7058277130126953,2.7038137912750244,2.701827049255371,2.69986891746521,2.697932481765747,2.6960134506225586,2.694124460220337,2.6922829151153564,2.6905128955841064,2.6888229846954346,2.687206268310547,2.685670852661133,2.6841952800750732,2.6827681064605713,2.6813976764678955,2.6800930500030518,2.678875207901001,2.6777150630950928,2.6765871047973633,2.675485849380493,2.674391508102417,2.673250913619995,2.6720283031463623,2.6706926822662354,2.6692676544189453,2.6677238941192627,2.666063070297241,2.664278745651245,2.6623752117156982,2.660367727279663,2.6582658290863037,2.656137228012085,2.654029130935669,2.6519248485565186,2.6497650146484375,2.64754581451416,2.645350456237793,2.6433265209198,2.641545057296753,2.6399900913238525,2.6385743618011475,2.637317419052124,2.6363112926483154,2.6356287002563477,2.635282278060913,2.635232925415039,2.6354687213897705,2.6359872817993164,2.636742353439331,2.6377382278442383,2.6389524936676025,2.6403872966766357,2.642011880874634,2.6437692642211914,2.645592451095581,2.6474010944366455,2.649115800857544,2.6506612300872803,2.651972770690918,2.65297532081604,2.653620719909668,2.6539108753204346,2.65386962890625,2.6535260677337646,2.6529204845428467,2.6521170139312744,2.651136636734009,2.649996519088745,2.64870285987854,2.647271156311035,2.645733594894409,2.6440975666046143,2.642392158508301,2.640615701675415,2.6387808322906494,2.6368749141693115,2.6348865032196045,2.6328485012054443,2.6307790279388428,2.6286747455596924,2.626530408859253,2.6243536472320557,2.622180223464966,2.620004653930664,2.6178224086761475,2.6156399250030518,2.61346173286438,2.611321210861206,2.609208822250366,2.6071395874023438,2.605074167251587,2.602983236312866,2.600862503051758,11.100000381469727
332,3.2055511474609375,3.201350212097168,3.1971139907836914,3.192925214767456,3.1887943744659424,3.184684991836548,3.1805973052978516,3.176555633544922,3.1725704669952393,3.168710708618164,3.1648924350738525,3.161151885986328,3.157525062561035,3.1539690494537354,3.1505517959594727,3.147284507751465,3.1441447734832764,3.1412060260772705,3.138432264328003,3.135835647583008,3.1334142684936523,3.131110191345215,3.128941774368286,3.12689208984375,3.124962091445923,3.123117685317993,3.121320962905884,3.119553327560425,3.1177632808685303,3.1158342361450195,3.1137571334838867,3.1114492416381836,3.1088778972625732,3.106045722961426,3.1029694080352783,3.099672555923462,3.0961806774139404,3.0925302505493164,3.0888254642486572,3.085097312927246,3.0813395977020264,3.0775439739227295,3.0737407207489014,3.070054292678833,3.0666425228118896,3.0636141300201416,3.060960054397583,3.0586090087890625,3.0566341876983643,3.055149793624878,3.05426287651062,3.0539982318878174,3.0543034076690674,3.0551834106445312,3.056570053100586,3.0584309101104736,3.060697555541992,3.0633604526519775,3.0663976669311523,3.069761276245117,3.0733439922332764,3.0770580768585205,3.0807831287384033,3.084299325942993,3.0874431133270264,3.090066909790039,3.0921318531036377,3.0935537815093994,3.0943286418914795,3.094480276107788,3.0940818786621094,3.0932319164276123,3.0920016765594482,3.090402603149414,3.088482618331909,3.086308479309082,3.083906888961792,3.0813443660736084,3.078587770462036,3.0757110118865967,3.0727012157440186,3.069585084915161,3.066328287124634,3.0629332065582275,3.0594568252563477,3.0559027194976807,3.052286148071289,3.0486109256744385,3.044901132583618,3.041163444519043,3.037419080734253,3.0336990356445312,3.0299980640411377,3.026317596435547,3.0226452350616455,3.019049882888794,3.015530824661255,3.0120437145233154,3.0085678100585938,3.0050837993621826,11.100000381469727
333,2.750910997390747,2.748685121536255,2.7464420795440674,2.7442047595977783,2.7419703006744385,2.7397193908691406,2.737476110458374,2.7352683544158936,2.7330830097198486,2.7309210300445557,2.7287585735321045,2.7266151905059814,2.7245280742645264,2.7224740982055664,2.7204949855804443,2.718590497970581,2.716775894165039,2.7150421142578125,2.7133939266204834,2.7118217945098877,2.710329294204712,2.7088985443115234,2.707543134689331,2.7062625885009766,2.705028533935547,2.703839063644409,2.7027013301849365,2.7015883922576904,2.700457811355591,2.6992244720458984,2.6978671550750732,2.696377992630005,2.694744825363159,2.692960023880005,2.691035270690918,2.688995361328125,2.686849355697632,2.68462872505188,2.6823813915252686,2.680149793624878,2.677910566329956,2.6756060123443604,2.673222303390503,2.670881986618042,2.6687326431274414,2.6668548583984375,2.66521954536438,2.6637461185455322,2.662459135055542,2.6614644527435303,2.6608009338378906,2.660496711730957,2.6605119705200195,2.6608524322509766,2.6615240573883057,2.662492275238037,2.6637210845947266,2.6651949882507324,2.6669070720672607,2.668844223022461,2.6709375381469727,2.6731138229370117,2.675274610519409,2.677335500717163,2.679208755493164,2.6808173656463623,2.682088613510132,2.6829659938812256,2.6834468841552734,2.6835641860961914,2.683367967605591,2.6828975677490234,2.682171583175659,2.681203842163086,2.680025815963745,2.678682565689087,2.677187919616699,2.6755800247192383,2.6738622188568115,2.672084093093872,2.670231580734253,2.668292760848999,2.6662657260894775,2.664132595062256,2.6619253158569336,2.6596591472625732,2.657382011413574,2.6550793647766113,2.652740955352783,2.650381326675415,2.648029327392578,2.6456711292266846,2.643296480178833,2.640913724899292,2.638566017150879,2.636268377304077,2.633999824523926,2.6317474842071533,2.6294901371002197,2.627246618270874,11.100000381469727
334,3.004138231277466,3.000730514526367,2.997354745864868,2.9939937591552734,2.9906423091888428,2.9873125553131104,2.984013557434082,2.9807815551757812,2.977609872817993,2.974475860595703,2.9713821411132812,2.968346357345581,2.9654295444488525,2.9626286029815674,2.9599075317382812,2.9572813510894775,2.954773187637329,2.952406644821167,2.950211524963379,2.948157548904419,2.9462358951568604,2.9444034099578857,2.9426662921905518,2.9410488605499268,2.939512252807617,2.9380226135253906,2.9365689754486084,2.93514347076416,2.9337100982666016,2.9321630001068115,2.930436849594116,2.9285097122192383,2.926384687423706,2.9240524768829346,2.9215567111968994,2.918858528137207,2.9160268306732178,2.9130876064300537,2.91009783744812,2.9071152210235596,2.904109001159668,2.9010393619537354,2.897952079772949,2.89497971534729,2.8922767639160156,2.889939069747925,2.887885332107544,2.88606858253479,2.884542465209961,2.883453369140625,2.882880210876465,2.882841110229492,2.8833162784576416,2.8842594623565674,2.8856217861175537,2.8873512744903564,2.889418601989746,2.8918192386627197,2.894536256790161,2.897531270980835,2.9007320404052734,2.9040420055389404,2.907289505004883,2.910344362258911,2.91304612159729,2.9153411388397217,2.9171335697174072,2.918394088745117,2.919110059738159,2.9193265438079834,2.9191105365753174,2.9184932708740234,2.9175281524658203,2.916273832321167,2.9147491455078125,2.913011312484741,2.911100387573242,2.909034490585327,2.9068260192871094,2.904467821121216,2.902017593383789,2.8994648456573486,2.8968210220336914,2.8940868377685547,2.8912761211395264,2.888404130935669,2.8854780197143555,2.8825206756591797,2.8795413970947266,2.876556634902954,2.8735580444335938,2.8705809116363525,2.867650270462036,2.864764928817749,2.8618953227996826,2.8590736389160156,2.8563220500946045,2.8536083698272705,2.8509161472320557,2.8482038974761963,11.100000381469727
335,2.7561466693878174,2.7540483474731445,2.7519233226776123,2.749763250350952,2.747586488723755,2.7454450130462646,2.7433135509490967,2.741191864013672,2.7390830516815186,2.7369840145111084,2.734896421432495,2.7328364849090576,2.7307960987091064,2.7288131713867188,2.726909637451172,2.725065231323242,2.7232742309570312,2.721566915512085,2.719942092895508,2.7183945178985596,2.716916799545288,2.715501070022583,2.7141666412353516,2.712883234024048,2.711644411087036,2.710430860519409,2.7092554569244385,2.7080905437469482,2.706897020339966,2.705655336380005,2.704313278198242,2.7028274536132812,2.7011806964874268,2.6994075775146484,2.6975154876708984,2.6955108642578125,2.6933863162994385,2.6911773681640625,2.688947916030884,2.686727523803711,2.684474229812622,2.682180404663086,2.6798489093780518,2.677562713623047,2.6754138469696045,2.67349910736084,2.671818971633911,2.670292615890503,2.6689274311065674,2.667825698852539,2.6670730113983154,2.6666793823242188,2.666590690612793,2.666801691055298,2.667297601699829,2.668062925338745,2.669077157974243,2.670315742492676,2.671780824661255,2.673438787460327,2.6752452850341797,2.6771249771118164,2.679008722305298,2.6808059215545654,2.682408571243286,2.68373703956604,2.684739351272583,2.6853809356689453,2.685657501220703,2.6855852603912354,2.685209274291992,2.6845767498016357,2.683704376220703,2.682614326477051,2.6813361644744873,2.6799116134643555,2.678363800048828,2.676697015762329,2.6749324798583984,2.6730949878692627,2.671175718307495,2.6691761016845703,2.6670761108398438,2.6649129390716553,2.662708044052124,2.6604559421539307,2.658161163330078,2.65582275390625,2.653465986251831,2.6510770320892334,2.6486799716949463,2.6462814807891846,2.643902540206909,2.6415317058563232,2.639169454574585,2.636855125427246,2.6345620155334473,2.632284164428711,2.629995584487915,2.6277129650115967,11.100000381469727
336,3.024658203125,3.0220768451690674,3.019489288330078,3.016869306564331,3.01420521736145,3.0115277767181396,3.0088555812835693,3.006220579147339,3.0036017894744873,3.001032590866089,2.998476028442383,2.9959449768066406,2.993415594100952,2.990915536880493,2.9885215759277344,2.9862658977508545,2.9841506481170654,2.98215389251709,2.9802262783050537,2.978365898132324,2.976595163345337,2.974919557571411,2.973355293273926,2.971874237060547,2.970466375350952,2.969113349914551,2.9677953720092773,2.9664676189422607,2.9650652408599854,2.963576078414917,2.96197247505188,2.9602420330047607,2.9583513736724854,2.956249952316284,2.9539592266082764,2.9515254497528076,2.9489450454711914,2.9462687969207764,2.943563461303711,2.9408791065216064,2.938155174255371,2.9352924823760986,2.932330369949341,2.929483413696289,2.926886796951294,2.924598455429077,2.922562599182129,2.9207723140716553,2.9192392826080322,2.9180428981781006,2.917248487472534,2.916865587234497,2.9168922901153564,2.917311429977417,2.9181528091430664,2.919374704360962,2.920952796936035,2.922839403152466,2.924999952316284,2.9273974895477295,2.929997682571411,2.9327430725097656,2.9355247020721436,2.9382293224334717,2.9407050609588623,2.942845582962036,2.9445931911468506,2.9458606243133545,2.946681261062622,2.9470608234405518,2.9470837116241455,2.9467928409576416,2.9462268352508545,2.94537353515625,2.944260358810425,2.9429194927215576,2.941377639770508,2.9397075176239014,2.937934160232544,2.9360780715942383,2.9341156482696533,2.932032346725464,2.9298255443573,2.9275081157684326,2.9251108169555664,2.922713279724121,2.9203147888183594,2.9178626537323,2.915372610092163,2.912842035293579,2.910294771194458,2.9077351093292236,2.9051830768585205,2.902696371078491,2.9002625942230225,2.897865056991577,2.895472526550293,2.893059730529785,2.8906261920928955,2.888169527053833,11.199999809265137
337,2.9556691646575928,2.953242063522339,2.9507577419281006,2.9482791423797607,2.945812225341797,2.9433395862579346,2.9408485889434814,2.9383270740509033,2.935786485671997,2.93327260017395,2.9307711124420166,2.9283111095428467,2.925906181335449,2.9235427379608154,2.9212357997894287,2.918977975845337,2.916771173477173,2.9146549701690674,2.912628173828125,2.910728693008423,2.9089252948760986,2.9072093963623047,2.9055707454681396,2.9039981365203857,2.902437925338745,2.9009158611297607,2.899419069290161,2.897977590560913,2.8965461254119873,2.8950541019439697,2.8934061527252197,2.8915939331054688,2.8895978927612305,2.8874521255493164,2.885164976119995,2.882758855819702,2.880225896835327,2.8776023387908936,2.8749396800994873,2.8722827434539795,2.869608163833618,2.8668859004974365,2.8641273975372314,2.861450433731079,2.8589961528778076,2.856799840927124,2.854827880859375,2.853027105331421,2.8514463901519775,2.8501479625701904,2.849219560623169,2.848691701889038,2.8485705852508545,2.8488223552703857,2.8494155406951904,2.8502938747406006,2.8514339923858643,2.8527848720550537,2.854363441467285,2.8561885356903076,2.8582160472869873,2.8603532314300537,2.862478256225586,2.8644936084747314,2.8663032054901123,2.867830991744995,2.8689682483673096,2.86972975730896,2.8700978755950928,2.870083808898926,2.8697500228881836,2.869108200073242,2.8681633472442627,2.8669488430023193,2.8655412197113037,2.8640153408050537,2.862335443496704,2.860525369644165,2.8585870265960693,2.856548547744751,2.854395627975464,2.8521430492401123,2.849824905395508,2.847442388534546,2.845018148422241,2.8425331115722656,2.8399899005889893,2.8373727798461914,2.8346996307373047,2.831984281539917,2.829263925552368,2.8265552520751953,2.823868751525879,2.821226119995117,2.8185970783233643,2.81596302986145,2.8133316040039062,2.8107070922851562,2.808126449584961,2.8055436611175537,11.199999809265137
338,2.7849512100219727,2.7827789783477783,2.780590057373047,2.778379440307617,2.7761707305908203,2.77396297454834,2.771764039993286,2.769603967666626,2.767470598220825,2.7653636932373047,2.76328182220459,2.7612292766571045,2.759206771850586,2.7572343349456787,2.755321502685547,2.7535030841827393,2.751763105392456,2.750117063522339,2.7485625743865967,2.747114419937134,2.7457573413848877,2.744497060775757,2.7433292865753174,2.742220163345337,2.7411537170410156,2.740121841430664,2.7391300201416016,2.7381489276885986,2.7371323108673096,2.736034631729126,2.7347991466522217,2.733416795730591,2.7318718433380127,2.7301559448242188,2.7282631397247314,2.7262117862701416,2.7240257263183594,2.7217652797698975,2.7194607257843018,2.71716570854187,2.714879274368286,2.712547540664673,2.710145950317383,2.7077715396881104,2.7055957317352295,2.7037193775177,2.7020881175994873,2.7006568908691406,2.699422836303711,2.698511838912964,2.6979894638061523,2.697871208190918,2.698148727416992,2.6987926959991455,2.6997833251953125,2.7010860443115234,2.7026729583740234,2.7045366764068604,2.7066383361816406,2.708966016769409,2.7114856243133545,2.7141177654266357,2.716747522354126,2.7192556858062744,2.7215282917022705,2.7234818935394287,2.725029706954956,2.7261228561401367,2.7267837524414062,2.727032423019409,2.7269113063812256,2.726447343826294,2.725696325302124,2.72469425201416,2.723468065261841,2.7220351696014404,2.7204363346099854,2.7187087535858154,2.716862440109253,2.714928388595581,2.7129032611846924,2.710768938064575,2.7085254192352295,2.7061970233917236,2.703805923461914,2.7013473510742188,2.6988422870635986,2.6962969303131104,2.693714141845703,2.691102981567383,2.688471794128418,2.6858394145965576,2.6832144260406494,2.6806204319000244,2.6780636310577393,2.6755311489105225,2.673042058944702,2.670560121536255,2.6680729389190674,2.665585517883301,11.199999809265137
339,2.8272793292999268,2.8248157501220703,2.822347640991211,2.8198578357696533,2.8173835277557373,2.8149330615997314,2.812520742416382,2.8101284503936768,2.8077430725097656,2.805375099182129,2.80302357673645,2.800689458847046,2.7984097003936768,2.79618763923645,2.794062852859497,2.7920172214508057,2.7900888919830322,2.7882378101348877,2.7864749431610107,2.784778356552124,2.783184051513672,2.7816884517669678,2.7802841663360596,2.7789247035980225,2.777623414993286,2.7763547897338867,2.7751400470733643,2.7739346027374268,2.772710084915161,2.7714083194732666,2.7699997425079346,2.768434762954712,2.7667176723480225,2.764829397201538,2.762789487838745,2.760610580444336,2.758333921432495,2.755984306335449,2.75362491607666,2.7512409687042236,2.748859405517578,2.746413469314575,2.743898391723633,2.7414257526397705,2.739147186279297,2.7371740341186523,2.7354633808135986,2.7339346408843994,2.732600450515747,2.731560707092285,2.730901002883911,2.7306172847747803,2.7307205200195312,2.73117995262146,2.7319633960723877,2.7330310344696045,2.734358549118042,2.735952377319336,2.7377798557281494,2.7398271560668945,2.7420504093170166,2.744349479675293,2.746663808822632,2.7488768100738525,2.75087571144104,2.7525393962860107,2.7538230419158936,2.7547214031219482,2.7552356719970703,2.755380392074585,2.7551631927490234,2.754633665084839,2.7538459300994873,2.7528278827667236,2.7516043186187744,2.750201940536499,2.748660087585449,2.7469966411590576,2.745227813720703,2.7433974742889404,2.7414684295654297,2.7394304275512695,2.737281560897827,2.7350785732269287,2.732828378677368,2.730510950088501,2.7281322479248047,2.7257096767425537,2.7232773303985596,2.7208240032196045,2.7183706760406494,2.715914487838745,2.7134621143341064,2.711029291152954,2.7086050510406494,2.706195116043091,2.7037975788116455,2.701451539993286,2.6991331577301025,2.6968085765838623,11.300000190734863
340,3.0597827434539795,3.0565059185028076,3.053191900253296,3.0498979091644287,3.0466156005859375,3.0433433055877686,3.040088653564453,3.0368778705596924,3.0336830615997314,3.0305330753326416,3.0273983478546143,3.0243396759033203,3.021387815475464,3.0185043811798096,3.0157241821289062,3.0130319595336914,3.0104637145996094,3.0080339908599854,3.0057191848754883,3.003538131713867,3.001514434814453,2.9996325969696045,2.997868299484253,2.9962074756622314,2.9946250915527344,2.9930951595306396,2.9916136264801025,2.990145683288574,2.988680601119995,2.9871606826782227,2.985485792160034,2.983618974685669,2.9815056324005127,2.979167938232422,2.9765923023223877,2.9738006591796875,2.9708235263824463,2.9677438735961914,2.964589834213257,2.9614248275756836,2.9582369327545166,2.9549872875213623,2.9516818523406982,2.948479413986206,2.9455692768096924,2.9429855346679688,2.9407107830047607,2.938690185546875,2.9369685649871826,2.9356603622436523,2.9348602294921875,2.934598207473755,2.9348952770233154,2.93571400642395,2.937023878097534,2.9387900829315186,2.940915107727051,2.943387985229492,2.946194887161255,2.949329376220703,2.952730894088745,2.9562864303588867,2.95988392829895,2.963355302810669,2.9665374755859375,2.9692599773406982,2.9714300632476807,2.9729926586151123,2.9739420413970947,2.9743261337280273,2.974214553833008,2.97367787361145,2.9727466106414795,2.971452474594116,2.969846725463867,2.967989683151245,2.965909957885742,2.9636449813842773,2.9611809253692627,2.9585835933685303,2.955866575241089,2.953049421310425,2.9500973224639893,2.946990966796875,2.9438159465789795,2.9405577182769775,2.937265157699585,2.933927536010742,2.9305360317230225,2.927100419998169,2.923630714416504,2.9201748371124268,2.9167182445526123,2.913288116455078,2.909912347793579,2.9065983295440674,2.903343915939331,2.9001028537750244,2.896841049194336,2.8935794830322266,11.300000190734863
341,3.0074894428253174,3.0046377182006836,3.00176739692688,2.9988911151885986,2.996018171310425,2.9931774139404297,2.990372896194458,2.987602949142456,2.984834909439087,2.9820947647094727,2.97940731048584,2.9767749309539795,2.9741814136505127,2.9716711044311523,2.9692671298980713,2.966949462890625,2.964726209640503,2.962587594985962,2.9605886936187744,2.9587230682373047,2.9569733142852783,2.9553401470184326,2.953817367553711,2.952352285385132,2.950946807861328,2.9495670795440674,2.9482572078704834,2.9469692707061768,2.945657730102539,2.944237470626831,2.942667245864868,2.9409141540527344,2.938966751098633,2.9367878437042236,2.934380531311035,2.9317893981933594,2.9290475845336914,2.926229476928711,2.923349380493164,2.9204680919647217,2.9175760746002197,2.9146411418914795,2.911656141281128,2.908749580383301,2.906071901321411,2.90373158454895,2.901670455932617,2.899836540222168,2.8982717990875244,2.897085189819336,2.8963727951049805,2.896172523498535,2.896444320678711,2.897179365158081,2.8983278274536133,2.89984393119812,2.9016950130462646,2.90386962890625,2.906355619430542,2.909118890762329,2.9121086597442627,2.9152133464813232,2.9183061122894287,2.9212448596954346,2.9239158630371094,2.926210641860962,2.92802357673645,2.929295301437378,2.9300098419189453,2.930225372314453,2.930009603500366,2.9294025897979736,2.92844557762146,2.927183151245117,2.9256486892700195,2.923895835876465,2.9219343662261963,2.9198172092437744,2.9175567626953125,2.915189027786255,2.9127042293548584,2.910093307495117,2.9073688983917236,2.9045474529266357,2.9016330242156982,2.89864444732666,2.895594596862793,2.8924970626831055,2.889366865158081,2.8862087726593018,2.883028268814087,2.8798389434814453,2.876664400100708,2.8735198974609375,2.870422124862671,2.8673629760742188,2.864346504211426,2.8613369464874268,2.8583390712738037,2.855353593826294,11.300000190734863
342,2.681239366531372,2.6792514324188232,2.6772584915161133,2.6752426624298096,2.6732099056243896,2.671196937561035,2.669210433959961,2.667239189147949,2.6652729511260986,2.663306951522827,2.6613597869873047,2.659447431564331,2.6575686931610107,2.655747652053833,2.6539981365203857,2.6523125171661377,2.6506941318511963,2.649151086807251,2.647690534591675,2.646298885345459,2.644991636276245,2.643768310546875,2.6425998210906982,2.6414830684661865,2.640397548675537,2.639347791671753,2.6383254528045654,2.6373064517974854,2.63624906539917,2.6351089477539062,2.6338672637939453,2.6325032711029053,2.631016492843628,2.6294105052948,2.6277072429656982,2.625905990600586,2.624006748199463,2.622051239013672,2.6201021671295166,2.6181747913360596,2.6162335872650146,2.6142117977142334,2.612109422683716,2.610062837600708,2.608227014541626,2.606680154800415,2.6053426265716553,2.60412335395813,2.6030662059783936,2.6022770404815674,2.601813554763794,2.601659059524536,2.601801633834839,2.6022489070892334,2.602977752685547,2.6039371490478516,2.605138063430786,2.606562852859497,2.608196496963501,2.609990358352661,2.6119182109832764,2.6139347553253174,2.615917444229126,2.6177995204925537,2.619485378265381,2.620901107788086,2.622006416320801,2.6227645874023438,2.6231870651245117,2.623284339904785,2.623084306716919,2.6226401329040527,2.6219892501831055,2.6211674213409424,2.6201865673065186,2.619049072265625,2.6177942752838135,2.616431951522827,2.6150052547454834,2.613497734069824,2.61191725730896,2.6102702617645264,2.608546257019043,2.606778144836426,2.604949712753296,2.6030654907226562,2.601149797439575,2.5992395877838135,2.5973405838012695,2.5954196453094482,2.5934760570526123,2.5915305614471436,2.58962345123291,2.587730884552002,2.5858561992645264,2.5840046405792236,2.582200050354004,2.5804052352905273,2.5785601139068604,2.576707124710083,11.300000190734863
343,2.7755584716796875,2.7733633518218994,2.7711665630340576,2.7689695358276367,2.766768455505371,2.7645721435546875,2.7623748779296875,2.760207176208496,2.75803542137146,2.7558887004852295,2.753763437271118,2.751673698425293,2.749650239944458,2.7476723194122314,2.745760917663574,2.7439041137695312,2.7421371936798096,2.7404587268829346,2.7388617992401123,2.737342596054077,2.735926389694214,2.7346086502075195,2.733366012573242,2.7321617603302,2.731001615524292,2.7298710346221924,2.7287728786468506,2.727705717086792,2.7266225814819336,2.725473403930664,2.7241885662078857,2.7227442264556885,2.721130132675171,2.7193825244903564,2.7174971103668213,2.715489625930786,2.713369131088257,2.711183547973633,2.7089760303497314,2.706777334213257,2.704540491104126,2.7022507190704346,2.699908494949341,2.6976349353790283,2.6955602169036865,2.6937520503997803,2.6921894550323486,2.6907901763916016,2.6895666122436523,2.688642740249634,2.6880855560302734,2.687908172607422,2.688084363937378,2.6886074542999268,2.6894519329071045,2.6905670166015625,2.6919047832489014,2.693486452102661,2.6953113079071045,2.697359800338745,2.699568510055542,2.7018520832061768,2.70412278175354,2.706266403198242,2.7081820964813232,2.709782361984253,2.7110214233398438,2.711874008178711,2.7123184204101562,2.7124061584472656,2.7121706008911133,2.7116401195526123,2.7108535766601562,2.7098286151885986,2.7086241245269775,2.70725417137146,2.7057440280914307,2.7041187286376953,2.7023699283599854,2.7005393505096436,2.698636293411255,2.6966593265533447,2.6945807933807373,2.6924164295196533,2.6902010440826416,2.6879520416259766,2.6856729984283447,2.683344841003418,2.6809747219085693,2.6785707473754883,2.676193952560425,2.6738460063934326,2.6714975833892822,2.6691434383392334,2.6668202877044678,2.66454815864563,2.6622917652130127,2.6600377559661865,2.6577978134155273,2.655555486679077,11.300000190734863
344,2.8106167316436768,2.8082802295684814,2.8059370517730713,2.8036253452301025,2.8013088703155518,2.798961877822876,2.7966175079345703,2.7942612171173096,2.7919323444366455,2.7896487712860107,2.787400007247925,2.785196304321289,2.783010482788086,2.780832052230835,2.778714418411255,2.7766454219818115,2.774660348892212,2.7727549076080322,2.7709743976593018,2.7693045139312744,2.767713785171509,2.766177177429199,2.7647104263305664,2.763315200805664,2.7619869709014893,2.760713577270508,2.7594852447509766,2.7582976818084717,2.7570788860321045,2.755796432495117,2.754390001296997,2.7528269290924072,2.751100540161133,2.749241590499878,2.7472407817840576,2.7451114654541016,2.742844581604004,2.7404730319976807,2.738046646118164,2.735607385635376,2.7331790924072266,2.730738401412964,2.728264570236206,2.7258217334747314,2.723539352416992,2.721506118774414,2.7197039127349854,2.718059539794922,2.716603994369507,2.7154452800750732,2.7146224975585938,2.7141668796539307,2.7140989303588867,2.7143971920013428,2.7150204181671143,2.7159130573272705,2.7170445919036865,2.7184417247772217,2.720081329345703,2.7219784259796143,2.7240819931030273,2.7262773513793945,2.72847056388855,2.7305614948272705,2.732476234436035,2.7341291904449463,2.735450029373169,2.736377716064453,2.7368946075439453,2.737009048461914,2.7367475032806396,2.7361690998077393,2.735304594039917,2.734184503555298,2.7328643798828125,2.7313730716705322,2.7297611236572266,2.728017568588257,2.7261390686035156,2.72414231300354,2.7220420837402344,2.7198429107666016,2.7175543308258057,2.7151689529418945,2.712721824645996,2.7102277278900146,2.707669496536255,2.7050716876983643,2.702430486679077,2.6997737884521484,2.69708251953125,2.6943776607513428,2.691680908203125,2.6889774799346924,2.6862716674804688,2.6836040019989014,2.681004762649536,2.6784374713897705,2.675884246826172,2.6733217239379883,11.399999618530273
345,2.7255280017852783,2.723555326461792,2.7215633392333984,2.7195844650268555,2.7175896167755127,2.715603828430176,2.7136356830596924,2.7116897106170654,2.7097432613372803,2.707805633544922,2.7058706283569336,2.703960418701172,2.702082633972168,2.7002601623535156,2.6984901428222656,2.69677734375,2.695138692855835,2.6936028003692627,2.692155122756958,2.6907804012298584,2.689471960067749,2.688246011734009,2.6871001720428467,2.6860129833221436,2.684957265853882,2.6839475631713867,2.682965040206909,2.681988477706909,2.6809844970703125,2.6798994541168213,2.678691864013672,2.6773693561553955,2.6758859157562256,2.674259901046753,2.6724796295166016,2.6705610752105713,2.6685497760772705,2.666468858718872,2.6643619537353516,2.662263870239258,2.660170793533325,2.658038377761841,2.6558406352996826,2.6536636352539062,2.6516714096069336,2.6499650478363037,2.648486375808716,2.647157669067383,2.6459968090057373,2.6451187133789062,2.6445837020874023,2.6444075107574463,2.6445744037628174,2.6450767517089844,2.6458706855773926,2.6469292640686035,2.6482174396514893,2.6497621536254883,2.651524305343628,2.653473138809204,2.655574083328247,2.6577746868133545,2.6599743366241455,2.662071943283081,2.6639721393585205,2.665595769882202,2.666877031326294,2.6677675247192383,2.6682682037353516,2.6683928966522217,2.668180465698242,2.667673349380493,2.666937828063965,2.666012763977051,2.6648976802825928,2.663613796234131,2.662182092666626,2.6606404781341553,2.6589903831481934,2.657244920730591,2.655451536178589,2.653578519821167,2.651599168777466,2.6495251655578613,2.6473867893218994,2.645200252532959,2.642975091934204,2.6407196521759033,2.6384427547454834,2.636150598526001,2.633833646774292,2.631495952606201,2.6291515827178955,2.626823663711548,2.6245343685150146,2.622278928756714,2.6200790405273438,2.6178996562957764,2.615682363510132,2.6134440898895264,11.399999618530273
346,2.6993329524993896,2.696939468383789,2.694535493850708,2.6921536922454834,2.6897761821746826,2.687405586242676,2.6850407123565674,2.6826868057250977,2.680330514907837,2.6779816150665283,2.6756412982940674,2.6733293533325195,2.671053886413574,2.668834924697876,2.6666650772094727,2.664550542831421,2.6624743938446045,2.6604669094085693,2.658552885055542,2.6567113399505615,2.6549627780914307,2.653276205062866,2.6516520977020264,2.650082588195801,2.648536205291748,2.64703106880188,2.6455905437469482,2.644185781478882,2.642787218093872,2.641319990158081,2.6397478580474854,2.6380584239959717,2.6362524032592773,2.6343326568603516,2.6323082447052,2.63018536567688,2.627976655960083,2.6257214546203613,2.623436450958252,2.621147871017456,2.61883807182312,2.6164796352386475,2.6140575408935547,2.6116585731506348,2.6094350814819336,2.607450485229492,2.605656862258911,2.603985548019409,2.6024467945098877,2.6011383533477783,2.6001179218292236,2.59940242767334,2.598989725112915,2.598865509033203,2.5990066528320312,2.5993764400482178,2.5999441146850586,2.6007206439971924,2.6016886234283447,2.602855682373047,2.6041924953460693,2.6056201457977295,2.607062339782715,2.608417510986328,2.609619140625,2.610597610473633,2.6113154888153076,2.6117312908172607,2.61183500289917,2.6116275787353516,2.6111505031585693,2.610435724258423,2.60949444770813,2.6083438396453857,2.6070332527160645,2.6055805683135986,2.6040306091308594,2.6023995876312256,2.6006860733032227,2.598893165588379,2.5970194339752197,2.595090866088867,2.5930726528167725,2.590970039367676,2.58880877494812,2.5866384506225586,2.584440231323242,2.582188606262207,2.5798964500427246,2.57759165763855,2.575284004211426,2.5729780197143555,2.570673942565918,2.5683794021606445,2.566096782684326,2.563840627670288,2.561596632003784,2.559344530105591,2.557110071182251,2.554880380630493,11.399999618530273
347,2.848759889602661,2.846123695373535,2.8434898853302,2.840864896774292,2.8382577896118164,2.835646867752075,2.8330471515655518,2.830470323562622,2.8279149532318115,2.825380325317383,2.8228704929351807,2.8204030990600586,2.8180134296417236,2.815690279006958,2.8134310245513916,2.811234712600708,2.809147596359253,2.80717396736145,2.8052940368652344,2.803529739379883,2.8018481731414795,2.800281524658203,2.7987797260284424,2.7973473072052,2.7959842681884766,2.7946674823760986,2.7933597564697266,2.792055368423462,2.79071307182312,2.7892868518829346,2.787708044052124,2.7859761714935303,2.784095525741577,2.7820661067962646,2.7798736095428467,2.777552366256714,2.775120735168457,2.7726409435272217,2.770146369934082,2.7676687240600586,2.7651379108428955,2.7625129222869873,2.759856939315796,2.757322311401367,2.755047559738159,2.7530624866485596,2.7512996196746826,2.749727964401245,2.7483861446380615,2.7473690509796143,2.7467520236968994,2.746537208557129,2.7467281818389893,2.7473080158233643,2.748227834701538,2.7494354248046875,2.7509310245513916,2.7527072429656982,2.7547547817230225,2.7570533752441406,2.759523391723633,2.7620620727539062,2.7645485401153564,2.7669107913970947,2.769028902053833,2.7707948684692383,2.7721478939056396,2.7730801105499268,2.7735931873321533,2.773696184158325,2.773447036743164,2.7729053497314453,2.772099494934082,2.7710602283477783,2.7697982788085938,2.7683770656585693,2.7668020725250244,2.765111207962036,2.7633121013641357,2.7614383697509766,2.759495735168457,2.7574615478515625,2.7553212642669678,2.753082275390625,2.7507998943328857,2.748497247695923,2.7461578845977783,2.7437868118286133,2.7413766384124756,2.738970994949341,2.736581563949585,2.734184980392456,2.731793165206909,2.729410409927368,2.727100133895874,2.7248239517211914,2.7225682735443115,2.7203123569488525,2.7180721759796143,2.715852975845337,11.399999618530273
348,2.923102378845215,2.92028546333313,2.917459487915039,2.9146578311920166,2.9118616580963135,2.9090678691864014,2.9062814712524414,2.903500556945801,2.900731086730957,2.897960662841797,2.895223379135132,2.8925487995147705,2.88995623588562,2.8874387741088867,2.884981155395508,2.8825690746307373,2.8802082538604736,2.877941846847534,2.8757903575897217,2.8737680912017822,2.8718833923339844,2.870098829269409,2.868406057357788,2.8667590618133545,2.8651392459869385,2.8635785579681396,2.862049102783203,2.8605620861053467,2.859076738357544,2.8575124740600586,2.8557980060577393,2.853886604309082,2.8517837524414062,2.84954833984375,2.8471763134002686,2.8446645736694336,2.842022180557251,2.8392956256866455,2.836520195007324,2.833705186843872,2.8308677673339844,2.8279945850372314,2.825161933898926,2.822413682937622,2.8198893070220947,2.8176393508911133,2.815619468688965,2.813774347305298,2.8121347427368164,2.8108389377593994,2.809978723526001,2.8095436096191406,2.8095149993896484,2.809887170791626,2.8105995655059814,2.8116328716278076,2.8129348754882812,2.814551591873169,2.816457748413086,2.8186168670654297,2.8209848403930664,2.8234500885009766,2.8258771896362305,2.8281428813934326,2.830167770385742,2.831883192062378,2.833216905593872,2.83410382270813,2.834568738937378,2.8345909118652344,2.8342154026031494,2.8335037231445312,2.832517385482788,2.8312904834747314,2.8298444747924805,2.8282501697540283,2.8265209197998047,2.8246212005615234,2.8225619792938232,2.8203728199005127,2.8181257247924805,2.8158061504364014,2.8134262561798096,2.81099009513855,2.8084733486175537,2.8058550357818604,2.8031463623046875,2.8003923892974854,2.7976434230804443,2.7949154376983643,2.7921946048736572,2.7894716262817383,2.7867166996002197,2.7839603424072266,2.7812092304229736,2.7785072326660156,2.775892972946167,2.7733447551727295,2.7708139419555664,2.76822566986084,11.399999618530273
349,2.85111927986145,2.84893798828125,2.8467319011688232,2.8445327281951904,2.842329740524292,2.8401365280151367,2.8379504680633545,2.8357651233673096,2.8336095809936523,2.8314666748046875,2.8293373584747314,2.8272368907928467,2.8251848220825195,2.823195219039917,2.8212625980377197,2.8193790912628174,2.8175952434539795,2.815894365310669,2.814293146133423,2.8127753734588623,2.8113515377044678,2.8100149631500244,2.8087503910064697,2.8075265884399414,2.8063342571258545,2.8051846027374268,2.8040733337402344,2.8029890060424805,2.8018972873687744,2.8007209300994873,2.7994091510772705,2.797952651977539,2.796360969543457,2.794632911682129,2.7927608489990234,2.7907583713531494,2.7886714935302734,2.7865355014801025,2.784395217895508,2.782238721847534,2.780057907104492,2.7777698040008545,2.775409460067749,2.773113965988159,2.7710487842559814,2.769272565841675,2.7677056789398193,2.766275644302368,2.7650368213653564,2.764094114303589,2.7635250091552734,2.7633161544799805,2.7634544372558594,2.7639503479003906,2.76472544670105,2.7657577991485596,2.76702880859375,2.768545150756836,2.770318031311035,2.7723023891448975,2.774437189102173,2.77665114402771,2.7788474559783936,2.7809410095214844,2.782835006713867,2.7844676971435547,2.7857608795166016,2.786675214767456,2.787213087081909,2.7874152660369873,2.7873337268829346,2.786954164505005,2.7863121032714844,2.78545880317688,2.7844340801239014,2.7832679748535156,2.781961441040039,2.7805545330047607,2.779054641723633,2.7774899005889893,2.7758214473724365,2.7740604877471924,2.772235631942749,2.7703325748443604,2.7683990001678467,2.766388177871704,2.7643489837646484,2.7622644901275635,2.7601568698883057,2.7580268383026123,2.7558743953704834,2.753734827041626,2.751600980758667,2.749504327774048,2.7474377155303955,2.745396614074707,2.7433812618255615,2.741360664367676,2.7393429279327393,2.7373154163360596,11.5
350,2.79380202293396,2.791346549987793,2.7888412475585938,2.7863142490386963,2.7837631702423096,2.7812204360961914,2.7786941528320312,2.7761800289154053,2.7736833095550537,2.7712032794952393,2.768723726272583,2.766270875930786,2.7638394832611084,2.76147198677063,2.7591724395751953,2.7569284439086914,2.7547502517700195,2.7526652812957764,2.750678062438965,2.748786211013794,2.74696946144104,2.7452194690704346,2.7435598373413086,2.7419850826263428,2.7404773235321045,2.738988161087036,2.7375075817108154,2.7360312938690186,2.7345542907714844,2.733013868331909,2.7313663959503174,2.7296016216278076,2.727679967880249,2.725616216659546,2.7233941555023193,2.721043348312378,2.718602418899536,2.716092348098755,2.71356201171875,2.711035966873169,2.7085258960723877,2.7059717178344727,2.7033472061157227,2.700765609741211,2.698369026184082,2.6962716579437256,2.694395065307617,2.6926891803741455,2.691164016723633,2.689896583557129,2.6889724731445312,2.688391923904419,2.688150405883789,2.6882526874542236,2.6886675357818604,2.689354181289673,2.6902809143066406,2.691450834274292,2.6928513050079346,2.6944501399993896,2.696194887161255,2.6980292797088623,2.699887990951538,2.7016689777374268,2.703279495239258,2.7046096324920654,2.70558762550354,2.706157684326172,2.706371307373047,2.7062442302703857,2.705807685852051,2.705101728439331,2.704169511795044,2.7030258178710938,2.7016828060150146,2.7001516819000244,2.6984779834747314,2.6967055797576904,2.6948344707489014,2.692898750305176,2.690875768661499,2.6887776851654053,2.6865532398223877,2.684248208999634,2.681879997253418,2.6794674396514893,2.6770169734954834,2.674527168273926,2.6720142364501953,2.669473648071289,2.6669187545776367,2.6643388271331787,2.6617653369903564,2.6592047214508057,2.6566646099090576,2.6541686058044434,2.6517019271850586,2.649251937866211,2.6467790603637695,2.6442925930023193,11.5
351,3.082069158554077,3.0790884494781494,3.0761196613311768,3.0731325149536133,3.0701093673706055,3.0670835971832275,3.064056634902954,3.0610668659210205,3.0580832958221436,3.0551414489746094,3.0522305965423584,3.0493557453155518,3.0465164184570312,3.043710708618164,3.0409724712371826,3.0383059978485107,3.0357654094696045,3.0333669185638428,3.0311028957366943,3.028940200805664,3.026888608932495,3.0249245166778564,3.0230655670166016,3.021261215209961,3.019540548324585,3.017883062362671,3.0163002014160156,3.014735460281372,3.0131256580352783,3.0114028453826904,3.009536027908325,3.0074832439422607,3.0052719116210938,3.0028584003448486,3.000257730484009,2.997473955154419,2.9945247173309326,2.9914848804473877,2.9883947372436523,2.985297203063965,2.9821999073028564,2.9790658950805664,2.975912094116211,2.972832441329956,2.969980478286743,2.967449903488159,2.9651858806610107,2.963148355484009,2.9613800048828125,2.9599926471710205,2.959064245223999,2.9586374759674072,2.9586925506591797,2.959172010421753,2.9599905014038086,2.9611167907714844,2.96256947517395,2.9643571376800537,2.9664337635040283,2.9687678813934326,2.9713122844696045,2.9739625453948975,2.9765589237213135,2.9789798259735107,2.981126546859741,2.9829180240631104,2.984264373779297,2.9851367473602295,2.985550880432129,2.9854984283447266,2.985027313232422,2.984208345413208,2.983114004135132,2.981755256652832,2.980172872543335,2.9783785343170166,2.976421356201172,2.9743387699127197,2.972101926803589,2.9697659015655518,2.9673030376434326,2.9647598266601562,2.9621546268463135,2.9594767093658447,2.956740140914917,2.953899621963501,2.951000213623047,2.9480600357055664,2.9450924396514893,2.9421098232269287,2.939112901687622,2.936152219772339,2.933209180831909,2.9302902221679688,2.927387237548828,2.924518346786499,2.9217166900634766,2.9189023971557617,2.9160826206207275,2.9132468700408936,11.5
352,2.9288055896759033,2.9259281158447266,2.9230546951293945,2.92020320892334,2.917346715927124,2.9144885540008545,2.9116458892822266,2.9088354110717773,2.9060537815093994,2.9033143520355225,2.9005746841430664,2.8978872299194336,2.895254135131836,2.8927059173583984,2.890212059020996,2.8878014087677,2.885493516921997,2.8832778930664062,2.881155252456665,2.8791465759277344,2.87723708152771,2.87541127204895,2.8736822605133057,2.872023344039917,2.870427370071411,2.8688735961914062,2.867351531982422,2.8658382892608643,2.8642847537994385,2.8626463413238525,2.8608882427215576,2.8589887619018555,2.8569462299346924,2.8547561168670654,2.8524084091186523,2.8499228954315186,2.84732985496521,2.844681978225708,2.8419971466064453,2.8393049240112305,2.8366146087646484,2.8338677883148193,2.8310744762420654,2.828317403793335,2.8257739543914795,2.8235301971435547,2.8215444087982178,2.819742441177368,2.818160057067871,2.816889524459839,2.816002607345581,2.8155155181884766,2.8154220581054688,2.815687894821167,2.8162996768951416,2.8172028064727783,2.8183906078338623,2.819859743118286,2.821594476699829,2.823575973510742,2.8257367610931396,2.827991485595703,2.830205202102661,2.8322973251342773,2.8341569900512695,2.8356940746307373,2.836829423904419,2.8375232219696045,2.837822198867798,2.837744951248169,2.83732008934021,2.836590528488159,2.8355844020843506,2.834343194961548,2.832904577255249,2.831310272216797,2.8295841217041016,2.8277199268341064,2.8257522583007812,2.823694944381714,2.821556806564331,2.819333076477051,2.8170225620269775,2.814657211303711,2.812230348587036,2.809739351272583,2.807215452194214,2.8046646118164062,2.8021109104156494,2.7995426654815674,2.7969791889190674,2.7944304943084717,2.791893720626831,2.7893903255462646,2.7869298458099365,2.7845089435577393,2.7820990085601807,2.7796974182128906,2.777306318283081,2.7749483585357666,11.5
353,2.7584400177001953,2.756232976913452,2.7539634704589844,2.751666307449341,2.749377965927124,2.747122049331665,2.7448904514312744,2.7426681518554688,2.7404491901397705,2.7382214069366455,2.735987901687622,2.733760118484497,2.7315902709960938,2.7294979095458984,2.7274725437164307,2.7255208492279053,2.7236344814300537,2.721788167953491,2.7200124263763428,2.7183122634887695,2.716695785522461,2.715186834335327,2.713756561279297,2.7123844623565674,2.7110307216644287,2.709674835205078,2.708333969116211,2.707019567489624,2.7057037353515625,2.7043278217315674,2.702847719192505,2.701263427734375,2.6995232105255127,2.6976401805877686,2.6956329345703125,2.693528175354004,2.691343307495117,2.68910813331604,2.686882972717285,2.6846797466278076,2.6824581623077393,2.6801297664642334,2.677729368209839,2.6754047870635986,2.6732990741729736,2.671466827392578,2.6698477268218994,2.6683664321899414,2.667041778564453,2.665973663330078,2.6652238368988037,2.6647863388061523,2.664670705795288,2.6648924350738525,2.665428400039673,2.666219711303711,2.6672046184539795,2.668401002883911,2.669822931289673,2.671431303024292,2.6732017993927,2.6750640869140625,2.676917791366577,2.678663969039917,2.6801815032958984,2.68141770362854,2.6823155879974365,2.6828792095184326,2.6831328868865967,2.683079481124878,2.6827392578125,2.6821353435516357,2.681295394897461,2.6802289485931396,2.678975820541382,2.677581787109375,2.6760997772216797,2.6745662689208984,2.6729745864868164,2.671294927597046,2.669478178024292,2.667555809020996,2.665550470352173,2.6634950637817383,2.661424398422241,2.659376859664917,2.65732741355896,2.6552255153656006,2.653062582015991,2.65084171295166,2.6485941410064697,2.6463725566864014,2.644218683242798,2.642148017883301,2.6400885581970215,2.6380107402801514,2.635923147201538,2.63382625579834,2.631739377975464,2.629678726196289,11.5
354,2.8429107666015625,2.8404760360717773,2.8380126953125,2.835521697998047,2.8330037593841553,2.8305184841156006,2.8280391693115234,2.8255844116210938,2.8231284618377686,2.8206608295440674,2.818187952041626,2.8157360553741455,2.8133347034454346,2.8110086917877197,2.808734178543091,2.806501626968384,2.804346799850464,2.802279233932495,2.8003008365631104,2.7984142303466797,2.7965896129608154,2.7948572635650635,2.793246030807495,2.7917184829711914,2.7902119159698486,2.7887279987335205,2.787259340286255,2.785823106765747,2.7843692302703857,2.7828330993652344,2.7811975479125977,2.7794322967529297,2.7775075435638428,2.7754108905792236,2.7731330394744873,2.770692825317383,2.76813006401062,2.765522003173828,2.7628915309906006,2.7602603435516357,2.7576310634613037,2.75498104095459,2.7523136138916016,2.749664545059204,2.7471494674682617,2.744889497756958,2.7428786754608154,2.741093635559082,2.7395060062408447,2.738187074661255,2.7372162342071533,2.7366230487823486,2.7364025115966797,2.736562490463257,2.73703932762146,2.7378056049346924,2.7388203144073486,2.740065574645996,2.741544723510742,2.743220567703247,2.7450625896453857,2.7470180988311768,2.748988151550293,2.750865936279297,2.7525274753570557,2.7538864612579346,2.754877805709839,2.7554681301116943,2.75567364692688,2.7555062770843506,2.755018949508667,2.7542288303375244,2.753181219100952,2.751913070678711,2.750431776046753,2.748795747756958,2.746997833251953,2.745089292526245,2.743093490600586,2.74101185798645,2.7388572692871094,2.7366015911102295,2.7342336177825928,2.7317981719970703,2.7292864322662354,2.72672963142395,2.7241318225860596,2.721491575241089,2.7188122272491455,2.7160775661468506,2.7133147716522217,2.710550546646118,2.7077958583831787,2.705070734024048,2.7023773193359375,2.69970703125,2.6970748901367188,2.6944243907928467,2.6917784214019775,2.6891250610351562,11.600000381469727
355,2.8436930179595947,2.8411877155303955,2.8386757373809814,2.8361551761627197,2.833613634109497,2.831094980239868,2.8285748958587646,2.826070785522461,2.8235702514648438,2.821075677871704,2.8186228275299072,2.816211700439453,2.8138396739959717,2.811505079269409,2.8092281818389893,2.8070361614227295,2.804938554763794,2.8029396533966064,2.8010332584381104,2.799227476119995,2.797518491744995,2.795903205871582,2.794358015060425,2.7928829193115234,2.79146409034729,2.7901008129119873,2.788787841796875,2.787482261657715,2.7861478328704834,2.784730911254883,2.783169746398926,2.7814533710479736,2.779564619064331,2.77752423286438,2.775343894958496,2.773021697998047,2.7705516815185547,2.7679948806762695,2.7654008865356445,2.7628233432769775,2.7602367401123047,2.7575950622558594,2.75490665435791,2.7522528171539307,2.749793767929077,2.747627019882202,2.7457187175750732,2.7440025806427,2.742485284805298,2.7412776947021484,2.7404677867889404,2.7400543689727783,2.7400243282318115,2.7403647899627686,2.741046905517578,2.7420387268066406,2.743297576904297,2.7448244094848633,2.7466180324554443,2.7486350536346436,2.7508344650268555,2.7531394958496094,2.7554433345794678,2.7576406002044678,2.759633779525757,2.761324644088745,2.7626380920410156,2.7635281085968018,2.7639970779418945,2.764066696166992,2.7637722492218018,2.763185501098633,2.762314558029175,2.7612054347991943,2.7598745822906494,2.758352518081665,2.756699323654175,2.7549238204956055,2.753049850463867,2.751070737838745,2.748987913131714,2.746814012527466,2.7445228099823,2.742159605026245,2.739753007888794,2.737293004989624,2.7347919940948486,2.7322356700897217,2.7296483516693115,2.727027654647827,2.7243731021881104,2.721715211868286,2.7190816402435303,2.716486692428589,2.7139148712158203,2.711378812789917,2.7088851928710938,2.7064056396484375,2.7039096355438232,2.7014191150665283,11.600000381469727
356,2.802461624145508,2.8002023696899414,2.797962188720703,2.7957241535186768,2.7934916019439697,2.791254997253418,2.789022207260132,2.7868118286132812,2.7846267223358154,2.7824630737304688,2.7803218364715576,2.778240442276001,2.7762105464935303,2.7742621898651123,2.77236008644104,2.7705183029174805,2.768760919570923,2.767117500305176,2.7656030654907227,2.764221429824829,2.7629311084747314,2.7617149353027344,2.760571241378784,2.7594804763793945,2.7584383487701416,2.757455825805664,2.756535530090332,2.7556278705596924,2.7547054290771484,2.7536709308624268,2.7524898052215576,2.751129150390625,2.7495720386505127,2.7478513717651367,2.7459876537323,2.7439868450164795,2.7418673038482666,2.7396552562713623,2.7374088764190674,2.735161781311035,2.7328808307647705,2.730513572692871,2.7280654907226562,2.7257182598114014,2.7236270904541016,2.7218515872955322,2.720301866531372,2.7189037799835205,2.7177112102508545,2.716862916946411,2.7164394855499268,2.7164621353149414,2.7168846130371094,2.717712163925171,2.718871831893921,2.7203195095062256,2.722019910812378,2.7239902019500732,2.726263999938965,2.728809356689453,2.7315521240234375,2.73439621925354,2.7372121810913086,2.739900588989258,2.742340326309204,2.7444698810577393,2.746227979660034,2.747539758682251,2.7484114170074463,2.748865842819214,2.7489376068115234,2.7486648559570312,2.748077392578125,2.7472641468048096,2.7462317943573,2.7450311183929443,2.743665933609009,2.7421457767486572,2.7405169010162354,2.738767623901367,2.736920118331909,2.734982490539551,2.7329530715942383,2.7308731079101562,2.728705406188965,2.7264554500579834,2.724146604537964,2.721776008605957,2.7193679809570312,2.7169148921966553,2.7144758701324463,2.7120580673217773,2.7096526622772217,2.7072534561157227,2.704876661300659,2.7025110721588135,2.700169324874878,2.697861909866333,2.6955325603485107,2.6932194232940674,11.600000381469727
357,2.8607089519500732,2.857876777648926,2.8550055027008057,2.8521041870117188,2.8492040634155273,2.8463327884674072,2.843491315841675,2.8406803607940674,2.837890863418579,2.835108995437622,2.832341432571411,2.8296091556549072,2.8269240856170654,2.8243038654327393,2.821765899658203,2.8193233013153076,2.8169658184051514,2.814692735671997,2.8125088214874268,2.810417890548706,2.808450698852539,2.8065786361694336,2.804795026779175,2.8030827045440674,2.8014423847198486,2.7998435497283936,2.7982730865478516,2.796696424484253,2.7951011657714844,2.7934582233428955,2.791728973388672,2.789867401123047,2.7878494262695312,2.7856616973876953,2.783299684524536,2.780794143676758,2.778165817260742,2.775491714477539,2.772801637649536,2.7701234817504883,2.767435312271118,2.7647082805633545,2.761927604675293,2.7591896057128906,2.7566311359405518,2.754369020462036,2.752354383468628,2.750551223754883,2.7489640712738037,2.747680425643921,2.7467594146728516,2.746222734451294,2.746060371398926,2.7462737560272217,2.7468433380126953,2.7477054595947266,2.7488629817962646,2.7502758502960205,2.751941680908203,2.753821611404419,2.7558746337890625,2.7580530643463135,2.7602617740631104,2.7623844146728516,2.76428484916687,2.765882730484009,2.7671196460723877,2.7679240703582764,2.7682816982269287,2.768251657485962,2.7678985595703125,2.7672688961029053,2.766378402709961,2.765249013900757,2.7638957500457764,2.762342691421509,2.7606136798858643,2.7587554454803467,2.7567970752716064,2.7547566890716553,2.752638816833496,2.750457763671875,2.7481822967529297,2.745790719985962,2.7432925701141357,2.7407610416412354,2.738208055496216,2.735623598098755,2.733015298843384,2.7303860187530518,2.727719306945801,2.7250349521636963,2.7223827838897705,2.719771385192871,2.7171790599823,2.714609146118164,2.7120888233184814,2.7095892429351807,2.7070767879486084,2.704530715942383,11.600000381469727
358,2.8433027267456055,2.8406219482421875,2.837908983230591,2.8351495265960693,2.8323793411254883,2.8296070098876953,2.826833724975586,2.8240878582000732,2.8213741779327393,2.818657159805298,2.81597638130188,2.813324213027954,2.810694456100464,2.8081066608428955,2.8055808544158936,2.803121566772461,2.800760507583618,2.7984869480133057,2.796316146850586,2.7942235469818115,2.792215347290039,2.790299654006958,2.7884769439697266,2.786736249923706,2.7850399017333984,2.7833878993988037,2.7817866802215576,2.7802059650421143,2.7785885334014893,2.7768986225128174,2.775076150894165,2.7731354236602783,2.771054983139038,2.768815040588379,2.766432046890259,2.7639036178588867,2.761255979537964,2.7585341930389404,2.755751848220825,2.7529900074005127,2.750241994857788,2.7474615573883057,2.7446489334106445,2.7418718338012695,2.7392492294311523,2.7368977069854736,2.7348155975341797,2.7329189777374268,2.7312228679656982,2.729825258255005,2.728804588317871,2.7281692028045654,2.7278919219970703,2.727976083755493,2.7283935546875,2.7291259765625,2.730152130126953,2.7314555644989014,2.7330029010772705,2.7347583770751953,2.7366836071014404,2.7387218475341797,2.740786552429199,2.742774248123169,2.74454402923584,2.746002435684204,2.747086524963379,2.747786283493042,2.748079538345337,2.7479732036590576,2.7475297451019287,2.746783971786499,2.745739698410034,2.74444580078125,2.7429428100585938,2.741285562515259,2.739501714706421,2.7375991344451904,2.735595464706421,2.7334890365600586,2.7312698364257812,2.7289435863494873,2.726498603820801,2.7239906787872314,2.7214438915252686,2.7188704013824463,2.7162482738494873,2.7135770320892334,2.710862159729004,2.7081100940704346,2.7053184509277344,2.7025222778320312,2.6997642517089844,2.697077989578247,2.6944267749786377,2.6917829513549805,2.68914794921875,2.686511754989624,2.683908224105835,2.681307554244995,11.600000381469727
359,2.9435853958129883,2.9409475326538086,2.9383020401000977,2.9356868267059326,2.9330625534057617,2.930432081222534,2.9277877807617188,2.9251468181610107,2.9225518703460693,2.919963836669922,2.9174015522003174,2.9148952960968018,2.9124343395233154,2.9100582599639893,2.9077537059783936,2.905499219894409,2.903329849243164,2.9012787342071533,2.899365186691284,2.8975841999053955,2.8958892822265625,2.8942744731903076,2.8927459716796875,2.8912785053253174,2.8898725509643555,2.888523817062378,2.8872101306915283,2.885899305343628,2.8845489025115967,2.8831021785736084,2.8815231323242188,2.8797829151153564,2.877843141555786,2.875709295272827,2.8734147548675537,2.8709888458251953,2.8684422969818115,2.865797996520996,2.8631041049957275,2.8604021072387695,2.8576695919036865,2.8548710346221924,2.852062463760376,2.849362373352051,2.846898078918457,2.844705820083618,2.8427460193634033,2.8410093784332275,2.839534044265747,2.8384220600128174,2.8377151489257812,2.837430715560913,2.8375604152679443,2.8380870819091797,2.838996171951294,2.840268850326538,2.8418500423431396,2.8437283039093018,2.8458776473999023,2.8482987880706787,2.850940704345703,2.8536741733551025,2.85638427734375,2.85895037651062,2.8612594604492188,2.8632171154022217,2.8647468090057373,2.865804433822632,2.86637282371521,2.866502523422241,2.8662421703338623,2.8656585216522217,2.8647639751434326,2.863623857498169,2.8622429370880127,2.860654830932617,2.8588855266571045,2.8569653034210205,2.8549458980560303,2.8528096675872803,2.8505823612213135,2.8482658863067627,2.8458471298217773,2.84334397315979,2.8407514095306396,2.8381168842315674,2.8354339599609375,2.8327114582061768,2.8299720287323,2.8271942138671875,2.824427366256714,2.821658134460449,2.8189194202423096,2.8162031173706055,2.8134915828704834,2.810824394226074,2.8081958293914795,2.8056182861328125,2.8030471801757812,2.8004519939422607,11.600000381469727
360,2.9591763019561768,2.956012725830078,2.9528207778930664,2.9496116638183594,2.946406126022339,2.943230390548706,2.940089464187622,2.9369916915893555,2.9339330196380615,2.9309237003326416,2.9279308319091797,2.9249794483184814,2.9221041202545166,2.9193074703216553,2.916607618331909,2.913999557495117,2.9115066528320312,2.909144163131714,2.906904458999634,2.904799699783325,2.9028379917144775,2.901001214981079,2.899284601211548,2.8976457118988037,2.896061658859253,2.894512176513672,2.8930044174194336,2.89152455329895,2.8900439739227295,2.8884899616241455,2.886794328689575,2.884923219680786,2.8828392028808594,2.880526542663574,2.8780171871185303,2.875340223312378,2.87251353263855,2.8696060180664062,2.866643190383911,2.8636744022369385,2.860722303390503,2.8577239513397217,2.854678153991699,2.851701021194458,2.848947763442993,2.8465616703033447,2.844496488571167,2.842644453048706,2.8410484790802,2.839817762374878,2.8390777111053467,2.8388423919677734,2.839081048965454,2.8397738933563232,2.84086537361145,2.8423030376434326,2.844064712524414,2.8461458683013916,2.848504066467285,2.85111927986145,2.8539445400238037,2.856900453567505,2.8598663806915283,2.8626813888549805,2.865217447280884,2.8673598766326904,2.8690271377563477,2.8701908588409424,2.870854377746582,2.871021270751953,2.8707516193389893,2.8701248168945312,2.8692123889923096,2.8680036067962646,2.8664958477020264,2.8647584915161133,2.862879514694214,2.860844373703003,2.858649492263794,2.856321334838867,2.853896379470825,2.851381301879883,2.848766565322876,2.846050262451172,2.8432257175445557,2.8403208255767822,2.8373773097991943,2.8344218730926514,2.8314363956451416,2.828418493270874,2.825381278991699,2.822355270385742,2.819354295730591,2.8164074420928955,2.8134658336639404,2.810565233230591,2.8077266216278076,2.804912805557251,2.802107095718384,2.7992632389068604,11.699999809265137
361,2.7511167526245117,2.7488458156585693,2.7466061115264893,2.7443463802337646,2.742027521133423,2.7396857738494873,2.737352132797241,2.7350618839263916,2.732830047607422,2.730637311935425,2.728454351425171,2.7263059616088867,2.7241744995117188,2.7220752239227295,2.7200376987457275,2.718069076538086,2.716202735900879,2.714440107345581,2.7127511501312256,2.7111570835113525,2.709648847579956,2.70820689201355,2.7068235874176025,2.705505609512329,2.704268217086792,2.703089714050293,2.7019431591033936,2.700779914855957,2.6995718479156494,2.698275327682495,2.696866989135742,2.695352792739868,2.693713426589966,2.6919326782226562,2.6900062561035156,2.687950849533081,2.6857776641845703,2.683522939682007,2.6812312602996826,2.6789743900299072,2.6767475605010986,2.6744844913482666,2.672166109085083,2.6698570251464844,2.6676971912384033,2.6657943725585938,2.6641170978546143,2.662623643875122,2.661329746246338,2.66031813621521,2.659656286239624,2.659350633621216,2.6593754291534424,2.659705638885498,2.6603188514709473,2.661207914352417,2.662360906600952,2.6637837886810303,2.6654272079467773,2.667264938354492,2.6692283153533936,2.671273946762085,2.6733169555664062,2.6752684116363525,2.677049398422241,2.6785871982574463,2.679802894592285,2.680621385574341,2.6810340881347656,2.681070566177368,2.6807823181152344,2.680217981338501,2.679450035095215,2.6784937381744385,2.6773605346679688,2.676034927368164,2.6745541095733643,2.672947645187378,2.671252965927124,2.669475793838501,2.667628526687622,2.665717124938965,2.663741111755371,2.6616768836975098,2.6595113277435303,2.657268762588501,2.6549830436706543,2.6526811122894287,2.6503727436065674,2.6480536460876465,2.6457359790802,2.6433908939361572,2.6410200595855713,2.6386377811431885,2.6363046169281006,2.6340200901031494,2.631767511367798,2.6295344829559326,2.627317190170288,2.625077247619629,11.699999809265137
362,2.8644039630889893,2.8619632720947266,2.859520196914673,2.8570663928985596,2.8545777797698975,2.8520708084106445,2.8495705127716064,2.847092628479004,2.8446238040924072,2.8421809673309326,2.8397560119628906,2.837348699569702,2.834970474243164,2.832644462585449,2.8304033279418945,2.8282229900360107,2.826120376586914,2.8241031169891357,2.8221988677978516,2.8204028606414795,2.8186752796173096,2.8170182704925537,2.8154354095458984,2.813939094543457,2.812497854232788,2.8110930919647217,2.8097283840179443,2.8083887100219727,2.807013750076294,2.805575370788574,2.8040199279785156,2.8023273944854736,2.8004658222198486,2.798417329788208,2.796224355697632,2.7938835620880127,2.7914135456085205,2.7888336181640625,2.7861998081207275,2.7835657596588135,2.7808990478515625,2.7781832218170166,2.7754249572753906,2.772711753845215,2.7701704502105713,2.7678959369659424,2.7658846378326416,2.7640867233276367,2.762497663497925,2.7612228393554688,2.7603378295898438,2.759855031967163,2.759770631790161,2.7600605487823486,2.760695457458496,2.7616374492645264,2.762866258621216,2.7643682956695557,2.7661120891571045,2.76808762550354,2.7702512741088867,2.772526502609253,2.7748165130615234,2.776996612548828,2.7789556980133057,2.7805893421173096,2.7818260192871094,2.7826344966888428,2.782994270324707,2.782946825027466,2.7825582027435303,2.781865358352661,2.7808926105499268,2.7796337604522705,2.7781364917755127,2.776453971862793,2.7745964527130127,2.772615432739258,2.770545721054077,2.7683956623077393,2.766143798828125,2.7637739181518555,2.761281967163086,2.758695602416992,2.7560434341430664,2.75335431098938,2.7506487369537354,2.7479047775268555,2.7451326847076416,2.7423315048217773,2.7394912242889404,2.736628770828247,2.7337846755981445,2.730987787246704,2.728247880935669,2.7255399227142334,2.7228729724884033,2.7202022075653076,2.717498779296875,2.7147915363311768,11.699999809265137
363,2.9557130336761475,2.9528744220733643,2.9500038623809814,2.9471347332000732,2.9442636966705322,2.9414336681365967,2.938596725463867,2.935790777206421,2.9330227375030518,2.9302775859832764,2.927544355392456,2.9248416423797607,2.922186851501465,2.9196109771728516,2.917123794555664,2.9147377014160156,2.9124395847320557,2.910243272781372,2.9081437587738037,2.9061481952667236,2.904264450073242,2.902491331100464,2.90081524848938,2.8992061614990234,2.897625207901001,2.896084785461426,2.8945791721343994,2.893098831176758,2.891580581665039,2.889983892440796,2.88826060295105,2.8863766193389893,2.884300470352173,2.8820457458496094,2.8796474933624268,2.877107620239258,2.8744585514068604,2.8717126846313477,2.8689510822296143,2.8661916255950928,2.8633854389190674,2.860536575317383,2.8576648235321045,2.8548858165740967,2.8523242473602295,2.850041627883911,2.84801983833313,2.8462045192718506,2.844604730606079,2.843355178833008,2.842510223388672,2.8420979976654053,2.8420708179473877,2.842445135116577,2.8431804180145264,2.8442471027374268,2.845616340637207,2.8472652435302734,2.8491861820220947,2.8513357639312744,2.853656053543091,2.856074094772339,2.858494997024536,2.8607966899871826,2.862842321395874,2.8645145893096924,2.8657772541046143,2.866598129272461,2.866976737976074,2.8669192790985107,2.8664729595184326,2.865717649459839,2.8647003173828125,2.863426446914673,2.8619158267974854,2.8602302074432373,2.85837721824646,2.8563830852508545,2.854296922683716,2.8521296977996826,2.8498694896698,2.8474912643432617,2.845015287399292,2.8424575328826904,2.839817762374878,2.837114095687866,2.8344151973724365,2.831693649291992,2.8289215564727783,2.826113700866699,2.823289632797241,2.8204994201660156,2.8177194595336914,2.81496524810791,2.812251329421997,2.809581995010376,2.8069913387298584,2.8044021129608154,2.8017795085906982,2.799137830734253,11.699999809265137
364,3.000908851623535,2.9979171752929688,2.994922637939453,2.991914749145508,2.9888923168182373,2.9858808517456055,2.982881784439087,2.9799201488494873,2.977003335952759,2.97411847114563,2.971263885498047,2.9684362411499023,2.965653657913208,2.9629437923431396,2.9603137969970703,2.9577980041503906,2.9554150104522705,2.9531595706939697,2.9509944915771484,2.948925733566284,2.946976661682129,2.9451303482055664,2.943368911743164,2.94165301322937,2.940016746520996,2.938481569290161,2.9369773864746094,2.9354515075683594,2.9338912963867188,2.9322078227996826,2.9303722381591797,2.9283859729766846,2.926239013671875,2.923927068710327,2.9214298725128174,2.9187939167022705,2.916032552719116,2.913222551345825,2.91035532951355,2.9075119495391846,2.9046688079833984,2.9017763137817383,2.898859739303589,2.896066904067993,2.8935234546661377,2.8912861347198486,2.88930344581604,2.887540578842163,2.886068105697632,2.8849992752075195,2.884375810623169,2.884211778640747,2.8844711780548096,2.8851311206817627,2.8861513137817383,2.88748836517334,2.8891499042510986,2.89111328125,2.8933658599853516,2.8958547115325928,2.898500442504883,2.901190996170044,2.9038193225860596,2.90628719329834,2.9084880352020264,2.9103128910064697,2.9116878509521484,2.9125945568084717,2.9130361080169678,2.913057327270508,2.9126741886138916,2.9119651317596436,2.911008596420288,2.909825086593628,2.908416509628296,2.9068210124969482,2.9050655364990234,2.903167963027954,2.9011456966400146,2.899038314819336,2.8968794345855713,2.8946409225463867,2.892315626144409,2.8899052143096924,2.8874340057373047,2.8848936557769775,2.8823115825653076,2.879713773727417,2.877098321914673,2.8744781017303467,2.8718583583831787,2.8692398071289062,2.8666369915008545,2.8640711307525635,2.8615739345550537,2.8591251373291016,2.8566839694976807,2.854249954223633,2.8518240451812744,2.8494060039520264,11.699999809265137
365,2.8064372539520264,2.8035333156585693,2.800623655319214,2.7977101802825928,2.7948062419891357,2.791928291320801,2.7890727519989014,2.786269426345825,2.7834746837615967,2.7806966304779053,2.7779598236083984,2.7752552032470703,2.7726268768310547,2.7700512409210205,2.7675621509552,2.76517653465271,2.7628772258758545,2.760673761367798,2.7585811614990234,2.75658917427063,2.754713773727417,2.752934694290161,2.7512738704681396,2.7496891021728516,2.7481601238250732,2.7466790676116943,2.7452423572540283,2.743833303451538,2.7423973083496094,2.7408835887908936,2.7392377853393555,2.7374401092529297,2.73547625541687,2.7333433628082275,2.731027603149414,2.7285397052764893,2.725921869277954,2.7232506275177,2.7205493450164795,2.7178452014923096,2.715118169784546,2.71235728263855,2.7095680236816406,2.7068474292755127,2.7043063640594482,2.702061891555786,2.7000834941864014,2.6983211040496826,2.696784734725952,2.6955792903900146,2.694774627685547,2.69439959526062,2.694437026977539,2.6949069499969482,2.6957504749298096,2.6969165802001953,2.6983537673950195,2.700075149536133,2.702054262161255,2.7042834758758545,2.706698179244995,2.7092254161834717,2.711772918701172,2.714205741882324,2.716398000717163,2.7182247638702393,2.719641923904419,2.7206058502197266,2.721109390258789,2.721186876296997,2.7208750247955322,2.720209836959839,2.7192506790161133,2.718032121658325,2.7166025638580322,2.7149765491485596,2.713179349899292,2.7112598419189453,2.7092268466949463,2.7070882320404053,2.7048532962799072,2.7025325298309326,2.7001075744628906,2.6975882053375244,2.694995164871216,2.692350387573242,2.6896533966064453,2.686887741088867,2.6840953826904297,2.681290626525879,2.678480386734009,2.6756350994110107,2.6727867126464844,2.6699724197387695,2.667201042175293,2.6644673347473145,2.6617543697357178,2.6590678691864014,2.6563880443573,2.6537187099456787,11.800000190734863
366,2.737025260925293,2.7347240447998047,2.7323849201202393,2.7300291061401367,2.727647066116333,2.725252389907837,2.7228479385375977,2.7204501628875732,2.7180416584014893,2.715635061264038,2.713244676589966,2.710864782333374,2.708523988723755,2.7062199115753174,2.703930616378784,2.7016899585723877,2.6994788646698,2.697321653366089,2.6952245235443115,2.6931746006011963,2.6912028789520264,2.689286947250366,2.6874306201934814,2.6856281757354736,2.683851957321167,2.682081937789917,2.680310010910034,2.6785571575164795,2.67681884765625,2.675067186355591,2.6732351779937744,2.671314239501953,2.669302225112915,2.6672074794769287,2.6650302410125732,2.6627800464630127,2.660473585128784,2.6581437587738037,2.65580153465271,2.6534764766693115,2.6511690616607666,2.6488428115844727,2.6464662551879883,2.644097089767456,2.641847848892212,2.639822006225586,2.637983560562134,2.636251449584961,2.6346275806427,2.6331751346588135,2.631963014602661,2.6310062408447266,2.6303036212921143,2.6298530101776123,2.6296074390411377,2.6295502185821533,2.629673957824707,2.629960536956787,2.630399703979492,2.630974054336548,2.631669044494629,2.632438898086548,2.633221387863159,2.633939504623413,2.634547233581543,2.6349916458129883,2.6352102756500244,2.6351747512817383,2.634861946105957,2.634319305419922,2.6335699558258057,2.6326534748077393,2.6315853595733643,2.6303837299346924,2.62905216217041,2.6276092529296875,2.626082420349121,2.6244773864746094,2.6228182315826416,2.621105432510376,2.619354486465454,2.6175591945648193,2.6156938076019287,2.613754987716675,2.611769437789917,2.6097593307495117,2.6077396869659424,2.6057004928588867,2.603639841079712,2.6015784740448,2.5995023250579834,2.5973997116088867,2.595301628112793,2.5932111740112305,2.591153383255005,2.5891306400299072,2.587139368057251,2.5851528644561768,2.583125352859497,2.5810768604278564,11.800000190734863
367,2.748321533203125,2.7464067935943604,2.7444674968719482,2.742528200149536,2.7405807971954346,2.7386627197265625,2.736762285232544,2.734851598739624,2.7329368591308594,2.731037139892578,2.729161500930786,2.7273292541503906,2.725534200668335,2.7237939834594727,2.722121000289917,2.720506429672241,2.718960762023926,2.7174856662750244,2.7160985469818115,2.714799165725708,2.713589668273926,2.712449312210083,2.711371660232544,2.710319757461548,2.709303617477417,2.708313226699829,2.707362413406372,2.7064037322998047,2.7053956985473633,2.7043228149414062,2.703137159347534,2.7018392086029053,2.700399160385132,2.698826551437378,2.697145700454712,2.6953608989715576,2.693491220474243,2.6916027069091797,2.6897027492523193,2.6878178119659424,2.6858937740325928,2.6838502883911133,2.681689977645874,2.679605484008789,2.6777801513671875,2.6762702465057373,2.674962282180786,2.673752546310425,2.67270827293396,2.6719322204589844,2.671489953994751,2.6713998317718506,2.671612501144409,2.6721231937408447,2.6729037761688232,2.673943281173706,2.675239324569702,2.676751136779785,2.678474187850952,2.6803863048553467,2.6824328899383545,2.684544563293457,2.6866233348846436,2.6885812282562256,2.6903440952301025,2.6918246746063232,2.692976713180542,2.693783760070801,2.69423770904541,2.694382429122925,2.6942691802978516,2.693925142288208,2.6933634281158447,2.69258189201355,2.6916186809539795,2.6905367374420166,2.689351797103882,2.688096284866333,2.686765670776367,2.685368776321411,2.6839230060577393,2.6823952198028564,2.6807899475097656,2.679107904434204,2.677374839782715,2.675626754760742,2.6738643646240234,2.672083854675293,2.6702678203582764,2.6684186458587646,2.666558265686035,2.664750337600708,2.6629812717437744,2.66123628616333,2.6595067977905273,2.6577842235565186,2.656092882156372,2.6543970108032227,2.6526968479156494,2.650973081588745,11.800000190734863
368,2.8049726486206055,2.8028995990753174,2.800792932510376,2.798650026321411,2.7965126037597656,2.7943813800811768,2.792252779006958,2.7901220321655273,2.78802227973938,2.785959243774414,2.7839279174804688,2.7819201946258545,2.7799274921417236,2.777987241744995,2.776120185852051,2.7743260860443115,2.772639513015747,2.7710494995117188,2.7695600986480713,2.7681798934936523,2.7668864727020264,2.7656681537628174,2.764508008956909,2.763399839401245,2.7623488903045654,2.7613372802734375,2.7603423595428467,2.7593564987182617,2.7583513259887695,2.757230520248413,2.755939483642578,2.754500389099121,2.752910614013672,2.7511558532714844,2.749222993850708,2.747138261795044,2.7449395656585693,2.7426726818084717,2.7403831481933594,2.7380921840667725,2.7357940673828125,2.733450174331665,2.7310879230499268,2.7288084030151367,2.7267143726348877,2.724867582321167,2.723273992538452,2.721898317337036,2.7207610607147217,2.7199630737304688,2.7195568084716797,2.7195615768432617,2.71993350982666,2.72066593170166,2.72174334526062,2.7231428623199463,2.724816083908081,2.726736307144165,2.728914260864258,2.7313239574432373,2.7339112758636475,2.736548662185669,2.739166259765625,2.741642951965332,2.74389386177063,2.7457962036132812,2.7472877502441406,2.748323678970337,2.748903274536133,2.7490806579589844,2.7488927841186523,2.748420000076294,2.747666597366333,2.7466659545898438,2.7454681396484375,2.7440779209136963,2.742534637451172,2.740838050842285,2.739032506942749,2.737152099609375,2.7351903915405273,2.733159065246582,2.7310447692871094,2.728816032409668,2.726520538330078,2.7241733074188232,2.7217776775360107,2.7193496227264404,2.716905355453491,2.714465856552124,2.712003707885742,2.7095229625701904,2.7070724964141846,2.704663038253784,2.702296018600464,2.699965476989746,2.6976544857025146,2.6953556537628174,2.693079948425293,2.690821647644043,11.800000190734863
369,2.7221734523773193,2.7201907634735107,2.718179702758789,2.7161521911621094,2.714125394821167,2.7120883464813232,2.7100629806518555,2.7080724239349365,2.7060868740081787,2.7041094303131104,2.7021188735961914,2.700155019760132,2.698237180709839,2.696366310119629,2.6945431232452393,2.6927881240844727,2.691103935241699,2.6894874572753906,2.687955856323242,2.6864898204803467,2.6850950717926025,2.6837899684906006,2.6825339794158936,2.6813318729400635,2.6801815032958984,2.6790435314178467,2.677950143814087,2.6768600940704346,2.6757562160491943,2.674604654312134,2.673360824584961,2.6719703674316406,2.6704273223876953,2.6687495708465576,2.6669552326202393,2.665050506591797,2.663052797317505,2.6609914302825928,2.6589114665985107,2.6568422317504883,2.6547441482543945,2.652571678161621,2.650327444076538,2.6481077671051025,2.6460843086242676,2.6443183422088623,2.6427886486053467,2.641392469406128,2.640141487121582,2.6391472816467285,2.6384756565093994,2.6381404399871826,2.6381189823150635,2.638411283493042,2.6389787197113037,2.6397812366485596,2.6408164501190186,2.642070770263672,2.643519401550293,2.645146131515503,2.6469249725341797,2.648808002471924,2.650665283203125,2.6524243354797363,2.653991937637329,2.65531849861145,2.6563541889190674,2.657038927078247,2.657381296157837,2.657411575317383,2.6571614742279053,2.656660795211792,2.65592622756958,2.6549861431121826,2.6538679599761963,2.6525917053222656,2.65120005607605,2.649721384048462,2.648177146911621,2.6465444564819336,2.6448347568511963,2.643045663833618,2.641185760498047,2.6392362117767334,2.637225389480591,2.6351730823516846,2.6330862045288086,2.630976438522339,2.6288557052612305,2.6267030239105225,2.6245040893554688,2.62231183052063,2.620157480239868,2.618027925491333,2.615880250930786,2.613748073577881,2.6116583347320557,2.609576940536499,2.607483148574829,2.605374336242676,12.0
370,2.721273422241211,2.718780279159546,2.7162599563598633,2.7137134075164795,2.7111549377441406,2.708616256713867,2.7060954570770264,2.7035634517669678,2.701021909713745,2.6985056400299072,2.6959927082061768,2.6934974193573,2.6910321712493896,2.6886026859283447,2.6862404346466064,2.683945894241333,2.6817305088043213,2.6796035766601562,2.6775548458099365,2.6755669116973877,2.6736488342285156,2.6718008518218994,2.6700279712677,2.6683008670806885,2.6666064262390137,2.664961576461792,2.663367509841919,2.6618120670318604,2.6602251529693604,2.658569097518921,2.656809091567993,2.6549432277679443,2.6529576778411865,2.650892972946167,2.6487226486206055,2.6464669704437256,2.6441383361816406,2.6417620182037354,2.639378786087036,2.6370160579681396,2.6346285343170166,2.6321935653686523,2.629697561264038,2.627253770828247,2.625004529953003,2.6230053901672363,2.621202230453491,2.6195266246795654,2.6180169582366943,2.616755723953247,2.6158177852630615,2.6151885986328125,2.6148598194122314,2.614840030670166,2.6150617599487305,2.6154963970184326,2.616135358810425,2.6170034408569336,2.6180877685546875,2.619342803955078,2.6207504272460938,2.6222264766693115,2.6236889362335205,2.6250550746917725,2.6262295246124268,2.627189874649048,2.627861738204956,2.6282339096069336,2.6282947063446045,2.628059148788452,2.6275675296783447,2.626824140548706,2.6258842945098877,2.6247758865356445,2.623535394668579,2.622175931930542,2.620702028274536,2.619140386581421,2.6175119876861572,2.61582088470459,2.6140639781951904,2.612239360809326,2.610360622406006,2.6084299087524414,2.6064646244049072,2.6044604778289795,2.6024374961853027,2.600376844406128,2.5982980728149414,2.5962255001068115,2.5941622257232666,2.5920932292938232,2.590031385421753,2.5879924297332764,2.5859858989715576,2.5839879512786865,2.5820014476776123,2.5800399780273438,2.578073263168335,2.576103448867798,12.0
371,2.7215940952301025,2.719249725341797,2.7168591022491455,2.714460611343384,2.712078809738159,2.7097129821777344,2.7073676586151123,2.7050399780273438,2.702716112136841,2.7003958225250244,2.698075532913208,2.6957921981811523,2.6935338973999023,2.6913177967071533,2.689178228378296,2.687108039855957,2.6851108074188232,2.68319034576416,2.6813392639160156,2.6795852184295654,2.6779136657714844,2.676318883895874,2.6748046875,2.6733455657958984,2.671935796737671,2.670578718185425,2.669239044189453,2.6679136753082275,2.666569948196411,2.6651687622070312,2.6636645793914795,2.6620070934295654,2.660186767578125,2.65824294090271,2.6561574935913086,2.6539628505706787,2.6516735553741455,2.6492860317230225,2.6468312740325928,2.644366979598999,2.6419174671173096,2.6394710540771484,2.637005090713501,2.634594440460205,2.632343292236328,2.630316734313965,2.628493070602417,2.6268229484558105,2.6253397464752197,2.6241531372070312,2.623335123062134,2.622882127761841,2.6227636337280273,2.6229727268218994,2.623462200164795,2.6241953372955322,2.6251678466796875,2.6263980865478516,2.6278858184814453,2.6295807361602783,2.631420850753784,2.6333365440368652,2.6352274417877197,2.6370086669921875,2.6385891437530518,2.639894723892212,2.6408910751342773,2.6415154933929443,2.6417505741119385,2.641601085662842,2.6411027908325195,2.640336751937866,2.6393558979034424,2.638174057006836,2.636833429336548,2.635340452194214,2.6337192058563232,2.631967306137085,2.630082368850708,2.628099203109741,2.626051902770996,2.6239514350891113,2.6218104362487793,2.6196117401123047,2.617337942123413,2.6149909496307373,2.6125948429107666,2.6101696491241455,2.6077260971069336,2.6052682399749756,2.602818012237549,2.600374460220337,2.597923517227173,2.595468521118164,2.593029260635376,2.59063982963562,2.58829927444458,2.585996627807617,2.5836992263793945,2.581390619277954,12.0
372,2.936284065246582,2.933544158935547,2.930783987045288,2.9280338287353516,2.925283670425415,2.9225215911865234,2.919767141342163,2.91699481010437,2.9142208099365234,2.9114599227905273,2.908733367919922,2.9060604572296143,2.90344500541687,2.900866746902466,2.8983471393585205,2.895876884460449,2.893486976623535,2.8912038803100586,2.889028549194336,2.8869543075561523,2.8850088119506836,2.883147954940796,2.8813607692718506,2.879603385925293,2.8778934478759766,2.8762571811676025,2.8746697902679443,2.8731119632720947,2.8715178966522217,2.8698348999023438,2.8680191040039062,2.8660366535186768,2.8638737201690674,2.861546516418457,2.859079360961914,2.8564846515655518,2.853792905807495,2.851032257080078,2.848234176635742,2.845438241958618,2.842599868774414,2.8396823406219482,2.836718797683716,2.83384108543396,2.831214666366577,2.8289058208465576,2.8268280029296875,2.824915647506714,2.8232107162475586,2.821871519088745,2.820932149887085,2.820399284362793,2.820253372192383,2.8204939365386963,2.8210601806640625,2.8219263553619385,2.8230762481689453,2.8245086669921875,2.8261797428131104,2.8280704021453857,2.830144166946411,2.832317352294922,2.8344640731811523,2.836459159851074,2.838249444961548,2.8397490978240967,2.8408782482147217,2.8416061401367188,2.841928482055664,2.8418452739715576,2.8414039611816406,2.84063982963562,2.839632749557495,2.8383915424346924,2.8369457721710205,2.8353111743927,2.8335485458374023,2.8316726684570312,2.8296749591827393,2.8275556564331055,2.825373411178589,2.8231287002563477,2.820796251296997,2.818364381790161,2.8158748149871826,2.8133132457733154,2.810701370239258,2.8080713748931885,2.805443525314331,2.80279803276062,2.800121307373047,2.797445058822632,2.7947628498077393,2.7921016216278076,2.7894535064697266,2.7868611812591553,2.7843167781829834,2.7817881107330322,2.77925181388855,2.7766788005828857,12.100000381469727
373,2.864668607711792,2.8624355792999268,2.8601648807525635,2.857854127883911,2.8555338382720947,2.853208541870117,2.8509185314178467,2.848677396774292,2.8464787006378174,2.8443033695220947,2.842137575149536,2.8399689197540283,2.8378524780273438,2.835813283920288,2.8338661193847656,2.832016706466675,2.8302724361419678,2.82861590385437,2.8270480632781982,2.8255631923675537,2.8241689205169678,2.8229072093963623,2.821743965148926,2.820669412612915,2.8196630477905273,2.818675994873047,2.8177108764648438,2.8167266845703125,2.815683364868164,2.8145484924316406,2.813283681869507,2.8118650913238525,2.8102729320526123,2.808471441268921,2.806481122970581,2.8043181896209717,2.8020124435424805,2.7996044158935547,2.7971556186676025,2.794743776321411,2.7923498153686523,2.7899081707000732,2.7874088287353516,2.7849321365356445,2.7826602458953857,2.7807130813598633,2.7790725231170654,2.777669906616211,2.7765090465545654,2.775651693344116,2.7752037048339844,2.7751986980438232,2.7755978107452393,2.776402711868286,2.7775585651397705,2.7790632247924805,2.780879259109497,2.782984972000122,2.785356283187866,2.787958860397339,2.7907111644744873,2.7935543060302734,2.796403169631958,2.7991344928741455,2.8016197681427,2.803746461868286,2.8054332733154297,2.806633234024048,2.807349443435669,2.8075942993164062,2.8074562549591064,2.8070247173309326,2.806324005126953,2.8053367137908936,2.804074287414551,2.802621841430664,2.8010146617889404,2.799280881881714,2.7974071502685547,2.795433282852173,2.7933406829833984,2.791163682937622,2.7888848781585693,2.786494493484497,2.7840282917022705,2.781501054763794,2.7789440155029297,2.776355028152466,2.7737324237823486,2.77105975151062,2.768343210220337,2.765625,2.7629501819610596,2.760319709777832,2.757732629776001,2.7551918029785156,2.752678632736206,2.750149965286255,2.7476119995117188,2.745060682296753,12.100000381469727
374,2.7024810314178467,2.7004573345184326,2.6984102725982666,2.6963558197021484,2.6942808628082275,2.6921932697296143,2.6901261806488037,2.6880874633789062,2.686063766479492,2.6840555667877197,2.6820719242095947,2.6801233291625977,2.6781835556030273,2.6762702465057373,2.6744155883789062,2.6726417541503906,2.6709554195404053,2.669342041015625,2.6678218841552734,2.666389226913452,2.665036916732788,2.663743734359741,2.6625254154205322,2.6613848209381104,2.660311460494995,2.6592588424682617,2.6582190990448,2.6571733951568604,2.656104803085327,2.654961585998535,2.653707265853882,2.6523334980010986,2.6508281230926514,2.6491739749908447,2.647388219833374,2.645484685897827,2.643460988998413,2.641343355178833,2.639190435409546,2.6370861530303955,2.634991407394409,2.632848024368286,2.6306345462799072,2.628445863723755,2.626418352127075,2.624648332595825,2.623093366622925,2.6216938495635986,2.6204593181610107,2.6194961071014404,2.6188604831695557,2.618565320968628,2.618598699569702,2.618950128555298,2.6195900440216064,2.620483160018921,2.6216204166412354,2.6229867935180664,2.6245625019073486,2.6263253688812256,2.6282358169555664,2.6302549839019775,2.6322717666625977,2.6341888904571533,2.6359384059906006,2.637437582015991,2.6386194229125977,2.6394293308258057,2.639868974685669,2.6399548053741455,2.6397275924682617,2.6392269134521484,2.638497829437256,2.6375620365142822,2.6364591121673584,2.6352100372314453,2.6338233947753906,2.6323206424713135,2.630722999572754,2.629063844680786,2.627328395843506,2.625515937805176,2.6236047744750977,2.621614694595337,2.6195590496063232,2.6174333095550537,2.615252733230591,2.613034963607788,2.610802412033081,2.608550786972046,2.6062731742858887,2.6039788722991943,2.6016979217529297,2.5994184017181396,2.5971646308898926,2.594940185546875,2.592761754989624,2.5905921459198,2.5884053707122803,2.5862109661102295,12.100000381469727
375,2.846590757369995,2.8441622257232666,2.841715097427368,2.8392858505249023,2.836843252182007,2.834378480911255,2.8319127559661865,2.8294484615325928,2.827024459838867,2.8246145248413086,2.8222415447235107,2.819892168045044,2.8175880908966064,2.81533145904541,2.813122034072876,2.810979127883911,2.8089206218719482,2.8069565296173096,2.8051230907440186,2.803370714187622,2.8017024993896484,2.8001396656036377,2.7986433506011963,2.7971737384796143,2.795738935470581,2.7943336963653564,2.7929794788360596,2.791663408279419,2.7903270721435547,2.788949966430664,2.7874577045440674,2.7857906818389893,2.7839419841766357,2.7819249629974365,2.7797601222991943,2.777489423751831,2.77512264251709,2.7726879119873047,2.770216703414917,2.7677385807037354,2.7652511596679688,2.7627220153808594,2.7601630687713623,2.7576494216918945,2.755319595336914,2.7532660961151123,2.7514572143554688,2.7497997283935547,2.7483298778533936,2.7471463680267334,2.746340036392212,2.7459285259246826,2.745875358581543,2.7461776733398438,2.746812105178833,2.7477149963378906,2.748877763748169,2.7502996921539307,2.751955270767212,2.7538344860076904,2.755899429321289,2.758094072341919,2.7602813243865967,2.762354850769043,2.7642171382904053,2.765789747238159,2.766993284225464,2.76778507232666,2.7681639194488525,2.7681808471679688,2.7678909301757812,2.7673113346099854,2.7664668560028076,2.7653915882110596,2.764103651046753,2.7626259326934814,2.7609894275665283,2.759219169616699,2.7573463916778564,2.755401611328125,2.753406524658203,2.7513349056243896,2.749147415161133,2.7468605041503906,2.7444889545440674,2.742062568664551,2.7395899295806885,2.737098455429077,2.7345898151397705,2.7320566177368164,2.729501962661743,2.7269585132598877,2.7244253158569336,2.721906900405884,2.719400405883789,2.7169439792633057,2.714517831802368,2.7120883464813232,2.709660768508911,2.7072246074676514,12.100000381469727
376,2.80890154838562,2.806359052658081,2.8038341999053955,2.801333427429199,2.7988204956054688,2.7962887287139893,2.7937910556793213,2.791318655014038,2.7888689041137695,2.786447525024414,2.7840538024902344,2.7817251682281494,2.7794277667999268,2.777167320251465,2.774966239929199,2.7728500366210938,2.7708442211151123,2.76894474029541,2.7671821117401123,2.765523910522461,2.76393985748291,2.7624452114105225,2.761012315750122,2.7596728801727295,2.7584121227264404,2.7571794986724854,2.7559969425201416,2.7548248767852783,2.7536144256591797,2.752326011657715,2.750868082046509,2.7492549419403076,2.7474782466888428,2.7455360889434814,2.743434190750122,2.7411773204803467,2.7387917041778564,2.736299753189087,2.7337419986724854,2.7311928272247314,2.728649854660034,2.7261006832122803,2.7235305309295654,2.7210025787353516,2.7186813354492188,2.7166261672973633,2.714817762374878,2.7132232189178467,2.711857557296753,2.7108328342437744,2.710219144821167,2.710026979446411,2.7102577686309814,2.7108805179595947,2.7118663787841797,2.7131576538085938,2.7147369384765625,2.7166097164154053,2.7187490463256836,2.7211523056030273,2.723740816116333,2.726426124572754,2.729098320007324,2.731631278991699,2.7339189052581787,2.7358598709106445,2.7373979091644287,2.7385082244873047,2.7391653060913086,2.7393691539764404,2.7391815185546875,2.73864483833313,2.7378127574920654,2.73671817779541,2.735410690307617,2.733926773071289,2.732259750366211,2.7304422855377197,2.728489875793457,2.726433515548706,2.7242939472198486,2.7220499515533447,2.7197225093841553,2.7173099517822266,2.71480655670166,2.712217330932617,2.7095603942871094,2.706861734390259,2.7041332721710205,2.7013823986053467,2.6986236572265625,2.6958649158477783,2.693107843399048,2.6903650760650635,2.6876590251922607,2.6849746704101562,2.682332754135132,2.6797258853912354,2.677144765853882,2.674553871154785,12.100000381469727
377,2.889596700668335,2.8866240978240967,2.883626699447632,2.880589246749878,2.8775179386138916,2.874422788619995,2.8713386058807373,2.8682777881622314,2.8652400970458984,2.862220048904419,2.859229803085327,2.856252908706665,2.853297472000122,2.85036301612854,2.8474981784820557,2.8447062969207764,2.8420066833496094,2.8393847942352295,2.8368561267852783,2.834425687789917,2.8320906162261963,2.829843759536743,2.8276634216308594,2.825545072555542,2.8234903812408447,2.8214914798736572,2.81954288482666,2.8176205158233643,2.8156607151031494,2.8136396408081055,2.8115081787109375,2.8092687129974365,2.8068878650665283,2.804353952407837,2.8016750812530518,2.7988500595092773,2.7958993911743164,2.7928810119628906,2.7898237705230713,2.786769151687622,2.783705949783325,2.7806308269500732,2.7775704860687256,2.7745492458343506,2.771651029586792,2.7689754962921143,2.7665531635284424,2.764364242553711,2.76238751411438,2.760694742202759,2.7593472003936768,2.7583744525909424,2.757782220840454,2.7575435638427734,2.7576358318328857,2.7580413818359375,2.758755922317505,2.759723663330078,2.7609450817108154,2.7623813152313232,2.7640199661254883,2.7657864093780518,2.767559766769409,2.769243001937866,2.7707273960113525,2.7719357013702393,2.772775650024414,2.7732136249542236,2.773242235183716,2.7728824615478516,2.7721798419952393,2.7711830139160156,2.7699520587921143,2.768489122390747,2.766798734664917,2.7649266719818115,2.762921094894409,2.7607815265655518,2.7585391998291016,2.7562255859375,2.75386643409729,2.7514312267303467,2.748884916305542,2.7462565898895264,2.743558168411255,2.7408151626586914,2.7380130290985107,2.7351598739624023,2.732287645339966,2.729412317276001,2.7265233993530273,2.7236039638519287,2.7206928730010986,2.7177984714508057,2.714940071105957,2.712111234664917,2.7093093395233154,2.7065250873565674,2.7037479877471924,2.7009646892547607,12.100000381469727
378,2.7136662006378174,2.7116458415985107,2.7096214294433594,2.7076046466827393,2.7055823802948,2.703557252883911,2.701554298400879,2.699565887451172,2.697603940963745,2.6956512928009033,2.6936919689178467,2.691753625869751,2.6898491382598877,2.6879971027374268,2.6862099170684814,2.684506416320801,2.6828906536102295,2.68135142326355,2.6798925399780273,2.678530693054199,2.677264928817749,2.6760778427124023,2.674961805343628,2.6738979816436768,2.6728556156158447,2.671854019165039,2.670867919921875,2.669919729232788,2.6689465045928955,2.6678884029388428,2.6667239665985107,2.6653997898101807,2.6639115810394287,2.6622841358184814,2.6605207920074463,2.658649206161499,2.6566715240478516,2.6546356678009033,2.652606964111328,2.6505932807922363,2.64856219291687,2.6464293003082275,2.6442105770111084,2.642038345336914,2.6401004791259766,2.6384735107421875,2.6370596885681152,2.6357758045196533,2.6346490383148193,2.633802890777588,2.6333107948303223,2.6331751346588135,2.633376121520996,2.6339025497436523,2.6347427368164062,2.635845899581909,2.637178421020508,2.6387369632720947,2.640519142150879,2.6425182819366455,2.6446776390075684,2.6469385623931885,2.6491920948028564,2.651339054107666,2.653280019760132,2.654934883117676,2.656259536743164,2.6572000980377197,2.657766103744507,2.6579904556274414,2.6579179763793945,2.6575610637664795,2.65694522857666,2.6560935974121094,2.6550464630126953,2.653851270675659,2.6525235176086426,2.6511104106903076,2.6496193408966064,2.6480586528778076,2.64640212059021,2.6446502208709717,2.642814874649048,2.6408753395080566,2.6388776302337646,2.6368443965911865,2.6348068714141846,2.63273024559021,2.630603551864624,2.6284477710723877,2.626271963119507,2.6241073608398438,2.621952533721924,2.619813919067383,2.6177244186401367,2.615659713745117,2.613637924194336,2.6115801334381104,2.609510660171509,2.607438325881958,12.199999809265137
379,2.6792213916778564,2.677259683609009,2.675278902053833,2.673302412033081,2.671314001083374,2.669313669204712,2.667322874069214,2.6653544902801514,2.663374185562134,2.661418914794922,2.6594645977020264,2.6575443744659424,2.6556599140167236,2.653806686401367,2.6519906520843506,2.6502199172973633,2.6485166549682617,2.646897077560425,2.6453473567962646,2.643857717514038,2.64243745803833,2.6410791873931885,2.6398098468780518,2.638592481613159,2.6374099254608154,2.636259078979492,2.635133743286133,2.634030818939209,2.632924795150757,2.6317644119262695,2.6305079460144043,2.6291263103485107,2.627603054046631,2.6259472370147705,2.624154806137085,2.6222457885742188,2.620239496231079,2.618175745010376,2.616077423095703,2.6139957904815674,2.61191725730896,2.609802007675171,2.6076409816741943,2.6054680347442627,2.603433847427368,2.6016361713409424,2.6000559329986572,2.598625421524048,2.5973403453826904,2.5962724685668945,2.595492124557495,2.595017671585083,2.5948617458343506,2.59501051902771,2.595416307449341,2.5960352420806885,2.596864938735962,2.597903251647949,2.5991170406341553,2.6005125045776367,2.602052927017212,2.6037027835845947,2.605356454849243,2.6069347858428955,2.608353614807129,2.609525680541992,2.610403299331665,2.610973596572876,2.611229181289673,2.6111795902252197,2.610834836959839,2.6102399826049805,2.609422445297241,2.608422040939331,2.607243299484253,2.6059205532073975,2.604487419128418,2.6029415130615234,2.601318120956421,2.599607467651367,2.597827911376953,2.595961809158325,2.5940163135528564,2.5920021533966064,2.5899322032928467,2.5878093242645264,2.58563232421875,2.5834157466888428,2.5811498165130615,2.5788614749908447,2.5765380859375,2.5742194652557373,2.5719172954559326,2.5696356296539307,2.5673887729644775,2.565143585205078,2.562920570373535,2.56069278717041,2.5584487915039062,2.5562007427215576,12.199999809265137
380,2.802912950515747,2.800724983215332,2.798513174057007,2.7962863445281982,2.7940642833709717,2.7918784618377686,2.7896909713745117,2.7875335216522217,2.785376787185669,2.7832248210906982,2.781100034713745,2.7789909839630127,2.7769415378570557,2.774949789047241,2.773031234741211,2.7711918354034424,2.7694435119628906,2.767753839492798,2.7661335468292236,2.764597177505493,2.763171911239624,2.7618541717529297,2.7606098651885986,2.7594070434570312,2.7582390308380127,2.7570950984954834,2.755960464477539,2.7548582553863525,2.7537248134613037,2.75249981880188,2.751147508621216,2.7496540546417236,2.748016595840454,2.7462470531463623,2.7443206310272217,2.7422802448272705,2.7401397228240967,2.7379722595214844,2.735795259475708,2.7336223125457764,2.7314040660858154,2.729104995727539,2.7267322540283203,2.724445343017578,2.722399950027466,2.7206337451934814,2.7190780639648438,2.7176666259765625,2.716456651687622,2.715543746948242,2.7149617671966553,2.714726209640503,2.7148399353027344,2.715301275253296,2.716064453125,2.717085838317871,2.718348264694214,2.7198398113250732,2.721539258956909,2.723444700241089,2.7255122661590576,2.7276611328125,2.7297780513763428,2.7317802906036377,2.7335710525512695,2.7350664138793945,2.736189603805542,2.7369277477264404,2.737323045730591,2.737384080886841,2.737147092819214,2.7366485595703125,2.7359180450439453,2.734985113143921,2.733860731124878,2.7325899600982666,2.731218099594116,2.729734182357788,2.728159189224243,2.7265212535858154,2.7248268127441406,2.7230312824249268,2.7211191654205322,2.7191505432128906,2.717137575149536,2.715085983276367,2.7130000591278076,2.710881471633911,2.708744764328003,2.706556558609009,2.704355478286743,2.7021656036376953,2.6999971866607666,2.6978530883789062,2.69573712348938,2.693653106689453,2.69157338142395,2.689483642578125,2.6873767375946045,2.6852848529815674,12.199999809265137
381,2.831730604171753,2.8295555114746094,2.8273632526397705,2.825167417526245,2.822991132736206,2.8208370208740234,2.818683385848999,2.816533088684082,2.814384698867798,2.8122425079345703,2.8101189136505127,2.8080356121063232,2.8060014247894287,2.804048538208008,2.802133560180664,2.8002853393554688,2.7985191345214844,2.7968227863311768,2.7952187061309814,2.793710708618164,2.7922871112823486,2.7909586429595947,2.789672613143921,2.788440704345703,2.7872493267059326,2.786079168319702,2.7849462032318115,2.783818483352661,2.7826616764068604,2.78143310546875,2.780064344406128,2.778535842895508,2.776839017868042,2.7749974727630615,2.7730343341827393,2.770960807800293,2.7687740325927734,2.7665274143218994,2.7642526626586914,2.7619895935058594,2.759699821472168,2.7573556900024414,2.754950523376465,2.752610206604004,2.7504796981811523,2.7486391067504883,2.7470309734344482,2.7455711364746094,2.744300603866577,2.743333101272583,2.7427446842193604,2.7425177097320557,2.7426154613494873,2.743053436279297,2.7438228130340576,2.7448666095733643,2.7461421489715576,2.747608184814453,2.7493069171905518,2.751206159591675,2.7532684803009033,2.755404233932495,2.7575085163116455,2.759469747543335,2.7611942291259766,2.7625951766967773,2.763645887374878,2.764300584793091,2.7645962238311768,2.764544725418091,2.764190673828125,2.7635765075683594,2.7627124786376953,2.761629819869995,2.760361909866333,2.758962869644165,2.7574424743652344,2.7558138370513916,2.7540900707244873,2.752293586730957,2.750424385070801,2.7484681606292725,2.7464160919189453,2.744283437728882,2.7420990467071533,2.739891767501831,2.737661600112915,2.735391616821289,2.733079671859741,2.7307422161102295,2.7284183502197266,2.72609806060791,2.7237727642059326,2.7214772701263428,2.719231367111206,2.7170135974884033,2.7148149013519287,2.712627649307251,2.7104408740997314,2.708219289779663,12.199999809265137
382,2.967137098312378,2.9642791748046875,2.9614017009735107,2.958542823791504,2.9557044506073,2.952875852584839,2.950056314468384,2.9472596645355225,2.944493293762207,2.9417483806610107,2.9389851093292236,2.9362926483154297,2.933685302734375,2.9311695098876953,2.9287350177764893,2.9263668060302734,2.9241018295288086,2.921947717666626,2.919888734817505,2.9179468154907227,2.9161365032196045,2.9144604206085205,2.912862777709961,2.9113147258758545,2.9098141193389893,2.9083797931671143,2.9070074558258057,2.9056270122528076,2.9041900634765625,2.9026496410369873,2.9009828567504883,2.89914608001709,2.8971071243286133,2.894866704940796,2.8924481868743896,2.889887571334839,2.8872127532958984,2.8844616413116455,2.88169002532959,2.8789260387420654,2.8761179447174072,2.8732388019561768,2.870330810546875,2.8675434589385986,2.8650052547454834,2.862799882888794,2.860883951187134,2.8591909408569336,2.857752561569214,2.856660842895508,2.855998992919922,2.8557968139648438,2.856041193008423,2.8567264080047607,2.8578193187713623,2.859225273132324,2.860929489135742,2.862926721572876,2.8651950359344482,2.867708921432495,2.8704137802124023,2.8732078075408936,2.875974416732788,2.8785789012908936,2.880903959274292,2.882855176925659,2.8843491077423096,2.885373830795288,2.885923147201538,2.8860342502593994,2.885774850845337,2.8851442337036133,2.88420033454895,2.882981061935425,2.881556272506714,2.879951238632202,2.878159761428833,2.876255750656128,2.874253273010254,2.8721792697906494,2.8699867725372314,2.867675542831421,2.8652572631835938,2.862746000289917,2.86017107963562,2.8575475215911865,2.8548896312713623,2.8521976470947266,2.8494699001312256,2.846710205078125,2.8439509868621826,2.8411643505096436,2.8384015560150146,2.835674285888672,2.833022356033325,2.8304154872894287,2.8277900218963623,2.8251914978027344,2.8226001262664795,2.8200159072875977,12.300000190734863
383,2.736954689025879,2.7347774505615234,2.7326500415802,2.7306015491485596,2.7285938262939453,2.7265689373016357,2.7245004177093506,2.722395658493042,2.7202701568603516,2.7181825637817383,2.716171979904175,2.7142486572265625,2.7124006748199463,2.71056866645813,2.708772659301758,2.706996202468872,2.7052879333496094,2.7036914825439453,2.7022287845611572,2.700900077819824,2.699658155441284,2.698463201522827,2.69731068611145,2.696173667907715,2.695077896118164,2.6940348148345947,2.6930770874023438,2.6921870708465576,2.6912944316864014,2.690279006958008,2.6890735626220703,2.6876800060272217,2.6861095428466797,2.684412956237793,2.6826210021972656,2.6807336807250977,2.678741693496704,2.676649808883667,2.6744778156280518,2.6722805500030518,2.6700613498687744,2.6678192615509033,2.6655728816986084,2.66342830657959,2.6614725589752197,2.6597604751586914,2.658240556716919,2.6568479537963867,2.655635118484497,2.654726028442383,2.6542141437530518,2.6541128158569336,2.6543705463409424,2.6549594402313232,2.655830144882202,2.656949281692505,2.658294916152954,2.6598949432373047,2.6617751121520996,2.6639087200164795,2.6662328243255615,2.66862416267395,2.670971155166626,2.6731584072113037,2.6750967502593994,2.6767396926879883,2.678079605102539,2.679098129272461,2.6797268390655518,2.679959297180176,2.6798255443573,2.67935848236084,2.6785786151885986,2.6775519847869873,2.676363229751587,2.675081253051758,2.673685073852539,2.6721744537353516,2.670534372329712,2.668747663497925,2.666832208633423,2.6648218631744385,2.6627728939056396,2.660693407058716,2.658571243286133,2.6563823223114014,2.6541049480438232,2.65170955657959,2.6492598056793213,2.646803855895996,2.6443965435028076,2.642042398452759,2.6396870613098145,2.637341260910034,2.6349666118621826,2.6325910091400146,2.6302125453948975,2.6278767585754395,2.625627040863037,2.6234042644500732,12.300000190734863
384,2.8039138317108154,2.8016912937164307,2.799466133117676,2.79723858833313,2.794999361038208,2.7927722930908203,2.790560483932495,2.7883946895599365,2.786248207092285,2.784109354019165,2.781984329223633,2.7798912525177,2.777846574783325,2.775852918624878,2.773920774459839,2.7720792293548584,2.770326614379883,2.76865291595459,2.7670652866363525,2.76557993888855,2.7641830444335938,2.7628726959228516,2.7616395950317383,2.760456085205078,2.7593061923980713,2.7581911087036133,2.7570993900299072,2.7560245990753174,2.754892587661743,2.753678560256958,2.7523488998413086,2.7508695125579834,2.749213457107544,2.747394561767578,2.7454445362091064,2.7433907985687256,2.7412302494049072,2.7390174865722656,2.736786127090454,2.734572649002075,2.7323648929595947,2.7301037311553955,2.72778582572937,2.725510358810425,2.7234411239624023,2.721687078475952,2.7202091217041016,2.7188873291015625,2.7177305221557617,2.7168776988983154,2.716403007507324,2.7163074016571045,2.7165491580963135,2.7171432971954346,2.7180473804473877,2.7192201614379883,2.7206313610076904,2.7222900390625,2.72417950630188,2.7262609004974365,2.7284772396087646,2.730781316757202,2.7330570220947266,2.7351903915405273,2.73708176612854,2.7386629581451416,2.739873170852661,2.7406904697418213,2.7411115169525146,2.7411930561065674,2.7409679889678955,2.7404568195343018,2.739704132080078,2.738736391067505,2.7375905513763428,2.736285924911499,2.7348337173461914,2.7332847118377686,2.7316529750823975,2.729956865310669,2.7281997203826904,2.7263565063476562,2.7244179248809814,2.722386360168457,2.720288038253784,2.7181339263916016,2.715932607650757,2.7137014865875244,2.7114546298980713,2.7092010974884033,2.706944227218628,2.7046782970428467,2.7024192810058594,2.7001953125,2.6980113983154297,2.6958506107330322,2.693725824356079,2.6916024684906006,2.6894710063934326,2.6873271465301514,12.300000190734863
385,2.854466199874878,2.8518857955932617,2.84930419921875,2.8467442989349365,2.8441684246063232,2.841593027114868,2.839003324508667,2.8364315032958984,2.833890914916992,2.831406831741333,2.828951835632324,2.826531410217285,2.8241240978240967,2.8217592239379883,2.8194591999053955,2.8172292709350586,2.815082550048828,2.813059091567993,2.8111164569854736,2.8092401027679443,2.8074657917022705,2.805771589279175,2.8041536808013916,2.802579641342163,2.8010475635528564,2.7995824813842773,2.7981700897216797,2.796766519546509,2.795334577560425,2.7938194274902344,2.7921841144561768,2.7903950214385986,2.7884674072265625,2.7864038944244385,2.784222364425659,2.7819292545318604,2.779512643814087,2.777024030685425,2.7745168209075928,2.7720136642456055,2.7695090770721436,2.766939878463745,2.7643051147460938,2.7617428302764893,2.759402275085449,2.7573330402374268,2.7554664611816406,2.7537243366241455,2.752164602279663,2.750918388366699,2.7500312328338623,2.7495014667510986,2.749312162399292,2.7494661808013916,2.7499401569366455,2.7506704330444336,2.7516489028930664,2.752863645553589,2.7543227672576904,2.756009340286255,2.757880449295044,2.7598459720611572,2.76180100440979,2.763654947280884,2.765316963195801,2.7667224407196045,2.767772912979126,2.768437147140503,2.7687110900878906,2.768643379211426,2.768263816833496,2.7675869464874268,2.7666447162628174,2.765517234802246,2.7642085552215576,2.762725830078125,2.7611122131347656,2.7593860626220703,2.7575511932373047,2.7556049823760986,2.7535877227783203,2.751509666442871,2.74935245513916,2.7471094131469727,2.7448129653930664,2.7424676418304443,2.740056276321411,2.737591505050659,2.7350990772247314,2.7325944900512695,2.7300827503204346,2.7275736331939697,2.7250888347625732,2.7226171493530273,2.7201712131500244,2.717756986618042,2.7153871059417725,2.7130191326141357,2.7106239795684814,2.708211660385132,12.399999618530273
386,2.821370840072632,2.8187637329101562,2.816127061843872,2.8134987354278564,2.8108699321746826,2.8082592487335205,2.8056719303131104,2.8031129837036133,2.8005855083465576,2.7980639934539795,2.7955379486083984,2.7930431365966797,2.7906100749969482,2.7882368564605713,2.7859508991241455,2.7837436199188232,2.7816264629364014,2.7795703411102295,2.7775766849517822,2.775672674179077,2.773887872695923,2.772172689437866,2.770536422729492,2.7689507007598877,2.7674195766448975,2.7659263610839844,2.764470338821411,2.763028144836426,2.7615623474121094,2.7600250244140625,2.7583751678466797,2.756620407104492,2.7547495365142822,2.7527363300323486,2.7506167888641357,2.7483911514282227,2.7460992336273193,2.743758201599121,2.7413971424102783,2.7390658855438232,2.7367284297943115,2.7343082427978516,2.731816530227661,2.7293760776519775,2.727161169052124,2.7252323627471924,2.72350811958313,2.721912145614624,2.720487594604492,2.71936297416687,2.718576431274414,2.7181150913238525,2.7179508209228516,2.7181055545806885,2.71856427192688,2.7192745208740234,2.720228433609009,2.7214057445526123,2.722825765609741,2.7244365215301514,2.7261877059936523,2.7280118465423584,2.7298288345336914,2.7315781116485596,2.73315691947937,2.7344887256622314,2.735499143600464,2.7361364364624023,2.7364203929901123,2.736377000808716,2.7360446453094482,2.735478639602661,2.73470139503479,2.733727216720581,2.7325856685638428,2.7312872409820557,2.7298691272735596,2.7283260822296143,2.726693868637085,2.725010633468628,2.7232720851898193,2.721479654312134,2.7196004390716553,2.7176551818847656,2.715635299682617,2.7135612964630127,2.711482286453247,2.7093751430511475,2.70725154876709,2.7050979137420654,2.7029531002044678,2.7008216381073,2.698676347732544,2.696570634841919,2.6944973468780518,2.6924540996551514,2.6904404163360596,2.688434362411499,2.686433792114258,2.68440842628479,12.399999618530273
387,2.708796739578247,2.706855535507202,2.7049148082733154,2.7029640674591064,2.700986862182617,2.698983907699585,2.6969659328460693,2.6949708461761475,2.6929900646209717,2.6910054683685303,2.689018964767456,2.68703293800354,2.6850616931915283,2.683103322982788,2.6811749935150146,2.6793105602264404,2.677496910095215,2.6757476329803467,2.674062490463257,2.6724421977996826,2.6708810329437256,2.669353485107422,2.6678712368011475,2.66642689704895,2.6650266647338867,2.663651943206787,2.6623003482818604,2.6609609127044678,2.6596014499664307,2.6581666469573975,2.6566412448883057,2.6550097465515137,2.6532886028289795,2.651484251022339,2.649625778198242,2.6477162837982178,2.6457407474517822,2.6437103748321533,2.6416642665863037,2.639676570892334,2.6377055644989014,2.635697603225708,2.633605480194092,2.6315126419067383,2.629575729370117,2.627873659133911,2.6263463497161865,2.624925374984741,2.6235859394073486,2.6224467754364014,2.6215667724609375,2.62093186378479,2.620511293411255,2.6203012466430664,2.6202986240386963,2.620490789413452,2.6208584308624268,2.6213788986206055,2.6220595836639404,2.6228854656219482,2.62381911277771,2.6247949600219727,2.625749349594116,2.626657485961914,2.6274421215057373,2.6280457973480225,2.628429651260376,2.628560781478882,2.6284658908843994,2.628131151199341,2.6275923252105713,2.626882791519165,2.6260030269622803,2.624992847442627,2.6238632202148438,2.6226513385772705,2.6213464736938477,2.6199419498443604,2.6184866428375244,2.6170051097869873,2.6154749393463135,2.613875389099121,2.6122124195098877,2.610508680343628,2.6087417602539062,2.606933355331421,2.6051254272460938,2.6033198833465576,2.601478338241577,2.599594831466675,2.5976943969726562,2.595808267593384,2.593925714492798,2.5920517444610596,2.5902020931243896,2.5883800983428955,2.586575746536255,2.5847768783569336,2.5829522609710693,2.581078290939331,12.5
388,2.806687355041504,2.8044185638427734,2.8021278381347656,2.799809455871582,2.7974960803985596,2.795189619064331,2.7928905487060547,2.7906291484832764,2.788388967514038,2.786144495010376,2.7839057445526123,2.7816708087921143,2.779496431350708,2.7773780822753906,2.775331497192383,2.7733287811279297,2.7713842391967773,2.7695324420928955,2.767787218093872,2.7661094665527344,2.7645065784454346,2.762969970703125,2.761530637741089,2.760162353515625,2.7588319778442383,2.7575204372406006,2.75622296333313,2.754913091659546,2.7535736560821533,2.752159833908081,2.750638246536255,2.7489871978759766,2.7471964359283447,2.7452566623687744,2.7431881427764893,2.7409839630126953,2.7386863231658936,2.7363407611846924,2.7339699268341064,2.73162841796875,2.729285478591919,2.726896047592163,2.7244367599487305,2.7220089435577393,2.7197749614715576,2.717827558517456,2.7161037921905518,2.7145347595214844,2.7131497859954834,2.7120420932769775,2.7112560272216797,2.7107903957366943,2.710648775100708,2.7108542919158936,2.711358070373535,2.712137460708618,2.713158369064331,2.7144269943237305,2.7159225940704346,2.7176029682159424,2.7194535732269287,2.721390962600708,2.7233245372772217,2.7251358032226562,2.7267353534698486,2.7280490398406982,2.7290191650390625,2.7296159267425537,2.729855537414551,2.7297589778900146,2.7293577194213867,2.7286930084228516,2.7277984619140625,2.726696014404297,2.7254066467285156,2.7239511013031006,2.72236704826355,2.720691680908203,2.718935966491699,2.7171056270599365,2.715195655822754,2.713207483291626,2.7111377716064453,2.7089741230010986,2.7067253589630127,2.7044448852539062,2.702138900756836,2.6998260021209717,2.6974849700927734,2.6951000690460205,2.692711114883423,2.6903178691864014,2.687946081161499,2.6855695247650146,2.683230400085449,2.6809463500976562,2.6786868572235107,2.676421880722046,2.6741418838500977,2.6718685626983643,12.5
389,2.716535806655884,2.714653730392456,2.7127459049224854,2.7107913494110107,2.708803415298462,2.706810712814331,2.7048513889312744,2.702958345413208,2.701096773147583,2.6992385387420654,2.6973648071289062,2.6954641342163086,2.693582773208618,2.6917455196380615,2.689997434616089,2.688347101211548,2.6867733001708984,2.685255289077759,2.6837759017944336,2.6823437213897705,2.68097186088562,2.679675817489624,2.6784708499908447,2.677345037460327,2.67626690864563,2.6752231121063232,2.6741740703582764,2.6731176376342773,2.6719970703125,2.6708126068115234,2.66955304145813,2.6682050228118896,2.6667239665985107,2.665121078491211,2.6633758544921875,2.6615021228790283,2.659520149230957,2.657480478286743,2.655463933944702,2.653491735458374,2.651548147201538,2.6495542526245117,2.6474430561065674,2.645322561264038,2.6433680057525635,2.6416757106781006,2.6402158737182617,2.6388981342315674,2.637741804122925,2.63681697845459,2.636169672012329,2.6357991695404053,2.6357038021087646,2.6359214782714844,2.6364309787750244,2.637205123901367,2.6382060050964355,2.639402389526367,2.64076828956604,2.6422908306121826,2.6439454555511475,2.6457011699676514,2.647480010986328,2.649181365966797,2.650712490081787,2.652003049850464,2.6529691219329834,2.6535744667053223,2.653825044631958,2.653773307800293,2.653459072113037,2.6529242992401123,2.652191400527954,2.65126633644104,2.650153160095215,2.648862600326538,2.647451639175415,2.6459577083587646,2.6444079875946045,2.6428115367889404,2.6411712169647217,2.6394476890563965,2.63763427734375,2.635716438293457,2.6337244510650635,2.631700277328491,2.6296474933624268,2.6276023387908936,2.625563621520996,2.6235086917877197,2.6214163303375244,2.6192705631256104,2.617121696472168,2.615011215209961,2.612973690032959,2.6110002994537354,2.609039068222046,2.6070563793182373,2.6050541400909424,2.6030149459838867,12.600000381469727
390,2.7525787353515625,2.750009298324585,2.7474124431610107,2.7448244094848633,2.742227554321289,2.739636182785034,2.7370502948760986,2.7344753742218018,2.7319061756134033,2.729356527328491,2.726820230484009,2.724310874938965,2.7218379974365234,2.7194149494171143,2.717057466506958,2.714765787124634,2.712531805038452,2.710369348526001,2.708296775817871,2.706334114074707,2.704469680786133,2.7026641368865967,2.700916290283203,2.699209213256836,2.6975526809692383,2.6959593296051025,2.6944198608398438,2.692887544631958,2.6913280487060547,2.689702272415161,2.687946319580078,2.68603777885437,2.683976411819458,2.681792974472046,2.679520845413208,2.6771466732025146,2.6746864318847656,2.672157049179077,2.6696128845214844,2.6670799255371094,2.664537191390991,2.6619672775268555,2.6593639850616455,2.656799793243408,2.6544229984283447,2.652313470840454,2.6504266262054443,2.648688316345215,2.647108793258667,2.6458005905151367,2.64483642578125,2.644200086593628,2.643885850906372,2.6438820362091064,2.644158363342285,2.64469838142395,2.645461320877075,2.6464624404907227,2.647686004638672,2.64912486076355,2.650730848312378,2.6524131298065186,2.654085874557495,2.6556575298309326,2.65704083442688,2.6581578254699707,2.6589858531951904,2.659458875656128,2.6595919132232666,2.6593992710113525,2.6589086055755615,2.658154010772705,2.657153367996216,2.6559507846832275,2.6545872688293457,2.65309739112854,2.651484727859497,2.649761438369751,2.6479570865631104,2.646059989929199,2.6440935134887695,2.6420485973358154,2.63993239402771,2.6377551555633545,2.6354944705963135,2.633178234100342,2.630805253982544,2.6284046173095703,2.6259701251983643,2.623530149459839,2.621093511581421,2.6186485290527344,2.6162109375,2.6137752532958984,2.6113626956939697,2.608966112136841,2.606616258621216,2.6042978763580322,2.601964235305786,2.5996038913726807,12.899999618530273
391,2.7099876403808594,2.7082793712615967,2.7065515518188477,2.704800844192505,2.7030391693115234,2.70129656791687,2.699533700942993,2.6977691650390625,2.696009874343872,2.6942787170410156,2.692570686340332,2.690875291824341,2.689206123352051,2.6875998973846436,2.686039686203003,2.6845271587371826,2.6830689907073975,2.6816956996917725,2.6804230213165283,2.6792306900024414,2.6781375408172607,2.6771042346954346,2.6761226654052734,2.6751558780670166,2.6742212772369385,2.673320770263672,2.672457456588745,2.671579360961914,2.6706807613372803,2.6697044372558594,2.668611526489258,2.6673624515533447,2.6659576892852783,2.6644182205200195,2.6627819538116455,2.6610443592071533,2.659200668334961,2.6573076248168945,2.6553943157196045,2.6534950733184814,2.6515657901763916,2.6495590209960938,2.6474812030792236,2.6454522609710693,2.6436169147491455,2.64207124710083,2.6407196521759033,2.639496088027954,2.6384143829345703,2.637599229812622,2.637125015258789,2.637005090713501,2.637209177017212,2.637688636779785,2.6384365558624268,2.639423131942749,2.640629529953003,2.642043113708496,2.6436681747436523,2.645463466644287,2.6473898887634277,2.6493804454803467,2.6513636112213135,2.653245687484741,2.654942512512207,2.6563844680786133,2.6575238704681396,2.658308982849121,2.658740997314453,2.6588516235351562,2.658676862716675,2.6582510471343994,2.657621383666992,2.656834363937378,2.655898332595825,2.654822826385498,2.653618574142456,2.6522979736328125,2.650878667831421,2.6493756771087646,2.6478183269500732,2.6462130546569824,2.644550085067749,2.642791509628296,2.6409645080566406,2.6390864849090576,2.637153387069702,2.635162830352783,2.6331324577331543,2.6311159133911133,2.6291086673736572,2.627100706100464,2.6250791549682617,2.623063564300537,2.6210789680480957,2.619124174118042,2.6172034740448,2.6152703762054443,2.613311767578125,2.6113102436065674,13.0
392,2.8458032608032227,2.8435537815093994,2.8412961959838867,2.8390214443206787,2.83675217628479,2.8344833850860596,2.8322505950927734,2.83003306388855,2.827820062637329,2.825611114501953,2.8234453201293945,2.8213083744049072,2.819227933883667,2.817194938659668,2.815253496170044,2.8133862018585205,2.811591148376465,2.8098719120025635,2.808263063430786,2.806772470474243,2.805349349975586,2.8040168285369873,2.802778482437134,2.801588773727417,2.8004329204559326,2.799292802810669,2.79819393157959,2.7971067428588867,2.795971155166626,2.794752836227417,2.7934038639068604,2.7918739318847656,2.790166139602661,2.788311004638672,2.786330461502075,2.7842254638671875,2.782014846801758,2.779761552810669,2.777512788772583,2.775235176086426,2.772902250289917,2.770488977432251,2.768059492111206,2.765716314315796,2.763612747192383,2.7617809772491455,2.760193109512329,2.7587730884552,2.757547616958618,2.756629228591919,2.756089210510254,2.7559311389923096,2.756138563156128,2.756723165512085,2.757646322250366,2.758838653564453,2.7602672576904297,2.761945962905884,2.7638797760009766,2.7660391330718994,2.768331527709961,2.770711898803711,2.7730743885040283,2.775320053100586,2.7773239612579346,2.7790119647979736,2.7803094387054443,2.7812023162841797,2.7816874980926514,2.7818222045898438,2.7816450595855713,2.781172752380371,2.780426025390625,2.779447317123413,2.778292417526245,2.7769670486450195,2.7755095958709717,2.7739665508270264,2.772350549697876,2.770663022994995,2.768852949142456,2.7669687271118164,2.764967679977417,2.7628936767578125,2.7607510089874268,2.7585761547088623,2.756361722946167,2.754087209701538,2.751798391342163,2.749497413635254,2.747187376022339,2.744832992553711,2.742499589920044,2.7402076721191406,2.737966537475586,2.7357614040374756,2.733588933944702,2.7314319610595703,2.729243516921997,2.7270286083221436,13.0
393,2.840184211730957,2.837278366088867,2.8343591690063477,2.8314292430877686,2.828502655029297,2.8256070613861084,2.822755813598633,2.819923162460327,2.817112684249878,2.814338445663452,2.8116044998168945,2.8089237213134766,2.8062736988067627,2.8036556243896484,2.8011417388916016,2.7987165451049805,2.7963950634002686,2.7941696643829346,2.7920548915863037,2.790032386779785,2.7881062030792236,2.7862777709960938,2.7845630645751953,2.782925844192505,2.7813498973846436,2.7798049449920654,2.778306245803833,2.7768471240997314,2.7753384113311768,2.7737691402435303,2.7720749378204346,2.770228385925293,2.7681844234466553,2.7659549713134766,2.7635843753814697,2.7610585689544678,2.7584056854248047,2.755659818649292,2.7528774738311768,2.750117540359497,2.7473723888397217,2.7446062564849854,2.741788864135742,2.739001512527466,2.736391067504883,2.7340786457061768,2.732043504714966,2.7302119731903076,2.7285947799682617,2.72729754447937,2.7264244556427,2.725959062576294,2.7258872985839844,2.726203203201294,2.7268779277801514,2.72788405418396,2.729158639907837,2.730696439743042,2.7325193881988525,2.734581708908081,2.736837387084961,2.739184617996216,2.7415497303009033,2.7438061237335205,2.745816469192505,2.7474982738494873,2.748795747756958,2.7496631145477295,2.750070333480835,2.7500600814819336,2.7496860027313232,2.748979330062866,2.747990608215332,2.746746778488159,2.7452914714813232,2.7436532974243164,2.741844415664673,2.7399003505706787,2.737849473953247,2.735705614089966,2.7334678173065186,2.731138229370117,2.728712797164917,2.726189374923706,2.723576784133911,2.72090220451355,2.718177080154419,2.7153971195220947,2.7125768661499023,2.7097415924072266,2.7068874835968018,2.7040131092071533,2.701162099838257,2.6983392238616943,2.6955530643463135,2.6927967071533203,2.6900861263275146,2.6874027252197266,2.6846818923950195,2.6819632053375244,13.100000381469727
394,2.8628170490264893,2.860121965408325,2.857419967651367,2.8547050952911377,2.8520004749298096,2.8492839336395264,2.8465585708618164,2.843878984451294,2.841228485107422,2.838602304458618,2.835996627807617,2.8334150314331055,2.8308675289154053,2.828364133834839,2.8259212970733643,2.8235552310943604,2.821260452270508,2.819056272506714,2.816967725753784,2.814983367919922,2.813082456588745,2.8112571239471436,2.8094968795776367,2.8078081607818604,2.806168794631958,2.8045942783355713,2.803053617477417,2.8015222549438477,2.7999439239501953,2.798262357711792,2.7964789867401123,2.7945716381073,2.7925004959106445,2.790273666381836,2.787907838821411,2.785451889038086,2.782904863357544,2.7802622318267822,2.777592420578003,2.7749462127685547,2.7723023891448975,2.76959490776062,2.7668540477752686,2.7641775608062744,2.7617080211639404,2.7594902515411377,2.7575156688690186,2.7557075023651123,2.7540805339813232,2.752737045288086,2.7517688274383545,2.7511749267578125,2.750941276550293,2.751023054122925,2.7514145374298096,2.752091407775879,2.753021240234375,2.7542202472686768,2.755682945251465,2.757364273071289,2.7592246532440186,2.761167287826538,2.7631313800811768,2.7649972438812256,2.7666711807250977,2.7680623531341553,2.7691032886505127,2.7697649002075195,2.770024538040161,2.769911527633667,2.7694761753082275,2.7687578201293945,2.767794370651245,2.7666122913360596,2.7652409076690674,2.763727903366089,2.7620656490325928,2.7602880001068115,2.758419990539551,2.7564594745635986,2.754448175430298,2.7523491382598877,2.7501754760742188,2.7478959560394287,2.7455263137817383,2.7431161403656006,2.740659475326538,2.7381699085235596,2.7356388568878174,2.7331085205078125,2.730574369430542,2.7280197143554688,2.725477457046509,2.722951889038086,2.7204673290252686,2.7180023193359375,2.715559244155884,2.7131576538085938,2.7107350826263428,2.708277463912964,13.199999809265137
395,2.7495296001434326,2.747603178024292,2.7456533908843994,2.743684768676758,2.741711378097534,2.7397403717041016,2.737780809402466,2.735828399658203,2.7338955402374268,2.731971502304077,2.7300684452056885,2.7281906604766846,2.7263376712799072,2.724522829055786,2.722747802734375,2.7210347652435303,2.7194108963012695,2.7178637981414795,2.716413736343384,2.7150509357452393,2.7137670516967773,2.7125561237335205,2.711400270462036,2.7102887630462646,2.7092220783233643,2.7081878185272217,2.7071778774261475,2.7061853408813477,2.7051525115966797,2.7040510177612305,2.702800989151001,2.701415777206421,2.699871301651001,2.6981899738311768,2.6963701248168945,2.6944284439086914,2.692394495010376,2.690307855606079,2.688208818435669,2.6861231327056885,2.6840388774871826,2.681891679763794,2.67969012260437,2.6775124073028564,2.6755340099334717,2.6738193035125732,2.6723320484161377,2.6709911823272705,2.6698005199432373,2.6688926219940186,2.668320417404175,2.668100118637085,2.6681978702545166,2.6686041355133057,2.6692991256713867,2.6702558994293213,2.671442985534668,2.6728410720825195,2.6744346618652344,2.6762115955352783,2.6781489849090576,2.6801726818084717,2.6821911334991455,2.6841061115264893,2.68581485748291,2.6872546672821045,2.688366174697876,2.689133882522583,2.689556360244751,2.6896495819091797,2.68945574760437,2.6889870166778564,2.6882715225219727,2.6873719692230225,2.6863138675689697,2.685105085372925,2.683762311935425,2.6823112964630127,2.6807861328125,2.679199457168579,2.677516222000122,2.675760269165039,2.6739237308502197,2.6720199584960938,2.670050859451294,2.6680221557617188,2.665972948074341,2.663869857788086,2.6617047786712646,2.6595003604888916,2.6573047637939453,2.6551129817962646,2.652944803237915,2.650811195373535,2.6486880779266357,2.6465678215026855,2.644451141357422,2.64237380027771,2.6402571201324463,2.6381289958953857,13.300000190734863
396,2.779536485671997,2.7773399353027344,2.7750861644744873,2.772824287414551,2.7705650329589844,2.7683117389678955,2.7660744190216064,2.763822555541992,2.7615575790405273,2.759277582168579,2.7570104598999023,2.7547481060028076,2.752523183822632,2.750328779220581,2.7481689453125,2.7460639476776123,2.7440192699432373,2.7420122623443604,2.7400615215301514,2.738162040710449,2.736339569091797,2.734598398208618,2.732919454574585,2.7312536239624023,2.72961688041687,2.7280309200286865,2.726487398147583,2.7249515056610107,2.723370313644409,2.7217347621917725,2.7200253009796143,2.71822452545166,2.716320753097534,2.7143261432647705,2.712219476699829,2.7100162506103516,2.7077598571777344,2.705481767654419,2.703197479248047,2.7009265422821045,2.6986639499664307,2.696383237838745,2.694053888320923,2.691746473312378,2.689570426940918,2.6876041889190674,2.685838460922241,2.6842010021209717,2.6826980113983154,2.6813907623291016,2.6803348064422607,2.6795434951782227,2.6790218353271484,2.678741455078125,2.6786949634552,2.6788320541381836,2.679149627685547,2.679645538330078,2.6802971363067627,2.681081533432007,2.681978225708008,2.682941436767578,2.683922052383423,2.6848156452178955,2.6855647563934326,2.6861038208007812,2.6864326000213623,2.686505079269409,2.686311721801758,2.685856580734253,2.685171365737915,2.684311628341675,2.6832964420318604,2.682135820388794,2.6808369159698486,2.6794321537017822,2.6779348850250244,2.676367998123169,2.674727201461792,2.6730353832244873,2.671297788619995,2.669492483139038,2.6676061153411865,2.6656665802001953,2.66367769241333,2.661653518676758,2.6595897674560547,2.657484292984009,2.6553657054901123,2.653242826461792,2.6511120796203613,2.6489806175231934,2.6468498706817627,2.644742488861084,2.642665147781372,2.6406047344207764,2.638568639755249,2.6365132331848145,2.6344497203826904,2.632380723953247,13.300000190734863
397,2.762279748916626,2.760014533996582,2.7577295303344727,2.755437135696411,2.753154754638672,2.750889778137207,2.7485954761505127,2.746305465698242,2.744020700454712,2.7417056560516357,2.739403009414673,2.7371203899383545,2.7348928451538086,2.73272967338562,2.7305686473846436,2.7284510135650635,2.7263896465301514,2.7243998050689697,2.7225005626678467,2.7206881046295166,2.7189533710479736,2.717299699783325,2.715681314468384,2.7140963077545166,2.7125492095947266,2.711024284362793,2.7095401287078857,2.708082437515259,2.706602096557617,2.7050464153289795,2.7033863067626953,2.7015838623046875,2.699655532836914,2.697606325149536,2.695446014404297,2.693218231201172,2.6909449100494385,2.6886444091796875,2.686321973800659,2.684014320373535,2.681708335876465,2.6793696880340576,2.6769893169403076,2.6746232509613037,2.6724441051483154,2.6705236434936523,2.6688172817230225,2.667249917984009,2.6657931804656982,2.6645562648773193,2.66363787651062,2.6630594730377197,2.66278076171875,2.662774085998535,2.6629984378814697,2.663419008255005,2.6640350818634033,2.6648528575897217,2.6658639907836914,2.667062997817993,2.6683881282806396,2.669801712036133,2.6711933612823486,2.6724653244018555,2.673556089401245,2.674423933029175,2.675016164779663,2.675313949584961,2.6752984523773193,2.675023317337036,2.674509048461914,2.6737747192382812,2.672847032546997,2.671722173690796,2.670461416244507,2.669081449508667,2.667609453201294,2.666059732437134,2.6644506454467773,2.662773847579956,2.6610357761383057,2.6592376232147217,2.657383918762207,2.655466318130493,2.6534817218780518,2.6514475345611572,2.64937424659729,2.647270441055298,2.6451263427734375,2.6429646015167236,2.6408021450042725,2.6386613845825195,2.6365225315093994,2.6343934535980225,2.632274627685547,2.6301662921905518,2.6280815601348877,2.625993490219116,2.623913049697876,2.6218221187591553,13.399999618530273
398,2.887972593307495,2.885340929031372,2.8827056884765625,2.880056381225586,2.8773727416992188,2.8746726512908936,2.8719818592071533,2.8693313598632812,2.866739511489868,2.8641722202301025,2.8616228103637695,2.8590898513793945,2.856565237045288,2.8540985584259033,2.851684331893921,2.8493480682373047,2.8471267223358154,2.8450534343719482,2.84307861328125,2.841170310974121,2.839311361312866,2.8375415802001953,2.8358688354492188,2.834282636642456,2.8327629566192627,2.8313028812408447,2.8298733234405518,2.828425168991089,2.826915979385376,2.825320243835449,2.8236026763916016,2.8217544555664062,2.8197572231292725,2.8176090717315674,2.8153107166290283,2.8128623962402344,2.81030011177063,2.807647943496704,2.8049612045288086,2.8022944927215576,2.799657106399536,2.7969977855682373,2.794295310974121,2.7916221618652344,2.7891199588775635,2.7869083881378174,2.7849318981170654,2.7831413745880127,2.78155779838562,2.7803096771240234,2.7794687747955322,2.77901291847229,2.7789134979248047,2.7791526317596436,2.77972674369812,2.7805798053741455,2.781710386276245,2.78310489654541,2.784754753112793,2.7866036891937256,2.788620710372925,2.7907345294952393,2.7928333282470703,2.794801712036133,2.796564817428589,2.7980659008026123,2.7992165088653564,2.7999508380889893,2.8002679347991943,2.800189256668091,2.799781084060669,2.799057722091675,2.7980854511260986,2.7968838214874268,2.795491933822632,2.793961763381958,2.792306900024414,2.7905397415161133,2.788651704788208,2.7866687774658203,2.7845981121063232,2.782465696334839,2.780249834060669,2.7779381275177,2.7755558490753174,2.773106813430786,2.77058482170105,2.768002510070801,2.7653815746307373,2.762739419937134,2.7600815296173096,2.757423162460327,2.754770517349243,2.752119779586792,2.7494800090789795,2.7469005584716797,2.744361162185669,2.741811513900757,2.739258050918579,2.7366960048675537,13.5
399,2.8733713626861572,2.8703510761260986,2.867314338684082,2.8642542362213135,2.8611862659454346,2.858156204223633,2.855161666870117,2.852198362350464,2.8492743968963623,2.846376419067383,2.8435065746307373,2.840662956237793,2.8378617763519287,2.835141181945801,2.832503080368042,2.829922914505005,2.8274219036102295,2.8250131607055664,2.822723150253296,2.8205530643463135,2.8185079097747803,2.816599130630493,2.814800262451172,2.8130900859832764,2.8114490509033203,2.809857130050659,2.8082895278930664,2.80674147605896,2.8052024841308594,2.8036210536956787,2.8019535541534424,2.8001110553741455,2.7980403900146484,2.7957420349121094,2.7932310104370117,2.7905356884002686,2.7877042293548584,2.784749746322632,2.7817165851593018,2.77866530418396,2.775629758834839,2.772596597671509,2.7695319652557373,2.7664597034454346,2.763517379760742,2.7608463764190674,2.7584667205810547,2.7562971115112305,2.7543551921844482,2.7527053356170654,2.7514307498931885,2.7505874633789062,2.7502167224884033,2.75032901763916,2.750863790512085,2.7517471313476562,2.7529261112213135,2.7543678283691406,2.7560927867889404,2.758110761642456,2.7603957653045654,2.76287579536438,2.765434980392456,2.767939805984497,2.7702372074127197,2.7722015380859375,2.7737417221069336,2.7747981548309326,2.775336980819702,2.775414228439331,2.7750961780548096,2.774402379989624,2.7733495235443115,2.7719438076019287,2.770256996154785,2.7683703899383545,2.766310453414917,2.7641077041625977,2.761777639389038,2.759324789047241,2.7567527294158936,2.7540676593780518,2.751269578933716,2.7483484745025635,2.745318651199341,2.7422189712524414,2.739034414291382,2.7357521057128906,2.7323856353759766,2.728959321975708,2.7254934310913086,2.7219905853271484,2.718499183654785,2.7150344848632812,2.7116050720214844,2.708191156387329,2.70477294921875,2.701388359069824,2.6980297565460205,2.6947028636932373,13.5
400,2.7869713306427,2.784684181213379,2.782372236251831,2.78009295463562,2.7778186798095703,2.775542974472046,2.773286819458008,2.771036148071289,2.768785238265991,2.766524076461792,2.7642982006073,2.762118339538574,2.7600009441375732,2.757888078689575,2.7558224201202393,2.753833055496216,2.751910448074341,2.7500674724578857,2.748337984085083,2.7467010021209717,2.7451555728912354,2.743650436401367,2.7421963214874268,2.7407970428466797,2.7394378185272217,2.7381222248077393,2.73685622215271,2.7356090545654297,2.7343180179595947,2.7329254150390625,2.731421709060669,2.729783296585083,2.7280099391937256,2.726109743118286,2.72412109375,2.7220280170440674,2.7198455333709717,2.717604398727417,2.7153425216674805,2.7130730152130127,2.7107656002044678,2.7084109783172607,2.7060387134552,2.703728675842285,2.701585531234741,2.6997082233428955,2.6980478763580322,2.696521043777466,2.6951816082000732,2.694126844406128,2.693410634994507,2.693033456802368,2.692962408065796,2.6932029724121094,2.693711519241333,2.6944386959075928,2.6953887939453125,2.696597099304199,2.698038101196289,2.6996726989746094,2.7014265060424805,2.7032368183135986,2.7050037384033203,2.7066421508789062,2.708108901977539,2.7093400955200195,2.710268259048462,2.710848569869995,2.7110836505889893,2.7110061645507812,2.710617780685425,2.709965705871582,2.709101915359497,2.708063840866089,2.706881523132324,2.705559492111206,2.7041256427764893,2.7026073932647705,2.7010104656219482,2.6993377208709717,2.697598457336426,2.6957972049713135,2.693929672241211,2.6919734477996826,2.6899614334106445,2.6878929138183594,2.68576717376709,2.6836235523223877,2.681460380554199,2.6792993545532227,2.6771223545074463,2.674949884414673,2.672785520553589,2.670609712600708,2.6684513092041016,2.666330575942993,2.664257287979126,2.6622111797332764,2.660172462463379,2.6580896377563477,13.5
401,2.7649505138397217,2.7626235485076904,2.760266065597534,2.7579174041748047,2.7555980682373047,2.7532646656036377,2.7509212493896484,2.748582124710083,2.7462618350982666,2.743954658508301,2.741650342941284,2.7393739223480225,2.737112045288086,2.7348897457122803,2.7327067852020264,2.730581521987915,2.7285568714141846,2.726613998413086,2.7247378826141357,2.7229318618774414,2.721179246902466,2.7195122241973877,2.7179410457611084,2.716435194015503,2.7149696350097656,2.713507890701294,2.712069511413574,2.7106497287750244,2.7091903686523438,2.7076637744903564,2.7060327529907227,2.7042884826660156,2.7024049758911133,2.7003934383392334,2.6982738971710205,2.6960513591766357,2.6937363147735596,2.691356897354126,2.688969850540161,2.6866159439086914,2.684253692626953,2.6818599700927734,2.679428815841675,2.677025556564331,2.674779176712036,2.6727821826934814,2.6709935665130615,2.6693522930145264,2.6678683757781982,2.666642427444458,2.665731430053711,2.665128707885742,2.6648147106170654,2.6648027896881104,2.665071964263916,2.665588617324829,2.666334390640259,2.6673061847686768,2.6684811115264893,2.6698436737060547,2.6713273525238037,2.672894239425659,2.674467086791992,2.67596173286438,2.6772944927215576,2.678380012512207,2.679147720336914,2.679556131362915,2.6796371936798096,2.6794042587280273,2.6789019107818604,2.678169012069702,2.6772372722625732,2.676116704940796,2.674804925918579,2.6733462810516357,2.6717731952667236,2.6701056957244873,2.6683759689331055,2.6665916442871094,2.664764642715454,2.6628668308258057,2.6608870029449463,2.6588034629821777,2.656634569168091,2.6544113159179688,2.65217661857605,2.649937391281128,2.6476824283599854,2.6454033851623535,2.6430721282958984,2.6407296657562256,2.638382911682129,2.6360559463500977,2.6337649822235107,2.631514310836792,2.6293182373046875,2.627105951309204,2.6248748302459717,2.6226189136505127,13.5
402,2.7191131114959717,2.716834306716919,2.7145004272460938,2.7121288776397705,2.709728240966797,2.707348585128784,2.704998731613159,2.702672243118286,2.70036244392395,2.6980724334716797,2.6957881450653076,2.693528413772583,2.691272497177124,2.6890687942504883,2.6869163513183594,2.6848161220550537,2.682788848876953,2.680833101272583,2.6789653301239014,2.6771926879882812,2.675499677658081,2.6738967895507812,2.6723709106445312,2.6709349155426025,2.6695778369903564,2.66825008392334,2.666942834854126,2.6656570434570312,2.664384603500366,2.6630895137786865,2.661708116531372,2.660194158554077,2.6585114002227783,2.6566450595855713,2.6545917987823486,2.652393102645874,2.650073766708374,2.647653102874756,2.645143747329712,2.642609119415283,2.6400890350341797,2.637593984603882,2.6350929737091064,2.6325886249542236,2.630176305770874,2.6279563903808594,2.6259281635284424,2.624099016189575,2.6224470138549805,2.6210362911224365,2.6199424266815186,2.6192197799682617,2.6189005374908447,2.6189637184143066,2.6193439960479736,2.619980812072754,2.620840072631836,2.6219241619110107,2.623270034790039,2.624894380569458,2.6267647743225098,2.6288115978240967,2.6309359073638916,2.6330018043518066,2.6348774433135986,2.636467695236206,2.637706995010376,2.6385722160339355,2.6390626430511475,2.639185667037964,2.6389503479003906,2.638352155685425,2.6374154090881348,2.6362011432647705,2.6347646713256836,2.6331675052642822,2.631422996520996,2.6295504570007324,2.6275532245635986,2.625436544418335,2.62321400642395,2.620867967605591,2.618426561355591,2.6159069538116455,2.613309383392334,2.6106293201446533,2.6078431606292725,2.604949951171875,2.601979970932007,2.5989625453948975,2.5959348678588867,2.592893362045288,2.5898611545562744,2.586843729019165,2.583829164505005,2.5808165073394775,2.5777883529663086,2.5747854709625244,2.5718071460723877,2.5688788890838623,13.800000190734863
403,2.8523921966552734,2.849703073501587,2.847013235092163,2.8443105220794678,2.8416099548339844,2.8388993740081787,2.836205244064331,2.8335306644439697,2.8308792114257812,2.8282387256622314,2.825629472732544,2.823026657104492,2.820444345474243,2.8179032802581787,2.8154547214508057,2.813080072402954,2.8107869625091553,2.808579444885254,2.806464910507202,2.8044369220733643,2.8024652004241943,2.8005850315093994,2.798804998397827,2.797090768814087,2.79543137550354,2.7938156127929688,2.7922513484954834,2.790698289871216,2.7890853881835938,2.787367105484009,2.785534620285034,2.783574104309082,2.781468152999878,2.7792165279388428,2.7768306732177734,2.7743399143218994,2.7717628479003906,2.7691259384155273,2.7664527893066406,2.7637884616851807,2.761127233505249,2.758474349975586,2.7558181285858154,2.7532131671905518,2.7507646083831787,2.748565435409546,2.746598243713379,2.744821310043335,2.743215799331665,2.7418739795684814,2.7408974170684814,2.7402632236480713,2.739990234375,2.7400424480438232,2.7403862476348877,2.7409820556640625,2.7418057918548584,2.7428884506225586,2.7442071437835693,2.745732069015503,2.7473995685577393,2.749145269393921,2.750885009765625,2.752521514892578,2.7539737224578857,2.755164384841919,2.7560272216796875,2.7565276622772217,2.75665020942688,2.7564165592193604,2.7558720111846924,2.755038261413574,2.7539851665496826,2.752730131149292,2.751321792602539,2.749758005142212,2.748056411743164,2.746267557144165,2.7443857192993164,2.742433786392212,2.7403934001922607,2.7382936477661133,2.7361278533935547,2.7338650226593018,2.7315216064453125,2.7291100025177,2.7266550064086914,2.724156618118286,2.7216250896453857,2.7191002368927,2.7165699005126953,2.714012861251831,2.7114665508270264,2.708939790725708,2.706460952758789,2.7040274143218994,2.7016384601593018,2.69925856590271,2.696866750717163,2.694469451904297,14.100000381469727
404,2.921217918395996,2.918241500854492,2.9152519702911377,2.9122650623321533,2.909261465072632,2.9062740802764893,2.903299331665039,2.9003498554229736,2.8974123001098633,2.89447283744812,2.89154052734375,2.8886330127716064,2.8857786655426025,2.882960081100464,2.88020396232605,2.8775291442871094,2.8749382495880127,2.872424840927124,2.8699891567230225,2.867631196975708,2.8653526306152344,2.863170862197876,2.8610763549804688,2.8590517044067383,2.8570756912231445,2.8551313877105713,2.85320782661438,2.8513145446777344,2.849372148513794,2.8473780155181885,2.8452625274658203,2.843010902404785,2.8406035900115967,2.8380517959594727,2.835388422012329,2.832627296447754,2.829756021499634,2.8268229961395264,2.8238685131073,2.8209469318389893,2.818031072616577,2.8150947093963623,2.8121492862701416,2.8092586994171143,2.8065357208251953,2.8040740489959717,2.8018436431884766,2.799806594848633,2.797954797744751,2.7963807582855225,2.7951509952545166,2.794296979904175,2.7937891483306885,2.79362416267395,2.7937357425689697,2.7940943241119385,2.794691324234009,2.7955381870269775,2.796618700027466,2.7978925704956055,2.7993366718292236,2.800853967666626,2.8023688793182373,2.803770065307617,2.804950714111328,2.8058605194091797,2.8064520359039307,2.8066928386688232,2.8065834045410156,2.806137800216675,2.8053693771362305,2.804316759109497,2.8030481338500977,2.801593542098999,2.799975633621216,2.7982161045074463,2.796335220336914,2.794375419616699,2.7923099994659424,2.790159225463867,2.787947416305542,2.785663604736328,2.7833240032196045,2.7808754444122314,2.778348922729492,2.775752067565918,2.7731244564056396,2.770460367202759,2.7677485942840576,2.7650063037872314,2.7622621059417725,2.759540319442749,2.7568247318267822,2.754138946533203,2.751462936401367,2.7488181591033936,2.746203660964966,2.7435972690582275,2.7410027980804443,2.7384021282196045,14.199999809265137
405,2.6950368881225586,2.6927855014801025,2.690519332885742,2.6882283687591553,2.6859405040740967,2.683648109436035,2.681365728378296,2.67910099029541,2.6768391132354736,2.6745569705963135,2.6722795963287354,2.6700198650360107,2.6678009033203125,2.665616750717163,2.6634514331817627,2.661314010620117,2.6592233180999756,2.65718150138855,2.6552088260650635,2.653323173522949,2.6515066623687744,2.6497585773468018,2.648059844970703,2.646402597427368,2.6447620391845703,2.6431310176849365,2.6415507793426514,2.6400039196014404,2.6384716033935547,2.636859893798828,2.6351377964019775,2.633336305618286,2.631417989730835,2.6294124126434326,2.627324342727661,2.625171422958374,2.6229798793792725,2.620716094970703,2.618417501449585,2.616164445877075,2.6139488220214844,2.6117353439331055,2.609468698501587,2.6071956157684326,2.605036973953247,2.603076696395874,2.6012752056121826,2.5996015071868896,2.5980384349823,2.5966923236846924,2.5955755710601807,2.5947186946868896,2.594102144241333,2.593696355819702,2.5934860706329346,2.593458652496338,2.593640089035034,2.5939948558807373,2.5945117473602295,2.5951786041259766,2.5959482192993164,2.596771240234375,2.5976107120513916,2.598426580429077,2.599102258682251,2.599583864212036,2.599835157394409,2.5998573303222656,2.599618434906006,2.599139928817749,2.598433494567871,2.597560167312622,2.5965404510498047,2.5953714847564697,2.594057321548462,2.592639684677124,2.5911448001861572,2.5895581245422363,2.58788800239563,2.586171865463257,2.5844297409057617,2.5826492309570312,2.5807878971099854,2.578843116760254,2.576848030090332,2.574824571609497,2.5727856159210205,2.5706942081451416,2.5685558319091797,2.566389799118042,2.5642383098602295,2.5620992183685303,2.5599663257598877,2.5578255653381348,2.5556960105895996,2.5536067485809326,2.5515551567077637,2.5495080947875977,2.547414541244507,2.545341968536377,14.300000190734863
406,2.8035809993743896,2.8006041049957275,2.7975914478302,2.794565200805664,2.7915546894073486,2.7885501384735107,2.7855594158172607,2.7825889587402344,2.7796528339385986,2.7767372131347656,2.773836135864258,2.770947217941284,2.768080949783325,2.7652504444122314,2.7624895572662354,2.7597973346710205,2.7571895122528076,2.75467848777771,2.752274751663208,2.749952554702759,2.7476959228515625,2.7455129623413086,2.743431329727173,2.741448402404785,2.7395401000976562,2.737682580947876,2.7358734607696533,2.7340915203094482,2.7323052883148193,2.7304813861846924,2.728565216064453,2.72652268409729,2.7243220806121826,2.721982955932617,2.7194948196411133,2.7168805599212646,2.7141354084014893,2.7113113403320312,2.7084248065948486,2.705538034439087,2.702674150466919,2.6998376846313477,2.696979522705078,2.694089889526367,2.691298723220825,2.688732147216797,2.6863906383514404,2.684241533279419,2.682255983352661,2.6805241107940674,2.679086685180664,2.677985191345215,2.677232027053833,2.67684006690979,2.6767711639404297,2.676988363265991,2.6774704456329346,2.678201913833618,2.67916202545166,2.6803600788116455,2.681771993637085,2.6833293437957764,2.684957265853882,2.686558961868286,2.6880338191986084,2.6892802715301514,2.690206527709961,2.6907613277435303,2.6909255981445312,2.6907215118408203,2.690171003341675,2.6893081665039062,2.688178062438965,2.6868178844451904,2.6852571964263916,2.6835052967071533,2.6815712451934814,2.6795036792755127,2.677335739135742,2.6751270294189453,2.6728429794311523,2.6704587936401367,2.667973756790161,2.6653993129730225,2.6627368927001953,2.6599538326263428,2.657085418701172,2.6541669368743896,2.651228666305542,2.648284673690796,2.6452982425689697,2.642258882522583,2.639190435409546,2.6361451148986816,2.6331160068511963,2.6301167011260986,2.627159833908081,2.6242616176605225,2.6213767528533936,2.6184608936309814,14.399999618530273
407,2.7314183712005615,2.729024887084961,2.7265775203704834,2.724093198776245,2.7215938568115234,2.7191126346588135,2.716681718826294,2.714279890060425,2.711881637573242,2.7094762325286865,2.7070529460906982,2.7046382427215576,2.702284812927246,2.7000033855438232,2.697810411453247,2.695699691772461,2.693648099899292,2.69164776802063,2.689699411392212,2.6878483295440674,2.686107635498047,2.684453248977661,2.6828901767730713,2.6814067363739014,2.679969072341919,2.6785566806793213,2.6771345138549805,2.6757256984710693,2.6743056774139404,2.6728179454803467,2.6712379455566406,2.669522523880005,2.667647123336792,2.6656062602996826,2.6634185314178467,2.6611223220825195,2.6587460041046143,2.656336545944214,2.6539201736450195,2.6515207290649414,2.6491148471832275,2.646641492843628,2.6441304683685303,2.6416923999786377,2.6394479274749756,2.637468099594116,2.6357014179229736,2.6341001987457275,2.6326773166656494,2.6315274238586426,2.630699396133423,2.630208730697632,2.6300525665283203,2.630244016647339,2.630744218826294,2.6315128803253174,2.6324949264526367,2.6336820125579834,2.6350667476654053,2.63664174079895,2.638375997543335,2.6402158737182617,2.6420705318450928,2.6438262462615967,2.645385503768921,2.6466636657714844,2.6475956439971924,2.6481595039367676,2.6483490467071533,2.6482274532318115,2.647827625274658,2.647196054458618,2.6463239192962646,2.645226001739502,2.643953323364258,2.6425225734710693,2.640976905822754,2.6393442153930664,2.6376516819000244,2.6359071731567383,2.6340606212615967,2.632136583328247,2.630141019821167,2.6280577182769775,2.6259000301361084,2.6236963272094727,2.621467113494873,2.6191933155059814,2.616877317428589,2.6145362854003906,2.612189292907715,2.6098268032073975,2.6074724197387695,2.6051700115203857,2.6029179096221924,2.600684881210327,2.5984556674957275,2.596231698989868,2.5940053462982178,2.5917727947235107,14.399999618530273
408,2.8701086044311523,2.8670616149902344,2.863994598388672,2.860898971557617,2.8578274250030518,2.8547675609588623,2.851719617843628,2.848667860031128,2.8456146717071533,2.8425674438476562,2.8395626544952393,2.836580276489258,2.8336400985717773,2.8307526111602783,2.827925443649292,2.825176239013672,2.822498321533203,2.8198795318603516,2.8173599243164062,2.814948320388794,2.8126413822174072,2.810410499572754,2.808251142501831,2.8061399459838867,2.8040666580200195,2.8020286560058594,2.8000173568725586,2.7980568408966064,2.796102523803711,2.7940924167633057,2.7919540405273438,2.789680242538452,2.787257432937622,2.7847135066986084,2.7820656299591064,2.7793359756469727,2.7765378952026367,2.773698091506958,2.7708323001861572,2.767987012863159,2.765143632888794,2.762244462966919,2.75930118560791,2.7564029693603516,2.753716468811035,2.7512762546539307,2.749048948287964,2.7469921112060547,2.745121717453003,2.7435073852539062,2.7422046661376953,2.7412431240081787,2.7406184673309326,2.7403037548065186,2.7402641773223877,2.7404940128326416,2.7409679889678955,2.7416832447052,2.742626190185547,2.743760824203491,2.7450597286224365,2.7464611530303955,2.7478787899017334,2.749213933944702,2.7503902912139893,2.7513160705566406,2.751901865005493,2.7521495819091797,2.752082109451294,2.7517213821411133,2.7510604858398438,2.7501304149627686,2.748993158340454,2.747666597366333,2.7461776733398438,2.744570732116699,2.742858648300171,2.741063356399536,2.7391834259033203,2.7372562885284424,2.735262870788574,2.7331926822662354,2.7310380935668945,2.7288074493408203,2.7265148162841797,2.72416615486145,2.7217934131622314,2.719404935836792,2.7169806957244873,2.7145214080810547,2.712066888809204,2.7096245288848877,2.707188844680786,2.7047746181488037,2.7023990154266357,2.700042963027954,2.6976873874664307,2.6953489780426025,2.6930320262908936,2.690692186355591,14.600000381469727
409,2.8367788791656494,2.8343894481658936,2.8319852352142334,2.8295841217041016,2.827172040939331,2.8247625827789307,2.8223531246185303,2.819957733154297,2.8175761699676514,2.8152120113372803,2.8128821849823,2.8105924129486084,2.8083174228668213,2.8060836791992188,2.8038995265960693,2.8018009662628174,2.799788236618042,2.797856092453003,2.796013593673706,2.7942798137664795,2.7926414012908936,2.7911031246185303,2.789635419845581,2.788217782974243,2.7868492603302,2.7855224609375,2.7842226028442383,2.7829368114471436,2.781595230102539,2.7801668643951416,2.778607130050659,2.776881217956543,2.7750022411346436,2.7729625701904297,2.7707912921905518,2.7684946060180664,2.7660884857177734,2.763608932495117,2.7611114978790283,2.7586116790771484,2.7561113834381104,2.7535736560821533,2.751018762588501,2.7485170364379883,2.7462120056152344,2.744170904159546,2.7423651218414307,2.74072003364563,2.73926043510437,2.738091468811035,2.737291097640991,2.736875534057617,2.7368290424346924,2.7371139526367188,2.7376883029937744,2.7385284900665283,2.739624261856079,2.740980863571167,2.7425835132598877,2.7444045543670654,2.746394395828247,2.7484848499298096,2.7505767345428467,2.7525434494018555,2.7542850971221924,2.7557270526885986,2.7568295001983643,2.75756573677063,2.7579166889190674,2.7579002380371094,2.757553815841675,2.7569408416748047,2.756078004837036,2.754984140396118,2.753676176071167,2.752225160598755,2.7506816387176514,2.7490360736846924,2.7473018169403076,2.74545955657959,2.7435386180877686,2.741549253463745,2.739495277404785,2.737353563308716,2.7351086139678955,2.732792854309082,2.7304294109344482,2.7280232906341553,2.725557327270508,2.72306227684021,2.720560073852539,2.7180583477020264,2.7155821323394775,2.7131245136260986,2.7106857299804688,2.708250045776367,2.705841064453125,2.7034623622894287,2.7010810375213623,2.698692560195923,14.699999809265137
410,2.6657962799072266,2.6636836528778076,2.6615283489227295,2.6593568325042725,2.6571943759918213,2.6550614833831787,2.6529505252838135,2.650861978530884,2.6487820148468018,2.6467039585113525,2.644620656967163,2.642547845840454,2.640510320663452,2.6385276317596436,2.636601209640503,2.6347320079803467,2.63293194770813,2.63120174407959,2.6295382976531982,2.6279296875,2.6264054775238037,2.624966621398926,2.6236155033111572,2.6223061084747314,2.621026039123535,2.619752883911133,2.6185076236724854,2.617281913757324,2.616056442260742,2.614793062210083,2.6134259700775146,2.6119301319122314,2.6102888584136963,2.608506917953491,2.6065995693206787,2.6045944690704346,2.602505683898926,2.6003811359405518,2.598271369934082,2.5961978435516357,2.5941154956817627,2.5919501781463623,2.589691162109375,2.5874311923980713,2.585339069366455,2.5835275650024414,2.5819461345672607,2.580500602722168,2.5791800022125244,2.5780742168426514,2.5772438049316406,2.5767061710357666,2.576451063156128,2.5764997005462646,2.576824188232422,2.5773708820343018,2.5780951976776123,2.5789897441864014,2.5800600051879883,2.5813052654266357,2.582695245742798,2.5841782093048096,2.5856740474700928,2.587101697921753,2.5883688926696777,2.5894172191619873,2.5901877880096436,2.5906565189361572,2.5908267498016357,2.5907204151153564,2.5903780460357666,2.589799165725708,2.589022397994995,2.588080406188965,2.5869808197021484,2.5857298374176025,2.5843496322631836,2.582900047302246,2.5814177989959717,2.5798988342285156,2.5783071517944336,2.5766398906707764,2.5748708248138428,2.573012113571167,2.5710930824279785,2.569127321243286,2.5671303272247314,2.565100908279419,2.5630481243133545,2.5609633922576904,2.55883526802063,2.55668568611145,2.5545644760131836,2.5524754524230957,2.550384759902954,2.548318386077881,2.546264886856079,2.544222593307495,2.542149543762207,2.5400562286376953,14.899999618530273
411,2.756389617919922,2.754103660583496,2.7518014907836914,2.749514579772949,2.7472352981567383,2.7449681758880615,2.7427024841308594,2.740442991256714,2.73819637298584,2.7359559535980225,2.7337427139282227,2.7315704822540283,2.729438543319702,2.7273590564727783,2.725325345993042,2.7233426570892334,2.7214317321777344,2.719609260559082,2.7178895473480225,2.716273546218872,2.7147645950317383,2.7133452892303467,2.7120063304901123,2.7107036113739014,2.709432363510132,2.7081940174102783,2.7069780826568604,2.7057559490203857,2.704519033432007,2.703234910964966,2.70181941986084,2.700232744216919,2.6984670162200928,2.696552276611328,2.694507598876953,2.6923253536224365,2.6900532245635986,2.6877410411834717,2.6854336261749268,2.6831581592559814,2.6808536052703857,2.67851185798645,2.6761181354522705,2.673779249191284,2.6716201305389404,2.669735908508301,2.6680843830108643,2.666584014892578,2.665254592895508,2.664198160171509,2.6634950637817383,2.6631503105163574,2.6631505489349365,2.6634788513183594,2.664095878601074,2.664957284927368,2.6660313606262207,2.6673319339752197,2.6688499450683594,2.6705732345581055,2.672470808029175,2.674463987350464,2.676460027694702,2.678351640701294,2.680048942565918,2.6814725399017334,2.682567596435547,2.683297872543335,2.6836607456207275,2.6836986541748047,2.683446168899536,2.6829307079315186,2.6821720600128174,2.6812143325805664,2.680082321166992,2.67879581451416,2.677375078201294,2.6758663654327393,2.6742842197418213,2.6726291179656982,2.6708984375,2.669100761413574,2.6672236919403076,2.665248155593872,2.6631762981414795,2.6610260009765625,2.658829689025879,2.656583309173584,2.654287576675415,2.6519620418548584,2.6496081352233887,2.647282838821411,2.64495849609375,2.642653226852417,2.640369176864624,2.6380956172943115,2.6358530521392822,2.6335909366607666,2.63132643699646,2.6290628910064697,14.899999618530273
412,2.8648204803466797,2.8623435497283936,2.8598649501800537,2.857365846633911,2.854865074157715,2.8523635864257812,2.8498919010162354,2.8474576473236084,2.845033645629883,2.84262752532959,2.840252637863159,2.837919235229492,2.8356380462646484,2.8333852291107178,2.831191301345825,2.82906436920166,2.827040433883667,2.8251349925994873,2.8233563899993896,2.821683168411255,2.8201096057891846,2.8186099529266357,2.8171958923339844,2.8158228397369385,2.8144989013671875,2.813225030899048,2.8119983673095703,2.8107850551605225,2.809520721435547,2.808135986328125,2.806605577468872,2.804891347885132,2.8030073642730713,2.800971746444702,2.7987868785858154,2.796462059020996,2.794041395187378,2.7915356159210205,2.7889833450317383,2.786440849304199,2.7839062213897705,2.7813689708709717,2.7787983417510986,2.776280164718628,2.773972749710083,2.7719566822052,2.770174264907837,2.7685670852661133,2.767183542251587,2.76613712310791,2.765488386154175,2.7652480602264404,2.765397787094116,2.7659168243408203,2.766740083694458,2.767833948135376,2.7691776752471924,2.7707881927490234,2.7726376056671143,2.7747156620025635,2.7769699096679688,2.7793054580688477,2.781620979309082,2.7837905883789062,2.7857158184051514,2.787339448928833,2.78859543800354,2.7894363403320312,2.7898662090301514,2.789915084838867,2.789621353149414,2.7889976501464844,2.7880890369415283,2.786956787109375,2.7856624126434326,2.784210443496704,2.7826125621795654,2.780888795852661,2.7790729999542236,2.7771730422973633,2.7751824855804443,2.7731120586395264,2.770946502685547,2.768690824508667,2.766343832015991,2.7639200687408447,2.761430501937866,2.7588751316070557,2.7562639713287354,2.753610372543335,2.750946044921875,2.7483036518096924,2.7456750869750977,2.7430458068847656,2.740422010421753,2.7378318309783936,2.73527455329895,2.732734441757202,2.730182409286499,2.7276036739349365,15.100000381469727
413,2.7630720138549805,2.7610971927642822,2.759082794189453,2.7570419311523438,2.7550032138824463,2.7529783248901367,2.7509679794311523,2.748955488204956,2.7469186782836914,2.744880437850952,2.742847204208374,2.7408344745635986,2.7388522624969482,2.7368977069854736,2.7350027561187744,2.7331511974334717,2.731361150741577,2.7296340465545654,2.7279741764068604,2.7263870239257812,2.7248849868774414,2.7234573364257812,2.7220964431762695,2.7207720279693604,2.7194604873657227,2.718158721923828,2.7168667316436768,2.7155838012695312,2.714271306991577,2.71291446685791,2.711420774459839,2.709808349609375,2.708033323287964,2.7061378955841064,2.704141616821289,2.7020490169525146,2.699923276901245,2.6977739334106445,2.6956355571746826,2.6935157775878906,2.6913859844207764,2.689207077026367,2.686969041824341,2.6847660541534424,2.6827585697174072,2.68103289604187,2.6795260906219482,2.678126096725464,2.6768276691436768,2.675750732421875,2.674976110458374,2.6745166778564453,2.67436146736145,2.674485921859741,2.674862861633301,2.675419807434082,2.676154375076294,2.677079439163208,2.6781938076019287,2.679462432861328,2.680858612060547,2.682330846786499,2.6838057041168213,2.685168981552124,2.6863186359405518,2.687232255935669,2.6878554821014404,2.688201665878296,2.6882801055908203,2.688091993331909,2.687671422958374,2.687016248703003,2.686143636703491,2.6850929260253906,2.6839113235473633,2.682645082473755,2.6813080310821533,2.679912805557251,2.678461790084839,2.676923990249634,2.6753270626068115,2.6736488342285156,2.6718921661376953,2.670077085494995,2.6682255268096924,2.666351079940796,2.6644175052642822,2.662419557571411,2.660353899002075,2.658270835876465,2.6562061309814453,2.6541662216186523,2.652158260345459,2.650153875350952,2.6481828689575195,2.646207809448242,2.6442320346832275,2.6422574520111084,2.640284299850464,2.6383492946624756,15.100000381469727
414,2.7338085174560547,2.731649160385132,2.729482412338257,2.727323532104492,2.7251999378204346,2.7230918407440186,2.720991373062134,2.7188918590545654,2.7167975902557373,2.714707612991333,2.712648391723633,2.7106170654296875,2.7086493968963623,2.706737756729126,2.7048771381378174,2.70306658744812,2.7013139724731445,2.699631452560425,2.6980361938476562,2.6965396404266357,2.6951563358306885,2.693868637084961,2.692643165588379,2.6914265155792236,2.690244436264038,2.6890904903411865,2.687978982925415,2.6868972778320312,2.685777425765991,2.6845858097076416,2.6832656860351562,2.681781053543091,2.680142402648926,2.6783740520477295,2.6764838695526123,2.6745033264160156,2.6724319458007812,2.6703040599823,2.66815185546875,2.665996551513672,2.663848638534546,2.661668539047241,2.659428358078003,2.657226324081421,2.6551897525787354,2.6534292697906494,2.651899814605713,2.650510549545288,2.6492807865142822,2.648306131362915,2.6476643085479736,2.647364377975464,2.6473920345306396,2.647721529006958,2.6483161449432373,2.6491527557373047,2.6502199172973633,2.6515095233917236,2.6530063152313232,2.654679536819458,2.6565096378326416,2.6584274768829346,2.6603336334228516,2.662153482437134,2.663778305053711,2.6651368141174316,2.6661784648895264,2.66687273979187,2.6672134399414062,2.6672308444976807,2.6669721603393555,2.6664843559265137,2.665771245956421,2.6648290157318115,2.663686990737915,2.662416458129883,2.6610281467437744,2.6595518589019775,2.6580135822296143,2.6564290523529053,2.654785394668579,2.6530351638793945,2.6511919498443604,2.6492605209350586,2.6472365856170654,2.6451518535614014,2.6430225372314453,2.6408722400665283,2.6386966705322266,2.6364824771881104,2.6342363357543945,2.6319820880889893,2.6297287940979004,2.627492666244507,2.625290632247925,2.6231138706207275,2.6209559440612793,2.6188058853149414,2.6166436672210693,2.6144673824310303,15.199999809265137
