,902.9647217,909.7512817,916.5380249,923.3247681,930.1116943,936.8986816,943.6858521,950.4731445,957.2606201,964.0482178,970.8359985,977.6239624,984.4121094,991.2005005,997.9890747,1004.777954,1011.567017,1018.356323,1025.145874,1031.935791,1038.725952,1045.516357,1052.307129,1059.098145,1065.889526,1072.681274,1079.473389,1086.265869,1093.058594,1099.851807,1106.645386,1113.439453,1120.233887,1127.028687,1133.823975,1140.619751,1147.416016,1154.212646,1161.009888,1167.807495,1174.605713,1181.404297,1188.203491,1195.003296,1201.803589,1208.604492,1215.405884,1222.207886,1229.010498,1235.813721,1242.617554,1249.421997,1256.227051,1263.032837,1269.839233,1276.646362,1283.454102,1290.262573,1297.071655,1303.881592,1310.692139,1317.503418,1324.315552,1331.128418,1337.942017,1344.756348,1351.571533,1358.387573,1365.204346,1372.021973,1378.840454,1385.65979,1392.479858,1399.300903,1406.122925,1412.945679,1419.769409,1426.593994,1433.419556,1440.246094,1447.073486,1453.901855,1460.731201,1467.561523,1474.392944,1481.22522,1488.058594,1494.892944,1501.728394,1508.564819,1515.402344,1522.240845,1529.080566,1535.921265,1542.763062,1549.606079,1556.450073,1563.295288,1570.141724,1576.989258,1583.837891,1590.687744,1597.538818,1604.390991,1611.244507,1618.099121,1624.955078,1631.812256,1638.670654,1645.530273,1652.391235,1659.25354,1666.117065,1672.981934,1679.848022,1686.715576,1693.584473,1700.45459,1707.326172,1714.199097,1721.073486,1727.949219,1734.826294,1741.704956,1748.584839,1755.466309,1762.349243,1769.233521,1776.119385,1783.006714,1789.895508,1796.785889,1803.677612,1810.571045,1817.465942,1824.362427,1831.260498,1838.160034,1845.061279,1851.963989,1858.868408,1865.774414,1872.682007,1879.591309,1886.502319,1893.414917,1900.329102,1907.245117,1914.16272,1921.082153,1928.003174,1934.926025,1941.850586,1948.776855,1955.704956,1962.634766,1969.566406,1976.499756,1983.434937,1990.37207,1997.310913,2004.251587,2011.194092,2018.13855,2025.084839,2032.032959,2038.983032,2052.888916,2059.844727,2066.80249,2073.762207,2080.723877,2087.6875,2094.653076,SSC (ºBrix)
0,-1.244921428,-1.221785979,-1.274725306,-1.241577721,-1.242327686,-1.208310741,-1.242186785,-1.220585352,-1.177802287,-1.192686056,-1.193775594,-1.153177452,-1.167316069,-1.157662334,-1.131260971,-1.138631733,-1.171710412,-1.14881831,-1.148255453,-1.171208664,-1.153407327,-1.158737468,-1.149680491,-1.126483152,-1.135530642,-1.127560309,-1.139306385,-1.114267614,-1.128983738,-1.108679016,-1.11929154,-1.128266084,-1.128554251,-1.091065661,-1.118154784,-1.100205648,-1.100573483,-1.076555372,-1.085579625,-1.07718965,-1.062336047,-1.075844736,-1.065977559,-1.070458258,-1.051044156,-1.072784829,-1.058924961,-1.037463504,-1.066242515,-1.05243481,-1.071496814,-1.061679896,-1.070372234,-1.069168367,-1.082228535,-1.084746296,-1.064257239,-1.082615912,-1.054849438,-1.058954172,-1.059109807,-1.060927242,-1.043168327,-1.042598231,-1.044790574,-1.036941729,-1.030813899,-1.037767758,-1.038056956,-1.018984771,-1.011819301,-1.009109713,-1.007903185,-0.996847178,-0.994376086,-0.986383096,-1.004410208,-0.991514577,-1.002268739,-0.999990311,-0.983264933,-0.985400944,-0.981128044,-0.980791321,-0.982527893,-1.001526337,-0.998119466,-1.004735914,-0.991041316,-0.996620696,-1.005957522,-0.994412764,-0.981105602,-0.998637608,-1.00849699,-1.010536714,-1.012134099,-1.015107325,-1.024544175,-0.997402388,-1.020527211,-1.02635415,-1.031276705,-1.017071958,-1.018838408,-1.012594406,-1.00576101,-1.007710968,-1.011205498,-1.018523922,-1.031169216,-1.02685919,-1.031089704,-1.034972279,-1.024886427,-1.024682288,-1.035886606,-1.033340707,-1.036439576,-1.039257499,-1.045750089,-1.037394793,-1.046480606,-1.041742319,-1.023764107,-1.037060568,-1.032554643,-1.026292201,-1.035308518,-1.026562477,-1.041385092,-1.042045081,-1.048769294,-1.037664961,-1.037571373,-1.025179103,-1.031989588,-1.021992326,-1.042665248,-1.020899299,-1.032593911,-1.022480497,-1.019240504,-1.031434629,-1.017270896,-1.023406899,-1.026805181,-1.005069798,-1.018026351,-1.017267386,-1.003146542,-1.012986564,-1.003277928,-0.999929788,-1.020934329,-1.010211013,-1.020209628,-1.029985356,-1.016190417,-1.027323088,-1.022509524,-1.010887387,-1.027685681,-1.00550812,-1.02978279,-1.015164971,-1.064672805,-1.062608472,-1.05422504,-1.077130048,-1.082856904,-1.079469264,-1.103783608,-1.118376319,3.5
1,-1.285306876,-1.254136435,-1.299454522,-1.257739766,-1.267310141,-1.245942797,-1.275129076,-1.251301374,-1.222539525,-1.224158575,-1.231397462,-1.18707265,-1.212961503,-1.196162686,-1.178848097,-1.177361486,-1.207807616,-1.191919111,-1.188880003,-1.210668567,-1.191630013,-1.198530628,-1.196262918,-1.176378625,-1.178217247,-1.171836211,-1.182882219,-1.159870923,-1.174245057,-1.156084492,-1.168145234,-1.177417265,-1.173074558,-1.145297326,-1.167578832,-1.152163903,-1.154497831,-1.139285461,-1.146303016,-1.140144498,-1.127127945,-1.137491912,-1.131156307,-1.13307877,-1.119894997,-1.134822978,-1.125713872,-1.10907636,-1.130169411,-1.1216962,-1.131150978,-1.125384564,-1.135124622,-1.132487678,-1.142749082,-1.146869933,-1.131896032,-1.146414233,-1.121697428,-1.12971345,-1.126431333,-1.130629547,-1.116775441,-1.115303639,-1.122451437,-1.113577763,-1.107076641,-1.115089119,-1.116131656,-1.100735039,-1.095816754,-1.092503025,-1.092639486,-1.083093132,-1.080673841,-1.07696746,-1.088800068,-1.079132157,-1.086770284,-1.089675414,-1.0746587,-1.074285488,-1.07249295,-1.06937576,-1.074710109,-1.091582586,-1.088946897,-1.09278338,-1.082405062,-1.086802232,-1.094365383,-1.08375569,-1.073439203,-1.086367681,-1.096798991,-1.097921073,-1.099654194,-1.104889586,-1.111210922,-1.087677774,-1.106890725,-1.111353256,-1.115842271,-1.104047215,-1.106499891,-1.09947382,-1.095555675,-1.09881908,-1.099032836,-1.105100893,-1.115253539,-1.111855123,-1.115119871,-1.118350271,-1.109217996,-1.107583341,-1.120187326,-1.118835143,-1.118337804,-1.122033104,-1.127856005,-1.124074741,-1.128844444,-1.12523857,-1.111050914,-1.122138958,-1.116692431,-1.110143858,-1.120038895,-1.110688232,-1.123464211,-1.124009908,-1.131136485,-1.117104713,-1.120616281,-1.109125189,-1.116655849,-1.109650129,-1.125087395,-1.105641876,-1.114861095,-1.103711354,-1.105665462,-1.113556885,-1.108275373,-1.111420794,-1.115562239,-1.100737844,-1.1097431,-1.110273753,-1.100253348,-1.10735597,-1.099396708,-1.095717957,-1.112360013,-1.104688813,-1.113979901,-1.117120612,-1.106147527,-1.116231646,-1.113460946,-1.10525206,-1.113990919,-1.100363034,-1.118126962,-1.107130089,-1.14625205,-1.145723587,-1.142129611,-1.157435447,-1.156628381,-1.158955729,-1.170569981,-1.18804091,3.5
2,-1.29717667,-1.266121297,-1.315091616,-1.275092366,-1.28180453,-1.267968627,-1.275437128,-1.263450487,-1.229520086,-1.23331183,-1.232292221,-1.20167585,-1.206641667,-1.206383901,-1.17660631,-1.182460027,-1.210339879,-1.200361237,-1.195639201,-1.214601241,-1.199206114,-1.206965707,-1.195476921,-1.184580809,-1.188227972,-1.172970602,-1.19336346,-1.167019584,-1.178255708,-1.16027921,-1.171752558,-1.184659358,-1.170512158,-1.149108647,-1.163497742,-1.14540723,-1.14248806,-1.121890979,-1.129248268,-1.121740552,-1.1134512,-1.121808469,-1.110639118,-1.111396473,-1.100543626,-1.115117238,-1.103140843,-1.085753361,-1.114241994,-1.098552665,-1.115123536,-1.107809588,-1.119629775,-1.115468483,-1.127599306,-1.128348862,-1.108833593,-1.126935769,-1.102034643,-1.103644001,-1.098631013,-1.10911816,-1.088317768,-1.082161638,-1.083864728,-1.081309376,-1.0722484,-1.082600714,-1.080139262,-1.059573832,-1.053622981,-1.049049634,-1.05063691,-1.033230953,-1.032837419,-1.029180421,-1.04423151,-1.03366658,-1.041617583,-1.047118094,-1.028774297,-1.026762504,-1.024172634,-1.018802312,-1.02402678,-1.044864025,-1.040281126,-1.043971463,-1.033428492,-1.037298666,-1.046685821,-1.03643825,-1.024644447,-1.040452236,-1.052854678,-1.051432271,-1.054826627,-1.057212382,-1.068588433,-1.04266817,-1.064760522,-1.068788947,-1.073708004,-1.06002955,-1.064324346,-1.057045306,-1.052376276,-1.054279003,-1.054255647,-1.06310587,-1.073966811,-1.069963186,-1.075128771,-1.074814586,-1.06799843,-1.070269441,-1.07888679,-1.078127502,-1.079433243,-1.083476018,-1.085296851,-1.083732385,-1.086088922,-1.085916344,-1.065376342,-1.079332828,-1.074594509,-1.074980099,-1.07785212,-1.068035203,-1.082413924,-1.086337088,-1.08949253,-1.079538395,-1.078606808,-1.068787276,-1.079143635,-1.064047121,-1.084340253,-1.064181616,-1.072167001,-1.064592777,-1.062137155,-1.07223641,-1.064299278,-1.068314782,-1.076973516,-1.056222512,-1.066156651,-1.067114471,-1.055561081,-1.063702482,-1.056938908,-1.054808034,-1.069098864,-1.057266006,-1.06872989,-1.072634346,-1.066567951,-1.072813845,-1.069352493,-1.06278517,-1.07151356,-1.053286928,-1.078170777,-1.065495586,-1.106869614,-1.103479107,-1.106478247,-1.122839207,-1.125322981,-1.132785717,-1.144479992,-1.171376321,4.6476
3,-1.301873105,-1.244618932,-1.321981898,-1.266513649,-1.264559425,-1.257545563,-1.275719811,-1.258879954,-1.212081174,-1.223078425,-1.227741123,-1.195670274,-1.202173195,-1.194180464,-1.165441608,-1.151003082,-1.205692576,-1.186184321,-1.181954193,-1.20103555,-1.18523481,-1.193487692,-1.187136592,-1.169410104,-1.170919478,-1.165039944,-1.183585361,-1.156329687,-1.163563028,-1.145150856,-1.160808476,-1.170676214,-1.157882228,-1.131238427,-1.1495836,-1.134513137,-1.129175714,-1.104755438,-1.114819097,-1.110862506,-1.095570236,-1.110424033,-1.100753357,-1.09645778,-1.085695228,-1.105115017,-1.08967092,-1.072157697,-1.101421884,-1.084887973,-1.100296863,-1.09276811,-1.102057607,-1.099957637,-1.109303899,-1.113020942,-1.092578307,-1.11641148,-1.083497474,-1.08790529,-1.086581299,-1.092341692,-1.07407081,-1.070423841,-1.071153679,-1.066748767,-1.059303981,-1.066346824,-1.066683916,-1.045084175,-1.038450721,-1.031936161,-1.035593633,-1.022065307,-1.015186142,-1.010733673,-1.025517179,-1.008695254,-1.022278625,-1.024345268,-1.004717125,-1.004371711,-1.003466949,-0.994895964,-1.00104958,-1.018989886,-1.0202903,-1.022954365,-1.009859756,-1.019005496,-1.021251647,-1.01069487,-0.999014488,-1.015459077,-1.029124584,-1.026614592,-1.033530763,-1.034251345,-1.045931171,-1.018536494,-1.041351661,-1.045792841,-1.051965068,-1.038225805,-1.041328815,-1.033357278,-1.028317122,-1.030212462,-1.032050604,-1.037157306,-1.051422968,-1.04603828,-1.054185475,-1.053051622,-1.04715384,-1.044732934,-1.059262681,-1.056765965,-1.057623323,-1.062640749,-1.064203387,-1.060976772,-1.064243669,-1.063983937,-1.043174057,-1.056584596,-1.052884102,-1.051507262,-1.058365399,-1.047135532,-1.05965162,-1.062828777,-1.069086121,-1.056694354,-1.054822543,-1.047814095,-1.057466227,-1.042043663,-1.065853538,-1.042538632,-1.048764505,-1.043928226,-1.038199378,-1.051139717,-1.039271117,-1.040374585,-1.051346725,-1.027711603,-1.038151158,-1.042749671,-1.021486542,-1.035046496,-1.027807223,-1.024777818,-1.04094032,-1.026777767,-1.040595569,-1.045438841,-1.040174351,-1.048506565,-1.043893963,-1.032876797,-1.048199628,-1.027995968,-1.050027728,-1.035266409,-1.080014182,-1.076116298,-1.079769934,-1.096968048,-1.099646534,-1.11048834,-1.121117296,-1.149367396,3.8
4,-1.272696516,-1.24030523,-1.309661586,-1.24700929,-1.245398595,-1.231005852,-1.252139411,-1.247210348,-1.190548562,-1.20474132,-1.200318896,-1.162038776,-1.167034591,-1.174981479,-1.138120483,-1.114588545,-1.183126696,-1.153346264,-1.156015621,-1.172132438,-1.161169694,-1.166087715,-1.159061293,-1.138108158,-1.145612956,-1.129138015,-1.152583954,-1.122521691,-1.132983469,-1.110690361,-1.127572195,-1.136951805,-1.124455469,-1.099692189,-1.116529962,-1.097844238,-1.096436566,-1.067754923,-1.078135691,-1.070718749,-1.060983007,-1.070946004,-1.063010278,-1.060391024,-1.048310223,-1.063623919,-1.048205184,-1.033828662,-1.057729565,-1.04586339,-1.062065901,-1.054383511,-1.063033894,-1.061335032,-1.071294085,-1.074385533,-1.051231441,-1.075308373,-1.045800973,-1.046400096,-1.044600394,-1.050071255,-1.031418619,-1.025219849,-1.027154783,-1.020375834,-1.013622121,-1.022680534,-1.02042146,-0.997736827,-0.989626868,-0.980682622,-0.983117393,-0.963209355,-0.95929665,-0.952757731,-0.971679544,-0.954642157,-0.966548014,-0.968855159,-0.947596345,-0.947419979,-0.947771067,-0.937317475,-0.945885808,-0.963494734,-0.9637624,-0.966629358,-0.952225805,-0.963782152,-0.968013026,-0.957118359,-0.943981817,-0.961922487,-0.97579617,-0.976613505,-0.979955791,-0.981083133,-0.995194568,-0.965785964,-0.988249198,-0.994014786,-1.00243844,-0.985059306,-0.991389228,-0.982061653,-0.976403679,-0.978104123,-0.979999229,-0.988596206,-1.00423299,-0.99603192,-1.002131549,-1.004904239,-0.99659081,-0.993232585,-1.008524655,-1.006794179,-1.009056349,-1.01057002,-1.014689054,-1.009046482,-1.011208631,-1.013374355,-0.988141423,-1.003621844,-1.001650463,-0.998617018,-1.004894915,-0.994384655,-1.006377401,-1.010423288,-1.017243151,-1.004975198,-1.005236623,-0.993794566,-1.003699591,-0.986198651,-1.009999204,-0.990032034,-0.995730299,-0.987239841,-0.984393193,-0.994590466,-0.981371127,-0.986665765,-0.995567259,-0.96906172,-0.979987488,-0.989168687,-0.967646336,-0.978008904,-0.973028002,-0.96963069,-0.987602088,-0.970110552,-0.983538666,-0.994825196,-0.986773208,-0.990904391,-0.988477255,-0.977980919,-0.991533829,-0.939225988,-0.992621216,-0.985204395,-1.029632142,-1.026096271,-1.021891158,-1.04803785,-1.052911397,-1.055836474,-1.075805276,-1.108662966,3.9497
5,-1.286653423,-1.260117115,-1.2893656,-1.283471044,-1.274663758,-1.269756701,-1.261979145,-1.27255645,-1.226374736,-1.235239318,-1.243161696,-1.203885297,-1.216923776,-1.222239532,-1.203120772,-1.214324703,-1.218706047,-1.213731843,-1.201076696,-1.218760611,-1.205633119,-1.217913121,-1.209424171,-1.190559728,-1.19508045,-1.203023454,-1.214862775,-1.195123729,-1.19896737,-1.177986606,-1.190687462,-1.184106436,-1.184681335,-1.151230044,-1.172126036,-1.137471226,-1.147203311,-1.120708569,-1.129432341,-1.124470699,-1.116547339,-1.120635224,-1.109668116,-1.118585795,-1.095797005,-1.117855442,-1.125059555,-1.119959423,-1.128113297,-1.108960609,-1.117486466,-1.115944589,-1.123983482,-1.12753887,-1.122196362,-1.126846656,-1.107354461,-1.118030515,-1.092480337,-1.107806342,-1.097634921,-1.099059629,-1.087091233,-1.080964791,-1.086696117,-1.073038414,-1.063308106,-1.070218101,-1.061098474,-1.045272901,-1.038800481,-1.027053638,-1.020115654,-1.007724285,-0.994347072,-0.987937245,-0.992243741,-0.985175009,-0.991860454,-1.003585908,-0.98703894,-0.999403417,-0.994984234,-0.989330622,-0.99018331,-1.000247254,-0.992655446,-0.99211938,-0.989266874,-1.000257927,-1.012980955,-1.013214612,-1.007112552,-1.020724846,-1.024791911,-1.030416941,-1.027117704,-1.027497454,-1.031114906,-1.012666988,-1.027060816,-1.024720553,-1.044113352,-1.044655651,-1.042614295,-1.047691975,-1.040514946,-1.046713109,-1.04930136,-1.041352036,-1.044879536,-1.034215886,-1.039984571,-1.034470181,-1.037307403,-1.042391294,-1.044829503,-1.044436914,-1.047763772,-1.047384194,-1.046648112,-1.04023653,-1.044002532,-1.047390634,-1.04691235,-1.048623399,-1.0502916,-1.042010639,-1.063045806,-1.054725437,-1.05723699,-1.046897143,-1.049443262,-1.044947709,-1.043543658,-1.02987022,-1.029406865,-1.029816641,-1.05569008,-1.035371068,-1.047811658,-1.033175271,-1.02624507,-1.029344199,-1.00811998,-0.99923531,-0.994018756,-0.977144065,-0.995531559,-0.997816201,-0.985093224,-0.998639773,-0.992304911,-0.995001546,-1.00395327,-0.985690215,-0.996960072,-1.004604863,-0.997679561,-0.994281761,-1.00522956,-1.0063169,-1.019648632,-1.008307896,-1.03447013,-1.02601488,-1.03611187,-1.031073867,-1.037830977,-1.066635756,-1.075206816,-1.064376488,-1.096705036,-1.108988979,3.6469
6,-1.249685297,-1.246094983,-1.260611655,-1.257285366,-1.246915299,-1.251473397,-1.243445584,-1.229495309,-1.202042502,-1.212105069,-1.213249224,-1.176667262,-1.193417133,-1.183871672,-1.175886946,-1.17327408,-1.194398753,-1.178356998,-1.164654291,-1.183075837,-1.17423454,-1.182875984,-1.176313837,-1.158370038,-1.160482615,-1.167949374,-1.180809234,-1.158379432,-1.161383386,-1.1431174,-1.158554865,-1.15152174,-1.150841926,-1.117104343,-1.138793194,-1.099893802,-1.120661226,-1.085707076,-1.094239622,-1.097824198,-1.082845245,-1.090226663,-1.07728216,-1.087547649,-1.066307595,-1.086940277,-1.095736807,-1.087579523,-1.096854087,-1.073093227,-1.086523073,-1.08371631,-1.095768696,-1.095102172,-1.088944101,-1.093274753,-1.073819472,-1.087214237,-1.059712961,-1.07638165,-1.067417737,-1.069256234,-1.057017127,-1.052221875,-1.057675214,-1.044453491,-1.033564858,-1.043478963,-1.034948898,-1.018055537,-1.013378083,-1.002991753,-0.995571548,-0.982565901,-0.972999275,-0.966199099,-0.969982056,-0.957131431,-0.97386898,-0.981483858,-0.964797542,-0.977829691,-0.972031212,-0.966917157,-0.968776503,-0.980824959,-0.970888128,-0.969089021,-0.966666885,-0.975789574,-0.991260908,-0.990510927,-0.985337624,-0.997896005,-0.999963704,-1.003882233,-1.002794873,-1.004740438,-1.006981724,-0.993275623,-1.0025735,-1.000087882,-1.021345507,-1.020313103,-1.019307442,-1.02338048,-1.019019996,-1.023543284,-1.025939074,-1.019773965,-1.018851937,-1.010820871,-1.017329243,-1.012281813,-1.012250949,-1.018665923,-1.021970039,-1.021285255,-1.026941143,-1.026824468,-1.023421988,-1.017490819,-1.021318577,-1.023654724,-1.028464995,-1.026227673,-1.031366799,-1.020778005,-1.041205547,-1.033511134,-1.037308816,-1.024340722,-1.027364956,-1.021501407,-1.020184347,-1.007223427,-1.003121185,-1.008032449,-1.03713974,-1.017737661,-1.024324263,-1.015823175,-1.008274175,-1.009630691,-0.992544729,-0.988635238,-0.982099474,-0.971659049,-0.983631525,-0.985920852,-0.97519096,-0.990477524,-0.983591898,-0.986412765,-0.993412839,-0.974181402,-0.982113094,-0.9888951,-0.988532755,-0.981229146,-0.993363444,-0.995077818,-1.006674325,-0.997833972,-1.021753509,-1.016374873,-1.027149712,-1.024979413,-1.019396857,-1.050966572,-1.058191506,-1.046900382,-1.080636207,-1.094621694,3.5
7,-1.313022821,-1.301226609,-1.320691225,-1.31860526,-1.309060861,-1.300587809,-1.308046021,-1.296783115,-1.259309645,-1.278907793,-1.270767984,-1.240163672,-1.252822164,-1.252224263,-1.244759656,-1.254491885,-1.250701557,-1.243588423,-1.244591222,-1.249075053,-1.241807091,-1.252220413,-1.246330089,-1.22930876,-1.232936626,-1.242925214,-1.251211355,-1.230113313,-1.232361576,-1.219638662,-1.234156588,-1.226908562,-1.222875062,-1.197282108,-1.211919631,-1.181996814,-1.194063621,-1.166330437,-1.177903831,-1.177915267,-1.164470315,-1.168909686,-1.161416485,-1.169193097,-1.151024453,-1.168554048,-1.177293303,-1.170066462,-1.179374668,-1.162578628,-1.170565057,-1.168545547,-1.17922445,-1.181247107,-1.176327945,-1.179354382,-1.163001341,-1.173929499,-1.153973857,-1.165568169,-1.156083388,-1.159430165,-1.148920776,-1.145712755,-1.150042089,-1.138279795,-1.130530242,-1.137070837,-1.131017666,-1.117988134,-1.115014672,-1.107785533,-1.100087975,-1.090899284,-1.086856085,-1.07958511,-1.0859961,-1.076934451,-1.088511769,-1.097023568,-1.088014569,-1.094972264,-1.093928318,-1.090653059,-1.087961885,-1.094958351,-1.086220385,-1.087696734,-1.084965221,-1.09137116,-1.104556901,-1.105821719,-1.10199509,-1.113427733,-1.114142611,-1.116299296,-1.114699771,-1.11551632,-1.115831312,-1.105326925,-1.114132368,-1.114637705,-1.127694816,-1.130520593,-1.129580836,-1.133087629,-1.127633463,-1.132907638,-1.136510835,-1.132260406,-1.126340871,-1.123157555,-1.124941329,-1.123073234,-1.122955611,-1.130704497,-1.13097708,-1.133542498,-1.135892183,-1.136214813,-1.135572775,-1.130998513,-1.136100225,-1.135773483,-1.140576374,-1.142183779,-1.14006293,-1.134929692,-1.153971674,-1.150128886,-1.151704213,-1.140698842,-1.139907478,-1.136756594,-1.134874251,-1.123300514,-1.118634565,-1.124627509,-1.148801053,-1.134476799,-1.142169814,-1.138596959,-1.132853792,-1.132367716,-1.123257414,-1.119565254,-1.119089898,-1.109074226,-1.124563766,-1.128219009,-1.121576004,-1.128749004,-1.127280064,-1.128358719,-1.132119494,-1.116406458,-1.123762509,-1.130037447,-1.124148099,-1.116650724,-1.129619547,-1.128540266,-1.141476838,-1.132142317,-1.149512138,-1.145635493,-1.148189265,-1.141412087,-1.145371977,-1.166591624,-1.172202312,-1.167566502,-1.190865461,-1.194363616,3.6469
8,-1.267450169,-1.230104896,-1.266401769,-1.248261562,-1.248294596,-1.233964342,-1.234519348,-1.230139766,-1.192638091,-1.204719479,-1.195911971,-1.157773571,-1.172427472,-1.167000011,-1.167932351,-1.169845016,-1.177414383,-1.159997448,-1.149804405,-1.164692105,-1.159150145,-1.164059738,-1.154059809,-1.13279735,-1.140785414,-1.148143851,-1.146410554,-1.13737644,-1.140467936,-1.120700484,-1.132815762,-1.128061085,-1.123986746,-1.096047571,-1.116101242,-1.079862626,-1.097614599,-1.069786137,-1.081817968,-1.080147769,-1.065479797,-1.0700695,-1.064721753,-1.063574036,-1.050708078,-1.067875356,-1.075272992,-1.068921778,-1.07293229,-1.055492065,-1.063683949,-1.061062153,-1.071025499,-1.073818397,-1.066511541,-1.073211053,-1.049569597,-1.062800231,-1.044939891,-1.057095974,-1.04538464,-1.055561342,-1.043960364,-1.036405712,-1.045219387,-1.033539176,-1.026592556,-1.037925162,-1.02772628,-1.018066988,-1.015833447,-1.011324235,-1.006877948,-0.997211471,-0.991511564,-0.987520125,-0.990507872,-0.981802795,-0.99322859,-1.004508491,-0.991204951,-0.997040645,-0.994838869,-0.990860316,-0.990035884,-0.997324157,-0.988625723,-0.987075933,-0.986768761,-0.994767626,-1.004860214,-1.007102364,-1.001768353,-1.014369941,-1.014552095,-1.014988231,-1.014936219,-1.015245483,-1.015335447,-1.002907163,-1.011368668,-1.007684524,-1.02484691,-1.028857346,-1.025030494,-1.029470186,-1.021627267,-1.028529579,-1.031427085,-1.02283371,-1.022696289,-1.016385443,-1.019942765,-1.01622594,-1.017484516,-1.023401439,-1.02602675,-1.026914762,-1.030375438,-1.030046466,-1.025906867,-1.02430318,-1.029899308,-1.028601014,-1.032449912,-1.032964429,-1.036801344,-1.034734082,-1.046141848,-1.042697733,-1.044189575,-1.034987948,-1.032773052,-1.030318625,-1.031234353,-1.01778441,-1.010743666,-1.020658651,-1.04265648,-1.031178937,-1.03673669,-1.035310093,-1.026855759,-1.030796241,-1.019634021,-1.01143116,-1.010338032,-0.999125725,-1.01339317,-1.016212816,-1.005054688,-1.015431425,-1.014043124,-1.011192095,-1.016082295,-1.003541579,-1.011769315,-1.018875285,-1.01328924,-1.008390616,-1.02448939,-1.019373652,-1.034683495,-1.022559742,-1.044052713,-1.043105653,-1.047397954,-1.042595066,-1.042811476,-1.068945999,-1.077566004,-1.068541253,-1.098608056,-1.106113971,3.9472
9,-1.315548002,-1.273694742,-1.301493678,-1.292637533,-1.284775314,-1.268207427,-1.275492992,-1.274252493,-1.238506744,-1.244177567,-1.247765268,-1.213459978,-1.219285937,-1.220310725,-1.215379977,-1.209961493,-1.22881284,-1.207953445,-1.201776975,-1.214195672,-1.202713376,-1.212498686,-1.201885619,-1.18166417,-1.191211153,-1.19694771,-1.1986288,-1.19091476,-1.188957108,-1.174547608,-1.185190648,-1.18263577,-1.175052093,-1.149590899,-1.169569707,-1.141019569,-1.155315186,-1.125433857,-1.134622017,-1.136342108,-1.124379072,-1.126043777,-1.121079098,-1.121321935,-1.108692084,-1.127539669,-1.133668248,-1.123990621,-1.133767315,-1.109380384,-1.123988328,-1.117836118,-1.130203802,-1.130797779,-1.124038884,-1.130603068,-1.109401154,-1.122828569,-1.103006107,-1.115614784,-1.108162262,-1.112460976,-1.10389262,-1.09776706,-1.104199672,-1.094243601,-1.086220284,-1.095856373,-1.086796553,-1.077420486,-1.075986934,-1.06934604,-1.065636448,-1.054683215,-1.048405852,-1.044592356,-1.049908853,-1.040034312,-1.05196436,-1.06008179,-1.050128207,-1.055873952,-1.052470849,-1.052705801,-1.048936033,-1.054030672,-1.047070012,-1.045506482,-1.044716265,-1.055465784,-1.063912769,-1.063902992,-1.059299571,-1.071655994,-1.072481885,-1.072258423,-1.072165139,-1.073743546,-1.071948823,-1.060878033,-1.068127465,-1.066880023,-1.082490013,-1.086069145,-1.081578984,-1.087467353,-1.079842149,-1.085929961,-1.086407082,-1.079836055,-1.078798847,-1.072091695,-1.075987928,-1.071054184,-1.074210994,-1.07934309,-1.081969775,-1.080906388,-1.087472113,-1.08567814,-1.084910124,-1.081061545,-1.085091087,-1.085167645,-1.089634696,-1.091848386,-1.089737925,-1.085958339,-1.10220953,-1.097374755,-1.100393097,-1.089124931,-1.09024845,-1.083414723,-1.083392862,-1.073151056,-1.066810024,-1.075236513,-1.095404566,-1.08513883,-1.091738196,-1.088848101,-1.082197698,-1.080832038,-1.06973663,-1.062240698,-1.059750705,-1.050814632,-1.064538506,-1.064626097,-1.056872359,-1.066319045,-1.067440585,-1.062007611,-1.067643214,-1.054230038,-1.062786994,-1.06836199,-1.062212976,-1.056819426,-1.070153916,-1.070302082,-1.086108848,-1.07539701,-1.093741006,-1.086481517,-1.093958567,-1.088176226,-1.089094208,-1.121155641,-1.124394033,-1.111553489,-1.147899352,-1.152726936,3.8497
10,-1.42384772,-1.407847387,-1.412328426,-1.409497453,-1.40347071,-1.395624015,-1.399570532,-1.399939742,-1.366097177,-1.380670373,-1.37436522,-1.35323061,-1.35642137,-1.356724005,-1.355057739,-1.352270025,-1.365533811,-1.347506075,-1.342303284,-1.352993535,-1.341429239,-1.349787575,-1.343664324,-1.332924396,-1.330588761,-1.340123969,-1.341923858,-1.332541949,-1.334729359,-1.323346298,-1.328689463,-1.32765243,-1.321620432,-1.305411134,-1.317845178,-1.296511533,-1.311404103,-1.289351021,-1.298768867,-1.297007721,-1.289245864,-1.289667072,-1.284660363,-1.288773415,-1.280247797,-1.29008867,-1.295347121,-1.291116826,-1.297765818,-1.281226474,-1.288938077,-1.285175788,-1.293591621,-1.295546097,-1.291453533,-1.294477263,-1.28026285,-1.288036463,-1.272806718,-1.282829361,-1.280094549,-1.280462582,-1.276112016,-1.273232919,-1.279377973,-1.268133906,-1.261328154,-1.267510321,-1.264942228,-1.256982725,-1.258190414,-1.255199251,-1.255301249,-1.248014656,-1.242635394,-1.2435271,-1.245155624,-1.240284708,-1.245544705,-1.254673028,-1.250005472,-1.254679925,-1.253098168,-1.251575853,-1.250023262,-1.250597829,-1.244989104,-1.244437886,-1.243708404,-1.249729852,-1.25828743,-1.260103451,-1.257551167,-1.2647815,-1.263236198,-1.266891556,-1.26259754,-1.262877775,-1.259650538,-1.25475767,-1.259094406,-1.258937823,-1.270798253,-1.273413621,-1.27141111,-1.273019247,-1.267818745,-1.271425398,-1.274459285,-1.267786007,-1.262039093,-1.258440114,-1.258899475,-1.255723939,-1.260325091,-1.264167141,-1.265250021,-1.267038078,-1.269835973,-1.268902484,-1.267680572,-1.265115387,-1.268897455,-1.271821784,-1.275887121,-1.276289944,-1.274748737,-1.274904788,-1.289766149,-1.286363823,-1.286577729,-1.274413585,-1.275244496,-1.269293812,-1.26895624,-1.25599847,-1.257471067,-1.261096683,-1.280678792,-1.272242634,-1.279709908,-1.278034012,-1.273913113,-1.275247476,-1.26673197,-1.263408357,-1.26135738,-1.255897128,-1.26716107,-1.272669973,-1.268964206,-1.275630622,-1.275256955,-1.270954275,-1.270019519,-1.256758245,-1.265495482,-1.26837342,-1.264909687,-1.259108082,-1.27022077,-1.27006561,-1.283181041,-1.273250209,-1.289903611,-1.281717611,-1.287181794,-1.281758805,-1.281819427,-1.300907611,-1.302952991,-1.296842593,-1.312758796,-1.320118666,4.0497
11,-1.330688702,-1.30421184,-1.32065871,-1.310374764,-1.304356669,-1.291141474,-1.295411651,-1.284068039,-1.249228851,-1.262161772,-1.251621819,-1.219157859,-1.233139732,-1.232391807,-1.227337751,-1.229052784,-1.234429889,-1.220273128,-1.212209854,-1.224036381,-1.207149687,-1.221588486,-1.214362918,-1.199243099,-1.19933407,-1.20857769,-1.208628487,-1.198025093,-1.199828939,-1.183412982,-1.192071468,-1.187394219,-1.180621664,-1.160991903,-1.173660814,-1.145597686,-1.155572225,-1.130021711,-1.138987552,-1.135749118,-1.127487101,-1.126857396,-1.120939502,-1.124397835,-1.108337914,-1.122033195,-1.133932427,-1.122065026,-1.135170267,-1.115949594,-1.122356117,-1.117930094,-1.12804336,-1.13072665,-1.121256605,-1.13080304,-1.10955699,-1.12354928,-1.099183286,-1.109830993,-1.104822229,-1.104504746,-1.094872398,-1.086592277,-1.095660907,-1.080160931,-1.070432757,-1.07724237,-1.072123313,-1.058747922,-1.057413236,-1.048888062,-1.047170427,-1.036292144,-1.029740565,-1.024761924,-1.030707182,-1.019442763,-1.02937748,-1.041178691,-1.029850725,-1.037954814,-1.034851476,-1.033324804,-1.030004069,-1.034686528,-1.028374238,-1.027614247,-1.027576257,-1.036344894,-1.046574572,-1.04768259,-1.044074054,-1.055003395,-1.054902063,-1.059784978,-1.054184867,-1.056298275,-1.055474473,-1.046623136,-1.054716056,-1.05208394,-1.070192649,-1.074650644,-1.068768559,-1.072928111,-1.067460848,-1.074009301,-1.075371658,-1.068619664,-1.062239566,-1.061034443,-1.062181173,-1.060405538,-1.063821045,-1.068008416,-1.072319208,-1.067898264,-1.074242749,-1.073940838,-1.068971321,-1.06642483,-1.073733041,-1.074500774,-1.075460511,-1.078174,-1.074719231,-1.073107163,-1.091014464,-1.083929858,-1.089358015,-1.075754787,-1.077377438,-1.069674219,-1.071120735,-1.060434628,-1.060844754,-1.059545373,-1.082994446,-1.07196549,-1.078419424,-1.075284296,-1.065585944,-1.071089419,-1.062257473,-1.056876371,-1.053133615,-1.045119899,-1.05828485,-1.061988826,-1.056241564,-1.063133979,-1.066954699,-1.059777568,-1.063594698,-1.048491902,-1.059202956,-1.061552878,-1.059764691,-1.048727032,-1.06292125,-1.061244373,-1.076974419,-1.065797892,-1.086485917,-1.085945661,-1.09274096,-1.084520117,-1.085044248,-1.110955496,-1.119650302,-1.113355321,-1.140367965,-1.160380303,4.2497
12,-1.389750858,-1.378179265,-1.389484203,-1.373727301,-1.377467895,-1.372181432,-1.364389722,-1.364426575,-1.33618156,-1.346257539,-1.341660161,-1.31918931,-1.327752602,-1.320984058,-1.318640829,-1.31752795,-1.32700502,-1.310708799,-1.306575878,-1.314628608,-1.30802025,-1.316279625,-1.310004775,-1.295933172,-1.297563897,-1.303308849,-1.308029717,-1.294960644,-1.295254049,-1.285305259,-1.290934826,-1.288412893,-1.283615686,-1.268485161,-1.27984054,-1.257717141,-1.266679282,-1.245613861,-1.251544819,-1.251715571,-1.242663102,-1.244864459,-1.24052696,-1.24394754,-1.234184588,-1.243154212,-1.252547373,-1.244492864,-1.253867313,-1.235964241,-1.245213474,-1.241178835,-1.253115456,-1.253370157,-1.245510415,-1.253120695,-1.236649456,-1.246716374,-1.226371953,-1.238344097,-1.23265982,-1.235710402,-1.228236669,-1.225629951,-1.229843209,-1.221637658,-1.211477933,-1.219276982,-1.214487317,-1.202738797,-1.201842826,-1.194964421,-1.190528684,-1.186030581,-1.176487121,-1.173736432,-1.17659388,-1.168994453,-1.17462864,-1.187150762,-1.179767469,-1.18441035,-1.183363774,-1.179970177,-1.180206522,-1.181706344,-1.177038543,-1.177434012,-1.175606014,-1.183028381,-1.193642937,-1.194510256,-1.19191483,-1.20427888,-1.199475164,-1.204268779,-1.201170797,-1.203724414,-1.199525674,-1.19402933,-1.201411609,-1.198513373,-1.213410394,-1.217981292,-1.214096443,-1.219502399,-1.212595644,-1.215726292,-1.219696639,-1.212722528,-1.210302236,-1.204801072,-1.207040552,-1.201548742,-1.207145851,-1.212564205,-1.213691602,-1.214184192,-1.219360503,-1.219287957,-1.213721721,-1.212573148,-1.215883246,-1.217178504,-1.222436306,-1.221689381,-1.223576081,-1.217813473,-1.233395878,-1.230882366,-1.231400997,-1.218908895,-1.220310736,-1.214159729,-1.213805335,-1.202579401,-1.19885994,-1.207088618,-1.225897404,-1.216521158,-1.221983381,-1.22002289,-1.214391697,-1.215453648,-1.202489685,-1.194301298,-1.190058116,-1.185033375,-1.199528265,-1.199597017,-1.19619644,-1.204491682,-1.203871958,-1.200688951,-1.202432041,-1.189252273,-1.199908461,-1.205922396,-1.201415597,-1.195563011,-1.208233922,-1.206396815,-1.2214816,-1.213942302,-1.22802194,-1.225391584,-1.227042705,-1.226170716,-1.224607468,-1.245647039,-1.253968135,-1.245877165,-1.268227759,-1.278169702,3.9497
13,-1.376357239,-1.35658069,-1.360275387,-1.359125884,-1.349035844,-1.353917995,-1.346008376,-1.33842392,-1.302368804,-1.324828325,-1.323245905,-1.289581835,-1.304090189,-1.299095486,-1.290588056,-1.292962819,-1.29887287,-1.285776099,-1.28054528,-1.288802938,-1.27667213,-1.289209076,-1.283635541,-1.266785659,-1.267496113,-1.274440516,-1.281139038,-1.268947371,-1.265611731,-1.256248038,-1.262452157,-1.261388141,-1.250773421,-1.240539561,-1.249683631,-1.224709896,-1.234477297,-1.212121966,-1.216762084,-1.218202823,-1.20502992,-1.212804739,-1.203806439,-1.210354334,-1.198366096,-1.20957386,-1.218835976,-1.209070628,-1.218445753,-1.203144114,-1.209359048,-1.207900108,-1.217548841,-1.21788111,-1.210714188,-1.21889886,-1.201033885,-1.210105498,-1.191792275,-1.201645293,-1.194111702,-1.196852443,-1.189881828,-1.185616128,-1.189417149,-1.179073244,-1.168167741,-1.175592568,-1.168706948,-1.155485338,-1.149537559,-1.13892158,-1.131300217,-1.121421443,-1.109141078,-1.104042636,-1.104451292,-1.095701515,-1.103383088,-1.113518727,-1.101815503,-1.108591955,-1.108254475,-1.104344053,-1.107376114,-1.109822967,-1.104880056,-1.105258814,-1.106512778,-1.116154368,-1.126280598,-1.127721892,-1.125180642,-1.139210643,-1.135471433,-1.14201227,-1.139008332,-1.144793391,-1.140835549,-1.133121033,-1.142697021,-1.141380503,-1.155385451,-1.161092966,-1.156404288,-1.162000394,-1.157957349,-1.160371362,-1.164965924,-1.157631027,-1.154205109,-1.152305848,-1.15318317,-1.148485025,-1.152735213,-1.157039474,-1.159123708,-1.15777548,-1.166681499,-1.163992472,-1.159769902,-1.156465835,-1.163119705,-1.16294831,-1.167225878,-1.164456961,-1.164597745,-1.162277684,-1.175774379,-1.175442667,-1.172738207,-1.160147707,-1.163128995,-1.157757753,-1.155568527,-1.144027967,-1.137973655,-1.147305162,-1.167459075,-1.15192922,-1.159707514,-1.152604655,-1.142485481,-1.141235204,-1.124114846,-1.114605527,-1.107656813,-1.099850488,-1.112163172,-1.111047666,-1.106886212,-1.118877384,-1.11716278,-1.114705577,-1.116228735,-1.105383641,-1.11421451,-1.121288026,-1.117394704,-1.110507112,-1.125473476,-1.123339255,-1.138244668,-1.132668689,-1.147689451,-1.146194388,-1.15037981,-1.148517702,-1.150235542,-1.175646948,-1.184401162,-1.184516289,-1.209240209,-1.22233052,3.7
14,-1.367763039,-1.36214119,-1.35923867,-1.359749895,-1.351534585,-1.361790591,-1.33613969,-1.333057264,-1.300569888,-1.326868258,-1.309422785,-1.284253099,-1.294004039,-1.295320816,-1.280676737,-1.281250616,-1.291097566,-1.280473347,-1.267522427,-1.275327828,-1.264788581,-1.27512385,-1.272048272,-1.258907756,-1.256135055,-1.265070481,-1.262436955,-1.255998126,-1.255009299,-1.244544142,-1.249362162,-1.24653479,-1.24158815,-1.221619806,-1.236105654,-1.204585306,-1.220451171,-1.19501816,-1.205029621,-1.203683521,-1.190112586,-1.195456624,-1.189607119,-1.194211794,-1.180223372,-1.194513238,-1.201264986,-1.192765222,-1.204212072,-1.184229186,-1.192969706,-1.191402821,-1.200685034,-1.200875784,-1.195313349,-1.202500841,-1.183469274,-1.195614597,-1.175523755,-1.185185932,-1.180491247,-1.181046928,-1.174065097,-1.168646737,-1.172926056,-1.163958839,-1.154850292,-1.161690323,-1.155259011,-1.142806332,-1.141634982,-1.133365266,-1.128355289,-1.122227637,-1.112072874,-1.108277633,-1.10998105,-1.101842472,-1.109540449,-1.121530925,-1.11161386,-1.1178607,-1.116387367,-1.114463758,-1.113179749,-1.117871178,-1.110181799,-1.110541562,-1.108681837,-1.118744729,-1.127997116,-1.128006343,-1.124310564,-1.137084372,-1.135763199,-1.139921693,-1.136828564,-1.13964633,-1.13738491,-1.128883972,-1.137845052,-1.135356519,-1.147520406,-1.155992912,-1.150535454,-1.15491046,-1.150004417,-1.152849607,-1.157480615,-1.14975888,-1.146797928,-1.143593501,-1.143643648,-1.141537055,-1.142570159,-1.147977042,-1.148073398,-1.148270608,-1.155947586,-1.154070325,-1.15150409,-1.144784572,-1.151143801,-1.154317238,-1.157946157,-1.156190688,-1.157570781,-1.152592192,-1.170174805,-1.166525577,-1.167992254,-1.154555228,-1.157658646,-1.150005799,-1.150285317,-1.138639732,-1.132835265,-1.140673396,-1.161443013,-1.151485199,-1.157686741,-1.150426323,-1.148160041,-1.148159281,-1.134824228,-1.126961956,-1.125545524,-1.115693463,-1.128173343,-1.131007302,-1.123118848,-1.135589955,-1.132848513,-1.131819416,-1.132793178,-1.121307933,-1.128138352,-1.135901659,-1.133296151,-1.124807326,-1.138502282,-1.138925449,-1.148970388,-1.138507849,-1.163902286,-1.153906941,-1.160804645,-1.160445829,-1.154839763,-1.181915317,-1.192807498,-1.183847742,-1.212847626,-1.227558181,4.3
15,-1.416446179,-1.417128707,-1.405059535,-1.40451449,-1.403666961,-1.403392777,-1.389511507,-1.391829952,-1.36210538,-1.376207369,-1.366718025,-1.346234126,-1.353600616,-1.346631574,-1.341053675,-1.343485049,-1.342614837,-1.341211845,-1.333199616,-1.336900988,-1.331579596,-1.336003067,-1.334345289,-1.32157027,-1.32082231,-1.329198316,-1.330577825,-1.321800759,-1.319768988,-1.310621728,-1.313746097,-1.312610545,-1.306361266,-1.291605187,-1.300616815,-1.278315703,-1.291601652,-1.267914555,-1.276937953,-1.274312375,-1.26728193,-1.267254647,-1.265188503,-1.267459165,-1.256411086,-1.268589378,-1.274851388,-1.267178087,-1.278915847,-1.261532816,-1.26851086,-1.266168024,-1.274219698,-1.275597971,-1.269101955,-1.276518745,-1.259733538,-1.267912417,-1.252258962,-1.261132576,-1.25805234,-1.259038373,-1.251407975,-1.248610499,-1.252588346,-1.244084612,-1.235674128,-1.242107618,-1.237859943,-1.226992041,-1.226603763,-1.222895826,-1.217138242,-1.213186855,-1.204792818,-1.20183278,-1.204457086,-1.199026195,-1.20344949,-1.214351224,-1.206593327,-1.212742152,-1.211868583,-1.20984269,-1.209277183,-1.211101526,-1.205414778,-1.204339965,-1.20461702,-1.211386703,-1.219953054,-1.220605408,-1.21930002,-1.228694573,-1.226819444,-1.232321682,-1.228531351,-1.22790929,-1.226607613,-1.219712543,-1.227241747,-1.226877318,-1.237129812,-1.244611631,-1.240837712,-1.243393435,-1.238448018,-1.240850851,-1.245194486,-1.239782028,-1.23364984,-1.231451477,-1.231862769,-1.229479551,-1.232417858,-1.237011773,-1.237761214,-1.23821995,-1.244595974,-1.242188614,-1.2413634,-1.238593806,-1.241433461,-1.244264472,-1.248036831,-1.248084759,-1.247419438,-1.243961439,-1.259929956,-1.257274262,-1.25555643,-1.244328617,-1.245671823,-1.240517718,-1.238304946,-1.229335035,-1.224001681,-1.231840739,-1.248389849,-1.241254692,-1.24831038,-1.243673285,-1.241977154,-1.242009835,-1.232511022,-1.225598524,-1.222510566,-1.214873844,-1.227095439,-1.231778599,-1.227445328,-1.233390273,-1.233305345,-1.230036973,-1.230821268,-1.220481545,-1.225373243,-1.233512335,-1.229030039,-1.222399805,-1.235306497,-1.234288616,-1.243066798,-1.235665443,-1.254233714,-1.247760741,-1.253518751,-1.253026428,-1.249137877,-1.267664298,-1.276575414,-1.269947511,-1.29133199,-1.300858458,4.4
16,-1.373141757,-1.382581004,-1.391782427,-1.381969062,-1.376976756,-1.367362511,-1.366808385,-1.369889569,-1.355208185,-1.363562108,-1.368163188,-1.363923741,-1.359581382,-1.364804896,-1.350736684,-1.369153345,-1.361118407,-1.361336678,-1.351543596,-1.362979536,-1.358847409,-1.354555523,-1.359692346,-1.351919751,-1.359599659,-1.364351875,-1.364877061,-1.36078924,-1.358530287,-1.346977872,-1.350625668,-1.352818337,-1.352377897,-1.34627255,-1.348522148,-1.342805206,-1.34138554,-1.336538056,-1.339303482,-1.339161615,-1.33720808,-1.340369433,-1.33794908,-1.336538425,-1.337095517,-1.333393829,-1.334148321,-1.336971561,-1.343883598,-1.334396636,-1.336069538,-1.335848625,-1.342546863,-1.336454404,-1.337833786,-1.333912142,-1.329303105,-1.337772487,-1.334144837,-1.335685485,-1.333460763,-1.33232765,-1.335065905,-1.336681546,-1.334944805,-1.335350909,-1.330814303,-1.334498184,-1.334311668,-1.330180486,-1.322998701,-1.318299068,-1.322778267,-1.324220433,-1.320797934,-1.317373942,-1.317553316,-1.31574422,-1.318992708,-1.320637635,-1.321136065,-1.330014125,-1.335038601,-1.330101138,-1.328745569,-1.328055899,-1.322991568,-1.325603771,-1.32469478,-1.325611501,-1.324199071,-1.329422058,-1.327503871,-1.335198815,-1.33611633,-1.331312523,-1.33314962,-1.329304143,-1.338204441,-1.334337307,-1.340575037,-1.332179854,-1.327555119,-1.324178373,-1.327065473,-1.338371729,-1.34306664,-1.345690172,-1.344851374,-1.340910498,-1.337751336,-1.343756956,-1.346809063,-1.347228596,-1.34745653,-1.348948469,-1.34658745,-1.34399653,-1.344483579,-1.348116227,-1.348299571,-1.343091988,-1.346796599,-1.343309375,-1.343405742,-1.350142686,-1.348597358,-1.348796712,-1.350012016,-1.343868817,-1.339579029,-1.333336094,-1.333789162,-1.335496465,-1.349765989,-1.357846839,-1.364902545,-1.36251345,-1.369878556,-1.368721324,-1.374236953,-1.371731006,-1.371813505,-1.363606932,-1.350889436,-1.347084822,-1.350938296,-1.353206299,-1.354329398,-1.349846077,-1.33930796,-1.335646084,-1.33437104,-1.337130887,-1.342340944,-1.345372226,-1.343578615,-1.352159559,-1.353448126,-1.351066795,-1.347651136,-1.347226739,-1.347510905,-1.345212348,-1.357939513,-1.354541785,-1.359301871,-1.347755665,-1.34862586,-1.357501343,-1.361803801,-1.361631089,-1.367896521,-1.371241673,5
17,-1.195358377,-1.229549658,-1.198341801,-1.195214914,-1.195518337,-1.179853612,-1.188628214,-1.156274612,-1.180180086,-1.15816862,-1.160688061,-1.186143876,-1.184088781,-1.16754305,-1.193559417,-1.163578268,-1.181592954,-1.199967075,-1.201587837,-1.199950907,-1.208481391,-1.193508368,-1.205619927,-1.209017338,-1.212353518,-1.2088236,-1.199429692,-1.206872126,-1.201186466,-1.201853723,-1.201028224,-1.196231083,-1.189935258,-1.190753381,-1.173872366,-1.176631296,-1.171994912,-1.165054074,-1.16049403,-1.167825331,-1.166574256,-1.158206606,-1.163559393,-1.159347737,-1.162968762,-1.163475369,-1.163446486,-1.168666762,-1.160820441,-1.159767599,-1.163412595,-1.16617888,-1.172574492,-1.174621071,-1.169724159,-1.166178638,-1.171905954,-1.16330786,-1.157706962,-1.160108756,-1.158179842,-1.152896815,-1.148281847,-1.148918419,-1.137800183,-1.136128536,-1.139994918,-1.136564625,-1.136068221,-1.136594517,-1.132997352,-1.123500165,-1.109846882,-1.114315218,-1.108719853,-1.110509566,-1.111931097,-1.114598352,-1.108629138,-1.111760298,-1.118297927,-1.117947158,-1.117419221,-1.112053488,-1.114538829,-1.116986286,-1.118090649,-1.118466233,-1.12602965,-1.123326816,-1.126223759,-1.1293243,-1.132116097,-1.133867014,-1.132593032,-1.131854476,-1.134350351,-1.137385261,-1.138211864,-1.141535791,-1.145926744,-1.145264751,-1.137536408,-1.137738672,-1.134980397,-1.13898293,-1.143292436,-1.14541223,-1.144181173,-1.146903837,-1.15121516,-1.151455421,-1.150442444,-1.148116211,-1.155834444,-1.148861264,-1.145296315,-1.139968015,-1.141851647,-1.148874632,-1.153394217,-1.152241806,-1.155876972,-1.16116733,-1.157570228,-1.152001952,-1.16066294,-1.15418479,-1.154323244,-1.155572986,-1.150863005,-1.150677869,-1.155635956,-1.153485597,-1.149352419,-1.151690673,-1.159043653,-1.162056943,-1.16399488,-1.16804354,-1.158074375,-1.156036227,-1.154454522,-1.150429808,-1.155319558,-1.143796986,-1.138316056,-1.1373727,-1.136233552,-1.140015598,-1.144029645,-1.149007908,-1.157096776,-1.148295626,-1.14868894,-1.146183323,-1.144825757,-1.147867109,-1.151814199,-1.144102438,-1.141524358,-1.138816265,-1.138901975,-1.146932821,-1.155564117,-1.160527064,-1.152838875,-1.149221478,-1.15649683,-1.163473796,-1.167514996,-1.173507048,-1.184534053,-1.181933757,4.1
18,-1.25473076,-1.27720605,-1.253655719,-1.259105486,-1.244056693,-1.226671467,-1.235818301,-1.210655718,-1.231859758,-1.219307734,-1.213632169,-1.234612359,-1.231250847,-1.224052732,-1.247638339,-1.213588313,-1.230737578,-1.245816786,-1.244985783,-1.240808073,-1.252163002,-1.240676205,-1.250336566,-1.25245155,-1.254362183,-1.252410902,-1.247994327,-1.251284937,-1.246452987,-1.242330945,-1.245696851,-1.238603243,-1.234442741,-1.235216958,-1.220497237,-1.218871809,-1.215838494,-1.211644077,-1.206776937,-1.207727824,-1.211413386,-1.206816446,-1.207608942,-1.203256141,-1.208821086,-1.20886798,-1.208412498,-1.212222388,-1.206576998,-1.203522974,-1.208548955,-1.210011024,-1.217050638,-1.220399304,-1.218320708,-1.212696058,-1.216080557,-1.210791278,-1.201143861,-1.207309582,-1.205173273,-1.198161168,-1.195194194,-1.192864866,-1.182514682,-1.181009706,-1.183340123,-1.181033205,-1.178676127,-1.178298689,-1.175693099,-1.16421484,-1.147953952,-1.152482687,-1.145988735,-1.147749564,-1.148360763,-1.151345715,-1.14332203,-1.14595494,-1.153931857,-1.153042692,-1.15177093,-1.146725654,-1.150902278,-1.153515916,-1.152066484,-1.154032581,-1.160519047,-1.156932848,-1.161180836,-1.164174122,-1.168297929,-1.168134446,-1.169594222,-1.168858235,-1.16915917,-1.173754215,-1.171888763,-1.177975663,-1.179713594,-1.180031575,-1.170603234,-1.172755331,-1.172227225,-1.170883729,-1.177197904,-1.179673495,-1.18083297,-1.179603584,-1.18434214,-1.187566375,-1.183933824,-1.182204656,-1.190075353,-1.183612983,-1.178852582,-1.170649017,-1.175677473,-1.182847448,-1.185063244,-1.185878043,-1.188210843,-1.194536957,-1.188879782,-1.184990409,-1.192819295,-1.18158656,-1.185161361,-1.186937252,-1.179602024,-1.178531527,-1.187404493,-1.185279462,-1.179176408,-1.180410767,-1.192392464,-1.194556955,-1.194054023,-1.19691114,-1.187984019,-1.18290424,-1.183357815,-1.177007826,-1.181911727,-1.173521411,-1.164955579,-1.164826952,-1.164897837,-1.167673974,-1.173869678,-1.178559097,-1.1876323,-1.179173875,-1.175020073,-1.175132763,-1.171831105,-1.175681555,-1.182234578,-1.17116554,-1.168548808,-1.166896216,-1.165856628,-1.180356697,-1.183164291,-1.190070248,-1.17524839,-1.176644114,-1.187988103,-1.19534394,-1.198688422,-1.20371422,-1.207718484,-1.215175453,4.0497
19,-1.303810782,-1.331533959,-1.293204396,-1.311253911,-1.297508089,-1.289744481,-1.294838122,-1.264504751,-1.285576817,-1.273060995,-1.262195439,-1.28928534,-1.285132981,-1.278723788,-1.301778115,-1.270315986,-1.283490713,-1.300759415,-1.299873324,-1.294170751,-1.30750903,-1.290893747,-1.301759778,-1.306778233,-1.303722221,-1.303972217,-1.295561751,-1.304145624,-1.298188884,-1.295641688,-1.296912227,-1.294075956,-1.286081251,-1.288524293,-1.27741338,-1.276675556,-1.270940548,-1.268396745,-1.266739053,-1.26826888,-1.26908154,-1.265330332,-1.265656355,-1.262514326,-1.267465597,-1.267781412,-1.265960886,-1.27036446,-1.264698311,-1.263512126,-1.268073591,-1.267415006,-1.273909124,-1.27942529,-1.275515481,-1.272049065,-1.273291406,-1.268095491,-1.264905636,-1.267844338,-1.264883991,-1.261484878,-1.259657646,-1.259474965,-1.250304804,-1.249645798,-1.251970091,-1.250486227,-1.248745745,-1.250029702,-1.248569516,-1.239580268,-1.229318952,-1.233938615,-1.227112233,-1.227972491,-1.22901888,-1.233343594,-1.227263394,-1.228856511,-1.236239134,-1.235020297,-1.234775269,-1.22820058,-1.230610227,-1.232919974,-1.233083907,-1.235260708,-1.241412873,-1.237110865,-1.241477894,-1.244726265,-1.24655847,-1.246873633,-1.24679459,-1.245959242,-1.24538463,-1.250516308,-1.248237931,-1.25323101,-1.255450628,-1.255976576,-1.248325159,-1.248498911,-1.245382875,-1.246402887,-1.252012702,-1.254955065,-1.255333749,-1.253792825,-1.257542616,-1.259875714,-1.260033993,-1.256424176,-1.264540705,-1.258549995,-1.253474998,-1.246638709,-1.251235509,-1.258280764,-1.26058897,-1.260727298,-1.265797398,-1.267902798,-1.265771489,-1.25863334,-1.269849144,-1.262562863,-1.264515615,-1.263485727,-1.258343504,-1.257281868,-1.265443983,-1.261594865,-1.257109138,-1.260014465,-1.267994071,-1.272175487,-1.26993975,-1.273837827,-1.267134781,-1.265390795,-1.265132599,-1.261592291,-1.266256971,-1.256724089,-1.250747277,-1.249759478,-1.247396052,-1.25042443,-1.254604904,-1.26257798,-1.271023615,-1.260433878,-1.260831671,-1.256688453,-1.255245739,-1.25926313,-1.266042386,-1.256916086,-1.253958413,-1.251645191,-1.253359489,-1.26375683,-1.267788664,-1.272673703,-1.262599507,-1.26255617,-1.270752827,-1.275535796,-1.279593973,-1.282040088,-1.291310442,-1.293669586,4.5989
20,-1.352040204,-1.335287722,-1.34045711,-1.32898645,-1.334518991,-1.334028018,-1.330484022,-1.311208041,-1.334756684,-1.307470155,-1.326975084,-1.323689308,-1.323747429,-1.311622177,-1.32154572,-1.322846955,-1.322433703,-1.322586367,-1.326137035,-1.327225341,-1.331959314,-1.331780797,-1.33995316,-1.328598929,-1.328803891,-1.330615626,-1.330849733,-1.336189093,-1.325068562,-1.324470698,-1.325126895,-1.32522613,-1.325684236,-1.31285019,-1.318130667,-1.307899574,-1.305113132,-1.293364957,-1.292267914,-1.290736299,-1.291391955,-1.295039942,-1.294462529,-1.290277934,-1.283110693,-1.288948641,-1.291976819,-1.286292083,-1.290018113,-1.286575753,-1.297130968,-1.296839499,-1.298602965,-1.298029952,-1.294384002,-1.296775541,-1.293855052,-1.291419312,-1.279290914,-1.282213313,-1.27961177,-1.280209587,-1.280112591,-1.272869509,-1.264443395,-1.273695996,-1.273630837,-1.263566583,-1.257130278,-1.25450964,-1.250830438,-1.239105358,-1.227581729,-1.226827198,-1.226525235,-1.227877201,-1.227434024,-1.228514399,-1.221127245,-1.223987784,-1.224057,-1.221692063,-1.225241991,-1.224029884,-1.226514008,-1.226490601,-1.233204553,-1.228544724,-1.226099294,-1.225028848,-1.22740636,-1.230597293,-1.236900647,-1.241160703,-1.242038806,-1.246186868,-1.241513454,-1.23953039,-1.249666368,-1.24681691,-1.255515961,-1.25718791,-1.251033796,-1.251016578,-1.25590296,-1.26065726,-1.26161945,-1.262728693,-1.269239403,-1.267016025,-1.257077318,-1.252838317,-1.251228185,-1.253817151,-1.252066616,-1.253172492,-1.260129684,-1.26713646,-1.264055056,-1.267038854,-1.262841489,-1.255859978,-1.255410568,-1.256659924,-1.252377733,-1.257146806,-1.25613895,-1.252772317,-1.250943439,-1.251049515,-1.259538786,-1.258089638,-1.257446134,-1.257104712,-1.25485353,-1.2524035,-1.25198583,-1.240180169,-1.247625407,-1.242430992,-1.245719568,-1.245065184,-1.252543149,-1.249546442,-1.242007486,-1.237141456,-1.235184783,-1.234520722,-1.23278164,-1.23580289,-1.234353867,-1.239875744,-1.235562425,-1.229816677,-1.232338909,-1.221503583,-1.225767935,-1.224466365,-1.228378259,-1.238717531,-1.239818112,-1.236612749,-1.238804373,-1.250824888,-1.241290033,-1.239500596,-1.238182929,-1.236723248,-1.251701571,-1.252815977,-1.257581185,-1.252179302,-1.264361808,-1.275966898,4.2497
21,-1.198326118,-1.182373051,-1.183194175,-1.169279008,-1.174490222,-1.18089917,-1.172187718,-1.130487867,-1.182981913,-1.14872795,-1.165841582,-1.159044098,-1.16346851,-1.139993357,-1.154753266,-1.152690523,-1.15845911,-1.154839326,-1.168466978,-1.160182078,-1.166027222,-1.171844771,-1.182086445,-1.1609841,-1.165269425,-1.164624248,-1.165172372,-1.172568994,-1.161102098,-1.158133068,-1.15985869,-1.157288997,-1.158920298,-1.144437913,-1.147952176,-1.139998572,-1.13282476,-1.121616876,-1.124839189,-1.116803745,-1.118673824,-1.125018034,-1.122034666,-1.119124489,-1.111895574,-1.117458333,-1.121019078,-1.11492775,-1.111912052,-1.11362845,-1.124698683,-1.122631295,-1.127372714,-1.126252203,-1.118576916,-1.126693261,-1.119728881,-1.121092333,-1.106141655,-1.107108686,-1.106388062,-1.10852717,-1.103252729,-1.095762797,-1.085101068,-1.095346602,-1.095252108,-1.084339989,-1.079415568,-1.073571408,-1.071192099,-1.058881593,-1.046894194,-1.040459175,-1.048349861,-1.042895631,-1.044117929,-1.044068461,-1.038578446,-1.039498887,-1.040791298,-1.037989935,-1.043083269,-1.039735944,-1.04439618,-1.043924241,-1.049906876,-1.045689804,-1.043645541,-1.041598999,-1.043340244,-1.050474072,-1.054442901,-1.060573699,-1.060795477,-1.063248563,-1.060690203,-1.059986502,-1.072262997,-1.065865806,-1.074351501,-1.075200682,-1.071814508,-1.07185895,-1.076859911,-1.080999122,-1.082405783,-1.083072912,-1.089113045,-1.087488933,-1.077368312,-1.071707536,-1.070871331,-1.075193708,-1.072108167,-1.073607088,-1.080086039,-1.088561788,-1.082290335,-1.085810747,-1.085687035,-1.074124999,-1.072998441,-1.075047361,-1.072205627,-1.074783785,-1.07226761,-1.068672201,-1.070176596,-1.066844639,-1.076931386,-1.075387905,-1.077339052,-1.073253609,-1.07412562,-1.069337929,-1.070034634,-1.056864192,-1.066763899,-1.060223385,-1.066189729,-1.063038386,-1.069229208,-1.063875311,-1.058715091,-1.050562349,-1.048165973,-1.046788893,-1.043768718,-1.045705964,-1.04646725,-1.049976799,-1.047776463,-1.041363486,-1.046803519,-1.035445464,-1.037935897,-1.037040967,-1.044968665,-1.055257873,-1.05846037,-1.052962743,-1.058616992,-1.075000746,-1.058833224,-1.053490671,-1.055758596,-1.052572048,-1.073148649,-1.068538834,-1.079810624,-1.078110788,-1.086953856,-1.108292595,4.2497
22,-1.488313727,-1.48667177,-1.486814155,-1.484573982,-1.485692573,-1.470700652,-1.473989596,-1.465451743,-1.475299767,-1.471758128,-1.467385367,-1.469795108,-1.473033551,-1.472479284,-1.470714867,-1.467695463,-1.473860081,-1.47902295,-1.472848702,-1.474083891,-1.480196454,-1.475347669,-1.481009733,-1.475814759,-1.477725747,-1.477520852,-1.482348039,-1.474472436,-1.479128302,-1.47331491,-1.475720733,-1.471426333,-1.470167743,-1.470154753,-1.470313002,-1.461387881,-1.455461167,-1.452051607,-1.449048852,-1.45437024,-1.452551395,-1.451503144,-1.453483476,-1.454305623,-1.448464957,-1.450635718,-1.447993345,-1.451630617,-1.451285231,-1.448752779,-1.448025772,-1.452075848,-1.452877509,-1.452848308,-1.45642095,-1.455921063,-1.451500161,-1.44951449,-1.448895317,-1.452962894,-1.449445213,-1.446771724,-1.444400968,-1.442189337,-1.436990991,-1.43704852,-1.433798574,-1.434828441,-1.435311147,-1.431630266,-1.430252615,-1.421123466,-1.422254605,-1.418391693,-1.409214744,-1.407283892,-1.413378569,-1.415860034,-1.415587626,-1.413174358,-1.410113258,-1.413757125,-1.414442556,-1.416256575,-1.416683844,-1.412514495,-1.417905339,-1.414399524,-1.414681436,-1.417520148,-1.420091881,-1.422416137,-1.419936963,-1.421855396,-1.420100009,-1.41675207,-1.420180548,-1.417142295,-1.41861425,-1.423286315,-1.435827342,-1.438613618,-1.440362477,-1.437931653,-1.433753677,-1.430749824,-1.436554787,-1.439929625,-1.440382331,-1.439185148,-1.437025974,-1.434674849,-1.436093513,-1.434430774,-1.434772608,-1.436062455,-1.437217332,-1.430539754,-1.429272241,-1.431660643,-1.429693203,-1.43222124,-1.437259082,-1.443629519,-1.443022405,-1.441740017,-1.436524782,-1.436536433,-1.437021584,-1.440021952,-1.44456791,-1.444505919,-1.428477986,-1.424404286,-1.437404948,-1.441794972,-1.439606693,-1.435993987,-1.434358035,-1.43567351,-1.444656339,-1.443093315,-1.442562589,-1.436169251,-1.436087317,-1.43065773,-1.427597469,-1.420394373,-1.427821799,-1.429132613,-1.427381337,-1.434770907,-1.435732568,-1.435305169,-1.430981444,-1.428514456,-1.432983289,-1.437174913,-1.435506408,-1.433496063,-1.432772932,-1.435476654,-1.44694509,-1.430961666,-1.432280171,-1.425179346,-1.431802306,-1.44553131,-1.445636491,-1.448372485,-1.450107237,-1.449664699,-1.449095411,-1.450131016,4.1
23,-1.361941794,-1.35640245,-1.358069598,-1.353316272,-1.351829393,-1.341639608,-1.34708627,-1.361018391,-1.322381705,-1.345583287,-1.325288555,-1.333341076,-1.328886196,-1.331152582,-1.342869874,-1.339449337,-1.331385456,-1.339776194,-1.338302611,-1.337623261,-1.341855116,-1.341332056,-1.339600578,-1.339305897,-1.339690379,-1.335909725,-1.339109859,-1.335094199,-1.332490437,-1.330690896,-1.335517937,-1.332314396,-1.326994471,-1.31749157,-1.313458522,-1.309563367,-1.309009445,-1.303564704,-1.301308268,-1.298798694,-1.294628614,-1.300314986,-1.295583941,-1.293757062,-1.287590874,-1.300552966,-1.29864361,-1.29628008,-1.300233317,-1.294989551,-1.303654374,-1.303032679,-1.303421598,-1.300975157,-1.302052876,-1.305543375,-1.300442009,-1.297439684,-1.292895552,-1.29693346,-1.288830047,-1.282759907,-1.280690451,-1.283814839,-1.280178608,-1.276714297,-1.276253937,-1.279445946,-1.272501824,-1.263725129,-1.26124731,-1.253334038,-1.24256494,-1.237983107,-1.229547296,-1.232157801,-1.236094107,-1.229314864,-1.237906649,-1.243757226,-1.238559151,-1.23794051,-1.242451439,-1.236368808,-1.241522405,-1.248741702,-1.249437917,-1.247758139,-1.245781638,-1.248812804,-1.248072994,-1.250475131,-1.257540432,-1.26050282,-1.25619329,-1.253063958,-1.243177039,-1.251801522,-1.252453661,-1.245424047,-1.255659723,-1.260243296,-1.262329646,-1.264698922,-1.267550855,-1.270236218,-1.273124113,-1.273589012,-1.275336245,-1.27594084,-1.270077692,-1.268651636,-1.271614643,-1.274482115,-1.271138288,-1.277819577,-1.269771492,-1.268281432,-1.272188778,-1.279988647,-1.277616605,-1.274337359,-1.273456738,-1.273680654,-1.271086837,-1.270689641,-1.270171164,-1.266141266,-1.267672974,-1.26611468,-1.272938183,-1.270450998,-1.264555049,-1.263468877,-1.258642461,-1.260491456,-1.259494259,-1.261427815,-1.27228402,-1.273152086,-1.265087084,-1.25457241,-1.24784662,-1.244221678,-1.244557976,-1.245725132,-1.242365151,-1.235130838,-1.23973377,-1.247116148,-1.24173597,-1.243163845,-1.24471407,-1.246843988,-1.24936363,-1.24496537,-1.244102941,-1.254924498,-1.252340811,-1.254767301,-1.249789194,-1.24872744,-1.25248017,-1.251822802,-1.260442931,-1.258587181,-1.262588998,-1.260597153,-1.263396275,-1.271577376,-1.27200173,-1.287466309,-1.299787636,-1.311242786,4.3497
24,-1.461181441,-1.44903996,-1.463029702,-1.455649603,-1.455434017,-1.445099268,-1.449574859,-1.455149248,-1.43212673,-1.451045607,-1.432445309,-1.440358002,-1.435937445,-1.438641012,-1.44297874,-1.446370604,-1.436005007,-1.443984567,-1.445421486,-1.444230471,-1.445820374,-1.447160635,-1.445475334,-1.444938178,-1.445992012,-1.44288043,-1.444296552,-1.441983129,-1.438987065,-1.441049035,-1.442572386,-1.442391557,-1.436921024,-1.428884399,-1.425665343,-1.423643973,-1.423454806,-1.416944998,-1.418561597,-1.413146757,-1.41148936,-1.415695722,-1.41297373,-1.409782569,-1.405210493,-1.417023832,-1.412994359,-1.410769711,-1.415506399,-1.411068211,-1.418172892,-1.416632723,-1.418242353,-1.41598188,-1.416054767,-1.420766238,-1.41537565,-1.411489777,-1.409830669,-1.412571273,-1.406683686,-1.401850622,-1.399351521,-1.402690905,-1.400146333,-1.397744368,-1.39813556,-1.402986812,-1.397345901,-1.388735401,-1.388538497,-1.382465718,-1.373157271,-1.371650632,-1.364584915,-1.369526698,-1.374569359,-1.368209021,-1.375522096,-1.381267828,-1.374197515,-1.374591826,-1.378034304,-1.373196422,-1.377882711,-1.384729549,-1.384508282,-1.382017223,-1.378610452,-1.382552792,-1.380530082,-1.38291996,-1.389864111,-1.391807189,-1.386273659,-1.383236022,-1.37195868,-1.380146578,-1.379004582,-1.373614968,-1.381413807,-1.38754809,-1.38838215,-1.389441673,-1.39396209,-1.39591179,-1.396123424,-1.398479972,-1.398415017,-1.399647216,-1.393296216,-1.393240111,-1.396430771,-1.399832565,-1.398356969,-1.403071197,-1.395587052,-1.394063026,-1.399981271,-1.404069142,-1.404721244,-1.402365103,-1.402066872,-1.401179957,-1.40117116,-1.400492353,-1.400469705,-1.396862717,-1.394595562,-1.395567253,-1.402427856,-1.400751151,-1.393485584,-1.391429909,-1.388447395,-1.391171746,-1.391283619,-1.393881434,-1.407974087,-1.406663257,-1.399139056,-1.388358822,-1.385875382,-1.382968883,-1.385310234,-1.383465261,-1.382624911,-1.376219371,-1.378866767,-1.387951447,-1.384928,-1.385433739,-1.385205112,-1.386046539,-1.388944977,-1.386685168,-1.384445761,-1.391832243,-1.392276247,-1.393438268,-1.388942353,-1.389146376,-1.392360773,-1.390288981,-1.396321974,-1.398589558,-1.39832265,-1.394881397,-1.397880574,-1.403506989,-1.401869012,-1.419047196,-1.427932152,-1.437716137,4.2497
25,-1.198269286,-1.176637008,-1.199644701,-1.193441472,-1.168808236,-1.166424936,-1.165448696,-1.144371672,-1.149552784,-1.16021694,-1.141476524,-1.149692002,-1.145989074,-1.143696734,-1.160002915,-1.158600129,-1.15299715,-1.153646105,-1.168774532,-1.160067494,-1.167928357,-1.157871593,-1.169053763,-1.164705967,-1.166622112,-1.166917162,-1.168386551,-1.166875194,-1.166780584,-1.156264169,-1.155970152,-1.15363777,-1.144752162,-1.140457579,-1.135012926,-1.118495978,-1.108855411,-1.098240447,-1.105437582,-1.098103104,-1.097473642,-1.103252568,-1.100546074,-1.103177319,-1.092384744,-1.09959495,-1.100634945,-1.098669669,-1.10303121,-1.099612911,-1.107998627,-1.098361566,-1.106569643,-1.111949885,-1.109778394,-1.111859889,-1.110813408,-1.105935413,-1.096763816,-1.098619992,-1.092332929,-1.081031089,-1.080937467,-1.064053244,-1.06969081,-1.062161616,-1.053101717,-1.047412047,-1.036056701,-1.036800208,-1.03899591,-1.029610313,-1.028573847,-1.012486398,-1.002772423,-1.000002493,-0.994014763,-1.002981403,-0.997684109,-0.999837292,-1.005050779,-0.994144823,-0.997829477,-0.996213372,-0.998739962,-1.000309988,-1.010284661,-1.009485873,-1.00936823,-1.015848509,-1.024853676,-1.015119016,-1.009742302,-1.023921183,-1.031742319,-1.03553395,-1.034547949,-1.033739124,-1.02660716,-1.019047206,-1.041483215,-1.043854864,-1.05579643,-1.058736503,-1.044194603,-1.045533265,-1.042623356,-1.046812471,-1.052151721,-1.05072023,-1.052781271,-1.050808618,-1.056815508,-1.059312367,-1.057736602,-1.060306264,-1.062058218,-1.054624877,-1.037155964,-1.047159649,-1.046371175,-1.044872642,-1.050555218,-1.052436352,-1.043292491,-1.0590829,-1.056042028,-1.050173316,-1.044611345,-1.04720007,-1.035122138,-1.038465084,-1.042370843,-1.05307447,-1.04916195,-1.052367346,-1.055814852,-1.056647934,-1.060873254,-1.048887259,-1.044635106,-1.037785548,-1.036574051,-1.030767307,-1.028917901,-1.015998362,-1.024301014,-1.019047012,-1.022644815,-1.010430825,-1.00662206,-1.007391555,-1.006834262,-1.018205695,-1.023795751,-1.029965745,-1.03071302,-1.018756921,-1.026079063,-1.031227448,-1.037938853,-1.021457496,-1.026545845,-1.023478138,-1.042144997,-1.033095843,-1.039118766,-1.037205126,-1.038847654,-1.045146562,-1.055987212,-1.055883156,-1.06122035,-1.081605041,4.8
26,-1.293475802,-1.295170527,-1.297524526,-1.28419376,-1.283989718,-1.280672507,-1.280896775,-1.287826082,-1.25037466,-1.264977584,-1.246004777,-1.262668893,-1.267415926,-1.26519292,-1.266921864,-1.26552313,-1.266621061,-1.26859448,-1.267121041,-1.280194744,-1.277668338,-1.280739347,-1.281384622,-1.288044245,-1.280509104,-1.276845538,-1.277754736,-1.281436305,-1.280068672,-1.273762502,-1.270783006,-1.269261619,-1.267415131,-1.262366208,-1.264092032,-1.25689609,-1.248678606,-1.242477629,-1.2508484,-1.248483154,-1.238789729,-1.24490969,-1.24301349,-1.244863894,-1.233557539,-1.239861644,-1.246820205,-1.244749329,-1.24890821,-1.248867358,-1.255353244,-1.251857363,-1.250941523,-1.250718507,-1.247429379,-1.250592974,-1.239551895,-1.245920074,-1.239064512,-1.248229433,-1.237655837,-1.234950743,-1.235794738,-1.236399367,-1.231661942,-1.228858066,-1.221843355,-1.224196166,-1.232746614,-1.227925315,-1.228406771,-1.224436804,-1.221069401,-1.220176726,-1.213308442,-1.212548731,-1.208925398,-1.215228799,-1.217631785,-1.210076298,-1.211032714,-1.211969055,-1.206523026,-1.207251299,-1.202354772,-1.202980017,-1.20963116,-1.208619137,-1.209094788,-1.214627897,-1.218574414,-1.213636575,-1.213887522,-1.217983743,-1.218282602,-1.217841581,-1.219156486,-1.217316695,-1.220543505,-1.206899006,-1.208988342,-1.213556194,-1.216894302,-1.226212999,-1.228418756,-1.230965342,-1.233560416,-1.238050345,-1.236552963,-1.239948263,-1.233265692,-1.227145559,-1.231469932,-1.234363269,-1.243837987,-1.25087974,-1.248926133,-1.242352907,-1.23783934,-1.237321553,-1.239610981,-1.244575345,-1.245538041,-1.240308803,-1.240780057,-1.24088356,-1.244307845,-1.237350129,-1.245327698,-1.239821499,-1.241201271,-1.244694102,-1.243019507,-1.238832912,-1.235807742,-1.236735656,-1.23917542,-1.240261175,-1.253354642,-1.248302167,-1.249588837,-1.244170222,-1.242234469,-1.230113718,-1.222021447,-1.216053066,-1.227336785,-1.232942381,-1.242253583,-1.23439074,-1.233419334,-1.241466422,-1.242209945,-1.238536304,-1.230137063,-1.23156534,-1.233205575,-1.235130432,-1.228299222,-1.230127916,-1.234363713,-1.24032341,-1.241326048,-1.237617832,-1.242278601,-1.23800683,-1.244946173,-1.246246411,-1.241888792,-1.252776409,-1.253676129,-1.26276451,-1.256173917,-1.261333943,3.6
27,-1.057098717,-1.060249609,-1.078957131,-1.048319321,-1.045172845,-1.015356113,-1.036447705,-1.035785719,-0.971291181,-0.999998342,-0.976668354,-0.99864772,-0.99805577,-1.004666978,-1.002345535,-1.000029035,-0.994282061,-1.007768043,-1.004091025,-1.029475126,-1.011588933,-1.027171972,-1.01666201,-1.033988812,-1.022426125,-1.022584952,-1.014629283,-1.018704713,-1.022175836,-1.009492091,-1.008345599,-1.001162269,-0.993004907,-0.990349675,-0.979108183,-0.96292371,-0.942217814,-0.92908305,-0.942214816,-0.934944084,-0.912435825,-0.927847393,-0.919659584,-0.91907163,-0.91122667,-0.919142734,-0.926444084,-0.916662276,-0.930791985,-0.933418015,-0.939940324,-0.937440221,-0.934645811,-0.933871628,-0.929952103,-0.942382726,-0.91625023,-0.918638146,-0.910626766,-0.917725494,-0.897575562,-0.892640794,-0.887810995,-0.877673335,-0.867418488,-0.85973654,-0.853286214,-0.833703349,-0.849321686,-0.833905669,-0.817755353,-0.809451213,-0.776569375,-0.772219951,-0.762194581,-0.753597727,-0.741773696,-0.752235171,-0.759281108,-0.734537596,-0.740182952,-0.748434179,-0.732184152,-0.747473997,-0.743267055,-0.732012208,-0.747240696,-0.749640574,-0.759861544,-0.763063084,-0.768621867,-0.760628086,-0.773883883,-0.776094154,-0.783840214,-0.778607243,-0.790418587,-0.784102052,-0.797706554,-0.773322207,-0.787299102,-0.794293752,-0.803473898,-0.816751371,-0.820980784,-0.821432549,-0.822678586,-0.837917995,-0.829173144,-0.836354827,-0.823129893,-0.821029157,-0.829471935,-0.823074709,-0.834548373,-0.843885755,-0.839722203,-0.828669534,-0.83433302,-0.825978608,-0.828211421,-0.829552338,-0.837803823,-0.825978135,-0.825101213,-0.818818678,-0.836341562,-0.820557916,-0.830109003,-0.811407407,-0.825962294,-0.824524676,-0.818965454,-0.823567836,-0.818204065,-0.822354679,-0.82433727,-0.821644169,-0.842633699,-0.818998768,-0.812366592,-0.806877154,-0.796824643,-0.779079317,-0.761697643,-0.742263163,-0.747282565,-0.764734268,-0.759097911,-0.740639122,-0.753981951,-0.759145463,-0.766265074,-0.76654094,-0.752175726,-0.756645484,-0.754614645,-0.751948558,-0.756964509,-0.773535904,-0.754981473,-0.773231486,-0.77730899,-0.771202146,-0.771166833,-0.796006121,-0.811117667,-0.823682963,-0.800010035,-0.827541699,-0.812868853,-0.865398411,-0.852621943,-0.880672704,4.1497
28,-1.297560309,-1.29276953,-1.315241449,-1.300740925,-1.295195015,-1.287263579,-1.29863871,-1.28314605,-1.272628079,-1.279161279,-1.276546148,-1.268688803,-1.268448385,-1.269986925,-1.270053228,-1.27727284,-1.28664816,-1.275716391,-1.271312984,-1.277204851,-1.27576607,-1.279064904,-1.278466627,-1.275934681,-1.273401169,-1.273137563,-1.282566867,-1.277489851,-1.273005065,-1.273490595,-1.275305221,-1.271658771,-1.277366574,-1.264575415,-1.260803967,-1.257896679,-1.254756183,-1.246343314,-1.251939228,-1.256494584,-1.249140276,-1.249531784,-1.250225951,-1.252732817,-1.244049449,-1.249400513,-1.251264174,-1.248308592,-1.255137554,-1.243872979,-1.251168652,-1.253070924,-1.255405748,-1.248612084,-1.252080322,-1.258842985,-1.249021207,-1.248832448,-1.239699551,-1.247820115,-1.246861364,-1.244619388,-1.238394911,-1.236143843,-1.239297144,-1.231592334,-1.234525104,-1.235644673,-1.230607147,-1.223259209,-1.223198394,-1.219338079,-1.217780268,-1.217960264,-1.209966123,-1.211256531,-1.216165373,-1.216074589,-1.21118722,-1.212328166,-1.21602878,-1.216085801,-1.211657809,-1.212785489,-1.214912319,-1.215317447,-1.212638594,-1.211147924,-1.209650292,-1.217794436,-1.223352552,-1.217264666,-1.216110857,-1.226524928,-1.233908152,-1.230310926,-1.232140933,-1.235157707,-1.236076535,-1.229969768,-1.231985942,-1.224559226,-1.224391898,-1.220609043,-1.228353962,-1.232700798,-1.236094689,-1.239556021,-1.244273463,-1.245398048,-1.242174644,-1.237068524,-1.241303095,-1.238366744,-1.240084853,-1.234394362,-1.234075725,-1.237336982,-1.243201509,-1.253804527,-1.248138473,-1.244734784,-1.250154364,-1.250671869,-1.242090304,-1.248632241,-1.246155767,-1.240622039,-1.24201248,-1.239392604,-1.248805867,-1.2454807,-1.2441414,-1.239444632,-1.243655515,-1.248777341,-1.248841458,-1.245184273,-1.248633928,-1.246438893,-1.24780197,-1.245479352,-1.243768996,-1.243566554,-1.233349112,-1.224896048,-1.222714704,-1.216507088,-1.223156598,-1.232502275,-1.234340568,-1.2363199,-1.230999949,-1.232009304,-1.23468753,-1.232029038,-1.231253477,-1.236907515,-1.236204312,-1.244362966,-1.231106307,-1.231638626,-1.230999512,-1.226210768,-1.231908023,-1.23816734,-1.243474395,-1.23046763,-1.23764555,-1.251655712,-1.253552043,-1.251087215,-1.268284656,-1.276063687,3.8987
29,-1.368058171,-1.338872974,-1.352507603,-1.337664458,-1.336336459,-1.337121683,-1.337132086,-1.341569459,-1.313011583,-1.331177884,-1.319265147,-1.315063587,-1.313920307,-1.312409195,-1.314764385,-1.319319113,-1.330823935,-1.314295077,-1.322273724,-1.321230568,-1.323159478,-1.318581763,-1.322469664,-1.321113095,-1.317275732,-1.316086523,-1.329186271,-1.320847233,-1.314876284,-1.316687905,-1.319117795,-1.316535396,-1.319152382,-1.304589865,-1.299919988,-1.298595766,-1.294980994,-1.282158597,-1.293547107,-1.291425643,-1.285754529,-1.285163459,-1.284279129,-1.288547133,-1.27993842,-1.28292099,-1.287702056,-1.284190871,-1.286828827,-1.279949295,-1.286457132,-1.288980275,-1.292047404,-1.284145931,-1.289099454,-1.293371775,-1.285199066,-1.281704628,-1.274654656,-1.28144904,-1.281202084,-1.276839041,-1.271621995,-1.268165262,-1.267955781,-1.262022711,-1.26437127,-1.266269795,-1.25947468,-1.251772071,-1.25124141,-1.246370301,-1.245121178,-1.24318366,-1.236973892,-1.235171112,-1.241065797,-1.240640045,-1.236184039,-1.236061022,-1.241231355,-1.239456888,-1.236199579,-1.237239183,-1.238479436,-1.239548347,-1.237487727,-1.235026226,-1.235292628,-1.243988335,-1.247621217,-1.243537279,-1.243220232,-1.254677555,-1.260594365,-1.257220135,-1.259223476,-1.262651886,-1.26294911,-1.257980009,-1.260628177,-1.250956985,-1.251466722,-1.249040381,-1.256083293,-1.260297638,-1.264114055,-1.267840601,-1.269768217,-1.271929461,-1.271220067,-1.265380374,-1.267628516,-1.26369587,-1.265063762,-1.259570474,-1.260323718,-1.265527189,-1.270038844,-1.277324503,-1.273180838,-1.271407581,-1.275549301,-1.274897488,-1.267081901,-1.272735445,-1.271010334,-1.266395775,-1.266356506,-1.263372958,-1.271721485,-1.267559346,-1.266935229,-1.264557876,-1.26539812,-1.270909192,-1.269099088,-1.268451134,-1.271195685,-1.269160806,-1.269103287,-1.26685866,-1.266642909,-1.261582844,-1.254471723,-1.242128514,-1.240911187,-1.234191102,-1.240476188,-1.249920629,-1.253643101,-1.253230699,-1.247019583,-1.249527668,-1.251440091,-1.249135786,-1.247981325,-1.255648802,-1.256993411,-1.261786162,-1.249487013,-1.250444926,-1.249107113,-1.246822424,-1.251797542,-1.259281667,-1.267567621,-1.258381475,-1.259596707,-1.272418745,-1.277785319,-1.283730099,-1.295942601,-1.302668516,4.2497
30,-1.354832575,-1.366101043,-1.356991316,-1.350911288,-1.355625304,-1.334977225,-1.355338154,-1.349341369,-1.345011903,-1.339044492,-1.334821877,-1.337327557,-1.34241297,-1.340616972,-1.342775916,-1.343422806,-1.349788081,-1.340385426,-1.348346982,-1.352608744,-1.342892266,-1.351015508,-1.353326764,-1.347898179,-1.359280878,-1.351258155,-1.352873665,-1.348246126,-1.35397645,-1.342913847,-1.34358285,-1.346554741,-1.34532023,-1.338967468,-1.339884121,-1.331788279,-1.33017459,-1.323943734,-1.319710052,-1.321569339,-1.319120374,-1.326766009,-1.320109499,-1.318586294,-1.3112849,-1.325924652,-1.332998375,-1.32592291,-1.329259924,-1.331264538,-1.33311794,-1.327836688,-1.330148326,-1.324814342,-1.322206967,-1.321858792,-1.319822496,-1.330686222,-1.329920075,-1.328898739,-1.326033745,-1.324233473,-1.327183523,-1.316942989,-1.312388483,-1.309567936,-1.312032399,-1.313762099,-1.315079902,-1.310208605,-1.300386887,-1.300451904,-1.300711782,-1.295967532,-1.294711585,-1.294594259,-1.287363627,-1.277570617,-1.2786023,-1.284895187,-1.282621824,-1.280324304,-1.272587359,-1.278843152,-1.290034679,-1.287332623,-1.291815545,-1.293294618,-1.291585802,-1.290993455,-1.294148168,-1.294214192,-1.296660134,-1.304256314,-1.304356599,-1.304202617,-1.298701457,-1.295916468,-1.296313497,-1.291648084,-1.303964293,-1.305473762,-1.298715848,-1.300240131,-1.30959135,-1.320567956,-1.32322334,-1.322212992,-1.322593579,-1.314621875,-1.30992453,-1.311104721,-1.319147042,-1.322395742,-1.323754795,-1.326266348,-1.32763957,-1.320422248,-1.314613805,-1.315172847,-1.315400027,-1.310946877,-1.320793705,-1.327741534,-1.329347689,-1.326641733,-1.317851409,-1.312972295,-1.317424775,-1.322431814,-1.328581943,-1.335363017,-1.330474738,-1.3273176,-1.328058061,-1.323301259,-1.322981862,-1.326191831,-1.323408062,-1.321649024,-1.319724657,-1.314735828,-1.310612952,-1.307669584,-1.304541852,-1.300358958,-1.295722195,-1.29789855,-1.302677234,-1.305803172,-1.301491281,-1.301248533,-1.304579229,-1.30109928,-1.29894033,-1.297273542,-1.30411188,-1.303055545,-1.306147824,-1.303151762,-1.310413919,-1.316244239,-1.308595062,-1.305829323,-1.31156237,-1.31123967,-1.334530248,-1.32988026,-1.318414544,-1.32141325,-1.320236152,-1.318535862,-1.325386684,-1.325855962,3.5
31,-1.320764394,-1.332843427,-1.31977114,-1.316612491,-1.318845441,-1.298895079,-1.325199832,-1.317704368,-1.311624837,-1.306661196,-1.303470375,-1.304574687,-1.306281111,-1.309554328,-1.308799342,-1.305392954,-1.311970101,-1.302426643,-1.309688471,-1.316275749,-1.309294722,-1.314352845,-1.319298555,-1.306729738,-1.322035,-1.315626902,-1.319031636,-1.311193734,-1.316978891,-1.303943593,-1.306054442,-1.308755146,-1.311368099,-1.303413625,-1.303330684,-1.299015565,-1.296074701,-1.291776084,-1.285158787,-1.2906382,-1.288359161,-1.294375815,-1.288751573,-1.286918412,-1.279888334,-1.292905066,-1.301857192,-1.295261817,-1.297285989,-1.300322407,-1.301643032,-1.295633161,-1.299169272,-1.292054007,-1.290498809,-1.289778692,-1.285378095,-1.297701384,-1.299005842,-1.298903929,-1.294974065,-1.293014133,-1.296264328,-1.284961024,-1.27990073,-1.278415064,-1.281573079,-1.282840782,-1.28383623,-1.280412496,-1.271838408,-1.272208011,-1.269873594,-1.266583308,-1.264716579,-1.263215663,-1.255347848,-1.248039028,-1.248456535,-1.254997001,-1.252264556,-1.248911595,-1.24108517,-1.248854679,-1.261941845,-1.257164856,-1.263381293,-1.263743165,-1.261827373,-1.261900557,-1.265739664,-1.264977148,-1.266924769,-1.27619234,-1.276161149,-1.275744534,-1.270236825,-1.267459434,-1.268543262,-1.265845151,-1.277226306,-1.276749144,-1.271005553,-1.27291484,-1.281206622,-1.292148594,-1.296880276,-1.294147388,-1.2949974,-1.286488695,-1.284176956,-1.28349675,-1.292087159,-1.29680734,-1.296335577,-1.298161944,-1.299346092,-1.292592116,-1.284797642,-1.286642236,-1.285517383,-1.283690252,-1.293734801,-1.299811506,-1.299559398,-1.295405887,-1.288309671,-1.280647933,-1.287936886,-1.290873766,-1.298658496,-1.304936647,-1.299802806,-1.296966864,-1.298360453,-1.291475519,-1.293978835,-1.29684277,-1.293649998,-1.29189869,-1.289237662,-1.285171837,-1.280976584,-1.274627522,-1.268613407,-1.267544212,-1.263004962,-1.260980499,-1.266555938,-1.269238117,-1.263218895,-1.261826755,-1.268560931,-1.265945022,-1.261263679,-1.259605153,-1.265962471,-1.263719764,-1.267160387,-1.266976312,-1.272601729,-1.279163958,-1.273000369,-1.265906594,-1.275091616,-1.271957538,-1.293841165,-1.290595279,-1.28092258,-1.283219101,-1.283050051,-1.282992833,-1.287304772,-1.288715274,3.9497
32,-1.346491395,-1.364787367,-1.362888424,-1.346365341,-1.356103255,-1.345448383,-1.352096612,-1.355872622,-1.343554375,-1.335788617,-1.338415821,-1.342670632,-1.341245935,-1.346534125,-1.345357886,-1.331721976,-1.35037089,-1.34364464,-1.348652581,-1.356954658,-1.350842857,-1.35697309,-1.360668112,-1.34912589,-1.363010609,-1.356329834,-1.363019166,-1.355660795,-1.359202571,-1.348749788,-1.351042927,-1.349935385,-1.352255294,-1.34557076,-1.345528178,-1.336218092,-1.336712545,-1.330470478,-1.325526459,-1.328358949,-1.327977447,-1.334326281,-1.325879659,-1.327911595,-1.317585932,-1.332666954,-1.341170132,-1.334562287,-1.336203063,-1.339543654,-1.339017918,-1.335229826,-1.338761267,-1.332132707,-1.329647706,-1.328968521,-1.327369692,-1.336442624,-1.336668231,-1.337899341,-1.331741902,-1.331314058,-1.330829011,-1.322346794,-1.317358612,-1.317199355,-1.319304959,-1.320821105,-1.321446323,-1.31790152,-1.310542042,-1.311533233,-1.31029001,-1.308494942,-1.306984512,-1.308424853,-1.300438162,-1.294220935,-1.295544163,-1.300549741,-1.29840438,-1.296986088,-1.289312363,-1.295982159,-1.308612579,-1.303514712,-1.308523056,-1.31009225,-1.308364933,-1.306253461,-1.309989231,-1.310738042,-1.312904056,-1.320160321,-1.319272637,-1.31855483,-1.313792714,-1.311268237,-1.311334049,-1.30716295,-1.318244525,-1.31896476,-1.312255443,-1.313320548,-1.323268278,-1.333668211,-1.337929839,-1.33501939,-1.338968443,-1.329877399,-1.325618828,-1.326099616,-1.334149142,-1.338740874,-1.339349733,-1.341527564,-1.341070142,-1.335564886,-1.327412645,-1.330979191,-1.329412058,-1.326795983,-1.33680628,-1.342943619,-1.344297903,-1.342644014,-1.334164481,-1.32934274,-1.334869916,-1.338523618,-1.34623153,-1.351992446,-1.346820866,-1.344189929,-1.347728098,-1.341479921,-1.340738373,-1.343732724,-1.342707449,-1.337869503,-1.338787706,-1.33542252,-1.33268739,-1.328967093,-1.326748302,-1.327120663,-1.321637308,-1.321975787,-1.327135208,-1.330248577,-1.323784986,-1.324826032,-1.329051206,-1.325714164,-1.320340609,-1.320282325,-1.326719804,-1.322220619,-1.328255477,-1.326292228,-1.333174266,-1.337106315,-1.32868738,-1.325902533,-1.332009473,-1.328750489,-1.353851432,-1.34885154,-1.334789203,-1.336261154,-1.337222754,-1.333119638,-1.339899839,-1.340463166,2.9496
33,-1.393708298,-1.392740481,-1.388378557,-1.380603949,-1.397856408,-1.379443957,-1.373037871,-1.389775195,-1.380894152,-1.375310242,-1.379728047,-1.376946225,-1.366177964,-1.384214875,-1.371834575,-1.384854591,-1.382681314,-1.379312174,-1.382233594,-1.391126994,-1.386970559,-1.389556501,-1.387096658,-1.384971292,-1.38960917,-1.392526891,-1.390061921,-1.386731997,-1.383190294,-1.377113683,-1.386739645,-1.382561387,-1.382898762,-1.375066012,-1.371945502,-1.374018637,-1.366583743,-1.367045216,-1.370166313,-1.373910661,-1.372958691,-1.370469664,-1.363850276,-1.368091791,-1.355564214,-1.362215199,-1.364269603,-1.365830729,-1.365191425,-1.360265997,-1.368661519,-1.373534061,-1.375543144,-1.374212834,-1.371773719,-1.368700931,-1.364950841,-1.361514574,-1.359879464,-1.368502154,-1.365730382,-1.367470521,-1.365712327,-1.360456765,-1.355798947,-1.354235058,-1.357641977,-1.357312567,-1.358342003,-1.347457417,-1.350600239,-1.352523092,-1.350456869,-1.344980428,-1.34229521,-1.337997802,-1.340431826,-1.347360784,-1.340812538,-1.336843607,-1.332165787,-1.326376757,-1.332580229,-1.335011934,-1.334099978,-1.337986577,-1.345020331,-1.348117172,-1.345431865,-1.341820562,-1.349880503,-1.346415254,-1.334915017,-1.345296716,-1.345182223,-1.346672109,-1.350770488,-1.349132689,-1.347739561,-1.349035934,-1.359192995,-1.356866949,-1.354343124,-1.355299762,-1.358206781,-1.35972474,-1.369894793,-1.371152952,-1.368579561,-1.364141392,-1.360143801,-1.361799872,-1.357206202,-1.352403415,-1.351883388,-1.3567506,-1.363232617,-1.373213309,-1.378802007,-1.378617564,-1.370743095,-1.362741724,-1.371947001,-1.362566693,-1.361106181,-1.370020396,-1.361354795,-1.359054745,-1.363676409,-1.36881979,-1.371803093,-1.370100652,-1.371262337,-1.369124885,-1.366391873,-1.365596693,-1.36810759,-1.37785883,-1.381635787,-1.377106723,-1.367407688,-1.363550407,-1.372155201,-1.360761314,-1.359376656,-1.360099122,-1.358677117,-1.359521585,-1.359807658,-1.365176781,-1.367883958,-1.373145024,-1.371848743,-1.364968405,-1.378641735,-1.374551416,-1.37513116,-1.375187019,-1.368244256,-1.365808316,-1.37678671,-1.373165994,-1.369349351,-1.355149999,-1.35465464,-1.348396595,-1.35751931,-1.363725854,-1.379474199,-1.379188256,-1.379890275,-1.367781926,-1.369512147,-1.376063226,4.6
34,-1.414163146,-1.400731719,-1.40222538,-1.392091928,-1.406059849,-1.386310125,-1.385784453,-1.407855177,-1.39366495,-1.390271575,-1.395893449,-1.391372858,-1.385157114,-1.395021401,-1.388536686,-1.396987102,-1.397036747,-1.394079755,-1.396903181,-1.40378925,-1.40296501,-1.40397925,-1.401640991,-1.399907925,-1.403884419,-1.406781811,-1.405355808,-1.403302017,-1.398634726,-1.39500295,-1.402214094,-1.398853654,-1.399933358,-1.393452389,-1.391219323,-1.393826261,-1.388624408,-1.388220616,-1.39464161,-1.39637171,-1.395169417,-1.391742604,-1.386711377,-1.389558755,-1.379315234,-1.385397828,-1.386848816,-1.389523686,-1.387739564,-1.382823185,-1.390607648,-1.395885088,-1.397794809,-1.396202748,-1.393439836,-1.390721927,-1.387248068,-1.384409836,-1.382613602,-1.391528245,-1.389555915,-1.391534137,-1.388493533,-1.384268707,-1.380851589,-1.379699256,-1.382329951,-1.382341531,-1.383331938,-1.37231419,-1.377546698,-1.37765128,-1.376367691,-1.370782847,-1.366717743,-1.363888857,-1.365228508,-1.371648835,-1.365629472,-1.36287068,-1.356562055,-1.351042704,-1.358080179,-1.361794642,-1.35893727,-1.363246419,-1.369973437,-1.374817769,-1.371957523,-1.368973192,-1.375852324,-1.37273697,-1.36108461,-1.371559011,-1.371568275,-1.372541532,-1.37670838,-1.375927094,-1.373838548,-1.375235644,-1.386926808,-1.384191832,-1.380420957,-1.38219283,-1.384766333,-1.386967245,-1.396553102,-1.397433439,-1.396597922,-1.389923608,-1.387922023,-1.388870012,-1.384321862,-1.379859412,-1.379328916,-1.382692365,-1.389816054,-1.398607462,-1.405292481,-1.405009011,-1.39610334,-1.390891116,-1.398936459,-1.390954894,-1.388576889,-1.39756808,-1.389657763,-1.387324586,-1.391066326,-1.395334788,-1.397892345,-1.39708081,-1.398376465,-1.397243183,-1.395952017,-1.394035149,-1.3966994,-1.40615356,-1.409825519,-1.403313519,-1.395145428,-1.390584287,-1.398423153,-1.386720288,-1.385083481,-1.38566176,-1.383560777,-1.385953172,-1.384144731,-1.389677553,-1.394702088,-1.397170709,-1.396405168,-1.389846392,-1.403515442,-1.400608111,-1.398472154,-1.398529646,-1.391479416,-1.390546602,-1.401185598,-1.398909701,-1.393634812,-1.382527858,-1.378955446,-1.373568146,-1.38503567,-1.394546529,-1.405259128,-1.404468608,-1.404185479,-1.391774652,-1.392203709,-1.393159133,4.9
35,-1.396151478,-1.388491032,-1.414882048,-1.386462393,-1.395736942,-1.386298966,-1.374941524,-1.377329915,-1.348498702,-1.367862135,-1.351846051,-1.352343703,-1.354201859,-1.357586914,-1.353516606,-1.352977621,-1.353224755,-1.356555833,-1.351555049,-1.359555215,-1.349354598,-1.352785719,-1.353139147,-1.345309648,-1.35884019,-1.358571437,-1.353586375,-1.343423685,-1.345904032,-1.33992658,-1.345035306,-1.344541809,-1.347392801,-1.33323857,-1.334522382,-1.326288957,-1.328880159,-1.315768297,-1.315082336,-1.31592024,-1.301388226,-1.30935185,-1.305359077,-1.307212743,-1.307375088,-1.311674562,-1.316030378,-1.314046212,-1.31183916,-1.309002919,-1.313354426,-1.310603853,-1.315684736,-1.321191157,-1.321625945,-1.320066778,-1.310300863,-1.318591299,-1.305660669,-1.311384135,-1.308024215,-1.308366862,-1.302877703,-1.299595983,-1.301558219,-1.293867038,-1.288308564,-1.296642818,-1.294952306,-1.291429979,-1.285300322,-1.266777665,-1.269410445,-1.274863941,-1.268805311,-1.262290724,-1.258303639,-1.256951199,-1.258452308,-1.252723916,-1.257732667,-1.262972,-1.26269049,-1.251514088,-1.254926427,-1.261742077,-1.257472426,-1.26920548,-1.263629746,-1.268372787,-1.272426177,-1.271287382,-1.276864807,-1.282449642,-1.285118287,-1.290369676,-1.283836477,-1.281630835,-1.287935934,-1.282493804,-1.28834514,-1.276356469,-1.277557379,-1.271839902,-1.285001407,-1.292225448,-1.295637487,-1.299162085,-1.288086283,-1.283492116,-1.301161922,-1.309130608,-1.303980888,-1.292356183,-1.288843024,-1.296120341,-1.293458466,-1.286176858,-1.295157252,-1.304641995,-1.303598797,-1.301290769,-1.301245234,-1.296740851,-1.289062705,-1.293635985,-1.300578846,-1.29344698,-1.289314273,-1.291488295,-1.297115032,-1.304923684,-1.310265063,-1.300225132,-1.305290633,-1.302433909,-1.29486124,-1.292929892,-1.301747576,-1.295308989,-1.29851086,-1.286903846,-1.287159106,-1.28459247,-1.271920513,-1.274660396,-1.279679395,-1.279614464,-1.28143787,-1.277548723,-1.269618089,-1.279923443,-1.273617883,-1.271227155,-1.278748544,-1.276048153,-1.280611011,-1.295392761,-1.293755228,-1.293257365,-1.295784679,-1.298611188,-1.296429074,-1.295289897,-1.305477526,-1.293053211,-1.311528817,-1.309055139,-1.300366114,-1.306571012,-1.308896195,-1.298278839,-1.31777526,-1.324082799,3.9987
36,-1.446963636,-1.447426175,-1.469874355,-1.439998997,-1.44892353,-1.443402764,-1.423145976,-1.431383365,-1.410790189,-1.420062705,-1.402061711,-1.406144732,-1.406844793,-1.407866728,-1.405611795,-1.407460923,-1.408066557,-1.410423167,-1.40421035,-1.410287257,-1.399607363,-1.406099505,-1.400798287,-1.400865075,-1.40888865,-1.410878381,-1.40315441,-1.393130881,-1.395585748,-1.391920038,-1.396016142,-1.395246926,-1.396588747,-1.385830823,-1.38679462,-1.382101566,-1.384582948,-1.371643049,-1.373409151,-1.37304833,-1.356878378,-1.365121374,-1.363265583,-1.363887229,-1.363843608,-1.368546174,-1.372279921,-1.369681146,-1.367442266,-1.364604495,-1.369086111,-1.365878943,-1.370945615,-1.376245347,-1.377573385,-1.37503272,-1.366473076,-1.372528812,-1.363342574,-1.367290439,-1.364969933,-1.36560379,-1.360419291,-1.358478014,-1.35861781,-1.35262546,-1.348121801,-1.354793664,-1.353216059,-1.352446065,-1.347121026,-1.328897544,-1.332523,-1.340539994,-1.333799313,-1.328463381,-1.322216419,-1.322868333,-1.32237026,-1.319290941,-1.32280109,-1.327533492,-1.32756236,-1.317315559,-1.319191316,-1.32493809,-1.321604378,-1.333915642,-1.327626068,-1.332155969,-1.335142006,-1.334571939,-1.339877384,-1.346220543,-1.348507495,-1.353948917,-1.346031692,-1.343144514,-1.348744653,-1.34558966,-1.35028876,-1.338055411,-1.33854624,-1.334617017,-1.34743039,-1.354946801,-1.356329678,-1.361027109,-1.349291736,-1.346054603,-1.360956213,-1.37070335,-1.364422549,-1.352188069,-1.350451635,-1.357642978,-1.354070587,-1.34819885,-1.35591722,-1.366405214,-1.364546192,-1.363396205,-1.364762506,-1.360055992,-1.3533495,-1.356644142,-1.362505851,-1.358288316,-1.354107668,-1.356680976,-1.360955623,-1.370478739,-1.373784353,-1.364225606,-1.368706106,-1.367339599,-1.359818121,-1.3588989,-1.368043398,-1.364606395,-1.363637119,-1.353573396,-1.35489495,-1.35179741,-1.342108539,-1.343331312,-1.349415107,-1.351649056,-1.352883288,-1.351331567,-1.341396935,-1.351339618,-1.344392978,-1.34346241,-1.347805972,-1.346834491,-1.352991179,-1.365110595,-1.364146328,-1.363117257,-1.367797584,-1.369476432,-1.367921648,-1.367964885,-1.371290117,-1.364404483,-1.383913827,-1.383655186,-1.368836653,-1.37505009,-1.377239051,-1.369746501,-1.385227893,-1.39139494,4.1
37,-1.455002224,-1.451367053,-1.46245243,-1.449801591,-1.451691181,-1.443572807,-1.426578874,-1.43369172,-1.411188762,-1.421694422,-1.405362008,-1.407010876,-1.411945354,-1.410901456,-1.411386212,-1.405989774,-1.408688096,-1.412066933,-1.406274143,-1.408342371,-1.402407556,-1.40435468,-1.399949837,-1.399015193,-1.407593726,-1.409085132,-1.400668933,-1.39253758,-1.396176372,-1.391596414,-1.396072173,-1.396902791,-1.396069759,-1.385962919,-1.388513949,-1.3821911,-1.386184401,-1.372918093,-1.371530562,-1.372763452,-1.357937537,-1.364105466,-1.364090706,-1.365060601,-1.366755213,-1.369729861,-1.372820289,-1.370203669,-1.369220999,-1.364989724,-1.369588305,-1.365955753,-1.370668225,-1.377070763,-1.377758206,-1.374831685,-1.366645298,-1.372406705,-1.362644329,-1.366972995,-1.364839308,-1.364249418,-1.359656839,-1.357910146,-1.356305193,-1.353305818,-1.347169235,-1.353367679,-1.353059519,-1.351288479,-1.345843227,-1.326607387,-1.331556969,-1.338818187,-1.331512573,-1.324913845,-1.319492178,-1.320344269,-1.319121015,-1.316328781,-1.319520703,-1.324572336,-1.323755035,-1.313860123,-1.316929256,-1.320871571,-1.319121616,-1.331553109,-1.325861198,-1.330315372,-1.331965973,-1.332530895,-1.337748489,-1.342722978,-1.347020612,-1.351288684,-1.344844167,-1.342213948,-1.347182153,-1.344108612,-1.348677911,-1.338063151,-1.337107266,-1.333332343,-1.345074526,-1.353621171,-1.355850713,-1.360120622,-1.348651683,-1.343027691,-1.361248585,-1.369721033,-1.362573824,-1.351236942,-1.348921179,-1.356287989,-1.354117939,-1.346670979,-1.355054533,-1.365030613,-1.363335189,-1.360725527,-1.362039032,-1.358490123,-1.350276905,-1.353934804,-1.360607833,-1.355012536,-1.351212825,-1.353415186,-1.358157173,-1.366660083,-1.36951927,-1.360672988,-1.366304756,-1.364681385,-1.356434017,-1.354322832,-1.364355902,-1.359165925,-1.36014088,-1.348107897,-1.348841595,-1.345993622,-1.33568028,-1.336302774,-1.341871821,-1.344183663,-1.343832024,-1.342225017,-1.332012788,-1.342941427,-1.336474321,-1.33582153,-1.339754552,-1.338440841,-1.344911096,-1.355402721,-1.354970033,-1.356868422,-1.358926108,-1.361726944,-1.361277368,-1.359576911,-1.358897698,-1.356271962,-1.373831362,-1.37588364,-1.361890192,-1.368328986,-1.370910243,-1.363587621,-1.379116349,-1.389237813,3.8497
38,-1.433095467,-1.43363108,-1.453800834,-1.424614484,-1.432000522,-1.425313434,-1.408511844,-1.413142218,-1.404546649,-1.397765375,-1.387741222,-1.389720375,-1.391960621,-1.393321952,-1.390851862,-1.389479122,-1.390226012,-1.39237789,-1.387380655,-1.394347805,-1.381092054,-1.385104842,-1.383586183,-1.378668687,-1.391844625,-1.389315746,-1.384678704,-1.375464303,-1.378601543,-1.371216195,-1.379143298,-1.378278621,-1.378000306,-1.365353528,-1.369163789,-1.363329905,-1.368392845,-1.35629693,-1.352688963,-1.353968378,-1.341384898,-1.346156278,-1.346613991,-1.346765603,-1.348425757,-1.348871953,-1.354751564,-1.352490001,-1.350314213,-1.347517596,-1.351663144,-1.347360949,-1.352588601,-1.358707134,-1.360329993,-1.356026778,-1.347810616,-1.353235123,-1.345873134,-1.348651693,-1.345862493,-1.34671088,-1.343518387,-1.340708292,-1.340168738,-1.336589349,-1.330648712,-1.336884898,-1.336919733,-1.334571509,-1.332091284,-1.312901179,-1.318212573,-1.326665659,-1.320940017,-1.315540119,-1.309873257,-1.312526092,-1.309010989,-1.306598144,-1.311135276,-1.31476752,-1.314969121,-1.304854316,-1.307565209,-1.310173019,-1.309443838,-1.322083365,-1.315073732,-1.319854732,-1.321676827,-1.322029322,-1.326738359,-1.331044467,-1.335709985,-1.340159166,-1.333368115,-1.32901014,-1.333908451,-1.331606955,-1.335685477,-1.323478789,-1.322659593,-1.318468189,-1.331007977,-1.338797583,-1.342763448,-1.346467979,-1.334360148,-1.328867771,-1.346156114,-1.354636131,-1.347576554,-1.33570753,-1.334431109,-1.340907892,-1.338829341,-1.329219181,-1.33751809,-1.349586564,-1.347996923,-1.345162426,-1.347298634,-1.341644979,-1.335131715,-1.338157306,-1.345079124,-1.337957342,-1.33403253,-1.3364122,-1.34129954,-1.349161516,-1.353624389,-1.343628321,-1.350103349,-1.348320288,-1.339779026,-1.338756493,-1.348066039,-1.344578242,-1.346263108,-1.333729802,-1.337322028,-1.333529367,-1.323973651,-1.328759586,-1.335500759,-1.337233531,-1.336908806,-1.336719791,-1.325047481,-1.336878575,-1.328764063,-1.328909648,-1.33329376,-1.331755023,-1.335221932,-1.346973726,-1.347486207,-1.349322848,-1.350245205,-1.353833842,-1.350850452,-1.352282059,-1.351386988,-1.347023385,-1.363165689,-1.365675458,-1.353322158,-1.358982236,-1.360786013,-1.349550884,-1.369691693,-1.371265313,4.1
39,-1.44268523,-1.43976766,-1.461078492,-1.431806441,-1.441097302,-1.436731825,-1.415260777,-1.426465446,-1.410097761,-1.403449569,-1.392633996,-1.397273556,-1.403775074,-1.398207687,-1.398232812,-1.396014268,-1.398786638,-1.400810473,-1.395540707,-1.4023633,-1.38904193,-1.393571695,-1.393069359,-1.390029252,-1.399115129,-1.398442647,-1.392939607,-1.3866545,-1.388300887,-1.382664595,-1.389661231,-1.388616267,-1.387665639,-1.376997003,-1.378649921,-1.376011891,-1.378943028,-1.368681696,-1.363357699,-1.366469543,-1.352544492,-1.358900806,-1.359696334,-1.360020429,-1.361971109,-1.362861372,-1.367041832,-1.367153002,-1.363050909,-1.360510756,-1.363385984,-1.3606434,-1.366479301,-1.372766484,-1.373708816,-1.369576902,-1.362868755,-1.369297525,-1.3603453,-1.363796581,-1.361140162,-1.362522642,-1.359280625,-1.357848003,-1.358296607,-1.354230743,-1.346958168,-1.354640365,-1.354374986,-1.354431762,-1.349741704,-1.331379917,-1.337456017,-1.347640818,-1.339093052,-1.334721467,-1.328618808,-1.331596052,-1.329458898,-1.327430709,-1.331152508,-1.336408754,-1.335201588,-1.324740655,-1.327499167,-1.330916939,-1.330418766,-1.343241359,-1.337002958,-1.341164495,-1.342263081,-1.342622451,-1.34552962,-1.351981141,-1.356055685,-1.360276439,-1.354251984,-1.350481174,-1.354794658,-1.352341594,-1.35615546,-1.345396462,-1.343790734,-1.341842255,-1.353844456,-1.360322566,-1.362915267,-1.366767164,-1.35501207,-1.350445548,-1.366724604,-1.376345891,-1.369974258,-1.359145372,-1.357698432,-1.365094181,-1.361211371,-1.353187223,-1.362888367,-1.373501639,-1.371972435,-1.370162209,-1.371114765,-1.365469389,-1.359078881,-1.363188648,-1.369100102,-1.365838301,-1.35988031,-1.362096336,-1.36823011,-1.377468298,-1.381000909,-1.372131983,-1.375193221,-1.37255482,-1.364366357,-1.364698724,-1.373278908,-1.370040124,-1.370613174,-1.36092062,-1.362480616,-1.358696086,-1.350813112,-1.353157049,-1.361753961,-1.363096061,-1.362289144,-1.363172989,-1.352326129,-1.363314179,-1.355480936,-1.354646932,-1.357753506,-1.356469085,-1.36202253,-1.373309182,-1.373294935,-1.37545371,-1.377052577,-1.379538115,-1.374611172,-1.375901954,-1.373324613,-1.370641743,-1.385235149,-1.385869157,-1.373478906,-1.381772924,-1.381423317,-1.371538621,-1.390737505,-1.391751147,3.9497
40,-1.502217005,-1.496187324,-1.516307161,-1.490328346,-1.500899149,-1.492585312,-1.47597618,-1.48323524,-1.471477467,-1.471602305,-1.457836793,-1.463420428,-1.466019756,-1.467071284,-1.465644166,-1.461957034,-1.462670198,-1.466566676,-1.46333341,-1.466690133,-1.458459634,-1.463815278,-1.459243041,-1.459439206,-1.46860843,-1.467676415,-1.460425332,-1.454912866,-1.458980725,-1.454161235,-1.458438852,-1.460456854,-1.457910245,-1.449278662,-1.452658068,-1.44871429,-1.452114111,-1.444167938,-1.44045543,-1.439998192,-1.428490489,-1.434638904,-1.434672041,-1.435632191,-1.439410151,-1.439924082,-1.44400509,-1.443222739,-1.440148536,-1.436892238,-1.441386086,-1.438089374,-1.444085229,-1.450459726,-1.451792696,-1.447462378,-1.441840845,-1.447075648,-1.439679912,-1.442762767,-1.441252372,-1.441883036,-1.44029094,-1.438707005,-1.437530057,-1.436007172,-1.43069527,-1.437350037,-1.436623408,-1.438100675,-1.434597821,-1.416125594,-1.420343525,-1.43202058,-1.424322772,-1.420842598,-1.414174294,-1.416345026,-1.413665106,-1.41142873,-1.41795252,-1.421451672,-1.420859611,-1.41091982,-1.414063241,-1.417739588,-1.416911248,-1.427914453,-1.423203479,-1.426580671,-1.42866674,-1.429957756,-1.434124134,-1.440349822,-1.442879077,-1.445005215,-1.440937975,-1.436397037,-1.441001894,-1.440992254,-1.444048026,-1.432972803,-1.429898923,-1.42923504,-1.440773559,-1.447746404,-1.451408799,-1.453347374,-1.442981588,-1.43817526,-1.454674544,-1.464091412,-1.456582998,-1.446568405,-1.445190695,-1.451580046,-1.448606942,-1.440855463,-1.450769195,-1.460538158,-1.459102829,-1.45723192,-1.458352145,-1.453871953,-1.448208175,-1.452211531,-1.457805331,-1.454767624,-1.447768379,-1.450964248,-1.455861197,-1.464025435,-1.467134529,-1.458045197,-1.463615977,-1.461881409,-1.454544383,-1.454723294,-1.461548483,-1.459017854,-1.45957584,-1.451401422,-1.450465621,-1.447758519,-1.439315315,-1.441449655,-1.449806913,-1.452001983,-1.451300549,-1.448569898,-1.441915785,-1.451537826,-1.443588507,-1.442947233,-1.445228844,-1.446868338,-1.453227702,-1.463306583,-1.462391076,-1.4624415,-1.467286069,-1.466948925,-1.465333126,-1.466045412,-1.464514396,-1.462078704,-1.471731274,-1.472128658,-1.464517473,-1.46920392,-1.467838301,-1.461768442,-1.472579252,-1.477276593,4
41,-1.511184588,-1.510423765,-1.520166842,-1.496271119,-1.511722884,-1.501135307,-1.485893401,-1.497030215,-1.478489447,-1.486287718,-1.472794694,-1.476043512,-1.478033014,-1.479076181,-1.478923976,-1.47505181,-1.476477811,-1.478256502,-1.477927384,-1.480578706,-1.471511599,-1.476261591,-1.472900884,-1.475892614,-1.482634104,-1.48165751,-1.474566692,-1.469931401,-1.473389,-1.469024957,-1.476446176,-1.476903475,-1.475013925,-1.464700514,-1.470028008,-1.465066888,-1.468597833,-1.457327089,-1.455899341,-1.455357398,-1.446024183,-1.451204586,-1.451266519,-1.451938208,-1.4557906,-1.456090852,-1.459586617,-1.457817922,-1.454702881,-1.454051724,-1.459091798,-1.455291297,-1.461487673,-1.467945363,-1.468538489,-1.465229529,-1.459590264,-1.463692831,-1.457568753,-1.459826562,-1.459714724,-1.457833763,-1.457480305,-1.456588175,-1.455663853,-1.453324106,-1.447452545,-1.457233791,-1.454633317,-1.456151796,-1.450615369,-1.435165213,-1.438813857,-1.44936969,-1.442700723,-1.440857416,-1.432543101,-1.436725342,-1.435133885,-1.428735217,-1.436884431,-1.440886529,-1.439927474,-1.43268683,-1.4355688,-1.436678905,-1.437497644,-1.447999968,-1.44376636,-1.447307391,-1.449392428,-1.449873666,-1.454841364,-1.458986703,-1.463167315,-1.466424823,-1.461664037,-1.457222284,-1.46104257,-1.461217528,-1.464465286,-1.453356842,-1.450982415,-1.448188609,-1.460010653,-1.46802576,-1.471203148,-1.473912517,-1.462373399,-1.459723021,-1.47460424,-1.484291933,-1.477526954,-1.465442047,-1.464463387,-1.470979317,-1.466858571,-1.459319558,-1.469165559,-1.479977485,-1.478669692,-1.478348227,-1.478179396,-1.47434154,-1.467866584,-1.470670824,-1.476882235,-1.473979422,-1.466836239,-1.47101796,-1.475172767,-1.483678437,-1.488104885,-1.479068024,-1.483713822,-1.48203452,-1.474893559,-1.475092149,-1.48055882,-1.478135505,-1.478832141,-1.470191993,-1.471692249,-1.467064452,-1.460936147,-1.462018703,-1.468607063,-1.472822042,-1.471641776,-1.46859773,-1.461988951,-1.470936874,-1.465035118,-1.465054525,-1.466116563,-1.467432731,-1.471210152,-1.482921162,-1.482622292,-1.48295225,-1.485285273,-1.486904891,-1.484394672,-1.487551924,-1.48490975,-1.482202056,-1.493070254,-1.494618155,-1.484534842,-1.488542675,-1.487529408,-1.478529024,-1.490896064,-1.496682573,3.6
42,-1.379432527,-1.385059898,-1.374479855,-1.377355508,-1.374830223,-1.376983636,-1.374000845,-1.383392136,-1.372910021,-1.36423082,-1.375035804,-1.367804331,-1.365630354,-1.375442157,-1.372076368,-1.378696663,-1.37229688,-1.375756657,-1.379820503,-1.379654921,-1.382937473,-1.378608704,-1.382628765,-1.377909747,-1.381512486,-1.37860938,-1.376617057,-1.372144891,-1.375867337,-1.373003825,-1.374817297,-1.372641579,-1.374602769,-1.361950934,-1.362640148,-1.352837972,-1.354295174,-1.354062063,-1.350778607,-1.346904066,-1.342884967,-1.347857736,-1.347962066,-1.348612852,-1.345665538,-1.351757506,-1.352650794,-1.350831715,-1.352648602,-1.345429765,-1.352959713,-1.34739608,-1.346909712,-1.348549018,-1.350929649,-1.350612009,-1.347627881,-1.346894858,-1.340552714,-1.342776793,-1.341396101,-1.34374432,-1.345984051,-1.343333212,-1.341350944,-1.339532611,-1.336218234,-1.334431312,-1.335320986,-1.331139986,-1.326779171,-1.323604937,-1.316466109,-1.31664855,-1.319540567,-1.318633062,-1.3148793,-1.31519356,-1.311834305,-1.315893329,-1.310259797,-1.308903354,-1.308249428,-1.301781791,-1.307284298,-1.308425501,-1.311392649,-1.312349513,-1.313385833,-1.316675717,-1.31444902,-1.316369751,-1.31567002,-1.319036624,-1.316957441,-1.312959146,-1.31522823,-1.317710874,-1.31973027,-1.324382613,-1.32889607,-1.322408074,-1.322690178,-1.325069689,-1.323305729,-1.320814215,-1.320181969,-1.326429126,-1.329097802,-1.328434432,-1.334795699,-1.333433195,-1.329622487,-1.332462774,-1.329266525,-1.330573684,-1.328572468,-1.32915968,-1.331236609,-1.335247538,-1.339599001,-1.338638857,-1.333271693,-1.335059772,-1.33136397,-1.335300572,-1.335075871,-1.336372892,-1.340537121,-1.336959883,-1.334261981,-1.335065631,-1.334429665,-1.335921875,-1.32948233,-1.322390681,-1.329036058,-1.322809846,-1.331669361,-1.333103419,-1.336959099,-1.335080343,-1.329421731,-1.317269927,-1.313435099,-1.311215279,-1.310569922,-1.313240486,-1.308090222,-1.30494957,-1.302524253,-1.304883019,-1.308761882,-1.308138184,-1.306414277,-1.306293991,-1.315322183,-1.3168023,-1.317629863,-1.316839934,-1.323838673,-1.324729777,-1.333383011,-1.328544129,-1.333396908,-1.333090439,-1.330920538,-1.332814102,-1.338042584,-1.345230325,-1.339738565,-1.338323824,-1.334509561,-1.338772929,4.0988
43,-1.392144214,-1.399533884,-1.38839778,-1.387824276,-1.383404383,-1.393512864,-1.380975549,-1.39154419,-1.379911375,-1.371011162,-1.382767409,-1.377708408,-1.375501288,-1.386647791,-1.379192591,-1.382523692,-1.381807678,-1.378381099,-1.389424075,-1.387464501,-1.385945658,-1.387210344,-1.391960605,-1.387227219,-1.388427858,-1.388943556,-1.382550094,-1.381428945,-1.3868849,-1.382589514,-1.385601341,-1.382409161,-1.380212648,-1.373784523,-1.370648708,-1.362030195,-1.363958539,-1.36477133,-1.3613855,-1.358041337,-1.351510689,-1.356885025,-1.355754865,-1.358795857,-1.354632379,-1.359458542,-1.360981699,-1.359204575,-1.360111565,-1.354708932,-1.361287106,-1.356330793,-1.355808752,-1.357924826,-1.361424757,-1.36056223,-1.354898706,-1.355142698,-1.349256418,-1.350832545,-1.350240158,-1.349899676,-1.351980141,-1.349201614,-1.350313167,-1.346563389,-1.342772663,-1.339727458,-1.340912441,-1.336257504,-1.330438132,-1.324920738,-1.318970191,-1.317159763,-1.31744505,-1.316923266,-1.312835908,-1.313866286,-1.311810866,-1.314303545,-1.310546086,-1.307738407,-1.306560498,-1.301629129,-1.30768705,-1.308851896,-1.310242463,-1.313078974,-1.312942533,-1.317287775,-1.31593183,-1.319112756,-1.319011039,-1.321893944,-1.31971685,-1.315899331,-1.318857666,-1.322074651,-1.324831663,-1.329408463,-1.333682813,-1.326654133,-1.327464614,-1.33080706,-1.329088097,-1.327881621,-1.326378064,-1.33296456,-1.336916805,-1.33682547,-1.34240368,-1.340176333,-1.336707903,-1.340722688,-1.337243984,-1.337224476,-1.334518245,-1.335603629,-1.337941953,-1.342504402,-1.347207284,-1.342949963,-1.3396661,-1.340886588,-1.336844234,-1.34002267,-1.339556285,-1.341509602,-1.345303681,-1.342387621,-1.33986997,-1.340182595,-1.341170878,-1.341561455,-1.333953072,-1.328878685,-1.334229305,-1.328676615,-1.338035046,-1.338349803,-1.343912679,-1.337976534,-1.333804773,-1.319406731,-1.314656083,-1.312530292,-1.30945854,-1.309557289,-1.309370194,-1.305342578,-1.302455839,-1.303164929,-1.307274838,-1.307087995,-1.305309295,-1.30348625,-1.311772908,-1.314519906,-1.316473252,-1.316166661,-1.322428016,-1.325357328,-1.332830229,-1.328771071,-1.332027721,-1.333390378,-1.329737571,-1.331300847,-1.335100595,-1.344273686,-1.337806427,-1.337941209,-1.33750436,-1.341396514,4.1988
44,-1.328455093,-1.291216974,-1.296395809,-1.305555181,-1.290891072,-1.290639607,-1.281783326,-1.294809465,-1.288443782,-1.27006407,-1.273165914,-1.275266241,-1.269564578,-1.287380531,-1.281993427,-1.282107756,-1.284313949,-1.276943165,-1.269494793,-1.281887345,-1.292872591,-1.295107672,-1.285131076,-1.287925329,-1.285811609,-1.285490579,-1.283081228,-1.280875262,-1.285464272,-1.278081927,-1.285334132,-1.281647444,-1.280925732,-1.27545694,-1.273071742,-1.26815307,-1.263515771,-1.259076685,-1.253870507,-1.25337849,-1.252549292,-1.254333045,-1.256341629,-1.254168177,-1.246702977,-1.25479792,-1.258025849,-1.259619564,-1.258183532,-1.250566143,-1.254490568,-1.25441626,-1.255812006,-1.255487695,-1.249356613,-1.260626583,-1.258584645,-1.256210494,-1.248357646,-1.246281595,-1.248590518,-1.245658188,-1.237578846,-1.241986538,-1.233301592,-1.235472802,-1.237738352,-1.235860236,-1.236175694,-1.233053013,-1.221222923,-1.212928659,-1.212729328,-1.216738399,-1.221533101,-1.20908371,-1.209877459,-1.201702771,-1.203361309,-1.207970692,-1.214679782,-1.211987109,-1.208660093,-1.205103294,-1.20734634,-1.213994378,-1.220097988,-1.219871943,-1.220344137,-1.219722228,-1.220643017,-1.223897798,-1.224972884,-1.230181451,-1.232631633,-1.234531907,-1.23521664,-1.238072448,-1.238830266,-1.231403879,-1.231729301,-1.228839525,-1.239829087,-1.239491586,-1.242934357,-1.242539919,-1.243850542,-1.245580448,-1.248775838,-1.246256285,-1.250286508,-1.25156789,-1.254389422,-1.252294795,-1.260612692,-1.259909487,-1.254689531,-1.249565,-1.250788719,-1.248872071,-1.244679915,-1.242715137,-1.241621649,-1.243366362,-1.250758336,-1.249981567,-1.250240732,-1.245702905,-1.244016422,-1.248873288,-1.255220635,-1.262048882,-1.256994517,-1.243534585,-1.237852817,-1.235679277,-1.241270057,-1.242424151,-1.244377969,-1.245484026,-1.241600032,-1.243967045,-1.241280132,-1.238470337,-1.230004506,-1.223237375,-1.224813062,-1.225968702,-1.232022597,-1.228850407,-1.223392142,-1.220456158,-1.22226947,-1.217897125,-1.222736332,-1.228445823,-1.237354476,-1.239666725,-1.251854728,-1.246327944,-1.255488774,-1.254323983,-1.246224085,-1.236043304,-1.234947102,-1.234937543,-1.220967296,-1.22484505,-1.234845617,-1.238056281,-1.245682314,-1.244149369,-1.25197419,-1.254497166,4.2988
45,-1.380515349,-1.356410401,-1.359295255,-1.371144578,-1.357781833,-1.348282472,-1.347843924,-1.354986709,-1.346403746,-1.337107071,-1.337262689,-1.341389198,-1.336946258,-1.344427077,-1.34307912,-1.343519377,-1.342604765,-1.338396473,-1.333876357,-1.343960011,-1.352879872,-1.353001643,-1.348785184,-1.346877276,-1.346277943,-1.345785494,-1.349578225,-1.34208879,-1.349002098,-1.340355376,-1.34548085,-1.34273061,-1.342292034,-1.338147491,-1.336176014,-1.33102217,-1.327746318,-1.323424392,-1.318229452,-1.318010345,-1.313346778,-1.317657986,-1.318092243,-1.318621211,-1.309452578,-1.318390243,-1.322050289,-1.322094682,-1.324521667,-1.314922797,-1.317673908,-1.316545946,-1.317686234,-1.318219568,-1.314532031,-1.323436012,-1.322137129,-1.317323618,-1.31028699,-1.306638955,-1.310197482,-1.306697721,-1.29931169,-1.302734154,-1.294536282,-1.296872739,-1.299101169,-1.296302819,-1.297601993,-1.293995634,-1.281267016,-1.271998949,-1.271973845,-1.275510834,-1.279015994,-1.268956593,-1.26809729,-1.26122772,-1.262821965,-1.267225158,-1.273855402,-1.268957478,-1.266882131,-1.263509604,-1.266214281,-1.273010644,-1.279045774,-1.279895993,-1.278528981,-1.279725361,-1.279214588,-1.283688643,-1.283041621,-1.288502561,-1.290797285,-1.293779951,-1.294877876,-1.297274271,-1.296969578,-1.29075221,-1.289690578,-1.288536594,-1.299374518,-1.298458706,-1.302268315,-1.300905028,-1.303819077,-1.304634799,-1.308486366,-1.305810663,-1.309936066,-1.312287691,-1.313557716,-1.310727255,-1.317188758,-1.317265445,-1.314085338,-1.308086229,-1.3084504,-1.307489791,-1.303784687,-1.300575117,-1.300216044,-1.29948022,-1.307250989,-1.307137201,-1.306474899,-1.303105609,-1.299397328,-1.305970347,-1.314254151,-1.318976728,-1.313221103,-1.301631452,-1.295536091,-1.29286287,-1.299224891,-1.301559126,-1.302789209,-1.302789055,-1.299677664,-1.300900256,-1.299031298,-1.295217349,-1.288736492,-1.279208019,-1.280943593,-1.282078093,-1.287521303,-1.28224152,-1.27868095,-1.276359452,-1.27784792,-1.27183294,-1.278454424,-1.283989569,-1.292224386,-1.29673972,-1.303686285,-1.301486538,-1.309899375,-1.308943713,-1.301830007,-1.291263859,-1.288300179,-1.290011137,-1.279418265,-1.283654331,-1.290329871,-1.295056041,-1.30204675,-1.300588993,-1.308530325,-1.312223012,4.1497
46,-1.343705131,-1.317628766,-1.32391704,-1.335702097,-1.317191122,-1.311369768,-1.312457195,-1.321593878,-1.302114728,-1.297702261,-1.295297597,-1.305341763,-1.294078364,-1.307263857,-1.303458734,-1.305515175,-1.30454903,-1.292477786,-1.293955239,-1.303143211,-1.316698548,-1.313535339,-1.310583216,-1.307947916,-1.306303135,-1.306105898,-1.309026557,-1.304467265,-1.309188441,-1.2985104,-1.304964506,-1.298811095,-1.300642199,-1.294954649,-1.290420195,-1.286691789,-1.281132135,-1.275565843,-1.273265721,-1.270101934,-1.265336481,-1.268686247,-1.272550899,-1.270492874,-1.261747283,-1.270398321,-1.274357474,-1.276374636,-1.277979774,-1.267146521,-1.270877589,-1.268141738,-1.271054879,-1.272902508,-1.265556647,-1.274948371,-1.275966625,-1.270982416,-1.262345732,-1.258118694,-1.26286006,-1.259621282,-1.252229301,-1.254698572,-1.242655414,-1.245122919,-1.248667315,-1.244619689,-1.244423717,-1.240090398,-1.226150256,-1.215515306,-1.213023216,-1.215760513,-1.219365417,-1.208003114,-1.205639197,-1.197032006,-1.199851185,-1.205824369,-1.211637194,-1.207809069,-1.204054322,-1.200647146,-1.201887977,-1.210051373,-1.217308676,-1.21855684,-1.21745327,-1.218476103,-1.219527769,-1.222730366,-1.222857817,-1.22939636,-1.23172724,-1.23472382,-1.236280593,-1.238187298,-1.239233515,-1.234292757,-1.233120885,-1.230775068,-1.240792807,-1.241452986,-1.245323181,-1.243567563,-1.247770959,-1.248201516,-1.251773771,-1.248949356,-1.255412129,-1.25528569,-1.25622258,-1.253658168,-1.261457014,-1.263558671,-1.25737874,-1.251228785,-1.253028177,-1.249931458,-1.245857908,-1.244322863,-1.241843555,-1.242410053,-1.249227494,-1.249444876,-1.249355592,-1.246548524,-1.242004489,-1.24690298,-1.256582702,-1.261148963,-1.255225256,-1.243296473,-1.237233261,-1.233513141,-1.241781359,-1.243256802,-1.24430946,-1.242649513,-1.239369987,-1.240640049,-1.237128717,-1.231269182,-1.223535652,-1.215104382,-1.216190628,-1.214247225,-1.221783974,-1.21657967,-1.213235377,-1.208857495,-1.214069916,-1.207916284,-1.213232782,-1.219241454,-1.229284679,-1.231848352,-1.241861419,-1.236572184,-1.247598008,-1.246054967,-1.235484188,-1.229465414,-1.223982091,-1.227399102,-1.212447016,-1.218172511,-1.229499259,-1.231379524,-1.242536558,-1.242045981,-1.250005748,-1.251715269,4.4989
47,-1.270077285,-1.294865139,-1.254733775,-1.263005791,-1.261320908,-1.265544133,-1.240704232,-1.247027017,-1.254884798,-1.233710057,-1.246205418,-1.249518219,-1.246153924,-1.237987557,-1.259826888,-1.246164711,-1.245276763,-1.246798586,-1.251132621,-1.248252214,-1.248858618,-1.25206281,-1.250196418,-1.260629541,-1.255373315,-1.247669046,-1.240753336,-1.247797506,-1.248579631,-1.255995388,-1.246769198,-1.244697176,-1.242735068,-1.242774745,-1.232037339,-1.233132238,-1.228998999,-1.22520959,-1.222529966,-1.226159183,-1.221504334,-1.221625034,-1.223989245,-1.219390312,-1.229933093,-1.225158691,-1.225547684,-1.230711754,-1.220367185,-1.232365621,-1.222757573,-1.227015392,-1.224919589,-1.223449986,-1.22218697,-1.22540987,-1.219108678,-1.213927405,-1.219798878,-1.226671502,-1.223437218,-1.21321268,-1.208419998,-1.212824542,-1.210227411,-1.20881841,-1.209190882,-1.21074472,-1.210042816,-1.21098992,-1.205082446,-1.200061019,-1.198835226,-1.195626667,-1.199080493,-1.193343068,-1.188052587,-1.193105782,-1.197293284,-1.19323896,-1.199465814,-1.196048396,-1.196162287,-1.194627023,-1.203067353,-1.199617541,-1.200627956,-1.196676309,-1.201089965,-1.197948424,-1.196384738,-1.20336032,-1.198626754,-1.203275533,-1.207054771,-1.206394651,-1.212823936,-1.212064536,-1.209550947,-1.206151919,-1.211748301,-1.209615483,-1.212962214,-1.21767214,-1.223667204,-1.217258015,-1.215160703,-1.216519129,-1.216917341,-1.227002413,-1.220590948,-1.217743474,-1.217699066,-1.218027647,-1.221519441,-1.217988826,-1.219736925,-1.220291256,-1.218685578,-1.224617358,-1.228324753,-1.226946148,-1.23050432,-1.23135346,-1.227802261,-1.226194328,-1.222155825,-1.227147582,-1.230030484,-1.234281937,-1.239328482,-1.237166885,-1.229628565,-1.229239885,-1.223494134,-1.228231755,-1.236691046,-1.237903152,-1.22810191,-1.230652903,-1.224346569,-1.221760666,-1.226238655,-1.216855112,-1.21222338,-1.208773951,-1.205457224,-1.210474322,-1.205207907,-1.202540966,-1.211808033,-1.205766662,-1.20199926,-1.206923343,-1.202937036,-1.207808259,-1.211070699,-1.213138468,-1.210106996,-1.218308318,-1.215125488,-1.214079415,-1.205207986,-1.210676494,-1.217866992,-1.224555682,-1.235831241,-1.248272515,-1.224378537,-1.21734598,-1.231151714,-1.227208838,-1.235229498,-1.240485136,3.6497
48,-1.282902852,-1.305184446,-1.255000063,-1.278071798,-1.275994972,-1.274494165,-1.239575106,-1.2654832,-1.255632764,-1.242313501,-1.244337247,-1.254689552,-1.251870789,-1.244902676,-1.265708035,-1.257535088,-1.247974467,-1.255238126,-1.258475583,-1.254337653,-1.257401005,-1.257991946,-1.254559409,-1.264106245,-1.261369706,-1.254056509,-1.243847009,-1.256684381,-1.25723016,-1.264366882,-1.255289866,-1.253741049,-1.247088149,-1.249719244,-1.233137568,-1.239217896,-1.240193615,-1.233285396,-1.231718778,-1.234752528,-1.232171029,-1.233501532,-1.233387956,-1.231154271,-1.239033559,-1.238167859,-1.234236527,-1.241380943,-1.22497959,-1.240933534,-1.233605449,-1.236797299,-1.233202668,-1.234438775,-1.230282456,-1.238209566,-1.230405389,-1.222924206,-1.230637791,-1.236865481,-1.234569162,-1.224400861,-1.22078783,-1.225532549,-1.216055804,-1.220925053,-1.22164931,-1.224019945,-1.222409906,-1.224026336,-1.219479641,-1.21458185,-1.215009144,-1.213688005,-1.217142241,-1.212068854,-1.209173293,-1.21349245,-1.217985271,-1.213853558,-1.221203371,-1.216580507,-1.215842203,-1.215617593,-1.225105116,-1.21999905,-1.22144025,-1.217029554,-1.220406632,-1.216851023,-1.217744346,-1.223536107,-1.218582435,-1.22248591,-1.22613029,-1.226573303,-1.230858266,-1.231143066,-1.226204387,-1.225584091,-1.228333451,-1.226794856,-1.229522091,-1.23686191,-1.239168705,-1.233618556,-1.231960557,-1.232437012,-1.234318915,-1.242264864,-1.23795971,-1.2353066,-1.234133735,-1.235329196,-1.239239277,-1.234668031,-1.236628292,-1.236877846,-1.235449095,-1.239069185,-1.24534371,-1.244135087,-1.249482794,-1.250479361,-1.246047745,-1.244905232,-1.23928595,-1.246188927,-1.248320033,-1.254446957,-1.25819378,-1.256010611,-1.249380627,-1.247882968,-1.244307708,-1.24840212,-1.256069868,-1.259219892,-1.248710853,-1.253935743,-1.244320753,-1.244718692,-1.249229938,-1.242901734,-1.236346564,-1.236030908,-1.233197,-1.236323497,-1.233247518,-1.231633454,-1.238736716,-1.233376651,-1.228760636,-1.234839525,-1.230682922,-1.235640804,-1.241671732,-1.239416198,-1.239486599,-1.245412522,-1.244344898,-1.241062289,-1.233529426,-1.237834055,-1.246250506,-1.249846685,-1.253333678,-1.267834008,-1.25186109,-1.244580035,-1.257400085,-1.249528861,-1.256947089,-1.26904286,3.5
49,-1.326941521,-1.361404851,-1.308693439,-1.330249465,-1.32249878,-1.322315637,-1.293384762,-1.302389931,-1.306429018,-1.290275574,-1.297135934,-1.301790665,-1.298351079,-1.293748551,-1.309746713,-1.295251738,-1.295073757,-1.30169117,-1.299089355,-1.297395296,-1.30041898,-1.298750101,-1.295900428,-1.306474494,-1.300458471,-1.292583139,-1.286361489,-1.297435846,-1.295259312,-1.30101256,-1.295894786,-1.291122427,-1.28638902,-1.286534969,-1.272740766,-1.27849766,-1.274851188,-1.268620841,-1.267681896,-1.269604223,-1.2671209,-1.269150828,-1.267905469,-1.266320774,-1.2724263,-1.270561443,-1.270579259,-1.27306391,-1.260487821,-1.274115665,-1.269112159,-1.267169964,-1.266970456,-1.26874353,-1.259412617,-1.269467274,-1.26223942,-1.258010057,-1.262630398,-1.270243052,-1.26549075,-1.253204718,-1.249694975,-1.25430513,-1.250733485,-1.247320417,-1.247745002,-1.251150709,-1.247007673,-1.248180306,-1.241531907,-1.238315143,-1.234522767,-1.234965185,-1.235681175,-1.232563219,-1.228064038,-1.232401154,-1.238034539,-1.233758046,-1.239115447,-1.233979054,-1.235911307,-1.235200803,-1.243022267,-1.239271605,-1.239330941,-1.236019813,-1.237787169,-1.234049067,-1.236463635,-1.241912484,-1.236821764,-1.241446995,-1.244943514,-1.24507274,-1.252005682,-1.251517101,-1.247688033,-1.246848418,-1.249970301,-1.248767596,-1.253081449,-1.258271257,-1.262412272,-1.254551875,-1.251845514,-1.253935246,-1.254017347,-1.263865561,-1.259260598,-1.257051959,-1.254978385,-1.257106777,-1.257395639,-1.255556601,-1.257045622,-1.256496003,-1.253652951,-1.260733634,-1.266066106,-1.263142075,-1.267510691,-1.267664456,-1.265246743,-1.263487927,-1.258647809,-1.264745645,-1.264416771,-1.271747854,-1.275937304,-1.272599853,-1.267452156,-1.267008746,-1.262783562,-1.266606447,-1.271329744,-1.275347562,-1.265075722,-1.268770522,-1.262305162,-1.260222968,-1.266200748,-1.254558477,-1.250075147,-1.253708265,-1.247005106,-1.255041537,-1.249477885,-1.24892272,-1.255175812,-1.248400727,-1.244387916,-1.250649986,-1.24953145,-1.250704951,-1.257147646,-1.256263444,-1.255961832,-1.261409687,-1.258341794,-1.256261862,-1.248654306,-1.252281946,-1.260196755,-1.267989474,-1.271523241,-1.282987909,-1.269507244,-1.261470735,-1.27294567,-1.268437745,-1.278365868,-1.291020554,4.3
50,-1.317588705,-1.350206724,-1.298899456,-1.320003185,-1.311436364,-1.298188489,-1.285418631,-1.296863268,-1.290470326,-1.275918509,-1.285774427,-1.28329444,-1.283540717,-1.281272686,-1.290250518,-1.280411479,-1.281134782,-1.28698077,-1.286845128,-1.28233667,-1.279678346,-1.282859518,-1.279887288,-1.290085016,-1.288838131,-1.277981965,-1.271576972,-1.281112584,-1.28077597,-1.291158477,-1.277009301,-1.277630549,-1.271875271,-1.26972147,-1.257219194,-1.260650477,-1.259183265,-1.253239516,-1.252064574,-1.254811838,-1.251841548,-1.251224412,-1.248793702,-1.248739986,-1.257145514,-1.254275096,-1.250703608,-1.258442663,-1.243536799,-1.259138679,-1.251395452,-1.251542204,-1.248933944,-1.250975783,-1.244872174,-1.249503147,-1.24650895,-1.239093119,-1.245115302,-1.251575328,-1.24816931,-1.237715573,-1.232206641,-1.237371522,-1.231892517,-1.230350105,-1.229745896,-1.234581931,-1.230686986,-1.232705833,-1.225803574,-1.222567339,-1.220119391,-1.222123512,-1.223874065,-1.219061312,-1.215045198,-1.218462544,-1.224734603,-1.219585846,-1.224049894,-1.220508892,-1.221481168,-1.22022428,-1.229726203,-1.225564285,-1.225187575,-1.223163918,-1.224864083,-1.221330898,-1.223131481,-1.227586956,-1.223921157,-1.228696946,-1.229742602,-1.23010769,-1.235503964,-1.237829501,-1.232322306,-1.230610159,-1.233353067,-1.233683439,-1.236581347,-1.244325538,-1.244895816,-1.238798483,-1.237465835,-1.238472107,-1.237837276,-1.248183868,-1.242815345,-1.242377599,-1.239011674,-1.240374319,-1.241191435,-1.240526897,-1.239923369,-1.240093242,-1.237936679,-1.243568304,-1.249610534,-1.245962908,-1.251098905,-1.252019441,-1.250043886,-1.247386772,-1.242176024,-1.250306133,-1.249310024,-1.253431667,-1.260082754,-1.256994765,-1.251145894,-1.249505297,-1.245048788,-1.24850055,-1.256900298,-1.258817627,-1.247496602,-1.25156277,-1.245168962,-1.243713771,-1.251627869,-1.237498666,-1.233786669,-1.23572876,-1.2330732,-1.237032361,-1.23216995,-1.229976988,-1.239076095,-1.231556741,-1.227087349,-1.233933446,-1.229127599,-1.233565218,-1.236964384,-1.236654726,-1.238330284,-1.240217793,-1.241196936,-1.236459935,-1.232773778,-1.236917791,-1.244251062,-1.249521416,-1.253226667,-1.270839252,-1.25229957,-1.246946945,-1.255129618,-1.255043525,-1.262648268,-1.273089456,4.0497
51,-1.29324824,-1.296462588,-1.290744955,-1.287658772,-1.296155702,-1.296433087,-1.289757665,-1.2906248,-1.282090064,-1.285366126,-1.278763906,-1.282968179,-1.289187812,-1.274937581,-1.285114905,-1.288035159,-1.285004511,-1.290439436,-1.290228192,-1.287504057,-1.288355075,-1.288986956,-1.290572087,-1.291727214,-1.292715472,-1.289161523,-1.291404808,-1.291801598,-1.292871947,-1.288078256,-1.289348617,-1.287102317,-1.286888867,-1.284185361,-1.2807438,-1.272748523,-1.273329875,-1.268523744,-1.273143831,-1.263293533,-1.267902415,-1.275219026,-1.267199679,-1.268786688,-1.263548204,-1.264409513,-1.264382469,-1.267770746,-1.273271498,-1.269197994,-1.272865544,-1.272138808,-1.277588109,-1.272480556,-1.275810487,-1.271904558,-1.269063538,-1.273392721,-1.270469437,-1.272563732,-1.267484494,-1.26685418,-1.267429306,-1.264000215,-1.259935992,-1.260016209,-1.258482138,-1.264302219,-1.262927925,-1.260365556,-1.255101578,-1.250292591,-1.252402917,-1.254085851,-1.248421915,-1.246920077,-1.254316399,-1.249758764,-1.245314876,-1.246051675,-1.250017599,-1.248070303,-1.247148413,-1.246728275,-1.244246652,-1.245399111,-1.248096587,-1.25435441,-1.252354435,-1.253460292,-1.250332581,-1.249796638,-1.248618611,-1.255391693,-1.258640424,-1.256776113,-1.266179342,-1.264887027,-1.262647249,-1.264472852,-1.271041663,-1.26784735,-1.267672536,-1.269325196,-1.270531905,-1.273562843,-1.276757566,-1.273808536,-1.272433617,-1.273933801,-1.276902222,-1.275351667,-1.281844672,-1.280421783,-1.27330274,-1.267839837,-1.270917213,-1.268934416,-1.267452972,-1.26568719,-1.262045195,-1.266381971,-1.279411818,-1.283267442,-1.285063801,-1.280181809,-1.273629099,-1.268925523,-1.27517707,-1.272644702,-1.276289988,-1.283523775,-1.285292868,-1.277827039,-1.278445671,-1.277658236,-1.275415616,-1.277243649,-1.28066321,-1.282150749,-1.279578695,-1.277520846,-1.27270022,-1.26976596,-1.260719545,-1.261410313,-1.267979838,-1.263911072,-1.2713681,-1.275481541,-1.275820993,-1.281388997,-1.274738752,-1.273796873,-1.275669684,-1.26943048,-1.272924259,-1.267367811,-1.269518014,-1.270715965,-1.27139041,-1.281072346,-1.284916998,-1.280884522,-1.282605232,-1.283553109,-1.283814807,-1.280808286,-1.284271519,-1.289467467,-1.291271263,-1.287444231,-1.295384378,-1.291787216,4.3
52,-1.258504736,-1.269753881,-1.251264799,-1.252972457,-1.272538882,-1.261808878,-1.258306124,-1.243460892,-1.248246499,-1.250787443,-1.246975539,-1.246829498,-1.252583749,-1.242742009,-1.254403862,-1.257877547,-1.258609536,-1.258029331,-1.255759361,-1.258750046,-1.251866997,-1.255778122,-1.255186097,-1.254461146,-1.256402039,-1.255631626,-1.25577335,-1.258709848,-1.256979646,-1.253038561,-1.253713348,-1.248929109,-1.252099217,-1.24426577,-1.243492284,-1.233949365,-1.235662384,-1.22948733,-1.232301931,-1.224553517,-1.229881771,-1.233151002,-1.226885713,-1.22836902,-1.22365388,-1.223062678,-1.223747937,-1.228317996,-1.236722372,-1.230404087,-1.232779728,-1.23216467,-1.237941025,-1.233395177,-1.236754738,-1.231364448,-1.229432113,-1.231963585,-1.230084115,-1.232826077,-1.226708645,-1.225774468,-1.222749381,-1.220539482,-1.217769065,-1.215287448,-1.212214716,-1.218624756,-1.219120508,-1.214411309,-1.208974978,-1.202168055,-1.203161561,-1.204535049,-1.198163376,-1.197347391,-1.203454503,-1.201928297,-1.197163794,-1.198599711,-1.200123807,-1.200727847,-1.198835601,-1.197319085,-1.197083559,-1.197353844,-1.200846993,-1.207149269,-1.207069903,-1.207452599,-1.205928287,-1.204386794,-1.204741867,-1.211312233,-1.213508508,-1.215993227,-1.223379681,-1.222192232,-1.21922382,-1.221469602,-1.228571502,-1.225993137,-1.226944504,-1.230825309,-1.230101574,-1.233278762,-1.240657337,-1.234491374,-1.234673036,-1.235897484,-1.239730598,-1.237384018,-1.244970322,-1.243078462,-1.237964949,-1.23113437,-1.233366751,-1.232179386,-1.229333743,-1.227066249,-1.224669374,-1.228470156,-1.241633874,-1.243120787,-1.246740225,-1.243142137,-1.237059956,-1.233104092,-1.236964463,-1.234603588,-1.237562069,-1.244039053,-1.247618292,-1.240459937,-1.243338017,-1.239868978,-1.238498542,-1.239124156,-1.243336496,-1.2460259,-1.242463419,-1.239872872,-1.233035784,-1.229893033,-1.221968675,-1.222848799,-1.229986877,-1.228224331,-1.233732547,-1.237132883,-1.239164787,-1.243906973,-1.235871486,-1.234907664,-1.23951747,-1.232181028,-1.236322218,-1.231005867,-1.231942209,-1.234159002,-1.231778734,-1.241511267,-1.247480011,-1.243953176,-1.246233164,-1.242523945,-1.246959831,-1.243810601,-1.24824487,-1.24900553,-1.256018918,-1.250469344,-1.254067928,-1.259375726,5
53,-1.292790758,-1.28294526,-1.269296108,-1.274612083,-1.275666654,-1.264465157,-1.271486313,-1.248249093,-1.260815183,-1.258858044,-1.251237608,-1.253557554,-1.255120346,-1.251376503,-1.257683418,-1.242817559,-1.260288612,-1.26070549,-1.262415768,-1.26596861,-1.2601187,-1.260367444,-1.26913432,-1.265397256,-1.268005563,-1.263907847,-1.262214652,-1.265914637,-1.264000905,-1.262600615,-1.264020399,-1.259127856,-1.255814535,-1.248961266,-1.247909743,-1.2317787,-1.231948954,-1.224877736,-1.229262763,-1.217853465,-1.225972692,-1.227900733,-1.221740038,-1.225939116,-1.217836196,-1.215785503,-1.219109211,-1.222592666,-1.229387627,-1.225579327,-1.228416493,-1.227137476,-1.232597841,-1.232086192,-1.230679748,-1.226245102,-1.222662312,-1.226706945,-1.224245782,-1.225348079,-1.216486697,-1.215604382,-1.214375834,-1.207811519,-1.204687637,-1.19959482,-1.199321161,-1.203555375,-1.200918899,-1.196381397,-1.192519772,-1.186936598,-1.185643303,-1.18403605,-1.181007286,-1.181384898,-1.187623078,-1.185124494,-1.179550249,-1.181984577,-1.185617802,-1.185278274,-1.183486946,-1.181397409,-1.181386728,-1.180078418,-1.185282456,-1.189291802,-1.190096742,-1.189739467,-1.187219403,-1.189004307,-1.189547256,-1.193568255,-1.197375661,-1.196425957,-1.206620339,-1.202697457,-1.202708085,-1.20473887,-1.210137087,-1.20857183,-1.20761678,-1.210934846,-1.213869438,-1.215747835,-1.223173311,-1.218422739,-1.214711703,-1.21869771,-1.218515271,-1.220210882,-1.225789094,-1.223297813,-1.218448626,-1.211386579,-1.213694746,-1.213394925,-1.211602591,-1.210313853,-1.20584772,-1.20884107,-1.221860875,-1.22565611,-1.227622538,-1.22432328,-1.21758259,-1.211637553,-1.21782004,-1.216188124,-1.218464716,-1.224887336,-1.226695833,-1.220916508,-1.222279163,-1.218949541,-1.216146549,-1.218994515,-1.223868717,-1.225840712,-1.220183074,-1.21761049,-1.214968456,-1.213882929,-1.204748647,-1.204162874,-1.212165739,-1.208574407,-1.217117081,-1.221194981,-1.222866804,-1.230267389,-1.221405054,-1.218916422,-1.223478907,-1.217035189,-1.218725645,-1.213160895,-1.213482363,-1.216373121,-1.212454512,-1.225543953,-1.227908153,-1.226497756,-1.230311957,-1.224696889,-1.210165264,-1.208013608,-1.226823969,-1.235407343,-1.235161703,-1.240183814,-1.243942862,-1.245304825,5.2991
54,-1.334996243,-1.331273828,-1.3068556,-1.318073335,-1.31669262,-1.318814884,-1.313786868,-1.297647086,-1.303038247,-1.306150348,-1.296082381,-1.304064601,-1.301573641,-1.296402978,-1.301121,-1.293542569,-1.307512638,-1.301655463,-1.306136375,-1.307335652,-1.303340904,-1.306148445,-1.308948611,-1.309618821,-1.309147857,-1.306184998,-1.308955325,-1.307675543,-1.30766564,-1.30456212,-1.306284673,-1.300857092,-1.29880408,-1.291829605,-1.290101004,-1.277662019,-1.277423101,-1.270515194,-1.269891972,-1.26114313,-1.269693381,-1.270846925,-1.265448587,-1.267062427,-1.261020463,-1.259422423,-1.262598465,-1.267023042,-1.272114038,-1.267827196,-1.273375856,-1.27038407,-1.274827316,-1.272959366,-1.272734485,-1.267835398,-1.265961363,-1.27057735,-1.267074419,-1.267141987,-1.259510076,-1.257833522,-1.256132017,-1.251811101,-1.248448042,-1.244617339,-1.242992767,-1.246793937,-1.246572835,-1.240525718,-1.238008772,-1.232433764,-1.231783025,-1.232380711,-1.22802685,-1.228860216,-1.237226395,-1.232574821,-1.229809996,-1.228725238,-1.235258335,-1.23364672,-1.23137067,-1.231290635,-1.230555582,-1.229592792,-1.234201441,-1.236936562,-1.239496175,-1.238071381,-1.234469665,-1.235355571,-1.235213255,-1.239873527,-1.244563912,-1.244808232,-1.253096844,-1.249454346,-1.246982517,-1.248472753,-1.254418986,-1.25174551,-1.253533224,-1.256215781,-1.25643376,-1.259933293,-1.267555526,-1.262529816,-1.259844199,-1.262347476,-1.265381271,-1.263279056,-1.269847333,-1.268239779,-1.262373444,-1.256675108,-1.259577459,-1.259068971,-1.256254049,-1.255152326,-1.25263706,-1.254183809,-1.267449802,-1.270588544,-1.272399444,-1.266833624,-1.264737602,-1.256570234,-1.261983113,-1.261676988,-1.266185332,-1.272947869,-1.27190582,-1.265741761,-1.269261903,-1.263678008,-1.266129837,-1.265109771,-1.271573342,-1.272066272,-1.265843465,-1.263930537,-1.261372604,-1.260343104,-1.252363325,-1.251307629,-1.259387567,-1.256764181,-1.265204685,-1.267733843,-1.271843316,-1.277362864,-1.269535681,-1.265735172,-1.270366288,-1.264600663,-1.262759636,-1.259179266,-1.260982085,-1.263743685,-1.259225088,-1.269372181,-1.276557726,-1.273117132,-1.275334666,-1.270120247,-1.258456441,-1.254671165,-1.275210359,-1.281800641,-1.287242811,-1.283939867,-1.285493235,-1.294164861,4.9
55,-1.31451729,-1.308637294,-1.345312488,-1.328617112,-1.327205439,-1.316785751,-1.332184762,-1.314312538,-1.287421807,-1.303253455,-1.290499664,-1.286041393,-1.281444714,-1.289294186,-1.273936339,-1.279556418,-1.290818549,-1.281717446,-1.278286274,-1.283119497,-1.281857446,-1.287739533,-1.2826364,-1.271962159,-1.278690303,-1.272561138,-1.293387532,-1.273186096,-1.277498521,-1.264665825,-1.276702188,-1.27134304,-1.277009594,-1.253229873,-1.2678044,-1.248540082,-1.254551521,-1.244250581,-1.251384228,-1.250085793,-1.23882262,-1.24711945,-1.243808123,-1.238536665,-1.225169855,-1.240164354,-1.242422246,-1.245120835,-1.246213359,-1.237228326,-1.239768746,-1.235531946,-1.240370273,-1.236239188,-1.245103396,-1.248326401,-1.235744896,-1.238845629,-1.228551726,-1.244757785,-1.230953695,-1.22632681,-1.227940038,-1.225210623,-1.233703096,-1.222795076,-1.217547201,-1.224816704,-1.223043457,-1.214662366,-1.212103754,-1.198082737,-1.195120165,-1.193475534,-1.191446433,-1.190347599,-1.193577683,-1.187992688,-1.190849991,-1.196676682,-1.19111586,-1.193160065,-1.195655507,-1.183615503,-1.174369245,-1.181405438,-1.18892838,-1.193478074,-1.196595185,-1.196019971,-1.200488882,-1.197892031,-1.187316645,-1.193556552,-1.202868687,-1.202119762,-1.203034066,-1.202246067,-1.210717609,-1.191228951,-1.199178765,-1.20319771,-1.21455417,-1.214305598,-1.217030303,-1.215616311,-1.217649551,-1.219220007,-1.214855202,-1.216164244,-1.220000054,-1.215712566,-1.224987553,-1.227082541,-1.218733198,-1.224975379,-1.223514249,-1.220600089,-1.220537906,-1.224093412,-1.223835418,-1.214823105,-1.220403224,-1.221633548,-1.214920108,-1.223714979,-1.222817976,-1.220227379,-1.217106008,-1.205424517,-1.214836582,-1.217228279,-1.223330552,-1.23398052,-1.233371434,-1.230502719,-1.233857936,-1.222183286,-1.224469518,-1.211550039,-1.221726414,-1.217419628,-1.22176807,-1.217874692,-1.212235381,-1.210452339,-1.207234085,-1.193233759,-1.199444056,-1.206643455,-1.196958921,-1.200205559,-1.194822368,-1.193376292,-1.199531685,-1.198023663,-1.195743994,-1.202277967,-1.202533589,-1.210857061,-1.21260298,-1.213215427,-1.218738151,-1.215042652,-1.228652056,-1.222342126,-1.247092482,-1.235836884,-1.223227634,-1.230243287,-1.23351205,-1.234813381,-1.253364454,-1.248176793,5.2
56,-1.346010591,-1.331417187,-1.355505723,-1.359738855,-1.3383076,-1.340199278,-1.349920031,-1.325322687,-1.313572032,-1.324422279,-1.308039223,-1.315488193,-1.308236094,-1.310427811,-1.303152885,-1.304976995,-1.321734585,-1.308483318,-1.307486822,-1.308254636,-1.307577766,-1.313661027,-1.313323562,-1.301841143,-1.307479861,-1.302193121,-1.318421913,-1.303956087,-1.305687546,-1.295723808,-1.304518528,-1.300896421,-1.303910919,-1.284290494,-1.297050073,-1.27963109,-1.283453522,-1.275470523,-1.274837468,-1.277143473,-1.269260522,-1.274050355,-1.272843852,-1.267864438,-1.258117809,-1.267427483,-1.271549665,-1.274320179,-1.277244257,-1.268342683,-1.267983203,-1.265890924,-1.268341062,-1.265937838,-1.271187737,-1.278385656,-1.266601631,-1.266850306,-1.260799917,-1.274096707,-1.260265369,-1.256693951,-1.255558484,-1.255915061,-1.261964761,-1.252971408,-1.249101643,-1.254897344,-1.252274517,-1.247139321,-1.24352719,-1.230352906,-1.226587395,-1.227470442,-1.225547256,-1.223794024,-1.226176707,-1.22248844,-1.224103323,-1.229986118,-1.225814581,-1.227086005,-1.230182212,-1.216689942,-1.209081285,-1.21476541,-1.223276477,-1.227248779,-1.229559323,-1.228995865,-1.232875942,-1.232072469,-1.223019952,-1.22914352,-1.236715147,-1.237347852,-1.238111683,-1.237609075,-1.243959855,-1.228330006,-1.237276979,-1.239746019,-1.247260445,-1.250285509,-1.252313741,-1.251008393,-1.253314088,-1.254925503,-1.249654604,-1.253094988,-1.256142776,-1.253391822,-1.261151384,-1.263666631,-1.255499125,-1.261407901,-1.258931406,-1.259340448,-1.258842525,-1.26050945,-1.261044926,-1.252356851,-1.25818133,-1.258849711,-1.25412368,-1.259757503,-1.261718975,-1.258916411,-1.254382519,-1.24437448,-1.252398995,-1.253331884,-1.261351691,-1.270867791,-1.270701743,-1.264219036,-1.267341268,-1.261403047,-1.259446895,-1.249550368,-1.25788574,-1.254589371,-1.257821842,-1.254962608,-1.251176036,-1.246424346,-1.241940904,-1.22946156,-1.234239469,-1.243851063,-1.235674405,-1.238156389,-1.232533402,-1.230839424,-1.233115253,-1.235452433,-1.230809373,-1.236434509,-1.239413653,-1.247903005,-1.250756882,-1.2507669,-1.254733345,-1.252101573,-1.262527256,-1.260285467,-1.27241917,-1.26244627,-1.257751234,-1.263515774,-1.267860976,-1.265913732,-1.282354708,-1.281562013,5.0498
57,-1.334526199,-1.315372128,-1.356460472,-1.346973499,-1.335065056,-1.337291968,-1.337720427,-1.317374571,-1.307035852,-1.320656593,-1.306646338,-1.30541286,-1.302773174,-1.309538249,-1.292822189,-1.299608074,-1.312601757,-1.303576852,-1.301833278,-1.30495596,-1.304204845,-1.309861728,-1.308355609,-1.302328548,-1.304551219,-1.298487588,-1.314891749,-1.299324871,-1.304452542,-1.294570618,-1.305806672,-1.298480336,-1.301399543,-1.283598512,-1.296265058,-1.280122549,-1.281803788,-1.275306062,-1.273422208,-1.277013569,-1.269009075,-1.276019935,-1.272891833,-1.266616723,-1.258054688,-1.267792579,-1.273157875,-1.27544062,-1.278683352,-1.27025128,-1.269914505,-1.265935609,-1.271576663,-1.266334255,-1.273148169,-1.278825971,-1.266932693,-1.267913361,-1.262810388,-1.275128412,-1.261483587,-1.258723945,-1.257471738,-1.257696949,-1.261690165,-1.254937382,-1.249941389,-1.256051428,-1.252697835,-1.247971084,-1.244613165,-1.23264519,-1.226161051,-1.227742921,-1.226128714,-1.224263062,-1.225986339,-1.222430549,-1.224347863,-1.230329817,-1.224966608,-1.226377791,-1.229763301,-1.216200034,-1.208501718,-1.216121579,-1.222872643,-1.227263829,-1.230442767,-1.228567884,-1.234632151,-1.232206395,-1.222650067,-1.22917125,-1.238338454,-1.236441557,-1.237303628,-1.237595281,-1.243542505,-1.228324412,-1.235937837,-1.239207876,-1.247689414,-1.249696334,-1.251904904,-1.251078704,-1.251119511,-1.252818085,-1.249107429,-1.251582441,-1.254468489,-1.251260115,-1.260339618,-1.261436745,-1.255107139,-1.26022966,-1.257823469,-1.258152434,-1.2567731,-1.25935274,-1.259560699,-1.250892733,-1.255968105,-1.255839645,-1.250619,-1.258047964,-1.259465264,-1.256362176,-1.251181395,-1.238699157,-1.249698808,-1.251495912,-1.259525746,-1.267897293,-1.265615704,-1.262217297,-1.264947734,-1.259779376,-1.259683111,-1.247896252,-1.256478035,-1.253248648,-1.256695887,-1.248442702,-1.245567986,-1.243005114,-1.239487642,-1.226565544,-1.230816386,-1.240089209,-1.231274032,-1.232118194,-1.227301843,-1.224463843,-1.228209023,-1.23098097,-1.227384383,-1.234915754,-1.235677885,-1.243625519,-1.245413092,-1.244350976,-1.250938731,-1.24760844,-1.257735548,-1.258713006,-1.273924571,-1.264119042,-1.256229116,-1.260566714,-1.265945578,-1.262729197,-1.277752783,-1.274398279,5.3
58,-1.455307124,-1.456945102,-1.455481021,-1.450327827,-1.448697171,-1.448855089,-1.439240001,-1.446763887,-1.441908567,-1.445254787,-1.451791714,-1.44675724,-1.439604806,-1.456050422,-1.43849896,-1.441203918,-1.442116513,-1.450393855,-1.448806364,-1.450846979,-1.445650365,-1.450720242,-1.447206955,-1.450859538,-1.452399045,-1.450897492,-1.45273347,-1.454515023,-1.449313372,-1.444943697,-1.445922943,-1.448936131,-1.449298829,-1.442246397,-1.444492398,-1.438694709,-1.438952886,-1.434322067,-1.433919427,-1.429332679,-1.430424513,-1.437790812,-1.435733958,-1.432357271,-1.433223661,-1.434282566,-1.431510243,-1.434929001,-1.439951563,-1.438414178,-1.439446735,-1.437438964,-1.43401894,-1.434037193,-1.436657534,-1.440725711,-1.435646323,-1.440170542,-1.429462878,-1.432365848,-1.433120738,-1.434611146,-1.431813114,-1.431967272,-1.431452484,-1.430994618,-1.431685839,-1.428427625,-1.423790402,-1.423198478,-1.423937558,-1.420137447,-1.421020165,-1.420852054,-1.419534536,-1.42070809,-1.417773602,-1.418347627,-1.417105476,-1.421857782,-1.424054899,-1.419329886,-1.425297006,-1.422072592,-1.42009499,-1.424789471,-1.424121775,-1.423994575,-1.421359265,-1.423698833,-1.422101295,-1.42599039,-1.42273134,-1.419030016,-1.420621365,-1.423444783,-1.425067788,-1.432446268,-1.438305577,-1.435163146,-1.432506447,-1.430115255,-1.432843733,-1.432579192,-1.432084711,-1.430938482,-1.436731468,-1.439271553,-1.43781191,-1.432973658,-1.432032019,-1.436454752,-1.442232692,-1.436482065,-1.43858722,-1.438263818,-1.43738179,-1.431584502,-1.430662854,-1.438934123,-1.448708824,-1.4544015,-1.453306624,-1.449843305,-1.442068684,-1.436853292,-1.439828995,-1.44142801,-1.442981315,-1.441094553,-1.441515836,-1.440817231,-1.445764488,-1.441087224,-1.438205303,-1.434239853,-1.42924164,-1.43609595,-1.436322631,-1.445307169,-1.446597587,-1.445508363,-1.442823272,-1.434043721,-1.425498198,-1.430664714,-1.436107537,-1.443102512,-1.443753615,-1.440299411,-1.43211833,-1.425859677,-1.418304776,-1.418334999,-1.42745497,-1.431866791,-1.431371769,-1.435652668,-1.435025871,-1.438683108,-1.441808668,-1.441028836,-1.440723625,-1.435510294,-1.442963645,-1.438790145,-1.442854344,-1.444791643,-1.434265122,-1.438693453,-1.435916998,-1.439772482,-1.446658672,-1.443519692,4.4497
59,-1.377480921,-1.374261331,-1.376566472,-1.364942986,-1.366072522,-1.359094587,-1.358888911,-1.356098717,-1.355885775,-1.358819685,-1.367659308,-1.362519597,-1.352216392,-1.36867489,-1.346470819,-1.351143236,-1.347527275,-1.365921697,-1.361129238,-1.361353016,-1.359361358,-1.362145918,-1.356989582,-1.360378355,-1.364935929,-1.359880284,-1.363137003,-1.365394027,-1.356378781,-1.354988385,-1.35398771,-1.355972893,-1.356838116,-1.349471883,-1.350626185,-1.341606612,-1.342513767,-1.337113182,-1.336857689,-1.331164222,-1.334405965,-1.340387384,-1.338312726,-1.336219638,-1.335051691,-1.337175751,-1.334732746,-1.33691151,-1.344649675,-1.339014236,-1.340172097,-1.339275875,-1.335077821,-1.336201752,-1.338988386,-1.341885731,-1.33626803,-1.34288359,-1.328642286,-1.333353838,-1.331272364,-1.334082811,-1.330226978,-1.33054947,-1.330299303,-1.328802806,-1.328108502,-1.323821449,-1.320833463,-1.317885566,-1.319594636,-1.31397735,-1.315272045,-1.314425634,-1.311077895,-1.314999242,-1.312454945,-1.312455124,-1.309762394,-1.315051943,-1.317930285,-1.313348377,-1.318802406,-1.316765513,-1.311954822,-1.3179629,-1.317283813,-1.317912558,-1.315695314,-1.314986657,-1.314267815,-1.317453958,-1.313843135,-1.313901558,-1.313638569,-1.316406733,-1.317992387,-1.324714729,-1.331890805,-1.327952505,-1.325892626,-1.323082087,-1.325036842,-1.323744426,-1.323857076,-1.324092821,-1.331200847,-1.332457581,-1.331317656,-1.324826708,-1.323631953,-1.328703406,-1.333395015,-1.329640076,-1.328849494,-1.32773833,-1.328867804,-1.3229911,-1.321523585,-1.331188306,-1.339662816,-1.344939211,-1.342699503,-1.338848121,-1.331954311,-1.327071735,-1.329135263,-1.331170754,-1.333653675,-1.332158604,-1.332533071,-1.332147493,-1.337420914,-1.331868082,-1.32968138,-1.324634567,-1.319098249,-1.326806601,-1.32804321,-1.337803913,-1.34085241,-1.341215209,-1.336332027,-1.325383437,-1.316342294,-1.320748929,-1.327963982,-1.335268649,-1.332686701,-1.326755595,-1.319555469,-1.316776628,-1.307219018,-1.310246887,-1.315153241,-1.320979216,-1.318805599,-1.32138104,-1.323973093,-1.327578733,-1.329206252,-1.32882019,-1.328356344,-1.322843045,-1.331400147,-1.328110911,-1.332565349,-1.334753716,-1.324787463,-1.326035614,-1.326739745,-1.331524273,-1.344287828,-1.341021201,4.5497
60,-1.440785675,-1.437964676,-1.443399271,-1.414141085,-1.434591947,-1.429126229,-1.425700275,-1.412810097,-1.424385854,-1.427295925,-1.434888498,-1.427022973,-1.421640802,-1.433697818,-1.419334756,-1.425152001,-1.417047434,-1.433478413,-1.433059512,-1.432122864,-1.427604198,-1.432863845,-1.429187598,-1.431393011,-1.434133049,-1.430579218,-1.433842989,-1.433013817,-1.428074633,-1.42762555,-1.425149819,-1.42905778,-1.42971874,-1.421392372,-1.424932205,-1.414948884,-1.41540517,-1.413342585,-1.413503437,-1.408029341,-1.412259667,-1.4171693,-1.4137423,-1.412772823,-1.410801453,-1.413199456,-1.411350412,-1.415121817,-1.420037673,-1.416728216,-1.417134373,-1.416773942,-1.412344965,-1.412061541,-1.413344708,-1.417237902,-1.412573169,-1.418428946,-1.406867874,-1.40917329,-1.410081103,-1.411700736,-1.409460533,-1.408653107,-1.40799004,-1.407462158,-1.408801146,-1.40314781,-1.399825251,-1.398953427,-1.400144954,-1.395441039,-1.394957467,-1.396392984,-1.392430688,-1.395887366,-1.392947878,-1.392809832,-1.391837783,-1.396714448,-1.39886408,-1.392875458,-1.399305776,-1.396787193,-1.39349471,-1.398047835,-1.39727149,-1.397375566,-1.395494955,-1.396174858,-1.395191697,-1.399350686,-1.394686449,-1.394588768,-1.394355735,-1.397042421,-1.398133135,-1.406699288,-1.413531398,-1.411768881,-1.408957712,-1.4057011,-1.40747929,-1.408376684,-1.407735154,-1.406281175,-1.413024541,-1.415401852,-1.41295979,-1.409032929,-1.406319465,-1.411741113,-1.416745913,-1.410719625,-1.411750366,-1.411645164,-1.41186623,-1.405652474,-1.404958065,-1.414406338,-1.42417001,-1.428113757,-1.428291407,-1.423880757,-1.414918488,-1.409171507,-1.412692241,-1.413609521,-1.416407475,-1.41603842,-1.415878587,-1.417093566,-1.419590548,-1.416742865,-1.414728887,-1.409555371,-1.405026534,-1.412103612,-1.412371857,-1.419997253,-1.423067462,-1.42222419,-1.417716497,-1.407910084,-1.400766517,-1.404077138,-1.409533137,-1.418991061,-1.417363902,-1.412926683,-1.406092064,-1.401173082,-1.391918023,-1.395391712,-1.402108787,-1.406237446,-1.405670828,-1.40959199,-1.409446433,-1.413378859,-1.416536655,-1.415627072,-1.414993685,-1.408360176,-1.415076882,-1.413616722,-1.419778356,-1.423614473,-1.41133397,-1.412306208,-1.41052915,-1.416153403,-1.421586615,-1.420903048,4.3497
61,-1.266102985,-1.253979582,-1.254635157,-1.251500839,-1.254015353,-1.239889986,-1.23215673,-1.228993193,-1.231583387,-1.229043778,-1.230266197,-1.239130597,-1.222262786,-1.230384567,-1.22944676,-1.225902698,-1.230990356,-1.226733577,-1.234217796,-1.224032266,-1.224859709,-1.231450214,-1.235219719,-1.23420658,-1.229355117,-1.240354951,-1.230912221,-1.227714414,-1.235678889,-1.229562297,-1.23035384,-1.224909999,-1.222543571,-1.217992957,-1.22242219,-1.217444929,-1.212759666,-1.209309914,-1.208731647,-1.211526554,-1.210470302,-1.218662637,-1.209230239,-1.214973825,-1.209021205,-1.204627503,-1.207415267,-1.210655028,-1.211894015,-1.206763276,-1.215859917,-1.210991765,-1.213631324,-1.213131917,-1.216575671,-1.220622756,-1.216218312,-1.210241343,-1.209330546,-1.2072266,-1.201322739,-1.198482859,-1.200446173,-1.194412457,-1.198030637,-1.203903277,-1.203859202,-1.1978159,-1.199136148,-1.198289033,-1.191206035,-1.185290852,-1.179712657,-1.180526018,-1.183577031,-1.185903209,-1.185629067,-1.181459186,-1.186343158,-1.185463115,-1.185838333,-1.184765341,-1.184597036,-1.188631179,-1.191316382,-1.197143518,-1.192653702,-1.192850958,-1.191883587,-1.192428314,-1.190704949,-1.18776482,-1.190794615,-1.194601361,-1.198331844,-1.200141536,-1.200372933,-1.200554867,-1.200959087,-1.199201785,-1.205726313,-1.204228376,-1.207784034,-1.204538788,-1.208544811,-1.212729173,-1.218091795,-1.213558211,-1.215915999,-1.212878389,-1.218648355,-1.217355792,-1.215225256,-1.21246479,-1.211988146,-1.2153828,-1.216948988,-1.219023679,-1.220839601,-1.220161614,-1.216727384,-1.21675913,-1.212573883,-1.211987103,-1.205670976,-1.207041652,-1.214414572,-1.223300017,-1.224940958,-1.223161477,-1.221345747,-1.220352274,-1.225123259,-1.219455691,-1.219843837,-1.209008628,-1.215977449,-1.223089214,-1.218280556,-1.214075418,-1.214017789,-1.210298711,-1.210372974,-1.213591234,-1.206859547,-1.201265834,-1.191237026,-1.190436487,-1.191789368,-1.195590439,-1.202504947,-1.207436961,-1.208130825,-1.203953895,-1.212362334,-1.215738299,-1.220429163,-1.215415852,-1.216947747,-1.219200322,-1.220037483,-1.220025131,-1.214138354,-1.207442228,-1.211976033,-1.210065877,-1.22078361,-1.231040401,-1.230452337,-1.230137904,-1.228240197,-1.232020033,-1.23373659,-1.231913662,4.0497
62,-1.300002021,-1.289070053,-1.283354963,-1.281750986,-1.280638879,-1.266269844,-1.266118359,-1.271469181,-1.261551035,-1.26229068,-1.255772948,-1.259697906,-1.248742579,-1.261492399,-1.252631623,-1.255067077,-1.263800516,-1.25604511,-1.258516825,-1.251749996,-1.251051553,-1.256423609,-1.255027219,-1.260593504,-1.252995028,-1.265220784,-1.250556084,-1.257606485,-1.257981513,-1.254602916,-1.254244643,-1.248798018,-1.244937191,-1.24270725,-1.246220467,-1.242611883,-1.235115471,-1.23606242,-1.234436519,-1.235942609,-1.232070686,-1.241875656,-1.231935922,-1.236166001,-1.231891867,-1.228626931,-1.229194373,-1.234567434,-1.234596528,-1.229438716,-1.236761395,-1.233753102,-1.234791582,-1.236479126,-1.239812293,-1.242765243,-1.238732164,-1.233458753,-1.231383851,-1.228277012,-1.223310998,-1.219753266,-1.221134947,-1.216588644,-1.21756703,-1.223624822,-1.223273079,-1.216482851,-1.216760611,-1.217691697,-1.20880473,-1.203832868,-1.197019902,-1.196894546,-1.199588667,-1.202324215,-1.198234531,-1.199280019,-1.199796083,-1.200311085,-1.200141417,-1.197474949,-1.198516878,-1.202664166,-1.206787329,-1.209808924,-1.207557618,-1.206074854,-1.207248017,-1.207230183,-1.20414323,-1.202653061,-1.206294259,-1.209660441,-1.212680107,-1.216847416,-1.215470458,-1.217211929,-1.215378909,-1.216121548,-1.22049463,-1.218953626,-1.223518041,-1.220432128,-1.2243035,-1.228552759,-1.233877488,-1.22989597,-1.230507686,-1.227725159,-1.232768266,-1.229976808,-1.229543665,-1.227526963,-1.227657362,-1.230399268,-1.231626776,-1.232911543,-1.236516087,-1.23532374,-1.230765224,-1.233134006,-1.226671245,-1.226370196,-1.221547798,-1.22323384,-1.22999292,-1.23921341,-1.241557927,-1.239012484,-1.236268682,-1.236897656,-1.240138078,-1.235388429,-1.23468059,-1.224909245,-1.228417096,-1.238397839,-1.232052123,-1.230976403,-1.22999482,-1.223531958,-1.225907636,-1.222439837,-1.217707994,-1.21342718,-1.202036786,-1.201832219,-1.205009061,-1.209360373,-1.214034737,-1.218533261,-1.218341449,-1.214100648,-1.222133689,-1.227412897,-1.230550437,-1.227814184,-1.229173323,-1.234369397,-1.232668643,-1.230970854,-1.222575995,-1.219452678,-1.226875068,-1.224482396,-1.232881385,-1.247625925,-1.246077245,-1.244188138,-1.244790343,-1.253935884,-1.248157165,-1.256013077,3.8
63,-1.353070491,-1.346896895,-1.337153665,-1.339959861,-1.336630422,-1.317212992,-1.320173646,-1.330703839,-1.313525041,-1.317285017,-1.310199899,-1.317804776,-1.311298257,-1.318883351,-1.308650139,-1.312032551,-1.319575585,-1.315491385,-1.315605006,-1.311722196,-1.309458119,-1.316298843,-1.31590161,-1.31762657,-1.314738036,-1.32236044,-1.310999579,-1.315308792,-1.321934539,-1.314916214,-1.315248339,-1.311646272,-1.307971278,-1.303948391,-1.309546187,-1.30568226,-1.298113428,-1.297399155,-1.298021581,-1.298219908,-1.296880148,-1.303323022,-1.297140028,-1.300894941,-1.291809019,-1.29107991,-1.290589257,-1.296168957,-1.296131468,-1.291037154,-1.299188081,-1.294184192,-1.29396287,-1.296902585,-1.29953715,-1.30213302,-1.297608646,-1.292645703,-1.2924391,-1.287629925,-1.282352581,-1.280321738,-1.28055654,-1.275773188,-1.278766205,-1.283357091,-1.283155775,-1.277146845,-1.277525914,-1.277844547,-1.269910474,-1.264243101,-1.257888672,-1.258743871,-1.260393344,-1.263959114,-1.26204888,-1.260015512,-1.262887076,-1.262864731,-1.261803833,-1.261324345,-1.261967538,-1.266709035,-1.270647728,-1.274195765,-1.270444666,-1.27064621,-1.270986558,-1.270407533,-1.26741819,-1.267820137,-1.268058392,-1.272862608,-1.276271586,-1.278192533,-1.279521114,-1.27951039,-1.27909988,-1.279001343,-1.284015913,-1.283565996,-1.285855595,-1.28370917,-1.287252947,-1.291133844,-1.296341505,-1.293057195,-1.294144675,-1.292792989,-1.296646607,-1.294773566,-1.293101318,-1.291580448,-1.290624598,-1.292444707,-1.294937747,-1.296294487,-1.299817515,-1.297702336,-1.294482955,-1.297264263,-1.289289401,-1.287748919,-1.285514444,-1.284543614,-1.291700985,-1.300871597,-1.303537381,-1.301086154,-1.299662855,-1.297394816,-1.304102226,-1.298698283,-1.296939048,-1.288907616,-1.292241608,-1.300922376,-1.29711793,-1.294331233,-1.292923115,-1.287420233,-1.289608829,-1.285880798,-1.283308283,-1.279248583,-1.267530786,-1.267219605,-1.270634324,-1.275057321,-1.28062691,-1.283582332,-1.284787755,-1.280107754,-1.286161458,-1.292891594,-1.294805701,-1.292483143,-1.292889952,-1.297634186,-1.297070545,-1.295376987,-1.291326881,-1.280790082,-1.290028971,-1.28796438,-1.294206859,-1.308423276,-1.312143504,-1.309337404,-1.307642517,-1.315925902,-1.313678738,-1.318709789,3.9497
64,-1.389532305,-1.378042528,-1.379662287,-1.374327679,-1.370714225,-1.352298453,-1.357527873,-1.362085992,-1.356915625,-1.352775515,-1.34360333,-1.355349539,-1.344366515,-1.353654864,-1.344737687,-1.344439132,-1.355854487,-1.352027494,-1.351838174,-1.350952852,-1.346526155,-1.350120528,-1.348665476,-1.351949239,-1.349829835,-1.356731541,-1.341388972,-1.349102073,-1.351891376,-1.349862834,-1.348445242,-1.34567394,-1.340210563,-1.33687355,-1.341254717,-1.340315654,-1.331805045,-1.33091718,-1.332194119,-1.331316293,-1.330054251,-1.335920239,-1.329231438,-1.332569576,-1.327011936,-1.322706554,-1.323920114,-1.329804019,-1.330794538,-1.32412378,-1.33083066,-1.327947595,-1.328297683,-1.329462096,-1.332793486,-1.33384376,-1.331176258,-1.323539217,-1.32531094,-1.319885715,-1.31535451,-1.312755508,-1.313179904,-1.307154534,-1.31050046,-1.314716667,-1.315546733,-1.308369044,-1.309844565,-1.309545692,-1.300952456,-1.294578702,-1.287070705,-1.288321248,-1.28895885,-1.292167105,-1.28923008,-1.288498184,-1.289411052,-1.288227808,-1.288948462,-1.287930012,-1.290452505,-1.293301923,-1.296681985,-1.301293337,-1.298253035,-1.298620725,-1.298206286,-1.299648388,-1.295487333,-1.294146982,-1.296564776,-1.301071781,-1.304884242,-1.305916669,-1.307855285,-1.308660915,-1.307526047,-1.307463044,-1.312911021,-1.312892974,-1.313655727,-1.312328251,-1.315606594,-1.319728265,-1.325204771,-1.321959159,-1.322089732,-1.321096377,-1.324499368,-1.323857483,-1.320291915,-1.319281027,-1.319227788,-1.321006847,-1.322603961,-1.324544963,-1.326890863,-1.325152139,-1.322736769,-1.323093919,-1.317702552,-1.316598254,-1.312394438,-1.312533542,-1.31754572,-1.325166091,-1.328721901,-1.32722144,-1.325193805,-1.324431023,-1.329011741,-1.322200426,-1.32006169,-1.31237279,-1.315528899,-1.325448694,-1.320521093,-1.316006711,-1.314927293,-1.309490243,-1.310508919,-1.307177976,-1.30208714,-1.297791204,-1.286358379,-1.286034197,-1.286995604,-1.290524866,-1.293287219,-1.299860108,-1.301141053,-1.297512079,-1.303386304,-1.309207072,-1.309613364,-1.30929454,-1.308544503,-1.313051189,-1.312184921,-1.309305455,-1.306150891,-1.2987912,-1.307316571,-1.304761428,-1.314391759,-1.329092559,-1.33150068,-1.328133993,-1.329298401,-1.335475631,-1.335559522,-1.339276359,5.1
65,-1.366376409,-1.35433215,-1.35609444,-1.342951041,-1.345663122,-1.331391961,-1.328148979,-1.331202088,-1.32545183,-1.330775724,-1.317865738,-1.320958753,-1.313055619,-1.323843366,-1.312523365,-1.311865039,-1.323355626,-1.317873461,-1.320007737,-1.314650349,-1.312636508,-1.315379692,-1.314969101,-1.320025434,-1.314072834,-1.32222642,-1.307034659,-1.313483965,-1.315491842,-1.312641841,-1.315297592,-1.30948306,-1.303140666,-1.300446459,-1.305273429,-1.302841895,-1.295131102,-1.294812488,-1.290433209,-1.292807283,-1.290061342,-1.297108312,-1.289079146,-1.294089603,-1.288019772,-1.285434349,-1.284473005,-1.291878318,-1.290433072,-1.286860312,-1.291196165,-1.288486941,-1.290587845,-1.289424676,-1.294332298,-1.295625968,-1.291175701,-1.285743942,-1.288077215,-1.280146571,-1.275434288,-1.272176089,-1.273858051,-1.266607126,-1.268558273,-1.273264538,-1.274281136,-1.266708379,-1.267491546,-1.267059712,-1.257948931,-1.249942361,-1.240563526,-1.239329075,-1.240673385,-1.244948999,-1.239864897,-1.240211613,-1.240927842,-1.24065243,-1.239531311,-1.237896391,-1.24117384,-1.242886205,-1.247509718,-1.251916923,-1.250773061,-1.249640359,-1.249610673,-1.250707177,-1.247424441,-1.247068214,-1.249820137,-1.253591328,-1.25682173,-1.260882394,-1.261162083,-1.262168228,-1.261969619,-1.261461217,-1.267350623,-1.268009583,-1.269140168,-1.267879946,-1.2708268,-1.275763481,-1.278923224,-1.277035648,-1.27860992,-1.275018729,-1.28174889,-1.280528749,-1.277148948,-1.275352699,-1.276307847,-1.276764846,-1.278509315,-1.281537268,-1.281032264,-1.281869962,-1.278817177,-1.278913081,-1.275045784,-1.27170749,-1.266908984,-1.267671005,-1.274420153,-1.282983928,-1.286216046,-1.285331609,-1.28223798,-1.279477955,-1.287879526,-1.279713378,-1.276304665,-1.269638645,-1.273223323,-1.281133172,-1.277137346,-1.272132531,-1.271497191,-1.265050868,-1.264641148,-1.261603099,-1.254258922,-1.251077223,-1.23965794,-1.238391455,-1.238792628,-1.243166512,-1.246952136,-1.253297266,-1.253100439,-1.249266948,-1.256065648,-1.260942827,-1.263580753,-1.261552577,-1.263503971,-1.270001015,-1.269771755,-1.266542532,-1.263136359,-1.256717266,-1.262771204,-1.263922004,-1.272940809,-1.287297224,-1.290030664,-1.285568933,-1.288333546,-1.293500241,-1.297424743,-1.297279721,4.7
66,-1.434038815,-1.414118046,-1.414592842,-1.395128897,-1.409535083,-1.392223655,-1.387203362,-1.389861201,-1.382609227,-1.387060338,-1.369136388,-1.374561841,-1.371250041,-1.379228232,-1.370340286,-1.372640461,-1.378041494,-1.372979937,-1.371595649,-1.369499793,-1.366180579,-1.36926028,-1.372149495,-1.373057995,-1.369866979,-1.375373511,-1.36603647,-1.368901725,-1.370042944,-1.367332947,-1.36802313,-1.361431933,-1.35552413,-1.352127431,-1.357024062,-1.352975155,-1.347566234,-1.343992522,-1.343075307,-1.344191023,-1.340442749,-1.345608614,-1.341085301,-1.343140438,-1.338383261,-1.335587924,-1.335180277,-1.33938893,-1.34321863,-1.336106242,-1.340681476,-1.338839861,-1.341480115,-1.339581347,-1.342975383,-1.346888282,-1.341398246,-1.336120078,-1.337014139,-1.330855062,-1.326248581,-1.32288726,-1.323479914,-1.317975404,-1.318404988,-1.324075165,-1.325796555,-1.317647833,-1.318376644,-1.318196513,-1.311160281,-1.304527012,-1.299893809,-1.300354839,-1.303014834,-1.306696664,-1.303169227,-1.302084944,-1.30345847,-1.303957576,-1.302627366,-1.301807956,-1.303386978,-1.305478823,-1.310128429,-1.313163581,-1.310483875,-1.308566468,-1.308259695,-1.308905721,-1.30384073,-1.302124049,-1.305848012,-1.308264532,-1.312468885,-1.314866682,-1.315666961,-1.315151944,-1.31420535,-1.314248811,-1.319610225,-1.319903931,-1.319705214,-1.318354711,-1.323160241,-1.326812323,-1.329421433,-1.325834392,-1.328268521,-1.32446643,-1.330310658,-1.328592497,-1.325341583,-1.324162702,-1.324229839,-1.325053684,-1.327033017,-1.329664151,-1.32884199,-1.331069121,-1.328241533,-1.328992147,-1.323808704,-1.320398042,-1.317187866,-1.317765594,-1.325322198,-1.33422695,-1.335076917,-1.333541618,-1.331613685,-1.329043524,-1.336640259,-1.328865849,-1.32762507,-1.320026748,-1.325013866,-1.331434903,-1.328935763,-1.323719654,-1.324934694,-1.318541947,-1.322956591,-1.32221405,-1.317050167,-1.313377231,-1.306806921,-1.306855048,-1.304976568,-1.311685258,-1.31598662,-1.323526603,-1.321718356,-1.316610477,-1.321590646,-1.32970678,-1.329514183,-1.328227955,-1.330404428,-1.333045417,-1.332473107,-1.327800801,-1.326890402,-1.319022237,-1.323322307,-1.323061979,-1.331409086,-1.342419438,-1.346727892,-1.344146351,-1.347596685,-1.350993256,-1.354931451,-1.358643416,4.7497
67,-1.423110308,-1.402731413,-1.398020828,-1.395059254,-1.391990522,-1.384699963,-1.371730239,-1.375370405,-1.366730319,-1.366502693,-1.351669272,-1.361527555,-1.358867956,-1.366411496,-1.354856829,-1.349396706,-1.363661935,-1.356607674,-1.357127745,-1.354638911,-1.34745882,-1.352983574,-1.351786099,-1.35463429,-1.354675401,-1.357647744,-1.34830195,-1.349965675,-1.351200071,-1.349630189,-1.350461156,-1.344932163,-1.339259019,-1.335394156,-1.339964878,-1.334093349,-1.328353933,-1.323999472,-1.321983446,-1.322860418,-1.321635318,-1.328929897,-1.323014366,-1.325719549,-1.319157686,-1.315053997,-1.315315564,-1.321785717,-1.322927429,-1.316973821,-1.32089966,-1.319371204,-1.322751215,-1.319467448,-1.324025658,-1.325388707,-1.322607358,-1.315091838,-1.317673776,-1.311047866,-1.306400218,-1.300974151,-1.302981027,-1.295301269,-1.297795692,-1.302964612,-1.304382704,-1.295388415,-1.296421529,-1.297248409,-1.287922439,-1.282513605,-1.277501187,-1.279412251,-1.279395185,-1.282977965,-1.279242298,-1.278313634,-1.279634929,-1.282303649,-1.279884574,-1.278573561,-1.280529451,-1.282484911,-1.286780024,-1.291096649,-1.286917169,-1.28745842,-1.286450633,-1.287748445,-1.28343119,-1.282668844,-1.28557049,-1.289628113,-1.291522312,-1.295113551,-1.294816703,-1.295043844,-1.294505602,-1.293221351,-1.299539756,-1.298241824,-1.301091665,-1.299575131,-1.303773351,-1.308203787,-1.310971299,-1.307167197,-1.310030047,-1.305461392,-1.310699802,-1.309916139,-1.306067196,-1.305998989,-1.306020175,-1.307250837,-1.308248255,-1.310768389,-1.30986584,-1.312750621,-1.309108104,-1.310636984,-1.305918391,-1.302355975,-1.298364162,-1.300412385,-1.306291355,-1.315282785,-1.31693191,-1.314635078,-1.313167901,-1.310845269,-1.318243398,-1.312449556,-1.309948315,-1.302004005,-1.306673449,-1.312542158,-1.311080301,-1.305054931,-1.305768644,-1.298295744,-1.303798464,-1.304086008,-1.297567204,-1.296459938,-1.286734155,-1.286659001,-1.287645334,-1.293630068,-1.297614156,-1.302477277,-1.302163647,-1.298319715,-1.303981843,-1.310233105,-1.310448411,-1.308477181,-1.313338872,-1.315108633,-1.315333373,-1.3112178,-1.30743816,-1.303412965,-1.306986497,-1.30861774,-1.315460169,-1.327794463,-1.333565327,-1.329709314,-1.332469552,-1.335855652,-1.342205773,-1.344957014,4.7
68,-1.348885895,-1.341308221,-1.359218044,-1.350857006,-1.340552382,-1.344595567,-1.341060188,-1.332126036,-1.338071301,-1.331085369,-1.331706441,-1.336147108,-1.344144019,-1.333717452,-1.336858759,-1.34338217,-1.343862402,-1.327577503,-1.341826401,-1.33675042,-1.34352508,-1.340041438,-1.336899365,-1.34055882,-1.339591265,-1.342398016,-1.343943563,-1.338342533,-1.34737633,-1.332616413,-1.341144888,-1.336924395,-1.33372907,-1.329660893,-1.329632628,-1.321623218,-1.322564199,-1.317551809,-1.316469414,-1.317158006,-1.310742936,-1.318919024,-1.313834964,-1.313799821,-1.310685012,-1.319465516,-1.321505613,-1.319217695,-1.324597677,-1.319497766,-1.31988585,-1.317739849,-1.317373825,-1.319583796,-1.323260071,-1.321421921,-1.313362883,-1.318219988,-1.313194589,-1.313052448,-1.310265101,-1.303887714,-1.301028522,-1.299927945,-1.299556644,-1.298878898,-1.297611649,-1.298974153,-1.29419491,-1.286212179,-1.281993757,-1.271081351,-1.262853463,-1.257998497,-1.252074465,-1.244121579,-1.241780554,-1.247245303,-1.239367602,-1.240509062,-1.240947154,-1.242562896,-1.246781645,-1.244747618,-1.248368118,-1.248514752,-1.250198407,-1.253551479,-1.256740617,-1.256574056,-1.261177596,-1.262076377,-1.26235885,-1.268110467,-1.265413657,-1.266587103,-1.271396343,-1.274688262,-1.279008283,-1.276294908,-1.285354149,-1.28720617,-1.285010404,-1.281937318,-1.282477697,-1.283191078,-1.279184895,-1.281604941,-1.285001186,-1.288454393,-1.289676026,-1.292804461,-1.29666893,-1.300533379,-1.301665364,-1.300787025,-1.299625772,-1.301624816,-1.297640475,-1.292409563,-1.291025863,-1.288131849,-1.293659401,-1.299053798,-1.294295266,-1.295395278,-1.296291461,-1.289892077,-1.296084496,-1.295122362,-1.29297082,-1.286452978,-1.285839551,-1.286472384,-1.289719304,-1.297100822,-1.299867281,-1.293994006,-1.294649597,-1.291841371,-1.292379116,-1.284414469,-1.278290582,-1.272843046,-1.264736371,-1.254407494,-1.250932628,-1.245421655,-1.242982026,-1.23856985,-1.235426379,-1.235163702,-1.242190504,-1.246815429,-1.250632211,-1.247329447,-1.250752063,-1.255839067,-1.251838368,-1.25273109,-1.252448281,-1.249674669,-1.254653327,-1.256993135,-1.267077698,-1.264212418,-1.272399847,-1.262177539,-1.265746692,-1.274588413,-1.281300359,-1.284602881,-1.286906075,-1.296738633,4.5497
69,-1.386215011,-1.393427245,-1.384516254,-1.394937486,-1.387841927,-1.388676326,-1.378057177,-1.375084825,-1.380310607,-1.369244473,-1.372367867,-1.376585688,-1.385065732,-1.375234381,-1.376325128,-1.39058688,-1.389309464,-1.374531069,-1.382909547,-1.377740198,-1.382697524,-1.381407261,-1.379195929,-1.381421528,-1.381214586,-1.385097061,-1.381686941,-1.377629401,-1.388376709,-1.3757483,-1.382497055,-1.378239278,-1.375463825,-1.370790307,-1.370969045,-1.365865432,-1.364100976,-1.360592693,-1.3594254,-1.360586223,-1.353547583,-1.362303559,-1.356504087,-1.355856249,-1.35180251,-1.363520955,-1.363298842,-1.361283011,-1.367742093,-1.361041357,-1.361963275,-1.361188896,-1.358562607,-1.362125002,-1.365292037,-1.364602618,-1.355434207,-1.361670814,-1.356249873,-1.356212957,-1.354625839,-1.346999608,-1.344959402,-1.345129662,-1.344207209,-1.346650895,-1.342712157,-1.344163273,-1.338942838,-1.333786857,-1.328515662,-1.318057089,-1.311436057,-1.306202509,-1.301831655,-1.294884035,-1.292487323,-1.296076776,-1.292369383,-1.292782082,-1.290352473,-1.294308714,-1.2977181,-1.295233939,-1.299127765,-1.300017984,-1.300255163,-1.303773359,-1.305439378,-1.305257241,-1.311014029,-1.311314107,-1.309733191,-1.316223791,-1.313197998,-1.315687565,-1.318101293,-1.32199278,-1.326540108,-1.323111146,-1.333436245,-1.332561449,-1.330802203,-1.328553103,-1.326669411,-1.327859136,-1.325108604,-1.325301517,-1.329443532,-1.333336564,-1.335484265,-1.337563724,-1.340751161,-1.343333406,-1.345622777,-1.345126202,-1.342534289,-1.344870458,-1.340771841,-1.33582348,-1.333951489,-1.331472063,-1.337889072,-1.343148401,-1.336553766,-1.338800765,-1.339055123,-1.334811234,-1.339270385,-1.339039797,-1.335564453,-1.327820697,-1.330173303,-1.330451125,-1.332860377,-1.338620426,-1.342754683,-1.338623248,-1.337425032,-1.334742548,-1.334199977,-1.329906175,-1.323005972,-1.321611428,-1.314459635,-1.305729228,-1.30204592,-1.298338492,-1.296961442,-1.292278149,-1.289054499,-1.290696555,-1.296135695,-1.300600265,-1.304860968,-1.30277182,-1.303283766,-1.306479918,-1.303782179,-1.304256342,-1.303333824,-1.300631176,-1.308023501,-1.307750103,-1.318044025,-1.313644329,-1.321448117,-1.310706066,-1.316044454,-1.322515094,-1.32945668,-1.330183145,-1.335118477,-1.343030579,4.2
70,-1.39509111,-1.396933999,-1.398621736,-1.403891552,-1.393370963,-1.397792517,-1.386390028,-1.380024801,-1.387389897,-1.37513255,-1.379915556,-1.380551349,-1.392137131,-1.382162851,-1.382737396,-1.390117057,-1.389293362,-1.377328712,-1.388041603,-1.383250489,-1.389783196,-1.389048349,-1.383894742,-1.388568463,-1.38631901,-1.388219059,-1.385819349,-1.381071097,-1.392432423,-1.382323383,-1.385512004,-1.382507865,-1.382075476,-1.375662714,-1.376197023,-1.371492816,-1.369474201,-1.363237378,-1.364911873,-1.365674081,-1.359344635,-1.366709997,-1.361664773,-1.361724546,-1.355353369,-1.370016829,-1.368963624,-1.367918915,-1.372379042,-1.365177573,-1.365255275,-1.364990446,-1.362824465,-1.366453527,-1.369706785,-1.369798269,-1.359183509,-1.364858888,-1.359510155,-1.360278892,-1.357025329,-1.35147912,-1.348709881,-1.348906442,-1.347149515,-1.348912973,-1.346373165,-1.346699222,-1.343077947,-1.337489371,-1.332416724,-1.322254915,-1.315165595,-1.312334048,-1.307143899,-1.299072454,-1.296425432,-1.301073561,-1.296220875,-1.296715417,-1.29441488,-1.298396225,-1.301402172,-1.299491108,-1.302505062,-1.304268836,-1.304359254,-1.309247872,-1.308613408,-1.310008398,-1.314801005,-1.315158578,-1.315360877,-1.320805955,-1.317466554,-1.31895736,-1.322258016,-1.325190192,-1.330422406,-1.328263158,-1.33687851,-1.337143251,-1.335448082,-1.33472233,-1.332733783,-1.333124949,-1.330870412,-1.330190409,-1.334618983,-1.337235746,-1.339560372,-1.342012166,-1.346847151,-1.349557737,-1.350627085,-1.350096683,-1.349106828,-1.35151768,-1.346214253,-1.340556176,-1.340374205,-1.3368783,-1.3441936,-1.348780479,-1.341552962,-1.343553415,-1.343688958,-1.340608407,-1.345717662,-1.344436955,-1.341212191,-1.333662958,-1.335457544,-1.336160945,-1.33786541,-1.343567387,-1.345543573,-1.343591958,-1.343556415,-1.340296972,-1.341000272,-1.335839011,-1.326956417,-1.324110364,-1.318787502,-1.31026665,-1.305555108,-1.302206932,-1.300330916,-1.295388101,-1.293106322,-1.293361629,-1.300136276,-1.305790907,-1.308444707,-1.305284427,-1.306817651,-1.31115218,-1.307234117,-1.307223566,-1.307244304,-1.304150207,-1.311787608,-1.312581619,-1.322429259,-1.317570172,-1.326674555,-1.31570153,-1.319843203,-1.328045391,-1.332335623,-1.332360044,-1.341579912,-1.34903877,4.2497
71,-1.386083614,-1.389466739,-1.408765478,-1.400778401,-1.389437463,-1.380090135,-1.398807462,-1.390752706,-1.37590479,-1.385459253,-1.387279956,-1.383429562,-1.378520239,-1.385039189,-1.380754369,-1.401878264,-1.394915469,-1.384582726,-1.388565428,-1.384372972,-1.387412052,-1.391475523,-1.38906627,-1.391048672,-1.391548879,-1.388418311,-1.384819749,-1.389427491,-1.389042089,-1.378780204,-1.387446937,-1.384643536,-1.383510539,-1.378589273,-1.380298431,-1.377952873,-1.372417193,-1.371916469,-1.372388948,-1.370358228,-1.364956954,-1.369957256,-1.367591178,-1.372312198,-1.367568955,-1.368966999,-1.368642733,-1.372834948,-1.370608688,-1.370624011,-1.376255787,-1.371737485,-1.374992054,-1.373341781,-1.373326213,-1.376793211,-1.371894231,-1.374928218,-1.366895661,-1.367841789,-1.365737078,-1.365872549,-1.361078326,-1.360218098,-1.355760868,-1.353623458,-1.353954869,-1.353682817,-1.356150883,-1.350974155,-1.346317687,-1.343076925,-1.339595503,-1.335596895,-1.330363092,-1.326392255,-1.329780738,-1.33145631,-1.331129159,-1.325673864,-1.326822576,-1.325539294,-1.328921897,-1.329218832,-1.329650707,-1.326902101,-1.331192357,-1.332600525,-1.333953518,-1.331681848,-1.335239133,-1.334473678,-1.333652719,-1.340506652,-1.339214638,-1.341809336,-1.339551556,-1.337570927,-1.344397823,-1.34585386,-1.351073335,-1.34484236,-1.350857886,-1.350020245,-1.354541872,-1.357915697,-1.355909591,-1.352597007,-1.353005148,-1.352431153,-1.355004526,-1.35899852,-1.359671141,-1.358224092,-1.361557971,-1.36484559,-1.367686427,-1.362928254,-1.362838681,-1.364486894,-1.365535407,-1.361649285,-1.364132614,-1.358538368,-1.359159164,-1.361848663,-1.365082172,-1.364404659,-1.362347781,-1.36222245,-1.367166296,-1.367857613,-1.366669323,-1.363729795,-1.363764224,-1.365969145,-1.369230365,-1.369674816,-1.362208579,-1.360851102,-1.352261683,-1.343745332,-1.342402881,-1.343306078,-1.347732482,-1.345531282,-1.334198118,-1.336119451,-1.33811702,-1.340281169,-1.332090255,-1.338778629,-1.336201823,-1.338748468,-1.335819642,-1.334468669,-1.337015576,-1.342548934,-1.345899784,-1.348058678,-1.342001986,-1.338779711,-1.347630409,-1.351679024,-1.355627165,-1.3589524,-1.354224465,-1.347739042,-1.354813953,-1.358859844,-1.362381716,-1.363294877,-1.365221296,-1.370347069,5
72,-1.410539117,-1.418965404,-1.435858904,-1.42836188,-1.41351113,-1.405550259,-1.420999931,-1.413098627,-1.399395882,-1.411900184,-1.411088306,-1.406317808,-1.400397568,-1.407853029,-1.40639446,-1.419923504,-1.417286385,-1.410326503,-1.41566409,-1.40667267,-1.411467478,-1.418180438,-1.414816885,-1.414614044,-1.4159903,-1.413509005,-1.410163598,-1.415684889,-1.413521702,-1.404185843,-1.411987226,-1.409161337,-1.408134062,-1.40325723,-1.402070373,-1.40171414,-1.392265661,-1.393497561,-1.394735843,-1.391154232,-1.3874467,-1.390943198,-1.388384275,-1.394030001,-1.386264127,-1.389177843,-1.389551537,-1.392051396,-1.387824094,-1.391092158,-1.396450334,-1.39246376,-1.392438061,-1.391892099,-1.393240749,-1.395635332,-1.391943612,-1.39302659,-1.386226307,-1.38545493,-1.383803676,-1.383769654,-1.378427776,-1.376721777,-1.370121791,-1.369911149,-1.370419738,-1.368684201,-1.369709129,-1.36553195,-1.358578773,-1.354807099,-1.351838514,-1.347293409,-1.341329138,-1.338554393,-1.340965029,-1.342624676,-1.343325998,-1.337380798,-1.339073249,-1.338006345,-1.341852871,-1.341797526,-1.343184287,-1.339722957,-1.342818927,-1.345117099,-1.346423092,-1.342966708,-1.348610579,-1.345971355,-1.346148184,-1.352023272,-1.351362964,-1.353848523,-1.350945412,-1.350066638,-1.355130656,-1.356592396,-1.361309305,-1.35650501,-1.361291631,-1.36030784,-1.366534761,-1.369208027,-1.367600905,-1.364670423,-1.364270159,-1.363244028,-1.365977439,-1.369394092,-1.370775393,-1.367117523,-1.371542413,-1.375161574,-1.375835036,-1.373084904,-1.371653648,-1.374509593,-1.374517319,-1.370385699,-1.37191028,-1.366254652,-1.368720393,-1.371002528,-1.373607795,-1.372894364,-1.370054212,-1.371888677,-1.374535299,-1.373417686,-1.374081252,-1.372538772,-1.371623816,-1.373426808,-1.376571059,-1.377378035,-1.370309379,-1.368654262,-1.359337131,-1.35179104,-1.348549912,-1.349483892,-1.356078607,-1.355207849,-1.343591155,-1.344805958,-1.347305083,-1.348886483,-1.341277998,-1.34637141,-1.344396755,-1.345607357,-1.343675638,-1.343677579,-1.345560669,-1.353405958,-1.352145228,-1.356966955,-1.349507584,-1.346531232,-1.354403692,-1.360097586,-1.362534301,-1.365896342,-1.363435995,-1.355276046,-1.360497481,-1.368180262,-1.37076491,-1.373633732,-1.373805503,-1.380706868,5.6498
73,-1.353369389,-1.364050109,-1.374869318,-1.374709572,-1.356839029,-1.347153678,-1.360445078,-1.341436173,-1.345926096,-1.35289362,-1.347757152,-1.352414369,-1.338936197,-1.350920521,-1.349402823,-1.365404188,-1.357034694,-1.349511525,-1.359972026,-1.351433692,-1.352470917,-1.36039047,-1.355944389,-1.35860191,-1.360839323,-1.356376319,-1.355340579,-1.358010381,-1.356533344,-1.342567627,-1.354007392,-1.350514791,-1.347039872,-1.343886575,-1.338679428,-1.338627378,-1.3287251,-1.327423653,-1.330173632,-1.325207182,-1.324678513,-1.326012948,-1.323275046,-1.327410373,-1.320832822,-1.323746315,-1.32349806,-1.32674742,-1.32353772,-1.327346268,-1.330870426,-1.328252285,-1.329291345,-1.328049968,-1.328768148,-1.330348046,-1.326999642,-1.328927309,-1.321720119,-1.321290728,-1.318996059,-1.318075846,-1.31157033,-1.310310766,-1.304085606,-1.304379951,-1.304579863,-1.302949705,-1.30475328,-1.298621543,-1.293943322,-1.29063398,-1.286066145,-1.281424373,-1.27493836,-1.273685099,-1.274546996,-1.276094877,-1.276403706,-1.268775221,-1.273250176,-1.271313577,-1.276530657,-1.275794903,-1.277093084,-1.272969272,-1.276820673,-1.279937506,-1.279006448,-1.275454134,-1.281069694,-1.280523794,-1.27782422,-1.285486407,-1.283439072,-1.286630292,-1.284190822,-1.283926535,-1.289307168,-1.288629223,-1.295400728,-1.289291264,-1.294917696,-1.291999695,-1.299111616,-1.300878868,-1.299529498,-1.29485847,-1.295352916,-1.29558775,-1.29798245,-1.302615769,-1.302479693,-1.301886244,-1.304236745,-1.30832433,-1.309727108,-1.306763211,-1.306493157,-1.307890818,-1.309812263,-1.304514396,-1.305301376,-1.299506409,-1.300936278,-1.305706298,-1.310381826,-1.308306416,-1.30457846,-1.303865379,-1.308734099,-1.309436884,-1.310193071,-1.306766236,-1.306707891,-1.308486073,-1.312759595,-1.312004318,-1.304081866,-1.303857075,-1.297553469,-1.286536773,-1.285085546,-1.287281286,-1.291141832,-1.28879617,-1.278438033,-1.278701752,-1.28172544,-1.281079304,-1.275835821,-1.282830745,-1.28025234,-1.2823507,-1.277452317,-1.280731118,-1.280711714,-1.288501105,-1.288845759,-1.292229431,-1.285135474,-1.282769218,-1.291926088,-1.296324684,-1.301098525,-1.302717371,-1.30025337,-1.289615002,-1.295386538,-1.3066956,-1.306684725,-1.313234401,-1.313569139,-1.318047779,5.0498
74,-1.431206162,-1.438457405,-1.448091865,-1.447174923,-1.432297297,-1.423699506,-1.437391928,-1.427424742,-1.427223773,-1.43360769,-1.433187725,-1.437375055,-1.427717065,-1.430216094,-1.426030343,-1.447254878,-1.435751499,-1.42994428,-1.43592218,-1.431323193,-1.433542268,-1.437977044,-1.435288518,-1.435947019,-1.439837177,-1.434068395,-1.434298059,-1.437750111,-1.436723871,-1.425791531,-1.434082453,-1.429810274,-1.429483163,-1.426718713,-1.427491566,-1.425824956,-1.418550601,-1.416759965,-1.42105752,-1.417467735,-1.41604704,-1.418721881,-1.416479763,-1.419580677,-1.41357385,-1.416165594,-1.416806336,-1.418612694,-1.416221658,-1.417326571,-1.422279705,-1.419952167,-1.420789514,-1.420004389,-1.419374927,-1.423113651,-1.42008904,-1.421776035,-1.414643838,-1.414993378,-1.412966589,-1.412867221,-1.409816693,-1.409490402,-1.406055656,-1.405335244,-1.405607852,-1.405741704,-1.408497551,-1.405439012,-1.401164311,-1.400149116,-1.398453729,-1.397731913,-1.392918691,-1.390856123,-1.392463931,-1.395467261,-1.394641868,-1.390514222,-1.391907768,-1.389955904,-1.393847348,-1.39436279,-1.395625191,-1.39003387,-1.393431933,-1.394952743,-1.396334023,-1.392472608,-1.397473165,-1.395563195,-1.393794969,-1.3991783,-1.396828774,-1.399712572,-1.397256724,-1.395930085,-1.399826968,-1.400520043,-1.405327057,-1.400054146,-1.404326473,-1.403964529,-1.407173452,-1.409131251,-1.407880691,-1.403564682,-1.402686035,-1.403196371,-1.405724543,-1.408613681,-1.408695657,-1.407526228,-1.411493063,-1.413923924,-1.415237968,-1.413752237,-1.413547913,-1.416011956,-1.416773809,-1.411980665,-1.412743194,-1.407495317,-1.408875103,-1.412833944,-1.417518812,-1.413117351,-1.410976234,-1.411965401,-1.416485511,-1.417807967,-1.416517448,-1.4137807,-1.414247852,-1.413926235,-1.418778211,-1.417980633,-1.409775874,-1.409277073,-1.402601861,-1.3961568,-1.395507327,-1.397462618,-1.4079671,-1.408116095,-1.400681875,-1.399454466,-1.403327449,-1.404018124,-1.399041964,-1.404975323,-1.403512524,-1.403408756,-1.398534836,-1.399281897,-1.400027828,-1.407070261,-1.406721909,-1.408604677,-1.403108701,-1.40340434,-1.407073098,-1.412956051,-1.4149968,-1.419274655,-1.414728166,-1.404938833,-1.409559377,-1.415164173,-1.415647598,-1.416372234,-1.41596833,-1.420235598,5.1498
75,-1.407959311,-1.413526731,-1.423165782,-1.414146421,-1.406556842,-1.399500803,-1.411278242,-1.402691316,-1.404448309,-1.403887997,-1.40263328,-1.412869071,-1.398914983,-1.405174321,-1.403309249,-1.417986513,-1.409580809,-1.404173852,-1.41019815,-1.401247867,-1.404753647,-1.410186035,-1.407819504,-1.410467676,-1.410754118,-1.408106637,-1.407862564,-1.409961644,-1.410424588,-1.398404161,-1.406900147,-1.403342395,-1.401193503,-1.398968981,-1.39995621,-1.401983937,-1.390984585,-1.389997731,-1.394392999,-1.391655039,-1.387834502,-1.389358726,-1.388405221,-1.391918513,-1.387593862,-1.387609883,-1.389090068,-1.388716328,-1.387670731,-1.388867146,-1.393579158,-1.392395603,-1.390734962,-1.39119353,-1.391354062,-1.393741569,-1.389956099,-1.391359601,-1.385221664,-1.385768004,-1.382769456,-1.384118437,-1.381257649,-1.37875512,-1.375888412,-1.374487028,-1.375665481,-1.372587057,-1.378219777,-1.374210384,-1.370184221,-1.367433804,-1.36479287,-1.362223606,-1.357731394,-1.357154075,-1.358913131,-1.361699333,-1.362111864,-1.355109455,-1.35764582,-1.355578222,-1.360808025,-1.360984994,-1.361705666,-1.356568396,-1.359809227,-1.362492938,-1.363075507,-1.358762014,-1.36346157,-1.362065157,-1.360449068,-1.368941103,-1.365615925,-1.368833326,-1.366002127,-1.364232221,-1.36932581,-1.370612246,-1.37590941,-1.37038733,-1.375214145,-1.373775443,-1.377849449,-1.38104418,-1.381373352,-1.375607193,-1.374907651,-1.375623625,-1.379115539,-1.381745155,-1.382604251,-1.380175031,-1.384852035,-1.386568104,-1.388745862,-1.387535258,-1.388936707,-1.390110447,-1.390186843,-1.385599178,-1.386991718,-1.382101411,-1.383961234,-1.38674751,-1.391523014,-1.385854534,-1.384614173,-1.387483171,-1.391346259,-1.391628352,-1.392129522,-1.389499302,-1.390799141,-1.389770802,-1.394337467,-1.39394155,-1.386428453,-1.387088422,-1.377990239,-1.369957019,-1.370390874,-1.370925229,-1.37995683,-1.38092638,-1.375574547,-1.373993213,-1.377037952,-1.376465773,-1.371678994,-1.378544593,-1.37550813,-1.376614566,-1.37395815,-1.374258327,-1.373704172,-1.380200929,-1.379303528,-1.382528272,-1.375812188,-1.373799538,-1.378744124,-1.385472632,-1.387349137,-1.389350695,-1.390191383,-1.381468138,-1.382558381,-1.388239175,-1.387837226,-1.389670762,-1.38978114,-1.394391874,4.9497
76,-1.400782244,-1.404812714,-1.42072092,-1.408833713,-1.395807418,-1.400890456,-1.402478671,-1.391214931,-1.393446114,-1.395124994,-1.403969965,-1.404274732,-1.392034589,-1.396589218,-1.39664872,-1.41323556,-1.401794346,-1.40068837,-1.403021991,-1.397699032,-1.399433591,-1.404542401,-1.402766552,-1.404665779,-1.405328827,-1.401506449,-1.397317133,-1.403814966,-1.402970339,-1.392707408,-1.402660418,-1.397817542,-1.396400875,-1.393577102,-1.393259291,-1.395205804,-1.385045814,-1.384601942,-1.388526976,-1.38536455,-1.384115777,-1.385751576,-1.384952265,-1.387646565,-1.381740178,-1.381738526,-1.385517797,-1.386729219,-1.383778674,-1.384438686,-1.390761998,-1.386748148,-1.387347652,-1.387978739,-1.386250293,-1.390861976,-1.387260146,-1.387626994,-1.383910876,-1.383433233,-1.380404916,-1.381649472,-1.379890521,-1.376976435,-1.37377816,-1.374117085,-1.375493158,-1.374634781,-1.376658403,-1.37398478,-1.369279039,-1.367948094,-1.364983889,-1.364972663,-1.357391419,-1.35637914,-1.358590917,-1.361686777,-1.35967657,-1.353083636,-1.355636277,-1.353706973,-1.358789355,-1.359128417,-1.359506066,-1.355184803,-1.358164088,-1.360517678,-1.361545556,-1.358024719,-1.362976727,-1.360460702,-1.357895207,-1.366113444,-1.362509238,-1.365307566,-1.363223528,-1.36048842,-1.366419193,-1.36796419,-1.372719286,-1.367118015,-1.37117593,-1.369417151,-1.373940892,-1.376912216,-1.375790474,-1.372248931,-1.370651162,-1.371038007,-1.374949102,-1.377112733,-1.377508093,-1.374485698,-1.378053534,-1.381511242,-1.383369724,-1.381317439,-1.381459424,-1.383630538,-1.382810073,-1.379598282,-1.379601884,-1.376858659,-1.377030132,-1.379706188,-1.382730264,-1.380298217,-1.379693441,-1.38177698,-1.384565991,-1.385883391,-1.386072687,-1.382405461,-1.382475753,-1.38399783,-1.388583864,-1.38803331,-1.382726104,-1.381824516,-1.372718262,-1.365608677,-1.365618788,-1.365109492,-1.374894673,-1.376276848,-1.368124432,-1.368368494,-1.372034472,-1.372651036,-1.367377016,-1.372810756,-1.372275763,-1.372378138,-1.36891457,-1.36923703,-1.368220182,-1.37656674,-1.377808052,-1.382143784,-1.373475239,-1.370851516,-1.376821597,-1.38365691,-1.385225173,-1.391203282,-1.389658644,-1.380720755,-1.381265243,-1.38774618,-1.390045437,-1.391846948,-1.390083821,-1.393408785,5.3991
77,-1.32418504,-1.340019891,-1.340872018,-1.330346947,-1.321766266,-1.310146285,-1.32882455,-1.322481155,-1.312201579,-1.315435539,-1.329344597,-1.323575025,-1.315315634,-1.320831583,-1.312640242,-1.324389521,-1.330191282,-1.324101978,-1.330932884,-1.32064411,-1.321415419,-1.32979863,-1.324803296,-1.330342194,-1.329235118,-1.327971557,-1.322516223,-1.325913161,-1.327488714,-1.313842285,-1.323497547,-1.318443866,-1.32293255,-1.313518603,-1.313762803,-1.313746616,-1.302409402,-1.300167068,-1.306492578,-1.301083331,-1.302160965,-1.301041645,-1.299582434,-1.304820256,-1.298411763,-1.299000851,-1.304174029,-1.305019119,-1.298315591,-1.302108322,-1.307989333,-1.305668144,-1.305593114,-1.305791204,-1.306559213,-1.308673499,-1.304351962,-1.30593155,-1.301329311,-1.300849039,-1.29675587,-1.298828494,-1.297021828,-1.291608661,-1.28871303,-1.28965066,-1.289118792,-1.289505093,-1.290025705,-1.285586148,-1.283607755,-1.280432922,-1.278314075,-1.276831638,-1.269391241,-1.267412969,-1.269759891,-1.271778048,-1.272542724,-1.264618187,-1.268567632,-1.266229192,-1.269619342,-1.27043505,-1.269757469,-1.26699779,-1.269419489,-1.273408547,-1.271820599,-1.270035282,-1.275156225,-1.271024508,-1.269801361,-1.276959343,-1.277082398,-1.279052569,-1.276471207,-1.275343097,-1.280313797,-1.28057598,-1.286563111,-1.279612301,-1.287262924,-1.28266253,-1.288425332,-1.291660385,-1.289992936,-1.286431886,-1.287349339,-1.28470202,-1.289516113,-1.290805317,-1.291492552,-1.291611577,-1.296515669,-1.29947357,-1.298347639,-1.297110668,-1.296909706,-1.298489569,-1.298964559,-1.296446135,-1.296806878,-1.291363039,-1.293626823,-1.298360412,-1.300746318,-1.296107124,-1.296219183,-1.297983135,-1.301828742,-1.301524259,-1.301516653,-1.300219376,-1.299165103,-1.302996414,-1.303282017,-1.304781715,-1.297601822,-1.299379512,-1.28970078,-1.280512011,-1.28223464,-1.28474427,-1.290504742,-1.290209846,-1.281449912,-1.281487664,-1.28708759,-1.287504805,-1.277639289,-1.286115096,-1.282156108,-1.287347491,-1.282255027,-1.283159726,-1.28374627,-1.291791058,-1.289855001,-1.293651059,-1.289402765,-1.286044736,-1.289816089,-1.297448875,-1.301484258,-1.304826481,-1.301629279,-1.294300215,-1.294757024,-1.305457312,-1.304875619,-1.310761541,-1.309790789,-1.311650998,3.6497
78,-1.368248393,-1.363332475,-1.390938076,-1.379023886,-1.371642514,-1.345797067,-1.375824778,-1.371339803,-1.356515011,-1.353976094,-1.361564638,-1.367009002,-1.351320097,-1.360760564,-1.355733308,-1.365299401,-1.36334824,-1.358035271,-1.368640367,-1.355494069,-1.358717097,-1.368113307,-1.362590125,-1.365536112,-1.367206346,-1.364288006,-1.356148638,-1.363349742,-1.365844725,-1.351446855,-1.36265644,-1.357294366,-1.358895465,-1.352710374,-1.354253808,-1.351995821,-1.343449243,-1.341263132,-1.344938613,-1.343525956,-1.341482039,-1.342842384,-1.340783148,-1.346347327,-1.340087367,-1.340979325,-1.343271397,-1.343184593,-1.340525948,-1.342552341,-1.349998781,-1.345725341,-1.34623274,-1.346120649,-1.34582527,-1.348454352,-1.346209309,-1.347796072,-1.341027851,-1.342031102,-1.338553189,-1.339678902,-1.338168515,-1.335461617,-1.330797746,-1.332468957,-1.332280927,-1.333325658,-1.335435331,-1.331351036,-1.328166574,-1.324967979,-1.324027673,-1.321643126,-1.315325513,-1.313467603,-1.315639114,-1.31668138,-1.316416549,-1.309415364,-1.312243101,-1.311064891,-1.31460647,-1.3144617,-1.314835186,-1.31221299,-1.315394634,-1.317297122,-1.316755213,-1.314478715,-1.319660092,-1.315622883,-1.315906291,-1.321837654,-1.31878919,-1.322660445,-1.319826694,-1.318364917,-1.3242652,-1.324956162,-1.329686836,-1.323118695,-1.329660959,-1.326556853,-1.333227534,-1.334152362,-1.331984158,-1.328059232,-1.328318337,-1.327985609,-1.332774552,-1.332561723,-1.334156093,-1.332232537,-1.336818878,-1.3402433,-1.33958317,-1.337592731,-1.337523025,-1.340308389,-1.340337316,-1.337668034,-1.338680157,-1.33381002,-1.33624746,-1.339969274,-1.342136125,-1.337457717,-1.336689322,-1.339633172,-1.34370562,-1.344314447,-1.34296368,-1.340818479,-1.340556984,-1.343243097,-1.347266836,-1.345230241,-1.336997672,-1.340102417,-1.331078792,-1.321382508,-1.322155855,-1.326121623,-1.331133452,-1.332227159,-1.320060574,-1.322026854,-1.325122692,-1.327525838,-1.318310624,-1.325368674,-1.321441714,-1.32332495,-1.320426161,-1.322291709,-1.322152371,-1.328747272,-1.3300598,-1.331922905,-1.327836415,-1.32289596,-1.330866698,-1.336219724,-1.339392786,-1.341952738,-1.34350351,-1.335112185,-1.334585805,-1.342951815,-1.345998435,-1.351369415,-1.346405953,-1.348888035,3.5496
79,-1.312576937,-1.314343138,-1.337519736,-1.319627768,-1.310121992,-1.293123016,-1.322465207,-1.3066496,-1.297230874,-1.294222574,-1.302218533,-1.308119758,-1.300317216,-1.299859119,-1.29710019,-1.31439847,-1.307880143,-1.305066328,-1.315273982,-1.301589726,-1.312404212,-1.315707964,-1.308643506,-1.316724848,-1.318632672,-1.313329339,-1.306300808,-1.312364337,-1.30885014,-1.302621733,-1.311415822,-1.304854831,-1.305692415,-1.300650069,-1.299256096,-1.297453312,-1.282409873,-1.281378921,-1.288429777,-1.283236355,-1.282356973,-1.281494462,-1.282747327,-1.285063169,-1.281426339,-1.279658679,-1.284913884,-1.285439845,-1.28150661,-1.283336414,-1.29026438,-1.286726164,-1.288385667,-1.28717474,-1.287303307,-1.289871627,-1.28647579,-1.2879599,-1.280920655,-1.281116606,-1.277302041,-1.276739916,-1.274682818,-1.270851019,-1.267118076,-1.268255295,-1.267173219,-1.268046001,-1.269452689,-1.264992654,-1.263080736,-1.260907781,-1.258615264,-1.258028288,-1.250973027,-1.249836879,-1.251950414,-1.25596867,-1.255117713,-1.247074046,-1.25102323,-1.248590618,-1.25377981,-1.253319416,-1.25427691,-1.250341039,-1.252399688,-1.256280971,-1.255247705,-1.252936712,-1.257727055,-1.255075895,-1.25333212,-1.261920295,-1.259091167,-1.260287558,-1.259444673,-1.258731597,-1.263107918,-1.262827945,-1.268404204,-1.262301179,-1.268675421,-1.26474923,-1.270850252,-1.274045751,-1.272422041,-1.268637844,-1.269314728,-1.268581895,-1.274490141,-1.274960668,-1.275849287,-1.272645596,-1.276672494,-1.281231406,-1.28322855,-1.281789555,-1.281796172,-1.283835662,-1.284063176,-1.280813107,-1.280884609,-1.276567691,-1.276957564,-1.282323967,-1.282490524,-1.279243168,-1.281093462,-1.283295282,-1.286407282,-1.286926671,-1.28772434,-1.285886817,-1.285028316,-1.287195049,-1.289471773,-1.292292859,-1.282865238,-1.285583782,-1.276719024,-1.268301851,-1.268435292,-1.268985211,-1.280322552,-1.278913124,-1.26954145,-1.270494496,-1.274836369,-1.276190151,-1.269292521,-1.275993042,-1.271906789,-1.276920756,-1.271798294,-1.271976822,-1.273199208,-1.27769492,-1.279490429,-1.282172703,-1.277094458,-1.275605194,-1.2834197,-1.288210583,-1.291427014,-1.293723488,-1.294764334,-1.284547647,-1.286348353,-1.294157161,-1.295619962,-1.302213758,-1.300396081,-1.303579335,3.5496
80,-1.337643531,-1.336206994,-1.325739855,-1.325221687,-1.335292894,-1.332409683,-1.329404938,-1.313655562,-1.320671775,-1.327607357,-1.32242184,-1.320137783,-1.323527241,-1.314125924,-1.323945514,-1.315168557,-1.324067754,-1.329074693,-1.32885071,-1.330954416,-1.324883459,-1.32669554,-1.329163934,-1.330476288,-1.331570182,-1.329217643,-1.325331986,-1.331491926,-1.330701169,-1.329160795,-1.331673341,-1.325976372,-1.327623134,-1.321495768,-1.320875892,-1.311882596,-1.312591193,-1.307165283,-1.311038125,-1.302097218,-1.309674777,-1.310451422,-1.307457452,-1.307997927,-1.301203119,-1.30238686,-1.303736712,-1.305397492,-1.314616548,-1.310702008,-1.313254042,-1.311716465,-1.315125794,-1.313769404,-1.315581495,-1.310122917,-1.308035709,-1.312003879,-1.309722482,-1.311618969,-1.306366106,-1.305069949,-1.303035101,-1.300481677,-1.29807612,-1.296627323,-1.294835898,-1.29996897,-1.299798316,-1.295856639,-1.292299413,-1.288102368,-1.288414976,-1.288304484,-1.283764052,-1.284779021,-1.290375198,-1.28903512,-1.283872365,-1.283112423,-1.289328691,-1.287450954,-1.287294615,-1.285821507,-1.286443645,-1.284109784,-1.288868554,-1.294509899,-1.295982715,-1.293066821,-1.290853301,-1.292176159,-1.291306622,-1.29595361,-1.299901567,-1.30015659,-1.309945996,-1.307853215,-1.305214602,-1.308699888,-1.314243174,-1.312129512,-1.312792049,-1.315989891,-1.31608318,-1.318003652,-1.325429501,-1.318572915,-1.317261521,-1.320256175,-1.322122402,-1.321183005,-1.327791797,-1.326099064,-1.322839787,-1.314419717,-1.317733374,-1.315632987,-1.313701156,-1.311967648,-1.308013364,-1.311586319,-1.324688048,-1.328756336,-1.330426799,-1.326907171,-1.320996385,-1.31735664,-1.320218558,-1.319305746,-1.322844878,-1.331118539,-1.330574025,-1.325619989,-1.326117451,-1.322762512,-1.322598663,-1.324027607,-1.328149874,-1.331058588,-1.325382784,-1.324004315,-1.320320522,-1.318838598,-1.309970457,-1.309515454,-1.317631701,-1.314957662,-1.322539549,-1.326160168,-1.330252234,-1.33499078,-1.329015749,-1.325986991,-1.328721086,-1.322344103,-1.325824093,-1.318748005,-1.321002908,-1.32108314,-1.318833781,-1.329222181,-1.334572623,-1.331189763,-1.334452066,-1.331573606,-1.322761367,-1.320696378,-1.333102954,-1.33725771,-1.340377647,-1.337141808,-1.340410476,-1.342141511,5.4
